{
	"credit": "Made with Blockbench",
	"texture_size": [32, 32],
	"textures": {
		"0": "ben_ten:block/bindings",
		"particle": "ben_ten:block/bindings"
	},
	"elements": [
		{
			"from": [12.62987, -0.00577, 8.53758],
			"to": [15.22987, 5.29423, 10.83758],
			"rotation": {"angle": 0, "axis": "x", "origin": [-1.37013, 5.99423, -4.06242]},
			"faces": {
				"north": {"uv": [8, 6.875, 9.875, 7.3016], "rotation": 90, "texture": "#0"},
				"east": {"uv": [8, 6.875, 9.875, 7.3016], "rotation": 90, "texture": "#0"},
				"south": {"uv": [8, 6.875, 9.875, 7.3016], "rotation": 90, "texture": "#0"},
				"west": {"uv": [8, 6.875, 9.875, 7.3016], "rotation": 90, "texture": "#0"},
				"up": {"uv": [8, 6.875, 9.875, 7.3016], "rotation": 90, "texture": "#0"},
				"down": {"uv": [8, 6.875, 9.875, 7.3016], "rotation": 90, "texture": "#0"}
			}
		},
		{
			"from": [2.27221, 17.42978, 5.64579],
			"to": [4.87221, 26.22978, 7.94579],
			"rotation": {"angle": 0, "axis": "x", "origin": [-11.72779, 1.23203, 20.54579]},
			"faces": {
				"north": {"uv": [8, 6.875, 9.875, 7.3016], "rotation": 90, "texture": "#0"},
				"east": {"uv": [8, 6.875, 9.875, 7.3016], "rotation": 90, "texture": "#0"},
				"south": {"uv": [8, 6.875, 9.875, 7.3016], "rotation": 90, "texture": "#0"},
				"west": {"uv": [8, 6.875, 9.875, 7.3016], "rotation": 90, "texture": "#0"},
				"up": {"uv": [8, 6.875, 9.875, 7.3016], "rotation": 90, "texture": "#0"},
				"down": {"uv": [8, 6.875, 9.875, 7.3016], "rotation": 90, "texture": "#0"}
			}
		},
		{
			"from": [2.27221, 1.81134, -6.10518],
			"to": [4.87221, 9.91134, -3.80518],
			"rotation": {"angle": 45, "axis": "x", "origin": [-11.72779, -3.18866, 8.79482]},
			"faces": {
				"north": {"uv": [8, 6.875, 9.875, 7.3016], "rotation": 90, "texture": "#0"},
				"east": {"uv": [8, 6.875, 9.875, 7.3016], "rotation": 90, "texture": "#0"},
				"south": {"uv": [8, 6.875, 9.875, 7.3016], "rotation": 90, "texture": "#0"},
				"west": {"uv": [8, 6.875, 9.875, 7.3016], "rotation": 90, "texture": "#0"},
				"up": {"uv": [8, 6.875, 9.875, 7.3016], "rotation": 90, "texture": "#0"},
				"down": {"uv": [8, 6.875, 9.875, 7.3016], "rotation": 90, "texture": "#0"}
			}
		},
		{
			"from": [2.27221, 0.98921, 3.76242],
			"to": [4.87221, 6.58921, 6.06242],
			"rotation": {"angle": 0, "axis": "x", "origin": [-11.72779, 6.98921, 18.66242]},
			"faces": {
				"north": {"uv": [8, 6.875, 9.875, 7.3016], "rotation": 90, "texture": "#0"},
				"east": {"uv": [8, 6.875, 9.875, 7.3016], "rotation": 90, "texture": "#0"},
				"south": {"uv": [8, 6.875, 9.875, 7.3016], "rotation": 90, "texture": "#0"},
				"west": {"uv": [8, 6.875, 9.875, 7.3016], "rotation": 90, "texture": "#0"},
				"up": {"uv": [8, 6.875, 9.875, 7.3016], "rotation": 90, "texture": "#0"},
				"down": {"uv": [8, 6.875, 9.875, 7.3016], "rotation": 90, "texture": "#0"}
			}
		},
		{
			"from": [10.79957, 0.12439, 16.43723],
			"to": [13.39957, 8.12439, 18.73723],
			"rotation": {"angle": -45, "axis": "x", "origin": [-3.20043, -4.87561, 3.83723]},
			"faces": {
				"north": {"uv": [8, 6.875, 9.875, 7.3016], "rotation": 90, "texture": "#0"},
				"east": {"uv": [8, 6.875, 9.875, 7.3016], "rotation": 90, "texture": "#0"},
				"south": {"uv": [8, 6.875, 9.875, 7.3016], "rotation": 90, "texture": "#0"},
				"west": {"uv": [8, 6.875, 9.875, 7.3016], "rotation": 90, "texture": "#0"},
				"up": {"uv": [8, 6.875, 9.875, 7.3016], "rotation": 90, "texture": "#0"},
				"down": {"uv": [8, 6.875, 9.875, 7.3016], "rotation": 90, "texture": "#0"}
			}
		},
		{
			"from": [11.09957, 22.51648, -2.60728],
			"to": [13.39957, 31.51424, -0.30728],
			"rotation": {"angle": 22.5, "axis": "x", "origin": [-3.10043, 7.509, -15.20728]},
			"faces": {
				"north": {"uv": [8, 6.875, 9.875, 7.3016], "rotation": 90, "texture": "#0"},
				"east": {"uv": [8, 6.875, 9.875, 7.3016], "rotation": 90, "texture": "#0"},
				"south": {"uv": [8, 6.875, 9.875, 7.3016], "rotation": 90, "texture": "#0"},
				"west": {"uv": [8, 6.875, 9.875, 7.3016], "rotation": 90, "texture": "#0"},
				"up": {"uv": [8, 6.875, 9.875, 7.3016], "rotation": 90, "texture": "#0"},
				"down": {"uv": [8, 6.875, 9.875, 7.3016], "rotation": 90, "texture": "#0"}
			}
		},
		{
			"from": [4.46343, -0.32577, 8.92136],
			"to": [7.06343, 5.27423, 11.22136],
			"rotation": {"angle": 0, "axis": "z", "origin": [6.06343, 0.67423, 23.82136]},
			"faces": {
				"north": {"uv": [8, 6.875, 9.875, 7.3016], "rotation": 90, "texture": "#0"},
				"east": {"uv": [8, 6.875, 9.875, 7.3016], "rotation": 90, "texture": "#0"},
				"south": {"uv": [8, 6.875, 9.875, 7.3016], "rotation": 90, "texture": "#0"},
				"west": {"uv": [8, 6.875, 9.875, 7.3016], "rotation": 90, "texture": "#0"},
				"up": {"uv": [8, 6.875, 9.875, 7.3016], "rotation": 90, "texture": "#0"},
				"down": {"uv": [8, 6.875, 9.875, 7.3016], "rotation": 90, "texture": "#0"}
			}
		},
		{
			"from": [-5.87924, -0.82053, 9.02136],
			"to": [-3.27924, 10.47947, 11.12136],
			"rotation": {"angle": -45, "axis": "z", "origin": [10.72076, -5.82053, 23.82136]},
			"faces": {
				"north": {"uv": [8, 6.875, 9.875, 7.3016], "rotation": 90, "texture": "#0"},
				"east": {"uv": [8, 6.875, 9.875, 7.3016], "rotation": 90, "texture": "#0"},
				"south": {"uv": [8, 6.875, 9.875, 7.3016], "rotation": 90, "texture": "#0"},
				"west": {"uv": [8, 6.875, 9.875, 7.3016], "rotation": 90, "texture": "#0"},
				"up": {"uv": [8, 6.875, 9.875, 7.3016], "rotation": 90, "texture": "#0"},
				"down": {"uv": [8, 6.875, 9.875, 7.3016], "rotation": 90, "texture": "#0"}
			}
		},
		{
			"from": [9.7471, 15.60481, 8.92136],
			"to": [12.3471, 19.60256, 11.22136],
			"rotation": {"angle": 0, "axis": "z", "origin": [22.3471, 6.21758, 23.82136]},
			"faces": {
				"north": {"uv": [8, 6.875, 9.875, 7.3016], "rotation": 90, "texture": "#0"},
				"east": {"uv": [8, 6.875, 9.875, 7.3016], "rotation": 90, "texture": "#0"},
				"south": {"uv": [8, 6.875, 9.875, 7.3016], "rotation": 90, "texture": "#0"},
				"west": {"uv": [8, 6.875, 9.875, 7.3016], "rotation": 90, "texture": "#0"},
				"up": {"uv": [8, 6.875, 9.875, 7.3016], "rotation": 90, "texture": "#0"},
				"down": {"uv": [8, 6.875, 9.875, 7.3016], "rotation": 90, "texture": "#0"}
			}
		},
		{
			"from": [14.10897, 24.44844, 8.92136],
			"to": [16.70897, 31.32473, 11.12136],
			"rotation": {"angle": 22.5, "axis": "z", "origin": [26.70897, 11.06121, 23.82136]},
			"faces": {
				"north": {"uv": [8, 6.875, 9.875, 7.3016], "rotation": 90, "texture": "#0"},
				"east": {"uv": [8, 6.875, 9.875, 7.3016], "rotation": 90, "texture": "#0"},
				"south": {"uv": [8, 6.875, 9.875, 7.3016], "rotation": 90, "texture": "#0"},
				"west": {"uv": [8, 6.875, 9.875, 7.3016], "rotation": 90, "texture": "#0"},
				"up": {"uv": [8, 6.875, 9.875, 7.3016], "rotation": 90, "texture": "#0"},
				"down": {"uv": [8, 6.875, 9.875, 7.3016], "rotation": 90, "texture": "#0"}
			}
		},
		{
			"from": [9.23657, -0.17175, 0.95],
			"to": [11.83657, 5.42825, 3.35],
			"rotation": {"angle": 0, "axis": "z", "origin": [10.23657, 0.82825, -11.55]},
			"faces": {
				"north": {"uv": [8, 6.875, 9.875, 7.3016], "rotation": 90, "texture": "#0"},
				"east": {"uv": [8, 6.875, 9.875, 7.3016], "rotation": 90, "texture": "#0"},
				"south": {"uv": [8, 6.875, 9.875, 7.3016], "rotation": 90, "texture": "#0"},
				"west": {"uv": [8, 6.875, 9.875, 7.3016], "rotation": 90, "texture": "#0"},
				"up": {"uv": [8, 6.875, 9.875, 7.3016], "rotation": 90, "texture": "#0"},
				"down": {"uv": [8, 6.875, 9.875, 7.3016], "rotation": 90, "texture": "#0"}
			}
		},
		{
			"from": [19.57924, -0.66651, 1.15],
			"to": [22.17924, 10.63349, 3.35],
			"rotation": {"angle": 45, "axis": "z", "origin": [5.57924, -5.66651, -11.55]},
			"faces": {
				"north": {"uv": [8, 6.8125, 9.875, 4.8641], "rotation": 90, "texture": "#0"},
				"east": {"uv": [8, 6.25, 9.875, 4.8641], "rotation": 90, "texture": "#0"},
				"south": {"uv": [8, 6.8125, 9.875, 4.8641], "rotation": 90, "texture": "#0"},
				"west": {"uv": [8, 6.8125, 9.875, 4.8641], "rotation": 90, "texture": "#0"},
				"up": {"uv": [8, 6.8125, 9.875, 4.8641], "rotation": 90, "texture": "#0"},
				"down": {"uv": [8.0625, 6.6875, 9.9375, 4.7391], "rotation": 90, "texture": "#0"}
			}
		},
		{
			"from": [3.9529, 15.75883, 1.05],
			"to": [6.5529, 19.75658, 3.35],
			"rotation": {"angle": 0, "axis": "z", "origin": [-6.0471, 6.3716, -11.55]},
			"faces": {
				"north": {"uv": [8, 6.875, 9.875, 7.3016], "rotation": 90, "texture": "#0"},
				"east": {"uv": [8, 6.875, 9.875, 7.3016], "rotation": 90, "texture": "#0"},
				"south": {"uv": [8, 6.875, 9.875, 7.3016], "rotation": 90, "texture": "#0"},
				"west": {"uv": [8, 6.875, 9.875, 7.3016], "rotation": 90, "texture": "#0"},
				"up": {"uv": [8, 6.875, 9.875, 7.3016], "rotation": 90, "texture": "#0"},
				"down": {"uv": [8, 6.875, 9.875, 7.3016], "rotation": 90, "texture": "#0"}
			}
		},
		{
			"from": [-1.2126, 24.76231, 1.05],
			"to": [1.3874, 31.47875, 3.35],
			"rotation": {"angle": -22.5, "axis": "z", "origin": [-11.2126, 9.27509, -11.55]},
			"faces": {
				"north": {"uv": [8, 6.875, 9.875, 7.3016], "rotation": 90, "texture": "#0"},
				"east": {"uv": [8, 6.875, 9.875, 7.3016], "rotation": 90, "texture": "#0"},
				"south": {"uv": [8, 6.875, 9.875, 7.3016], "rotation": 90, "texture": "#0"},
				"west": {"uv": [8, 6.875, 9.875, 7.3016], "rotation": 90, "texture": "#0"},
				"up": {"uv": [8, 6.875, 9.875, 7.3016], "rotation": 90, "texture": "#0"},
				"down": {"uv": [8, 6.875, 9.875, 7.3016], "rotation": 90, "texture": "#0"}
			}
		},
		{
			"from": [9.23657, -13.80489, 16.26629],
			"to": [11.83657, -7.30489, 18.56629],
			"rotation": {"angle": -45, "axis": "x", "origin": [-4.76343, -23.60489, 3.66629]},
			"faces": {
				"north": {"uv": [8, 6.875, 9.875, 7.3016], "rotation": 90, "texture": "#0"},
				"east": {"uv": [8, 6.875, 9.875, 7.3016], "rotation": 90, "texture": "#0"},
				"south": {"uv": [8, 6.875, 9.875, 7.3016], "rotation": 90, "texture": "#0"},
				"west": {"uv": [8, 6.875, 9.875, 7.3016], "rotation": 90, "texture": "#0"},
				"up": {"uv": [8, 6.875, 9.875, 7.3016], "rotation": 90, "texture": "#0"},
				"down": {"uv": [8, 6.875, 9.875, 7.3016], "rotation": 90, "texture": "#0"}
			}
		},
		{
			"from": [4.46343, -14.5, -7.51629],
			"to": [7.06343, -7.2, -5.21629],
			"rotation": {"angle": 45, "axis": "x", "origin": [-9.53657, -23.60489, 7.38371]},
			"faces": {
				"north": {"uv": [8, 6.875, 9.875, 7.3016], "rotation": 90, "texture": "#0"},
				"east": {"uv": [8, 6.875, 9.875, 7.3016], "rotation": 90, "texture": "#0"},
				"south": {"uv": [8, 6.875, 9.875, 7.3016], "rotation": 90, "texture": "#0"},
				"west": {"uv": [8, 6.875, 9.875, 7.3016], "rotation": 90, "texture": "#0"},
				"up": {"uv": [8, 6.875, 9.875, 7.3016], "rotation": 90, "texture": "#0"},
				"down": {"uv": [8, 6.875, 9.875, 7.3016], "rotation": 90, "texture": "#0"}
			}
		},
		{
			"from": [-6.12751, -13.76132, 8.53758],
			"to": [-3.52751, -8.16132, 10.83758],
			"rotation": {"angle": -45, "axis": "z", "origin": [10.47249, -26.72571, 23.43758]},
			"faces": {
				"north": {"uv": [8, 6.875, 9.875, 7.3016], "rotation": 90, "texture": "#0"},
				"east": {"uv": [8, 6.875, 9.875, 7.3016], "rotation": 90, "texture": "#0"},
				"south": {"uv": [8, 6.875, 9.875, 7.3016], "rotation": 90, "texture": "#0"},
				"west": {"uv": [8, 6.875, 9.875, 7.3016], "rotation": 90, "texture": "#0"},
				"up": {"uv": [8, 6.875, 9.875, 7.3016], "rotation": 90, "texture": "#0"},
				"down": {"uv": [8, 6.875, 9.875, 7.3016], "rotation": 90, "texture": "#0"}
			}
		},
		{
			"from": [6.74646, -6.81149, 8.53758],
			"to": [9.34646, -2.81373, 10.83758],
			"rotation": {"angle": -22.5, "axis": "z", "origin": [19.34646, -16.19871, 23.43758]},
			"faces": {
				"north": {"uv": [8, 6.875, 9.875, 7.3016], "rotation": 90, "texture": "#0"},
				"east": {"uv": [8, 6.875, 9.875, 7.3016], "rotation": 90, "texture": "#0"},
				"south": {"uv": [8, 6.875, 9.875, 7.3016], "rotation": 90, "texture": "#0"},
				"west": {"uv": [8, 6.875, 9.875, 7.3016], "rotation": 90, "texture": "#0"},
				"up": {"uv": [8, 6.875, 9.875, 7.3016], "rotation": 90, "texture": "#0"},
				"down": {"uv": [8, 6.875, 9.875, 7.3016], "rotation": 90, "texture": "#0"}
			}
		},
		{
			"from": [20.32249, -13.75924, 3.76242],
			"to": [22.92249, -7.45924, 6.06242],
			"rotation": {"angle": 45, "axis": "z", "origin": [6.32249, -25.02362, -8.83758]},
			"faces": {
				"north": {"uv": [8, 6.875, 9.875, 7.3016], "rotation": 90, "texture": "#0"},
				"east": {"uv": [8, 6.875, 9.875, 7.3016], "rotation": 90, "texture": "#0"},
				"south": {"uv": [8, 6.875, 9.875, 7.3016], "rotation": 90, "texture": "#0"},
				"west": {"uv": [8, 6.875, 9.875, 7.3016], "rotation": 90, "texture": "#0"},
				"up": {"uv": [8, 6.875, 9.875, 7.3016], "rotation": 90, "texture": "#0"},
				"down": {"uv": [8, 6.875, 9.875, 7.3016], "rotation": 90, "texture": "#0"}
			}
		},
		{
			"from": [8.15563, -5.81651, 3.76242],
			"to": [10.75563, -1.81875, 6.06242],
			"rotation": {"angle": 22.5, "axis": "z", "origin": [-1.84437, -15.20373, -8.83758]},
			"faces": {
				"north": {"uv": [8, 6.875, 9.875, 7.3016], "rotation": 90, "texture": "#0"},
				"east": {"uv": [8, 6.875, 9.875, 7.3016], "rotation": 90, "texture": "#0"},
				"south": {"uv": [8, 6.875, 9.875, 7.3016], "rotation": 90, "texture": "#0"},
				"west": {"uv": [8, 6.875, 9.875, 7.3016], "rotation": 90, "texture": "#0"},
				"up": {"uv": [8, 6.875, 9.875, 7.3016], "rotation": 90, "texture": "#0"},
				"down": {"uv": [8, 6.875, 9.875, 7.3016], "rotation": 90, "texture": "#0"}
			}
		},
		{
			"from": [9.23657, -3.1695, 1.05],
			"to": [11.83657, -0.17175, 3.35],
			"rotation": {"angle": 0, "axis": "y", "origin": [21.83657, -12.55673, 8.95]},
			"faces": {
				"north": {"uv": [8, 6.875, 9.875, 7.3016], "rotation": 90, "texture": "#0"},
				"east": {"uv": [8, 6.875, 9.875, 7.3016], "rotation": 90, "texture": "#0"},
				"south": {"uv": [8, 6.875, 9.875, 7.3016], "rotation": 90, "texture": "#0"},
				"west": {"uv": [8, 6.875, 9.875, 7.3016], "rotation": 90, "texture": "#0"},
				"up": {"uv": [8, 6.875, 9.875, 7.3016], "rotation": 90, "texture": "#0"},
				"down": {"uv": [8, 6.875, 9.875, 7.3016], "rotation": 90, "texture": "#0"}
			}
		},
		{
			"from": [4.46343, 0.45108, 4.74512],
			"to": [7.06343, 3.44884, 7.04512],
			"rotation": {"angle": 22.5, "axis": "x", "origin": [17.06343, -8.93614, -0.35488]},
			"faces": {
				"north": {"uv": [8, 6.875, 9.875, 7.3016], "rotation": 90, "texture": "#0"},
				"east": {"uv": [8, 6.875, 9.875, 7.3016], "rotation": 90, "texture": "#0"},
				"south": {"uv": [8, 6.875, 9.875, 7.3016], "rotation": 90, "texture": "#0"},
				"west": {"uv": [8, 6.875, 9.875, 7.3016], "rotation": 90, "texture": "#0"},
				"up": {"uv": [8, 6.875, 9.875, 7.3016], "rotation": 90, "texture": "#0"},
				"down": {"uv": [8, 6.875, 9.875, 7.3016], "rotation": 90, "texture": "#0"}
			}
		},
		{
			"from": [2.37221, 18.66426, 12.80277],
			"to": [4.47221, 26.3807, 15.10277],
			"rotation": {"angle": -22.5, "axis": "x", "origin": [-15.52779, 4.17704, -5.79723]},
			"faces": {
				"north": {"uv": [8, 6.875, 9.875, 7.3016], "rotation": 90, "texture": "#0"},
				"east": {"uv": [8, 6.875, 9.875, 7.3016], "rotation": 90, "texture": "#0"},
				"south": {"uv": [8, 6.875, 9.875, 7.3016], "rotation": 90, "texture": "#0"},
				"west": {"uv": [8, 6.875, 9.875, 7.3016], "rotation": 90, "texture": "#0"},
				"up": {"uv": [8, 6.875, 9.875, 7.3016], "rotation": 90, "texture": "#0"},
				"down": {"uv": [8, 6.875, 9.875, 7.3016], "rotation": 90, "texture": "#0"}
			}
		},
		{
			"from": [11.19957, 23.98496, 5.44494],
			"to": [13.39957, 30.7014, 7.74494],
			"rotation": {"angle": 0, "axis": "x", "origin": [-12.20043, 9.74249, 7.84494]},
			"faces": {
				"north": {"uv": [8, 6.875, 9.875, 7.3016], "rotation": 90, "texture": "#0"},
				"east": {"uv": [8, 6.875, 9.875, 7.3016], "rotation": 90, "texture": "#0"},
				"south": {"uv": [8, 6.875, 9.875, 7.3016], "rotation": 90, "texture": "#0"},
				"west": {"uv": [8, 6.875, 9.875, 7.3016], "rotation": 90, "texture": "#0"},
				"up": {"uv": [8, 6.875, 9.875, 7.3016], "rotation": 90, "texture": "#0"},
				"down": {"uv": [8, 6.875, 9.875, 7.3016], "rotation": 90, "texture": "#0"}
			}
		},
		{
			"from": [2.21269, 24.76231, 1.3],
			"to": [4.81269, 31.47875, 3.2],
			"rotation": {"angle": -22.5, "axis": "z", "origin": [4.81269, 15.03817, -11.65]},
			"faces": {
				"north": {"uv": [8, 6.875, 9.875, 7.3016], "rotation": 90, "texture": "#0"},
				"east": {"uv": [8, 6.875, 9.875, 7.3016], "rotation": 90, "texture": "#0"},
				"south": {"uv": [8, 6.875, 9.875, 7.3016], "rotation": 90, "texture": "#0"},
				"west": {"uv": [8, 6.875, 9.875, 7.3016], "rotation": 90, "texture": "#0"},
				"up": {"uv": [8, 6.875, 9.875, 7.3016], "rotation": 90, "texture": "#0"},
				"down": {"uv": [8, 6.875, 9.875, 7.3016], "rotation": 90, "texture": "#0"}
			}
		},
		{
			"from": [7.81357, 24.96045, 9.12136],
			"to": [9.66357, 31.87688, 10.92136],
			"rotation": {"angle": 0, "axis": "z", "origin": [-15.58643, 9.67322, -9.52864]},
			"faces": {
				"north": {"uv": [8, 6.875, 9.875, 7.3016], "rotation": 90, "texture": "#0"},
				"east": {"uv": [8, 6.875, 9.875, 7.3016], "rotation": 90, "texture": "#0"},
				"south": {"uv": [8, 6.875, 9.875, 7.3016], "rotation": 90, "texture": "#0"},
				"west": {"uv": [8, 6.875, 9.875, 7.3016], "rotation": 90, "texture": "#0"},
				"up": {"uv": [8, 6.875, 9.875, 7.3016], "rotation": 90, "texture": "#0"},
				"down": {"uv": [8, 6.875, 9.875, 7.3016], "rotation": 90, "texture": "#0"}
			}
		},
		{
			"from": [10.79957, 14.98001, 9.57075],
			"to": [13.39957, 18.58001, 11.87075],
			"rotation": {"angle": -22.5, "axis": "x", "origin": [-3.20043, -1.01999, 10.97075]},
			"faces": {
				"north": {"uv": [8, 6.875, 9.875, 7.3016], "rotation": 90, "texture": "#0"},
				"east": {"uv": [8, 6.875, 9.875, 7.3016], "rotation": 90, "texture": "#0"},
				"south": {"uv": [8, 6.875, 9.875, 7.3016], "rotation": 90, "texture": "#0"},
				"west": {"uv": [8, 6.875, 9.875, 7.3016], "rotation": 90, "texture": "#0"},
				"up": {"uv": [8, 6.875, 9.875, 7.3016], "rotation": 90, "texture": "#0"},
				"down": {"uv": [8, 6.875, 9.875, 7.3016], "rotation": 90, "texture": "#0"}
			}
		},
		{
			"from": [2.27221, 15.8575, 13.03982],
			"to": [4.87221, 19.4575, 15.33982],
			"rotation": {"angle": -22.5, "axis": "x", "origin": [-1.72779, -0.1425, 14.43982]},
			"faces": {
				"north": {"uv": [8, 6.875, 9.875, 7.3016], "rotation": 90, "texture": "#0"},
				"east": {"uv": [8, 6.875, 9.875, 7.3016], "rotation": 90, "texture": "#0"},
				"south": {"uv": [8, 6.875, 9.875, 7.3016], "rotation": 90, "texture": "#0"},
				"west": {"uv": [8, 6.875, 9.875, 7.3016], "rotation": 90, "texture": "#0"},
				"up": {"uv": [8, 6.875, 9.875, 7.3016], "rotation": 90, "texture": "#0"},
				"down": {"uv": [8, 6.875, 9.875, 7.3016], "rotation": 90, "texture": "#0"}
			}
		},
		{
			"from": [11.90186, -3.04577, 8.53758],
			"to": [14.50186, 2.25423, 10.83758],
			"rotation": {"angle": 22.5, "axis": "z", "origin": [-6.09814, 2.95423, -4.06242]},
			"faces": {
				"north": {"uv": [8, 6.875, 9.875, 7.3016], "rotation": 90, "texture": "#0"},
				"east": {"uv": [8, 6.875, 9.875, 7.3016], "rotation": 90, "texture": "#0"},
				"south": {"uv": [8, 6.875, 9.875, 7.3016], "rotation": 90, "texture": "#0"},
				"west": {"uv": [8, 6.875, 9.875, 7.3016], "rotation": 90, "texture": "#0"},
				"up": {"uv": [8, 6.875, 9.875, 7.3016], "rotation": 90, "texture": "#0"},
				"down": {"uv": [8, 6.875, 9.875, 7.3016], "rotation": 90, "texture": "#0"}
			}
		},
		{
			"from": [9.54313, 4.96945, 1.05],
			"to": [12.14313, 10.56945, 3.35],
			"rotation": {"angle": -22.5, "axis": "z", "origin": [10.54313, 5.96945, -1.55]},
			"faces": {
				"north": {"uv": [8, 6.875, 9.875, 7.3016], "rotation": 90, "texture": "#0"},
				"east": {"uv": [8, 6.875, 9.875, 7.3016], "rotation": 90, "texture": "#0"},
				"south": {"uv": [8, 6.875, 9.875, 7.3016], "rotation": 90, "texture": "#0"},
				"west": {"uv": [8, 6.875, 9.875, 7.3016], "rotation": 90, "texture": "#0"},
				"up": {"uv": [8, 6.875, 9.875, 7.3016], "rotation": 90, "texture": "#0"},
				"down": {"uv": [8, 6.875, 9.875, 7.3016], "rotation": 90, "texture": "#0"}
			}
		},
		{
			"from": [2.27221, 14.78114, -0.25401],
			"to": [4.87221, 20.38114, 2.04599],
			"rotation": {"angle": -22.5, "axis": "x", "origin": [-11.72779, 20.78114, 24.64599]},
			"faces": {
				"north": {"uv": [8, 6.875, 9.875, 7.3016], "rotation": 90, "texture": "#0"},
				"east": {"uv": [8, 6.875, 9.875, 7.3016], "rotation": 90, "texture": "#0"},
				"south": {"uv": [8, 6.875, 9.875, 7.3016], "rotation": 90, "texture": "#0"},
				"west": {"uv": [8, 6.875, 9.875, 7.3016], "rotation": 90, "texture": "#0"},
				"up": {"uv": [8, 6.875, 9.875, 7.3016], "rotation": 90, "texture": "#0"},
				"down": {"uv": [8, 6.875, 9.875, 7.3016], "rotation": 90, "texture": "#0"}
			}
		},
		{
			"from": [3.47179, 8.25958, 8.92136],
			"to": [6.07179, 13.85958, 11.22136],
			"rotation": {"angle": 22.5, "axis": "z", "origin": [14.07179, 9.25958, 33.82136]},
			"faces": {
				"north": {"uv": [8, 6.875, 9.875, 7.3016], "rotation": 90, "texture": "#0"},
				"east": {"uv": [8, 6.875, 9.875, 7.3016], "rotation": 90, "texture": "#0"},
				"south": {"uv": [8, 6.875, 9.875, 7.3016], "rotation": 90, "texture": "#0"},
				"west": {"uv": [8, 6.875, 9.875, 7.3016], "rotation": 90, "texture": "#0"},
				"up": {"uv": [8, 6.875, 9.875, 7.3016], "rotation": 90, "texture": "#0"},
				"down": {"uv": [8, 6.875, 9.875, 7.3016], "rotation": 90, "texture": "#0"}
			}
		}
	],
	"display": {
		"firstperson_righthand": {
			"scale": [0, 0, 0]
		},
		"firstperson_lefthand": {
			"scale": [0, 0, 0]
		},
		"ground": {
			"translation": [0, 6.25, 0]
		},
		"gui": {
			"scale": [0, 0, 0]
		},
		"head": {
			"rotation": [0, 40, 0],
			"translation": [0, -21.25, 2.5],
			"scale": [2, 2, 2]
		},
		"fixed": {
			"scale": [0, 0, 0]
		}
	}
}