{
	"credit": "Made with Blockbench",
	"textures": {
		"0": "ben_ten:block/diamond_shield",
		"particle": "ben_ten:block/wall_texture"
	},
	"elements": [
		{
			"from": [-10, -5.75, 4.25],
			"to": [-5.75, 0.75, 9.25],
			"rotation": {"angle": 0, "axis": "y", "origin": [8.20896, 9.80755, 6.13344]},
			"faces": {
				"north": {"uv": [4, 13, 8, 16], "texture": "#0"},
				"east": {"uv": [4, 13, 8, 16], "texture": "#0"},
				"south": {"uv": [4, 13, 8, 16], "texture": "#0"},
				"west": {"uv": [4, 13, 8, 16], "texture": "#0"},
				"up": {"uv": [4, 13, 8, 16], "texture": "#0"},
				"down": {"uv": [5, 8, 8, 16], "texture": "#0"}
			}
		},
		{
			"from": [-5.25, 11.22785, 4.10339],
			"to": [2, 23.72785, 13.85339],
			"rotation": {"angle": -22.5, "axis": "x", "origin": [8.20896, 9.80755, 6.13344]},
			"faces": {
				"north": {"uv": [4, 13, 8, 16], "texture": "#0"},
				"east": {"uv": [4, 13, 8, 16], "texture": "#0"},
				"south": {"uv": [4, 13, 8, 16], "texture": "#0"},
				"west": {"uv": [4, 13, 8, 16], "texture": "#0"},
				"up": {"uv": [4, 13, 8, 16], "texture": "#0"},
				"down": {"uv": [5, 8, 8, 16], "texture": "#0"}
			}
		},
		{
			"from": [-9.25, -2.25, 3],
			"to": [-5, 25, 7.25],
			"rotation": {"angle": 0, "axis": "y", "origin": [8.20896, 9.80755, 6.13344]},
			"faces": {
				"north": {"uv": [4, 13, 8, 16], "texture": "#0"},
				"east": {"uv": [4, 13, 8, 16], "texture": "#0"},
				"south": {"uv": [4, 13, 8, 16], "texture": "#0"},
				"west": {"uv": [4, 13, 8, 16], "texture": "#0"},
				"up": {"uv": [4, 13, 8, 16], "texture": "#0"},
				"down": {"uv": [5, 8, 8, 16], "texture": "#0"}
			}
		},
		{
			"from": [-1.25, -2.25, 6],
			"to": [3, 20, 10],
			"rotation": {"angle": 0, "axis": "y", "origin": [8.20896, 9.80755, 6.13344]},
			"faces": {
				"north": {"uv": [4, 13, 8, 16], "texture": "#0"},
				"east": {"uv": [4, 13, 8, 16], "texture": "#0"},
				"south": {"uv": [4, 13, 8, 16], "texture": "#0"},
				"west": {"uv": [4, 13, 8, 16], "texture": "#0"},
				"up": {"uv": [4, 13, 8, 16], "texture": "#0"},
				"down": {"uv": [5, 8, 8, 16], "texture": "#0"}
			}
		},
		{
			"from": [-6.25, -2.25, 7],
			"to": [-1, 20, 11],
			"rotation": {"angle": 0, "axis": "y", "origin": [8.20896, 9.80755, 6.13344]},
			"faces": {
				"north": {"uv": [4, 13, 8, 16], "texture": "#0"},
				"east": {"uv": [4, 13, 8, 16], "texture": "#0"},
				"south": {"uv": [4, 13, 8, 16], "texture": "#0"},
				"west": {"uv": [4, 13, 8, 16], "texture": "#0"},
				"up": {"uv": [4, 13, 8, 16], "texture": "#0"},
				"down": {"uv": [5, 8, 8, 16], "texture": "#0"}
			}
		},
		{
			"from": [-6, -2.25, 3.25],
			"to": [0.25, 25.5, 6.75],
			"rotation": {"angle": 0, "axis": "y", "origin": [8.20896, 9.80755, 6.13344]},
			"faces": {
				"north": {"uv": [4, 13, 8, 16], "texture": "#0"},
				"east": {"uv": [4, 13, 8, 16], "texture": "#0"},
				"south": {"uv": [4, 13, 8, 16], "texture": "#0"},
				"west": {"uv": [4, 13, 8, 16], "texture": "#0"},
				"up": {"uv": [4, 13, 8, 16], "texture": "#0"},
				"down": {"uv": [5, 8, 8, 16], "texture": "#0"}
			}
		},
		{
			"from": [-12, 1.25, 3.25],
			"to": [-7.75, 24.5, 6.75],
			"rotation": {"angle": 0, "axis": "y", "origin": [8.20896, 9.80755, 6.13344]},
			"faces": {
				"north": {"uv": [4, 13, 8, 16], "texture": "#0"},
				"east": {"uv": [4, 13, 8, 16], "texture": "#0"},
				"south": {"uv": [4, 13, 8, 16], "texture": "#0"},
				"west": {"uv": [4, 13, 8, 16], "texture": "#0"},
				"up": {"uv": [4, 13, 8, 16], "texture": "#0"},
				"down": {"uv": [5, 8, 8, 16], "texture": "#0"}
			}
		},
		{
			"from": [-2.25, 6.76043, 2.99988],
			"to": [3.75, 22.26043, 9.49988],
			"rotation": {"angle": -22.5, "axis": "x", "origin": [8.20896, 9.80755, 6.13344]},
			"faces": {
				"north": {"uv": [4, 13, 8, 16], "texture": "#0"},
				"east": {"uv": [4, 13, 8, 16], "texture": "#0"},
				"south": {"uv": [4, 13, 8, 16], "texture": "#0"},
				"west": {"uv": [4, 13, 8, 16], "texture": "#0"},
				"up": {"uv": [4, 13, 8, 16], "texture": "#0"},
				"down": {"uv": [5, 8, 8, 16], "texture": "#0"}
			}
		},
		{
			"from": [-0.5, 7.51043, 2.99988],
			"to": [1.5, 23.01043, 7.49988],
			"rotation": {"angle": -22.5, "axis": "x", "origin": [8.20896, 9.80755, 6.13344]},
			"faces": {
				"north": {"uv": [4, 13, 8, 16], "texture": "#0"},
				"east": {"uv": [4, 13, 8, 16], "texture": "#0"},
				"south": {"uv": [4, 13, 8, 16], "texture": "#0"},
				"west": {"uv": [4, 13, 8, 16], "texture": "#0"},
				"up": {"uv": [4, 13, 8, 16], "texture": "#0"},
				"down": {"uv": [5, 8, 8, 16], "texture": "#0"}
			}
		},
		{
			"from": [-0.5, 8.25, 3.5],
			"to": [5.25, 27, 7.5],
			"rotation": {"angle": 0, "axis": "y", "origin": [8.20896, 9.80755, 6.13344]},
			"faces": {
				"north": {"uv": [4, 13, 8, 16], "texture": "#0"},
				"east": {"uv": [4, 13, 8, 16], "texture": "#0"},
				"south": {"uv": [4, 13, 8, 16], "texture": "#0"},
				"west": {"uv": [4, 13, 8, 16], "texture": "#0"},
				"up": {"uv": [4, 13, 8, 16], "texture": "#0"},
				"down": {"uv": [5, 8, 8, 16], "texture": "#0"}
			}
		},
		{
			"from": [0, 10.25, 4.5],
			"to": [8.25, 29, 6.75],
			"rotation": {"angle": 0, "axis": "y", "origin": [8.20896, 9.80755, 6.13344]},
			"faces": {
				"north": {"uv": [4, 13, 8, 16], "texture": "#0"},
				"east": {"uv": [4, 13, 8, 16], "texture": "#0"},
				"south": {"uv": [4, 13, 8, 16], "texture": "#0"},
				"west": {"uv": [4, 13, 8, 16], "texture": "#0"},
				"up": {"uv": [4, 13, 8, 16], "texture": "#0"},
				"down": {"uv": [5, 8, 8, 16], "texture": "#0"}
			}
		},
		{
			"from": [-0.5, 8.25, 3.5],
			"to": [5.25, 27, 7.5],
			"rotation": {"angle": 0, "axis": "y", "origin": [8.20896, 9.80755, 6.13344]},
			"faces": {
				"north": {"uv": [4, 13, 8, 16], "texture": "#0"},
				"east": {"uv": [4, 13, 8, 16], "texture": "#0"},
				"south": {"uv": [4, 13, 8, 16], "texture": "#0"},
				"west": {"uv": [4, 13, 8, 16], "texture": "#0"},
				"up": {"uv": [4, 13, 8, 16], "texture": "#0"},
				"down": {"uv": [5, 8, 8, 16], "texture": "#0"}
			}
		},
		{
			"from": [-2.5, 8.51043, 3.06697],
			"to": [4.25, 24.01043, 7.56697],
			"rotation": {"angle": -22.5, "axis": "x", "origin": [8.20896, 9.80755, 6.13344]},
			"faces": {
				"north": {"uv": [4, 13, 8, 16], "texture": "#0"},
				"east": {"uv": [4, 13, 8, 16], "texture": "#0"},
				"south": {"uv": [4, 13, 8, 16], "texture": "#0"},
				"west": {"uv": [4, 13, 8, 16], "texture": "#0"},
				"up": {"uv": [4, 13, 8, 16], "texture": "#0"},
				"down": {"uv": [5, 8, 8, 16], "texture": "#0"}
			}
		},
		{
			"from": [-9.25, 6.76043, 3.06697],
			"to": [-7.25, 22.26043, 7.56697],
			"rotation": {"angle": -22.5, "axis": "x", "origin": [8.20896, 9.80755, 6.13344]},
			"faces": {
				"north": {"uv": [4, 13, 8, 16], "texture": "#0"},
				"east": {"uv": [4, 13, 8, 16], "texture": "#0"},
				"south": {"uv": [4, 13, 8, 16], "texture": "#0"},
				"west": {"uv": [4, 13, 8, 16], "texture": "#0"},
				"up": {"uv": [4, 13, 8, 16], "texture": "#0"},
				"down": {"uv": [5, 8, 8, 16], "texture": "#0"}
			}
		},
		{
			"from": [-9.75, 4.76043, 2.99988],
			"to": [-5.5, 20.26043, 6.49988],
			"rotation": {"angle": -22.5, "axis": "x", "origin": [8.20896, 9.80755, 6.13344]},
			"faces": {
				"north": {"uv": [4, 13, 8, 16], "texture": "#0"},
				"east": {"uv": [4, 13, 8, 16], "texture": "#0"},
				"south": {"uv": [4, 13, 8, 16], "texture": "#0"},
				"west": {"uv": [4, 13, 8, 16], "texture": "#0"},
				"up": {"uv": [4, 13, 8, 16], "texture": "#0"},
				"down": {"uv": [5, 8, 8, 16], "texture": "#0"}
			}
		},
		{
			"from": [-11.5, 1.51043, 2.99988],
			"to": [-7.25, 17.01043, 6.49988],
			"rotation": {"angle": -22.5, "axis": "x", "origin": [8.20896, 9.80755, 6.13344]},
			"faces": {
				"north": {"uv": [4, 13, 8, 16], "texture": "#0"},
				"east": {"uv": [4, 13, 8, 16], "texture": "#0"},
				"south": {"uv": [4, 13, 8, 16], "texture": "#0"},
				"west": {"uv": [4, 13, 8, 16], "texture": "#0"},
				"up": {"uv": [4, 13, 8, 16], "texture": "#0"},
				"down": {"uv": [5, 8, 8, 16], "texture": "#0"}
			}
		},
		{
			"from": [-7.5, -0.98957, 2.99988],
			"to": [-3.25, 13.51043, 6.49988],
			"rotation": {"angle": -22.5, "axis": "x", "origin": [8.20896, 9.80755, 6.13344]},
			"faces": {
				"north": {"uv": [4, 13, 8, 16], "texture": "#0"},
				"east": {"uv": [4, 13, 8, 16], "texture": "#0"},
				"south": {"uv": [4, 13, 8, 16], "texture": "#0"},
				"west": {"uv": [4, 13, 8, 16], "texture": "#0"},
				"up": {"uv": [4, 13, 8, 16], "texture": "#0"},
				"down": {"uv": [5, 8, 8, 16], "texture": "#0"}
			}
		},
		{
			"from": [-2.5, -2.98957, 2.99988],
			"to": [1.75, 11.51043, 6.49988],
			"rotation": {"angle": -22.5, "axis": "x", "origin": [8.20896, 9.80755, 6.13344]},
			"faces": {
				"north": {"uv": [4, 13, 8, 16], "texture": "#0"},
				"east": {"uv": [4, 13, 8, 16], "texture": "#0"},
				"south": {"uv": [4, 13, 8, 16], "texture": "#0"},
				"west": {"uv": [4, 13, 8, 16], "texture": "#0"},
				"up": {"uv": [4, 13, 8, 16], "texture": "#0"},
				"down": {"uv": [5, 8, 8, 16], "texture": "#0"}
			}
		},
		{
			"from": [-11.75, -2.5, 5.25],
			"to": [-1, 9.75, 8.75],
			"rotation": {"angle": 0, "axis": "y", "origin": [8.20896, 9.80755, 6.13344]},
			"faces": {
				"north": {"uv": [4, 13, 8, 16], "texture": "#0"},
				"east": {"uv": [4, 13, 8, 16], "texture": "#0"},
				"south": {"uv": [4, 13, 8, 16], "texture": "#0"},
				"west": {"uv": [4, 13, 8, 16], "texture": "#0"},
				"up": {"uv": [4, 13, 8, 16], "texture": "#0"},
				"down": {"uv": [5, 8, 8, 16], "texture": "#0"}
			}
		},
		{
			"from": [-16, -5.75, 3],
			"to": [-11.75, -1.5, 9.75],
			"rotation": {"angle": 0, "axis": "y", "origin": [8.20896, 9.80755, 6.13344]},
			"faces": {
				"north": {"uv": [4, 13, 8, 16], "texture": "#0"},
				"east": {"uv": [4, 13, 8, 16], "texture": "#0"},
				"south": {"uv": [4, 13, 8, 16], "texture": "#0"},
				"west": {"uv": [4, 13, 8, 16], "texture": "#0"},
				"up": {"uv": [4, 13, 8, 16], "texture": "#0"},
				"down": {"uv": [5, 8, 8, 16], "texture": "#0"}
			}
		},
		{
			"from": [-15, -5.75, 4.75],
			"to": [-10.75, 5.5, 9],
			"rotation": {"angle": 0, "axis": "y", "origin": [8.20896, 9.80755, 6.13344]},
			"faces": {
				"north": {"uv": [4, 13, 8, 16], "texture": "#0"},
				"east": {"uv": [4, 13, 8, 16], "texture": "#0"},
				"south": {"uv": [4, 13, 8, 16], "texture": "#0"},
				"west": {"uv": [4, 13, 8, 16], "texture": "#0"},
				"up": {"uv": [4, 13, 8, 16], "texture": "#0"},
				"down": {"uv": [5, 8, 8, 16], "texture": "#0"}
			}
		},
		{
			"from": [-14, -5.75, 3.5],
			"to": [-9.75, 0.5, 9.5],
			"rotation": {"angle": 0, "axis": "y", "origin": [8.20896, 9.80755, 6.13344]},
			"faces": {
				"north": {"uv": [4, 13, 8, 16], "texture": "#0"},
				"east": {"uv": [4, 13, 8, 16], "texture": "#0"},
				"south": {"uv": [4, 13, 8, 16], "texture": "#0"},
				"west": {"uv": [4, 13, 8, 16], "texture": "#0"},
				"up": {"uv": [4, 13, 8, 16], "texture": "#0"},
				"down": {"uv": [5, 8, 8, 16], "texture": "#0"}
			}
		},
		{
			"from": [-9.75, -4.23957, 2.99988],
			"to": [-1, 2.26043, 9.74988],
			"rotation": {"angle": -22.5, "axis": "x", "origin": [8.20896, 9.80755, 6.13344]},
			"faces": {
				"north": {"uv": [4, 13, 8, 16], "texture": "#0"},
				"east": {"uv": [4, 13, 8, 16], "texture": "#0"},
				"south": {"uv": [4, 13, 8, 16], "texture": "#0"},
				"west": {"uv": [4, 13, 8, 16], "texture": "#0"},
				"up": {"uv": [4, 13, 8, 16], "texture": "#0"},
				"down": {"uv": [5, 8, 8, 16], "texture": "#0"}
			}
		},
		{
			"from": [-2.75, -4.23957, 2.99988],
			"to": [6, 3.01043, 9.74988],
			"rotation": {"angle": -22.5, "axis": "x", "origin": [8.20896, 9.80755, 6.13344]},
			"faces": {
				"north": {"uv": [4, 13, 8, 16], "texture": "#0"},
				"east": {"uv": [4, 13, 8, 16], "texture": "#0"},
				"south": {"uv": [4, 13, 8, 16], "texture": "#0"},
				"west": {"uv": [4, 13, 8, 16], "texture": "#0"},
				"up": {"uv": [4, 13, 8, 16], "texture": "#0"},
				"down": {"uv": [5, 8, 8, 16], "texture": "#0"}
			}
		},
		{
			"from": [6.25, 1.95867, 2.99995],
			"to": [15, 8.20867, 11.49995],
			"rotation": {"angle": -45, "axis": "x", "origin": [8.20896, 9.80755, 6.13344]},
			"faces": {
				"north": {"uv": [4, 13, 8, 16], "texture": "#0"},
				"east": {"uv": [4, 13, 8, 16], "texture": "#0"},
				"south": {"uv": [4, 13, 8, 16], "texture": "#0"},
				"west": {"uv": [4, 13, 8, 16], "texture": "#0"},
				"up": {"uv": [4, 13, 8, 16], "texture": "#0"},
				"down": {"uv": [5, 8, 8, 16], "texture": "#0"}
			}
		},
		{
			"from": [7.75, 6.8844, 2.99995],
			"to": [14.25, 19.6344, 7.99995],
			"rotation": {"angle": -45, "axis": "x", "origin": [8.20896, 9.80755, 6.13344]},
			"faces": {
				"north": {"uv": [4, 13, 8, 16], "texture": "#0"},
				"east": {"uv": [4, 13, 8, 16], "texture": "#0"},
				"south": {"uv": [4, 13, 8, 16], "texture": "#0"},
				"west": {"uv": [4, 13, 8, 16], "texture": "#0"},
				"up": {"uv": [4, 13, 8, 16], "texture": "#0"},
				"down": {"uv": [5, 8, 8, 16], "texture": "#0"}
			}
		},
		{
			"from": [5.5, 4.20867, 2.99995],
			"to": [14.25, 17.70867, 7.99995],
			"rotation": {"angle": -45, "axis": "x", "origin": [8.20896, 9.80755, 6.13344]},
			"faces": {
				"north": {"uv": [4, 13, 8, 16], "texture": "#0"},
				"east": {"uv": [4, 13, 8, 16], "texture": "#0"},
				"south": {"uv": [4, 13, 8, 16], "texture": "#0"},
				"west": {"uv": [4, 13, 8, 16], "texture": "#0"},
				"up": {"uv": [4, 13, 8, 16], "texture": "#0"},
				"down": {"uv": [5, 8, 8, 16], "texture": "#0"}
			}
		},
		{
			"from": [7.25, 13.6344, 8.15489],
			"to": [13.75, 27.1344, 12.40489],
			"rotation": {"angle": -45, "axis": "x", "origin": [8.20896, 9.80755, 6.13344]},
			"faces": {
				"north": {"uv": [4, 13, 8, 16], "texture": "#0"},
				"east": {"uv": [4, 13, 8, 16], "texture": "#0"},
				"south": {"uv": [4, 13, 8, 16], "texture": "#0"},
				"west": {"uv": [4, 13, 8, 16], "texture": "#0"},
				"up": {"uv": [4, 13, 8, 16], "texture": "#0"},
				"down": {"uv": [5, 8, 8, 16], "texture": "#0"}
			}
		},
		{
			"from": [-12.25, 2.20867, 2.99995],
			"to": [-5.75, 14.95867, 7.99995],
			"rotation": {"angle": -45, "axis": "x", "origin": [8.20896, 9.80755, 6.13344]},
			"faces": {
				"north": {"uv": [4, 13, 8, 16], "texture": "#0"},
				"east": {"uv": [4, 13, 8, 16], "texture": "#0"},
				"south": {"uv": [4, 13, 8, 16], "texture": "#0"},
				"west": {"uv": [4, 13, 8, 16], "texture": "#0"},
				"up": {"uv": [4, 13, 8, 16], "texture": "#0"},
				"down": {"uv": [5, 8, 8, 16], "texture": "#0"}
			}
		},
		{
			"from": [-2.25, 1.20867, 2.99995],
			"to": [4.25, 13.95867, 7.99995],
			"rotation": {"angle": -45, "axis": "x", "origin": [8.20896, 9.80755, 6.13344]},
			"faces": {
				"north": {"uv": [4, 13, 8, 16], "texture": "#0"},
				"east": {"uv": [4, 13, 8, 16], "texture": "#0"},
				"south": {"uv": [4, 13, 8, 16], "texture": "#0"},
				"west": {"uv": [4, 13, 8, 16], "texture": "#0"},
				"up": {"uv": [4, 13, 8, 16], "texture": "#0"},
				"down": {"uv": [5, 8, 8, 16], "texture": "#0"}
			}
		},
		{
			"from": [8.5, 14.3844, 3.40489],
			"to": [13.25, 26.3844, 8.65489],
			"rotation": {"angle": -45, "axis": "x", "origin": [8.20896, 9.80755, 6.13344]},
			"faces": {
				"north": {"uv": [4, 13, 8, 16], "texture": "#0"},
				"east": {"uv": [4, 13, 8, 16], "texture": "#0"},
				"south": {"uv": [4, 13, 8, 16], "texture": "#0"},
				"west": {"uv": [4, 13, 8, 16], "texture": "#0"},
				"up": {"uv": [4, 13, 8, 16], "texture": "#0"},
				"down": {"uv": [5, 8, 8, 16], "texture": "#0"}
			}
		},
		{
			"from": [-2.5, -2.25, 3],
			"to": [8, 9, 9.5],
			"rotation": {"angle": 0, "axis": "y", "origin": [8.20896, 9.80755, 6.13344]},
			"faces": {
				"north": {"uv": [4, 13, 8, 16], "texture": "#0"},
				"east": {"uv": [4, 13, 8, 16], "texture": "#0"},
				"south": {"uv": [4, 13, 8, 16], "texture": "#0"},
				"west": {"uv": [4, 13, 8, 16], "texture": "#0"},
				"up": {"uv": [4, 13, 8, 16], "texture": "#0"},
				"down": {"uv": [5, 8, 8, 16], "texture": "#0"}
			}
		},
		{
			"from": [-5.75, -6.5, 3],
			"to": [3, -1.25, 10.75],
			"rotation": {"angle": 0, "axis": "y", "origin": [8.20896, 9.80755, 6.13344]},
			"faces": {
				"north": {"uv": [4, 13, 8, 16], "texture": "#0"},
				"east": {"uv": [4, 13, 8, 16], "texture": "#0"},
				"south": {"uv": [4, 13, 8, 16], "texture": "#0"},
				"west": {"uv": [4, 13, 8, 16], "texture": "#0"},
				"up": {"uv": [4, 13, 8, 16], "texture": "#0"},
				"down": {"uv": [5, 8, 8, 16], "texture": "#0"}
			}
		},
		{
			"from": [-13, -2.98957, 2.99988],
			"to": [-7.75, 3.51043, 7.74988],
			"rotation": {"angle": -22.5, "axis": "x", "origin": [8.20896, 9.80755, 6.13344]},
			"faces": {
				"north": {"uv": [4, 13, 8, 16], "texture": "#0"},
				"east": {"uv": [4, 13, 8, 16], "texture": "#0"},
				"south": {"uv": [4, 13, 8, 16], "texture": "#0"},
				"west": {"uv": [4, 13, 8, 16], "texture": "#0"},
				"up": {"uv": [4, 13, 8, 16], "texture": "#0"},
				"down": {"uv": [5, 8, 8, 16], "texture": "#0"}
			}
		},
		{
			"from": [7, -2.98957, 2.99988],
			"to": [12.25, 3.51043, 7.74988],
			"rotation": {"angle": -22.5, "axis": "x", "origin": [8.20896, 9.80755, 6.13344]},
			"faces": {
				"north": {"uv": [4, 13, 8, 16], "texture": "#0"},
				"east": {"uv": [4, 13, 8, 16], "texture": "#0"},
				"south": {"uv": [4, 13, 8, 16], "texture": "#0"},
				"west": {"uv": [4, 13, 8, 16], "texture": "#0"},
				"up": {"uv": [4, 13, 8, 16], "texture": "#0"},
				"down": {"uv": [5, 8, 8, 16], "texture": "#0"}
			}
		},
		{
			"from": [6.25, -6.5, 3.5],
			"to": [25.75, 0.75, 10.25],
			"rotation": {"angle": 0, "axis": "y", "origin": [8.20896, 9.80755, 6.13344]},
			"faces": {
				"north": {"uv": [4, 13, 8, 16], "texture": "#0"},
				"east": {"uv": [4, 13, 8, 16], "texture": "#0"},
				"south": {"uv": [4, 13, 8, 16], "texture": "#0"},
				"west": {"uv": [4, 13, 8, 16], "texture": "#0"},
				"up": {"uv": [4, 13, 8, 16], "texture": "#0"},
				"down": {"uv": [5, 8, 8, 16], "texture": "#0"}
			}
		},
		{
			"from": [17.5, -2.25, 3],
			"to": [28, 9, 9.5],
			"rotation": {"angle": 0, "axis": "y", "origin": [8.20896, 9.80755, 6.13344]},
			"faces": {
				"north": {"uv": [4, 13, 8, 16], "texture": "#0"},
				"east": {"uv": [4, 13, 8, 16], "texture": "#0"},
				"south": {"uv": [4, 13, 8, 16], "texture": "#0"},
				"west": {"uv": [4, 13, 8, 16], "texture": "#0"},
				"up": {"uv": [4, 13, 8, 16], "texture": "#0"},
				"down": {"uv": [5, 8, 8, 16], "texture": "#0"}
			}
		},
		{
			"from": [23.25, -7.25, 4.5],
			"to": [32, 4.5, 12],
			"rotation": {"angle": 0, "axis": "y", "origin": [8.20896, 9.80755, 6.13344]},
			"faces": {
				"north": {"uv": [5, 8, 8, 16], "texture": "#0"},
				"east": {"uv": [5, 8, 8, 16], "texture": "#0"},
				"south": {"uv": [5, 8, 8, 16], "texture": "#0"},
				"west": {"uv": [5, 8, 8, 16], "texture": "#0"},
				"up": {"uv": [5, 8, 8, 16], "texture": "#0"},
				"down": {"uv": [5, 8, 8, 16], "texture": "#0"}
			}
		},
		{
			"from": [23.25, -6, 3.5],
			"to": [30.75, 2.5, 11.5],
			"rotation": {"angle": 0, "axis": "y", "origin": [8.20896, 9.80755, 6.13344]},
			"faces": {
				"north": {"uv": [4, 13, 8, 16], "texture": "#0"},
				"east": {"uv": [4, 13, 8, 16], "texture": "#0"},
				"south": {"uv": [4, 13, 8, 16], "texture": "#0"},
				"west": {"uv": [4, 13, 8, 16], "texture": "#0"},
				"up": {"uv": [4, 13, 8, 16], "texture": "#0"},
				"down": {"uv": [5, 8, 8, 16], "texture": "#0"}
			}
		},
		{
			"from": [17.25, -4.23957, 2.99988],
			"to": [26, 3.01043, 9.74988],
			"rotation": {"angle": -22.5, "axis": "x", "origin": [8.20896, 9.80755, 6.13344]},
			"faces": {
				"north": {"uv": [4, 13, 8, 16], "texture": "#0"},
				"east": {"uv": [4, 13, 8, 16], "texture": "#0"},
				"south": {"uv": [4, 13, 8, 16], "texture": "#0"},
				"west": {"uv": [4, 13, 8, 16], "texture": "#0"},
				"up": {"uv": [4, 13, 8, 16], "texture": "#0"},
				"down": {"uv": [5, 8, 8, 16], "texture": "#0"}
			}
		},
		{
			"from": [10.25, -4.23957, 2.99988],
			"to": [19, 2.26043, 9.74988],
			"rotation": {"angle": -22.5, "axis": "x", "origin": [8.20896, 9.80755, 6.13344]},
			"faces": {
				"north": {"uv": [4, 13, 8, 16], "texture": "#0"},
				"east": {"uv": [4, 13, 8, 16], "texture": "#0"},
				"south": {"uv": [4, 13, 8, 16], "texture": "#0"},
				"west": {"uv": [4, 13, 8, 16], "texture": "#0"},
				"up": {"uv": [4, 13, 8, 16], "texture": "#0"},
				"down": {"uv": [5, 8, 8, 16], "texture": "#0"}
			}
		},
		{
			"from": [6, -5.75, 3.5],
			"to": [10.25, 0.5, 9.5],
			"rotation": {"angle": 0, "axis": "y", "origin": [8.20896, 9.80755, 6.13344]},
			"faces": {
				"north": {"uv": [4, 13, 8, 16], "texture": "#0"},
				"east": {"uv": [4, 13, 8, 16], "texture": "#0"},
				"south": {"uv": [4, 13, 8, 16], "texture": "#0"},
				"west": {"uv": [4, 13, 8, 16], "texture": "#0"},
				"up": {"uv": [4, 13, 8, 16], "texture": "#0"},
				"down": {"uv": [5, 8, 8, 16], "texture": "#0"}
			}
		},
		{
			"from": [17, 0.5, 5.25],
			"to": [21.25, 7, 10.25],
			"rotation": {"angle": 0, "axis": "y", "origin": [8.20896, 9.80755, 6.13344]},
			"faces": {
				"north": {"uv": [4, 13, 8, 16], "texture": "#0"},
				"east": {"uv": [4, 13, 8, 16], "texture": "#0"},
				"south": {"uv": [4, 13, 8, 16], "texture": "#0"},
				"west": {"uv": [4, 13, 8, 16], "texture": "#0"},
				"up": {"uv": [4, 13, 8, 16], "texture": "#0"},
				"down": {"uv": [5, 8, 8, 16], "texture": "#0"}
			}
		},
		{
			"from": [21.75, 22.84903, 13.61472],
			"to": [24.75, 29.34903, 17.61472],
			"rotation": {"angle": -22.5, "axis": "x", "origin": [8.20896, 9.80755, 6.13344]},
			"faces": {
				"north": {"uv": [4, 13, 8, 16], "texture": "#0"},
				"east": {"uv": [4, 13, 8, 16], "texture": "#0"},
				"south": {"uv": [4, 13, 8, 16], "texture": "#0"},
				"west": {"uv": [4, 13, 8, 16], "texture": "#0"},
				"up": {"uv": [4, 13, 8, 16], "texture": "#0"},
				"down": {"uv": [5, 8, 8, 16], "texture": "#0"}
			}
		},
		{
			"from": [17.75, 4, 4],
			"to": [22, 31.25, 8.25],
			"rotation": {"angle": 0, "axis": "y", "origin": [8.20896, 9.80755, 6.13344]},
			"faces": {
				"north": {"uv": [4, 13, 8, 16], "texture": "#0"},
				"east": {"uv": [4, 13, 8, 16], "texture": "#0"},
				"south": {"uv": [4, 13, 8, 16], "texture": "#0"},
				"west": {"uv": [4, 13, 8, 16], "texture": "#0"},
				"up": {"uv": [4, 13, 8, 16], "texture": "#0"},
				"down": {"uv": [5, 8, 8, 16], "texture": "#0"}
			}
		},
		{
			"from": [21.5, -6.5, 7.75],
			"to": [25.25, 26.25, 11.75],
			"rotation": {"angle": 0, "axis": "y", "origin": [8.20896, 9.80755, 6.13344]},
			"faces": {
				"north": {"uv": [4, 13, 8, 16], "texture": "#0"},
				"east": {"uv": [4, 13, 8, 16], "texture": "#0"},
				"south": {"uv": [4, 13, 8, 16], "texture": "#0"},
				"west": {"uv": [4, 13, 8, 16], "texture": "#0"},
				"up": {"uv": [4, 13, 8, 16], "texture": "#0"},
				"down": {"uv": [5, 8, 8, 16], "texture": "#0"}
			}
		},
		{
			"from": [21, 16, 4.25],
			"to": [25.25, 31.75, 7.75],
			"rotation": {"angle": 0, "axis": "y", "origin": [8.20896, 9.80755, 6.13344]},
			"faces": {
				"north": {"uv": [4, 13, 8, 16], "texture": "#0"},
				"east": {"uv": [4, 13, 8, 16], "texture": "#0"},
				"south": {"uv": [4, 13, 8, 16], "texture": "#0"},
				"west": {"uv": [4, 13, 8, 16], "texture": "#0"},
				"up": {"uv": [4, 13, 8, 16], "texture": "#0"},
				"down": {"uv": [5, 8, 8, 16], "texture": "#0"}
			}
		},
		{
			"from": [15.5, 7.5, 4.25],
			"to": [19.25, 30.75, 7.75],
			"rotation": {"angle": 0, "axis": "y", "origin": [8.20896, 9.80755, 6.13344]},
			"faces": {
				"north": {"uv": [4, 13, 8, 16], "texture": "#0"},
				"east": {"uv": [4, 13, 8, 16], "texture": "#0"},
				"south": {"uv": [4, 13, 8, 16], "texture": "#0"},
				"west": {"uv": [4, 13, 8, 16], "texture": "#0"},
				"up": {"uv": [4, 13, 8, 16], "texture": "#0"},
				"down": {"uv": [5, 8, 8, 16], "texture": "#0"}
			}
		},
		{
			"from": [24.75, 1.40199, 3.38263],
			"to": [30.75, 19.65199, 9.88263],
			"rotation": {"angle": -22.5, "axis": "x", "origin": [8.20896, 9.80755, 6.13344]},
			"faces": {
				"north": {"uv": [4, 13, 8, 16], "texture": "#0"},
				"east": {"uv": [4, 13, 8, 16], "texture": "#0"},
				"south": {"uv": [4, 13, 8, 16], "texture": "#0"},
				"west": {"uv": [4, 13, 8, 16], "texture": "#0"},
				"up": {"uv": [4, 13, 8, 16], "texture": "#0"},
				"down": {"uv": [5, 8, 8, 16], "texture": "#0"}
			}
		},
		{
			"from": [26.5, 18.90199, 3.88263],
			"to": [28.5, 26.40199, 7.88263],
			"rotation": {"angle": -22.5, "axis": "x", "origin": [8.20896, 9.80755, 6.13344]},
			"faces": {
				"north": {"uv": [4, 13, 8, 16], "texture": "#0"},
				"east": {"uv": [4, 13, 8, 16], "texture": "#0"},
				"south": {"uv": [4, 13, 8, 16], "texture": "#0"},
				"west": {"uv": [4, 13, 8, 16], "texture": "#0"},
				"up": {"uv": [4, 13, 8, 16], "texture": "#0"},
				"down": {"uv": [5, 8, 8, 16], "texture": "#0"}
			}
		},
		{
			"from": [26.5, 2.15199, 2.99988],
			"to": [28.5, 17.65199, 7.49988],
			"rotation": {"angle": -22.5, "axis": "x", "origin": [8.20896, 9.80755, 6.13344]},
			"faces": {
				"north": {"uv": [4, 13, 8, 16], "texture": "#0"},
				"east": {"uv": [4, 13, 8, 16], "texture": "#0"},
				"south": {"uv": [4, 13, 8, 16], "texture": "#0"},
				"west": {"uv": [4, 13, 8, 16], "texture": "#0"},
				"up": {"uv": [4, 13, 8, 16], "texture": "#0"},
				"down": {"uv": [5, 8, 8, 16], "texture": "#0"}
			}
		},
		{
			"from": [24.5, 13.90199, 6.38263],
			"to": [31.25, 29.40199, 10.13263],
			"rotation": {"angle": -22.5, "axis": "x", "origin": [8.20896, 9.80755, 6.13344]},
			"faces": {
				"north": {"uv": [4, 11, 8, 16], "texture": "#0"},
				"east": {"uv": [4, 11, 8, 16], "texture": "#0"},
				"south": {"uv": [4, 11, 8, 16], "texture": "#0"},
				"west": {"uv": [4, 11, 8, 16], "texture": "#0"},
				"up": {"uv": [4, 11, 8, 16], "texture": "#0"},
				"down": {"uv": [5, 8, 8, 16], "texture": "#0"}
			}
		},
		{
			"from": [17.75, 12.15199, 6.38263],
			"to": [19.75, 27.65199, 10.88263],
			"rotation": {"angle": -22.5, "axis": "x", "origin": [8.20896, 9.80755, 6.13344]},
			"faces": {
				"north": {"uv": [4, 13, 8, 16], "texture": "#0"},
				"east": {"uv": [4, 13, 8, 16], "texture": "#0"},
				"south": {"uv": [4, 13, 8, 16], "texture": "#0"},
				"west": {"uv": [4, 13, 8, 16], "texture": "#0"},
				"up": {"uv": [4, 13, 8, 16], "texture": "#0"},
				"down": {"uv": [5, 8, 8, 16], "texture": "#0"}
			}
		},
		{
			"from": [17.25, 10.15199, 5.13263],
			"to": [21.5, 25.65199, 8.63263],
			"rotation": {"angle": -22.5, "axis": "x", "origin": [8.20896, 9.80755, 6.13344]},
			"faces": {
				"north": {"uv": [4, 13, 8, 16], "texture": "#0"},
				"east": {"uv": [4, 13, 8, 16], "texture": "#0"},
				"south": {"uv": [4, 13, 8, 16], "texture": "#0"},
				"west": {"uv": [4, 13, 8, 16], "texture": "#0"},
				"up": {"uv": [4, 13, 8, 16], "texture": "#0"},
				"down": {"uv": [5, 8, 8, 16], "texture": "#0"}
			}
		},
		{
			"from": [15.5, 6.90199, 2.99988],
			"to": [19.75, 22.40199, 6.49988],
			"rotation": {"angle": -22.5, "axis": "x", "origin": [8.20896, 9.80755, 6.13344]},
			"faces": {
				"north": {"uv": [4, 13, 8, 16], "texture": "#0"},
				"east": {"uv": [4, 13, 8, 16], "texture": "#0"},
				"south": {"uv": [4, 13, 8, 16], "texture": "#0"},
				"west": {"uv": [4, 13, 8, 16], "texture": "#0"},
				"up": {"uv": [4, 13, 8, 16], "texture": "#0"},
				"down": {"uv": [5, 8, 8, 16], "texture": "#0"}
			}
		},
		{
			"from": [19.5, 4.40199, 2.99988],
			"to": [23.75, 18.90199, 6.49988],
			"rotation": {"angle": -22.5, "axis": "x", "origin": [8.20896, 9.80755, 6.13344]},
			"faces": {
				"north": {"uv": [4, 13, 8, 16], "texture": "#0"},
				"east": {"uv": [4, 13, 8, 16], "texture": "#0"},
				"south": {"uv": [4, 13, 8, 16], "texture": "#0"},
				"west": {"uv": [4, 13, 8, 16], "texture": "#0"},
				"up": {"uv": [4, 13, 8, 16], "texture": "#0"},
				"down": {"uv": [5, 8, 8, 16], "texture": "#0"}
			}
		},
		{
			"from": [24.5, 2.40199, 2.99988],
			"to": [28.75, 16.90199, 6.49988],
			"rotation": {"angle": -22.5, "axis": "x", "origin": [8.20896, 9.80755, 6.13344]},
			"faces": {
				"north": {"uv": [4, 13, 8, 16], "texture": "#0"},
				"east": {"uv": [4, 13, 8, 16], "texture": "#0"},
				"south": {"uv": [4, 13, 8, 16], "texture": "#0"},
				"west": {"uv": [4, 13, 8, 16], "texture": "#0"},
				"up": {"uv": [4, 13, 8, 16], "texture": "#0"},
				"down": {"uv": [5, 8, 8, 16], "texture": "#0"}
			}
		},
		{
			"from": [15.25, 3.75, 6.25],
			"to": [26, 16, 9.75],
			"rotation": {"angle": 0, "axis": "y", "origin": [8.20896, 9.80755, 6.13344]},
			"faces": {
				"north": {"uv": [4, 13, 8, 16], "texture": "#0"},
				"east": {"uv": [4, 13, 8, 16], "texture": "#0"},
				"south": {"uv": [4, 13, 8, 16], "texture": "#0"},
				"west": {"uv": [4, 13, 8, 16], "texture": "#0"},
				"up": {"uv": [4, 13, 8, 16], "texture": "#0"},
				"down": {"uv": [5, 8, 8, 16], "texture": "#0"}
			}
		},
		{
			"from": [11, 0.5, 4],
			"to": [15.25, 4.75, 10.75],
			"rotation": {"angle": 0, "axis": "y", "origin": [8.20896, 9.80755, 6.13344]},
			"faces": {
				"north": {"uv": [4, 13, 8, 16], "texture": "#0"},
				"east": {"uv": [4, 13, 8, 16], "texture": "#0"},
				"south": {"uv": [4, 13, 8, 16], "texture": "#0"},
				"west": {"uv": [4, 13, 8, 16], "texture": "#0"},
				"up": {"uv": [4, 13, 8, 16], "texture": "#0"},
				"down": {"uv": [5, 8, 8, 16], "texture": "#0"}
			}
		},
		{
			"from": [12, 0.5, 5.75],
			"to": [16.25, 11.75, 10],
			"rotation": {"angle": 0, "axis": "y", "origin": [8.20896, 9.80755, 6.13344]},
			"faces": {
				"north": {"uv": [4, 13, 8, 16], "texture": "#0"},
				"east": {"uv": [4, 13, 8, 16], "texture": "#0"},
				"south": {"uv": [4, 13, 8, 16], "texture": "#0"},
				"west": {"uv": [4, 13, 8, 16], "texture": "#0"},
				"up": {"uv": [4, 13, 8, 16], "texture": "#0"},
				"down": {"uv": [5, 8, 8, 16], "texture": "#0"}
			}
		},
		{
			"from": [14.75, 0.5, 3.75],
			"to": [19, 11.75, 10.5],
			"rotation": {"angle": 0, "axis": "y", "origin": [8.20896, 9.80755, 6.13344]},
			"faces": {
				"north": {"uv": [4, 13, 8, 16], "texture": "#0"},
				"east": {"uv": [4, 13, 8, 16], "texture": "#0"},
				"south": {"uv": [4, 13, 8, 16], "texture": "#0"},
				"west": {"uv": [4, 13, 8, 16], "texture": "#0"},
				"up": {"uv": [4, 13, 8, 16], "texture": "#0"},
				"down": {"uv": [5, 8, 8, 16], "texture": "#0"}
			}
		},
		{
			"from": [4.5, -2.25, 6.5],
			"to": [9.75, 20, 10.5],
			"rotation": {"angle": 0, "axis": "y", "origin": [8.20896, 9.80755, 6.13344]},
			"faces": {
				"north": {"uv": [4, 13, 8, 16], "texture": "#0"},
				"east": {"uv": [4, 13, 8, 16], "texture": "#0"},
				"south": {"uv": [4, 13, 8, 16], "texture": "#0"},
				"west": {"uv": [4, 13, 8, 16], "texture": "#0"},
				"up": {"uv": [4, 13, 8, 16], "texture": "#0"},
				"down": {"uv": [5, 8, 8, 16], "texture": "#0"}
			}
		},
		{
			"from": [9.5, -2.25, 5.5],
			"to": [13.75, 20, 9.5],
			"rotation": {"angle": 0, "axis": "y", "origin": [8.20896, 9.80755, 6.13344]},
			"faces": {
				"north": {"uv": [4, 13, 8, 16], "texture": "#0"},
				"east": {"uv": [4, 13, 8, 16], "texture": "#0"},
				"south": {"uv": [4, 13, 8, 16], "texture": "#0"},
				"west": {"uv": [4, 13, 8, 16], "texture": "#0"},
				"up": {"uv": [4, 13, 8, 16], "texture": "#0"},
				"down": {"uv": [5, 8, 8, 16], "texture": "#0"}
			}
		},
		{
			"from": [6.5, 14.41919, 2.99988],
			"to": [12.75, 24.16919, 13.74988],
			"rotation": {"angle": -22.5, "axis": "x", "origin": [8.20896, 9.80755, 6.13344]},
			"faces": {
				"north": {"uv": [4, 13, 8, 16], "texture": "#0"},
				"east": {"uv": [4, 13, 8, 16], "texture": "#0"},
				"south": {"uv": [4, 13, 8, 16], "texture": "#0"},
				"west": {"uv": [4, 13, 8, 16], "texture": "#0"},
				"up": {"uv": [4, 13, 8, 16], "texture": "#0"},
				"down": {"uv": [5, 8, 8, 16], "texture": "#0"}
			}
		},
		{
			"from": [9.25, 23.8988, 9.83713],
			"to": [13.75, 30.1488, 13.58713],
			"rotation": {"angle": -22.5, "axis": "x", "origin": [8.20896, 9.80755, 6.13344]},
			"faces": {
				"north": {"uv": [4, 13, 8, 16], "texture": "#0"},
				"east": {"uv": [4, 13, 8, 16], "texture": "#0"},
				"south": {"uv": [4, 13, 8, 16], "texture": "#0"},
				"west": {"uv": [4, 13, 8, 16], "texture": "#0"},
				"up": {"uv": [4, 13, 8, 16], "texture": "#0"},
				"down": {"uv": [5, 8, 8, 16], "texture": "#0"}
			}
		},
		{
			"from": [6.75, 18.8988, 7.08713],
			"to": [11.5, 26.6488, 12.33713],
			"rotation": {"angle": -22.5, "axis": "x", "origin": [8.20896, 9.80755, 6.13344]},
			"faces": {
				"north": {"uv": [4, 13, 8, 16], "texture": "#0"},
				"east": {"uv": [4, 13, 8, 16], "texture": "#0"},
				"south": {"uv": [4, 13, 8, 16], "texture": "#0"},
				"west": {"uv": [4, 13, 8, 16], "texture": "#0"},
				"up": {"uv": [4, 13, 8, 16], "texture": "#0"},
				"down": {"uv": [5, 8, 8, 16], "texture": "#0"}
			}
		},
		{
			"from": [10.25, 8.25, 3],
			"to": [16, 27, 7],
			"rotation": {"angle": 0, "axis": "y", "origin": [8.20896, 9.80755, 6.13344]},
			"faces": {
				"north": {"uv": [4, 13, 8, 16], "texture": "#0"},
				"east": {"uv": [4, 13, 8, 16], "texture": "#0"},
				"south": {"uv": [4, 13, 8, 16], "texture": "#0"},
				"west": {"uv": [4, 13, 8, 16], "texture": "#0"},
				"up": {"uv": [4, 13, 8, 16], "texture": "#0"},
				"down": {"uv": [5, 8, 8, 16], "texture": "#0"}
			}
		}
	],
	"display": {
		"thirdperson_righthand": {
			"rotation": [67, 0, 0],
			"translation": [0, 0, 12.25],
			"scale": [1.88, 1.72, 1.82]
		},
		"thirdperson_lefthand": {
			"rotation": [68, 0, 0],
			"translation": [0, -0.25, 11.75],
			"scale": [1.88, 1.72, 1.82]
		},
		"firstperson_righthand": {
			"translation": [-9.5, 0, 0]
		},
		"firstperson_lefthand": {
			"translation": [-8.75, 0, 0]
		},
		"head": {
			"translation": [0, -29, 0],
			"scale": [1.6, 1.6, 1.6]
		}
	},
	"groups": [
		{
			"name": "steve",
			"origin": [8, 8, 8],
			"color": 0,
			"children": [
				{
					"name": "group",
					"origin": [0, -7.75, 0],
					"color": 0,
					"children": [0, 1, 2, 3, 4, 5, 6, 7, 8, 9, 10, 11, 12, 13, 14, 15, 16, 17, 18, 19, 20]
				}
			]
		}, 21, 22, 23, 24, 25, 26, 27, 28, 29, 30, 31, 32, 33, 34, 35, 36, 37, 38, 39, 40, 41,
		{
			"name": "group",
			"origin": [0, -7.75, 0],
			"color": 0,
			"children": [42, 43, 44, 45, 46, 47, 48, 49, 50, 51, 52, 53, 54, 55, 56, 57, 58, 59, 60]
		}, 61, 62, 63, 64, 65, 66]
}