{
	"credit": "Made by BlueChicken32",
	"texture_size": [64, 64],
	"textures": {
		"0": "ben_ten:block/prototype_omnitrix",
		"particle": "ben_ten:block/prototype_omnitrix"
	},
	"elements": [
		{
			"name": "wrist",
			"from": [5.63642, 5.2258, 5.99436],
			"to": [10.03642, 5.6258, 9.99436],
			"rotation": {"angle": 0, "axis": "y", "origin": [7.83807, 8, 7.99979]},
			"faces": {
				"north": {"uv": [5.25, 2.75, 6.34375, 2.84375], "texture": "#0"},
				"east": {"uv": [5.25, 5, 6.25, 5.09375], "texture": "#0"},
				"south": {"uv": [5.25, 3, 6.34375, 3.09375], "texture": "#0"},
				"west": {"uv": [5.25, 5.25, 6.25, 5.34375], "texture": "#0"},
				"up": {"uv": [1.09375, 1, 0, 0], "texture": "#0"},
				"down": {"uv": [1.09375, 1, 0, 2], "texture": "#0"}
			}
		},
		{
			"name": "wrist",
			"from": [5.63642, 9.2258, 5.99436],
			"to": [10.03642, 9.6258, 9.99436],
			"rotation": {"angle": 0, "axis": "y", "origin": [7.83807, 8, 7.99979]},
			"faces": {
				"north": {"uv": [5.25, 3.25, 6.34375, 3.34375], "texture": "#0"},
				"east": {"uv": [5.5, 0, 6.5, 0.09375], "texture": "#0"},
				"south": {"uv": [5.25, 3.75, 6.34375, 3.84375], "texture": "#0"},
				"west": {"uv": [5.5, 0.25, 6.5, 0.34375], "texture": "#0"},
				"up": {"uv": [2.34375, 1, 1.25, 0], "texture": "#0"},
				"down": {"uv": [2.34375, 1, 1.25, 2], "texture": "#0"}
			}
		},
		{
			"name": "wrist",
			"from": [9.63642, 5.6258, 5.99436],
			"to": [10.03642, 9.2258, 9.99436],
			"rotation": {"angle": 0, "axis": "y", "origin": [7.83807, 8, 7.99979]},
			"faces": {
				"north": {"uv": [3.5, 6.25, 3.59375, 7.15625], "texture": "#0"},
				"east": {"uv": [0, 2, 1, 2.90625], "texture": "#0"},
				"south": {"uv": [3.75, 6.25, 3.84375, 7.15625], "texture": "#0"},
				"west": {"uv": [1, 2, 2, 2.90625], "texture": "#0"},
				"up": {"uv": [3.59375, 6.25, 3.5, 5.25], "texture": "#0"},
				"down": {"uv": [3.84375, 5.25, 3.75, 6.25], "texture": "#0"}
			}
		},
		{
			"name": "wrist",
			"from": [5.63642, 5.6258, 5.99436],
			"to": [6.03642, 9.2258, 9.99436],
			"rotation": {"angle": 0, "axis": "y", "origin": [7.83807, 8, 7.99979]},
			"faces": {
				"north": {"uv": [4, 6.25, 4.09375, 7.15625], "texture": "#0"},
				"east": {"uv": [2, 2, 3, 2.90625], "texture": "#0"},
				"south": {"uv": [6.25, 5, 6.34375, 5.90625], "texture": "#0"},
				"west": {"uv": [2.5, 0, 3.5, 0.90625], "texture": "#0"},
				"up": {"uv": [4.09375, 6.25, 4, 5.25], "texture": "#0"},
				"down": {"uv": [2.34375, 5.5, 2.25, 6.5], "texture": "#0"}
			}
		},
		{
			"name": "wrist",
			"from": [5.73642, 5.3258, 5.59436],
			"to": [9.93642, 5.5258, 5.99436],
			"rotation": {"angle": 0, "axis": "y", "origin": [7.83807, 8, 7.99979]},
			"faces": {
				"north": {"uv": [6.75, 4.75, 7.79688, 4.79688], "texture": "#0"},
				"east": {"uv": [0.25, 8.25, 0.34375, 8.29688], "texture": "#0"},
				"south": {"uv": [6.75, 5, 7.79688, 5.04688], "texture": "#0"},
				"west": {"uv": [0.5, 8.25, 0.59375, 8.29688], "texture": "#0"},
				"up": {"uv": [6.29688, 4.09375, 5.25, 4], "texture": "#0"},
				"down": {"uv": [6.29688, 4.25, 5.25, 4.34375], "texture": "#0"}
			}
		},
		{
			"name": "wrist",
			"from": [5.73642, 9.3258, 5.59436],
			"to": [7.13642, 9.5258, 5.99436],
			"rotation": {"angle": 0, "axis": "y", "origin": [7.83807, 8, 7.99979]},
			"faces": {
				"north": {"uv": [5.75, 7.75, 6.09375, 7.79688], "texture": "#0"},
				"east": {"uv": [0.75, 8.25, 0.84375, 8.29688], "texture": "#0"},
				"south": {"uv": [6.25, 7.75, 6.59375, 7.79688], "texture": "#0"},
				"west": {"uv": [1, 8.25, 1.09375, 8.29688], "texture": "#0"},
				"up": {"uv": [7.84375, 0.34375, 7.5, 0.25], "texture": "#0"},
				"down": {"uv": [0.84375, 7.5, 0.5, 7.59375], "texture": "#0"}
			}
		},
		{
			"name": "wrist",
			"from": [8.53642, 9.3258, 5.59436],
			"to": [9.93642, 9.5258, 5.99436],
			"rotation": {"angle": 0, "axis": "y", "origin": [7.83807, 8, 7.99979]},
			"faces": {
				"north": {"uv": [7.75, 6.5, 8.09375, 6.54688], "texture": "#0"},
				"east": {"uv": [8.25, 1, 8.34375, 1.04688], "texture": "#0"},
				"south": {"uv": [6.75, 7.75, 7.09375, 7.79688], "texture": "#0"},
				"west": {"uv": [1.25, 8.25, 1.34375, 8.29688], "texture": "#0"},
				"up": {"uv": [7.84375, 0.59375, 7.5, 0.5], "texture": "#0"},
				"down": {"uv": [7.84375, 1, 7.5, 1.09375], "texture": "#0"}
			}
		},
		{
			"name": "wrist",
			"from": [8.63278, 9.3258, 6.79271],
			"to": [10.03278, 9.5258, 7.19271],
			"rotation": {"angle": 45, "axis": "y", "origin": [7.83807, 8, 7.99979]},
			"faces": {
				"north": {"uv": [7.75, 6.75, 8.09375, 6.79688], "texture": "#0"},
				"east": {"uv": [8.25, 1.25, 8.34375, 1.29688], "texture": "#0"},
				"south": {"uv": [7.75, 7, 8.09375, 7.04688], "texture": "#0"},
				"west": {"uv": [1.5, 8.25, 1.59375, 8.29688], "texture": "#0"},
				"up": {"uv": [7.84375, 1.34375, 7.5, 1.25], "texture": "#0"},
				"down": {"uv": [7.84375, 1.5, 7.5, 1.59375], "texture": "#0"}
			}
		},
		{
			"name": "wrist",
			"from": [8.64283, 9.3258, 5.80276],
			"to": [9.04283, 9.5258, 7.20276],
			"rotation": {"angle": 45, "axis": "y", "origin": [7.83807, 8, 7.99979]},
			"faces": {
				"north": {"uv": [8.25, 1.5, 8.34375, 1.54688], "texture": "#0"},
				"east": {"uv": [7.25, 7.75, 7.59375, 7.79688], "texture": "#0"},
				"south": {"uv": [1.75, 8.25, 1.84375, 8.29688], "texture": "#0"},
				"west": {"uv": [7.75, 7.25, 8.09375, 7.29688], "texture": "#0"},
				"up": {"uv": [7.59375, 2.09375, 7.5, 1.75], "texture": "#0"},
				"down": {"uv": [2.84375, 7.5, 2.75, 7.84375], "texture": "#0"}
			}
		},
		{
			"name": "wrist",
			"from": [9.73642, 5.5258, 5.59436],
			"to": [9.93642, 9.3258, 5.99436],
			"rotation": {"angle": 0, "axis": "y", "origin": [7.83807, 8, 7.99979]},
			"faces": {
				"north": {"uv": [6.75, 6, 6.79688, 6.95313], "texture": "#0"},
				"east": {"uv": [4.25, 5.75, 4.34375, 6.70313], "texture": "#0"},
				"south": {"uv": [6.5, 6.75, 6.54688, 7.70313], "texture": "#0"},
				"west": {"uv": [4.5, 5.75, 4.59375, 6.70313], "texture": "#0"},
				"up": {"uv": [8.29688, 1.84375, 8.25, 1.75], "texture": "#0"},
				"down": {"uv": [2.04688, 8.25, 2, 8.34375], "texture": "#0"}
			}
		},
		{
			"name": "wrist",
			"from": [5.73642, 5.5258, 5.59436],
			"to": [5.93642, 9.3258, 5.99436],
			"rotation": {"angle": 0, "axis": "y", "origin": [7.83807, 8, 7.99979]},
			"faces": {
				"north": {"uv": [1, 7, 1.04688, 7.95313], "texture": "#0"},
				"east": {"uv": [4.75, 5.75, 4.84375, 6.70313], "texture": "#0"},
				"south": {"uv": [1.25, 7, 1.29688, 7.95313], "texture": "#0"},
				"west": {"uv": [5, 5.75, 5.09375, 6.70313], "texture": "#0"},
				"up": {"uv": [8.29688, 2.09375, 8.25, 2], "texture": "#0"},
				"down": {"uv": [2.29688, 8.25, 2.25, 8.34375], "texture": "#0"}
			}
		},
		{
			"name": "wrist",
			"from": [5.73642, 5.3258, 9.99436],
			"to": [9.93642, 5.5258, 10.39436],
			"rotation": {"angle": 0, "axis": "y", "origin": [7.83807, 8, 7.99979]},
			"faces": {
				"north": {"uv": [6.75, 5.25, 7.79688, 5.29688], "texture": "#0"},
				"east": {"uv": [8.25, 2.25, 8.34375, 2.29688], "texture": "#0"},
				"south": {"uv": [6.75, 5.5, 7.79688, 5.54688], "texture": "#0"},
				"west": {"uv": [2.5, 8.25, 2.59375, 8.29688], "texture": "#0"},
				"up": {"uv": [6.29688, 4.59375, 5.25, 4.5], "texture": "#0"},
				"down": {"uv": [6.29688, 4.75, 5.25, 4.84375], "texture": "#0"}
			}
		},
		{
			"name": "wrist",
			"from": [5.73642, 9.3258, 9.99436],
			"to": [7.13642, 9.5258, 10.39436],
			"rotation": {"angle": 0, "axis": "y", "origin": [7.83807, 8, 7.99979]},
			"faces": {
				"north": {"uv": [7.75, 7.5, 8.09375, 7.54688], "texture": "#0"},
				"east": {"uv": [8.25, 2.5, 8.34375, 2.54688], "texture": "#0"},
				"south": {"uv": [7.75, 7.75, 8.09375, 7.79688], "texture": "#0"},
				"west": {"uv": [2.75, 8.25, 2.84375, 8.29688], "texture": "#0"},
				"up": {"uv": [7.84375, 2.34375, 7.5, 2.25], "texture": "#0"},
				"down": {"uv": [7.84375, 2.75, 7.5, 2.84375], "texture": "#0"}
			}
		},
		{
			"name": "wrist",
			"from": [8.53642, 9.3258, 9.99436],
			"to": [9.93642, 9.5258, 10.39436],
			"rotation": {"angle": 0, "axis": "y", "origin": [7.83807, 8, 7.99979]},
			"faces": {
				"north": {"uv": [0, 8, 0.34375, 8.04688], "texture": "#0"},
				"east": {"uv": [8.25, 2.75, 8.34375, 2.79688], "texture": "#0"},
				"south": {"uv": [8, 0, 8.34375, 0.04688], "texture": "#0"},
				"west": {"uv": [3, 8.25, 3.09375, 8.29688], "texture": "#0"},
				"up": {"uv": [7.84375, 3.09375, 7.5, 3], "texture": "#0"},
				"down": {"uv": [7.84375, 3.25, 7.5, 3.34375], "texture": "#0"}
			}
		},
		{
			"name": "wrist",
			"from": [8.6251, 9.3258, 8.7992],
			"to": [10.0251, 9.5258, 9.1992],
			"rotation": {"angle": -45, "axis": "y", "origin": [7.83807, 8, 7.99979]},
			"faces": {
				"north": {"uv": [8, 0.25, 8.34375, 0.29688], "texture": "#0"},
				"east": {"uv": [8.25, 3, 8.34375, 3.04688], "texture": "#0"},
				"south": {"uv": [0.5, 8, 0.84375, 8.04688], "texture": "#0"},
				"west": {"uv": [3.25, 8.25, 3.34375, 8.29688], "texture": "#0"},
				"up": {"uv": [7.84375, 3.59375, 7.5, 3.5], "texture": "#0"},
				"down": {"uv": [7.84375, 3.75, 7.5, 3.84375], "texture": "#0"}
			}
		},
		{
			"name": "wrist",
			"from": [8.63515, 9.3258, 8.78915],
			"to": [9.03515, 9.5258, 10.18915],
			"rotation": {"angle": -45, "axis": "y", "origin": [7.83807, 8, 7.99979]},
			"faces": {
				"north": {"uv": [8.25, 3.25, 8.34375, 3.29688], "texture": "#0"},
				"east": {"uv": [8, 0.5, 8.34375, 0.54688], "texture": "#0"},
				"south": {"uv": [3.5, 8.25, 3.59375, 8.29688], "texture": "#0"},
				"west": {"uv": [8, 0.75, 8.34375, 0.79688], "texture": "#0"},
				"up": {"uv": [3.09375, 7.84375, 3, 7.5], "texture": "#0"},
				"down": {"uv": [7.59375, 4, 7.5, 4.34375], "texture": "#0"}
			}
		},
		{
			"name": "wrist",
			"from": [9.73642, 5.5258, 9.99436],
			"to": [9.93642, 9.3258, 10.39436],
			"rotation": {"angle": 0, "axis": "y", "origin": [7.83807, 8, 7.99979]},
			"faces": {
				"north": {"uv": [1.5, 7, 1.54688, 7.95313], "texture": "#0"},
				"east": {"uv": [5.25, 5.75, 5.34375, 6.70313], "texture": "#0"},
				"south": {"uv": [1.75, 7, 1.79688, 7.95313], "texture": "#0"},
				"west": {"uv": [5.5, 5.75, 5.59375, 6.70313], "texture": "#0"},
				"up": {"uv": [8.29688, 3.59375, 8.25, 3.5], "texture": "#0"},
				"down": {"uv": [3.79688, 8.25, 3.75, 8.34375], "texture": "#0"}
			}
		},
		{
			"name": "wrist",
			"from": [5.73642, 5.5258, 9.99436],
			"to": [5.93642, 9.3258, 10.39436],
			"rotation": {"angle": 0, "axis": "y", "origin": [7.83807, 8, 7.99979]},
			"faces": {
				"north": {"uv": [2, 7, 2.04688, 7.95313], "texture": "#0"},
				"east": {"uv": [5.75, 5.75, 5.84375, 6.70313], "texture": "#0"},
				"south": {"uv": [2.25, 7, 2.29688, 7.95313], "texture": "#0"},
				"west": {"uv": [6, 5.75, 6.09375, 6.70313], "texture": "#0"},
				"up": {"uv": [8.29688, 3.84375, 8.25, 3.75], "texture": "#0"},
				"down": {"uv": [4.04688, 8.25, 4, 8.34375], "texture": "#0"}
			}
		},
		{
			"name": "Strap",
			"from": [9.93642, 5.1258, 9.59436],
			"to": [10.28642, 9.7258, 10.09436],
			"rotation": {"angle": 0, "axis": "y", "origin": [7.83807, 8, 7.99979]},
			"faces": {
				"north": {"uv": [1, 5, 1.09375, 6.15625], "texture": "#0"},
				"east": {"uv": [4.25, 4.5, 4.375, 5.65625], "texture": "#0"},
				"south": {"uv": [1.25, 5, 1.34375, 6.15625], "texture": "#0"},
				"west": {"uv": [4.5, 4.5, 4.625, 5.65625], "texture": "#0"},
				"up": {"uv": [1.09375, 8.125, 1, 8], "texture": "#0"},
				"down": {"uv": [8.09375, 1, 8, 1.125], "texture": "#0"}
			}
		},
		{
			"name": "Strap",
			"from": [5.53642, 9.5258, 9.59436],
			"to": [6.88642, 9.8758, 10.09436],
			"rotation": {"angle": 0, "axis": "y", "origin": [7.83807, 8, 7.99979]},
			"faces": {
				"north": {"uv": [4.5, 7.5, 4.84375, 7.59375], "texture": "#0"},
				"east": {"uv": [1.25, 8, 1.375, 8.09375], "texture": "#0"},
				"south": {"uv": [7.5, 4.5, 7.84375, 4.59375], "texture": "#0"},
				"west": {"uv": [8, 1.25, 8.125, 1.34375], "texture": "#0"},
				"up": {"uv": [7.34375, 0.125, 7, 0], "texture": "#0"},
				"down": {"uv": [7.34375, 0.25, 7, 0.375], "texture": "#0"}
			}
		},
		{
			"name": "Strap",
			"from": [8.78642, 9.5258, 9.59436],
			"to": [10.13642, 9.8758, 10.09436],
			"rotation": {"angle": 0, "axis": "y", "origin": [7.83807, 8, 7.99979]},
			"faces": {
				"north": {"uv": [5, 7.5, 5.34375, 7.59375], "texture": "#0"},
				"east": {"uv": [1.5, 8, 1.625, 8.09375], "texture": "#0"},
				"south": {"uv": [5.5, 7.5, 5.84375, 7.59375], "texture": "#0"},
				"west": {"uv": [8, 1.5, 8.125, 1.59375], "texture": "#0"},
				"up": {"uv": [7.34375, 0.625, 7, 0.5], "texture": "#0"},
				"down": {"uv": [2.84375, 7, 2.5, 7.125], "texture": "#0"}
			}
		},
		{
			"name": "Strap",
			"from": [5.53642, 9.5258, 5.86936],
			"to": [6.88642, 9.8758, 6.36936],
			"rotation": {"angle": 0, "axis": "y", "origin": [7.83807, 8, 7.99979]},
			"faces": {
				"north": {"uv": [7.5, 5.75, 7.84375, 5.84375], "texture": "#0"},
				"east": {"uv": [1.75, 8, 1.875, 8.09375], "texture": "#0"},
				"south": {"uv": [6, 7.5, 6.34375, 7.59375], "texture": "#0"},
				"west": {"uv": [8, 1.75, 8.125, 1.84375], "texture": "#0"},
				"up": {"uv": [3.34375, 7.125, 3, 7], "texture": "#0"},
				"down": {"uv": [7.34375, 3.25, 7, 3.375], "texture": "#0"}
			}
		},
		{
			"name": "Strap",
			"from": [8.78642, 9.5258, 5.86936],
			"to": [10.13642, 9.8758, 6.36936],
			"rotation": {"angle": 0, "axis": "y", "origin": [7.83807, 8, 7.99979]},
			"faces": {
				"north": {"uv": [7.5, 6, 7.84375, 6.09375], "texture": "#0"},
				"east": {"uv": [2, 8, 2.125, 8.09375], "texture": "#0"},
				"south": {"uv": [7.5, 6.25, 7.84375, 6.34375], "texture": "#0"},
				"west": {"uv": [8, 2, 8.125, 2.09375], "texture": "#0"},
				"up": {"uv": [4.59375, 7.125, 4.25, 7], "texture": "#0"},
				"down": {"uv": [5.09375, 7, 4.75, 7.125], "texture": "#0"}
			}
		},
		{
			"name": "Strap",
			"from": [9.93642, 5.1258, 5.86936],
			"to": [10.28642, 9.7258, 6.36936],
			"rotation": {"angle": 0, "axis": "y", "origin": [7.83807, 8, 7.99979]},
			"faces": {
				"north": {"uv": [1.5, 5, 1.59375, 6.15625], "texture": "#0"},
				"east": {"uv": [4.75, 4.5, 4.875, 5.65625], "texture": "#0"},
				"south": {"uv": [1.75, 5, 1.84375, 6.15625], "texture": "#0"},
				"west": {"uv": [0, 5, 0.125, 6.15625], "texture": "#0"},
				"up": {"uv": [2.34375, 8.125, 2.25, 8], "texture": "#0"},
				"down": {"uv": [8.09375, 2.25, 8, 2.375], "texture": "#0"}
			}
		},
		{
			"name": "Strap",
			"from": [5.38642, 5.1258, 5.86936],
			"to": [5.73642, 9.7258, 6.36936],
			"rotation": {"angle": 0, "axis": "y", "origin": [7.83807, 8, 7.99979]},
			"faces": {
				"north": {"uv": [5, 2.25, 5.09375, 3.40625], "texture": "#0"},
				"east": {"uv": [5, 0, 5.125, 1.15625], "texture": "#0"},
				"south": {"uv": [5, 4.5, 5.09375, 5.65625], "texture": "#0"},
				"west": {"uv": [0.25, 5, 0.375, 6.15625], "texture": "#0"},
				"up": {"uv": [2.59375, 8.125, 2.5, 8], "texture": "#0"},
				"down": {"uv": [8.09375, 2.5, 8, 2.625], "texture": "#0"}
			}
		},
		{
			"name": "button",
			"from": [5.3625, 8.425, 7.625],
			"to": [5.8625, 9.175, 8.375],
			"rotation": {"angle": 0, "axis": "y", "origin": [10.31428, 7.26772, 7.93969]},
			"faces": {
				"north": {"uv": [7.5, 6.5, 7.625, 6.6875], "texture": "#0"},
				"east": {"uv": [5, 7.25, 5.1875, 7.4375], "texture": "#0"},
				"south": {"uv": [6.75, 7.5, 6.875, 7.6875], "texture": "#0"},
				"west": {"uv": [0, 7.5, 0.1875, 7.6875], "texture": "#0"},
				"up": {"uv": [7.625, 6.9375, 7.5, 6.75], "texture": "#0"},
				"down": {"uv": [7.125, 7.5, 7, 7.6875], "texture": "#0"}
			}
		},
		{
			"name": "button",
			"from": [5.2625, 8.525, 7.725],
			"to": [5.5125, 9.075, 8.275],
			"rotation": {"angle": 0, "axis": "y", "origin": [10.31428, 7.26772, 7.93969]},
			"faces": {
				"north": {"uv": [3.5, 8, 3.5625, 8.14063], "texture": "#0"},
				"east": {"uv": [4.75, 7.75, 4.89063, 7.89063], "texture": "#0"},
				"south": {"uv": [8, 3.5, 8.0625, 3.64063], "texture": "#0"},
				"west": {"uv": [5, 7.75, 5.14063, 7.89063], "texture": "#0"},
				"up": {"uv": [3.8125, 8.14063, 3.75, 8], "texture": "#0"},
				"down": {"uv": [8.0625, 3.75, 8, 3.89063], "texture": "#0"}
			}
		},
		{
			"name": "button",
			"from": [9.8375, 8.425, 7.625],
			"to": [10.3375, 9.175, 8.375],
			"rotation": {"angle": 0, "axis": "y", "origin": [5.68572, 7.26772, 7.93969]},
			"faces": {
				"north": {"uv": [7.25, 7.5, 7.375, 7.6875], "texture": "#0"},
				"east": {"uv": [7.5, 0, 7.6875, 0.1875], "texture": "#0"},
				"south": {"uv": [7.5, 7.5, 7.625, 7.6875], "texture": "#0"},
				"west": {"uv": [0.25, 7.5, 0.4375, 7.6875], "texture": "#0"},
				"up": {"uv": [0.125, 7.9375, 0, 7.75], "texture": "#0"},
				"down": {"uv": [7.875, 0, 7.75, 0.1875], "texture": "#0"}
			}
		},
		{
			"name": "button",
			"from": [10.1875, 8.525, 7.725],
			"to": [10.4375, 9.075, 8.275],
			"rotation": {"angle": 0, "axis": "y", "origin": [5.68572, 7.26772, 7.93969]},
			"faces": {
				"north": {"uv": [4, 8, 4.0625, 8.14063], "texture": "#0"},
				"east": {"uv": [5.25, 7.75, 5.39063, 7.89063], "texture": "#0"},
				"south": {"uv": [8, 4, 8.0625, 4.14063], "texture": "#0"},
				"west": {"uv": [5.5, 7.75, 5.64063, 7.89063], "texture": "#0"},
				"up": {"uv": [4.3125, 8.14063, 4.25, 8], "texture": "#0"},
				"down": {"uv": [8.0625, 4.25, 8, 4.39063], "texture": "#0"}
			}
		},
		{
			"name": "Strap",
			"from": [5.38642, 5.1258, 9.59436],
			"to": [5.73642, 9.7258, 10.09436],
			"rotation": {"angle": 0, "axis": "y", "origin": [7.83807, 8, 7.99979]},
			"faces": {
				"north": {"uv": [5.25, 0, 5.34375, 1.15625], "texture": "#0"},
				"east": {"uv": [0.5, 5, 0.625, 6.15625], "texture": "#0"},
				"south": {"uv": [2, 5.25, 2.09375, 6.40625], "texture": "#0"},
				"west": {"uv": [0.75, 5, 0.875, 6.15625], "texture": "#0"},
				"up": {"uv": [2.84375, 8.125, 2.75, 8], "texture": "#0"},
				"down": {"uv": [8.09375, 2.75, 8, 2.875], "texture": "#0"}
			}
		},
		{
			"name": "Strap",
			"from": [5.51142, 4.9758, 9.59436],
			"to": [10.11142, 5.3258, 10.09436],
			"rotation": {"angle": 0, "axis": "y", "origin": [7.83807, 8, 7.99979]},
			"faces": {
				"north": {"uv": [5, 3.5, 6.15625, 3.59375], "texture": "#0"},
				"east": {"uv": [3, 8, 3.125, 8.09375], "texture": "#0"},
				"south": {"uv": [2.25, 5.25, 3.40625, 5.34375], "texture": "#0"},
				"west": {"uv": [8, 3, 8.125, 3.09375], "texture": "#0"},
				"up": {"uv": [5.65625, 1.625, 4.5, 1.5], "texture": "#0"},
				"down": {"uv": [5.65625, 1.75, 4.5, 1.875], "texture": "#0"}
			}
		},
		{
			"name": "Strap",
			"from": [5.51142, 4.9758, 5.86936],
			"to": [10.11142, 5.3258, 6.36936],
			"rotation": {"angle": 0, "axis": "y", "origin": [7.83807, 8, 7.99979]},
			"faces": {
				"north": {"uv": [5.25, 2.25, 6.40625, 2.34375], "texture": "#0"},
				"east": {"uv": [3.25, 8, 3.375, 8.09375], "texture": "#0"},
				"south": {"uv": [5.25, 2.5, 6.40625, 2.59375], "texture": "#0"},
				"west": {"uv": [8, 3.25, 8.125, 3.34375], "texture": "#0"},
				"up": {"uv": [6.15625, 1.375, 5, 1.25], "texture": "#0"},
				"down": {"uv": [6.15625, 2, 5, 2.125], "texture": "#0"}
			}
		},
		{
			"name": "core",
			"from": [8.84278, 9.54278, 7.36183],
			"to": [9.34278, 10.29278, 8.61183],
			"rotation": {"angle": 0, "axis": "y", "origin": [7.8339, 9.91778, 7.98683]},
			"faces": {
				"north": {"uv": [0.25, 7.75, 0.375, 7.9375], "texture": "#0"},
				"east": {"uv": [6.5, 3.25, 6.8125, 3.4375], "texture": "#0"},
				"south": {"uv": [0.5, 7.75, 0.625, 7.9375], "texture": "#0"},
				"west": {"uv": [6.75, 0.75, 7.0625, 0.9375], "texture": "#0"},
				"up": {"uv": [5.375, 7.3125, 5.25, 7], "texture": "#0"},
				"down": {"uv": [5.625, 7, 5.5, 7.3125], "texture": "#0"}
			}
		},
		{
			"name": "core",
			"from": [6.32501, 9.54278, 7.36183],
			"to": [6.82501, 10.29278, 8.61183],
			"rotation": {"angle": 0, "axis": "y", "origin": [7.8339, 9.91778, 7.98683]},
			"faces": {
				"north": {"uv": [0.75, 7.75, 0.875, 7.9375], "texture": "#0"},
				"east": {"uv": [1, 6.75, 1.3125, 6.9375], "texture": "#0"},
				"south": {"uv": [7.75, 0.75, 7.875, 0.9375], "texture": "#0"},
				"west": {"uv": [1.5, 6.75, 1.8125, 6.9375], "texture": "#0"},
				"up": {"uv": [5.875, 7.3125, 5.75, 7], "texture": "#0"},
				"down": {"uv": [6.125, 7, 6, 7.3125], "texture": "#0"}
			}
		},
		{
			"name": "core",
			"from": [7.2089, 9.54278, 8.99571],
			"to": [8.4589, 10.29278, 9.49571],
			"rotation": {"angle": 0, "axis": "y", "origin": [7.8339, 9.91778, 7.98683]},
			"faces": {
				"north": {"uv": [6.75, 1.5, 7.0625, 1.6875], "texture": "#0"},
				"east": {"uv": [7.75, 1.75, 7.875, 1.9375], "texture": "#0"},
				"south": {"uv": [6.75, 1.75, 7.0625, 1.9375], "texture": "#0"},
				"west": {"uv": [7.75, 2, 7.875, 2.1875], "texture": "#0"},
				"up": {"uv": [7.3125, 6.125, 7, 6], "texture": "#0"},
				"down": {"uv": [7.3125, 6.25, 7, 6.375], "texture": "#0"}
			}
		},
		{
			"name": "core",
			"from": [7.2089, 9.54278, 6.47794],
			"to": [8.4589, 10.29278, 6.97794],
			"rotation": {"angle": 0, "axis": "y", "origin": [7.8339, 9.91778, 7.98683]},
			"faces": {
				"north": {"uv": [2, 6.75, 2.3125, 6.9375], "texture": "#0"},
				"east": {"uv": [2.5, 7.75, 2.625, 7.9375], "texture": "#0"},
				"south": {"uv": [2.5, 6.75, 2.8125, 6.9375], "texture": "#0"},
				"west": {"uv": [7.75, 2.5, 7.875, 2.6875], "texture": "#0"},
				"up": {"uv": [7.3125, 6.625, 7, 6.5], "texture": "#0"},
				"down": {"uv": [7.0625, 7, 6.75, 7.125], "texture": "#0"}
			}
		},
		{
			"name": "core",
			"from": [8.84278, 9.54278, 7.36183],
			"to": [9.34278, 10.29278, 8.61183],
			"rotation": {"angle": -45, "axis": "y", "origin": [7.8339, 9.91778, 7.98683]},
			"faces": {
				"north": {"uv": [3.25, 7.75, 3.375, 7.9375], "texture": "#0"},
				"east": {"uv": [6.75, 2.5, 7.0625, 2.6875], "texture": "#0"},
				"south": {"uv": [3.5, 7.75, 3.625, 7.9375], "texture": "#0"},
				"west": {"uv": [6.75, 2.75, 7.0625, 2.9375], "texture": "#0"},
				"up": {"uv": [6.375, 7.3125, 6.25, 7], "texture": "#0"},
				"down": {"uv": [7.375, 1.25, 7.25, 1.5625], "texture": "#0"}
			}
		},
		{
			"name": "core",
			"from": [6.32501, 9.54278, 7.36183],
			"to": [6.82501, 10.29278, 8.61183],
			"rotation": {"angle": -45, "axis": "y", "origin": [7.8339, 9.91778, 7.98683]},
			"faces": {
				"north": {"uv": [3.75, 7.75, 3.875, 7.9375], "texture": "#0"},
				"east": {"uv": [3, 6.75, 3.3125, 6.9375], "texture": "#0"},
				"south": {"uv": [4, 7.75, 4.125, 7.9375], "texture": "#0"},
				"west": {"uv": [6.75, 3, 7.0625, 3.1875], "texture": "#0"},
				"up": {"uv": [7.375, 2.0625, 7.25, 1.75], "texture": "#0"},
				"down": {"uv": [2.625, 7.25, 2.5, 7.5625], "texture": "#0"}
			}
		},
		{
			"name": "core",
			"from": [7.2089, 9.54278, 8.99571],
			"to": [8.4589, 10.29278, 9.49571],
			"rotation": {"angle": -45, "axis": "y", "origin": [7.8339, 9.91778, 7.98683]},
			"faces": {
				"north": {"uv": [6.75, 3.75, 7.0625, 3.9375], "texture": "#0"},
				"east": {"uv": [7.75, 4, 7.875, 4.1875], "texture": "#0"},
				"south": {"uv": [6.75, 4, 7.0625, 4.1875], "texture": "#0"},
				"west": {"uv": [4.25, 7.75, 4.375, 7.9375], "texture": "#0"},
				"up": {"uv": [7.3125, 6.875, 7, 6.75], "texture": "#0"},
				"down": {"uv": [7.5625, 0.75, 7.25, 0.875], "texture": "#0"}
			}
		},
		{
			"name": "core",
			"from": [7.2089, 9.54278, 6.47794],
			"to": [8.4589, 10.29278, 6.97794],
			"rotation": {"angle": -45, "axis": "y", "origin": [7.8339, 9.91778, 7.98683]},
			"faces": {
				"north": {"uv": [4.25, 6.75, 4.5625, 6.9375], "texture": "#0"},
				"east": {"uv": [7.75, 4.25, 7.875, 4.4375], "texture": "#0"},
				"south": {"uv": [6.75, 4.25, 7.0625, 4.4375], "texture": "#0"},
				"west": {"uv": [4.5, 7.75, 4.625, 7.9375], "texture": "#0"},
				"up": {"uv": [7.5625, 2.625, 7.25, 2.5], "texture": "#0"},
				"down": {"uv": [3.0625, 7.25, 2.75, 7.375], "texture": "#0"}
			}
		},
		{
			"name": "core",
			"from": [6.79532, 9.69359, 6.93297],
			"to": [8.84532, 10.09359, 9.03297],
			"rotation": {"angle": 0, "axis": "y", "origin": [7.84697, 7.91778, 8.0384]},
			"faces": {
				"north": {"uv": [5.5, 6.75, 6.01563, 6.84375], "texture": "#0"},
				"east": {"uv": [6.75, 4.5, 7.28125, 4.59375], "texture": "#0"},
				"south": {"uv": [6.75, 5.75, 7.26563, 5.84375], "texture": "#0"},
				"west": {"uv": [4.75, 6.75, 5.28125, 6.84375], "texture": "#0"},
				"up": {"uv": [4.01563, 5.03125, 3.5, 4.5], "texture": "#0"},
				"down": {"uv": [5.01563, 3.75, 4.5, 4.28125], "texture": "#0"}
			}
		},
		{
			"name": "button",
			"from": [6.5, 10.3375, 7.9],
			"to": [6.7, 10.4875, 8.1],
			"rotation": {"angle": 0, "axis": "y", "origin": [8.89272, 5.53572, 8.11469]},
			"faces": {
				"north": {"uv": [8.25, 5, 8.29688, 5.03125], "texture": "#0"},
				"east": {"uv": [5.25, 8.25, 5.29688, 8.28125], "texture": "#0"},
				"south": {"uv": [8.25, 5.25, 8.29688, 5.28125], "texture": "#0"},
				"west": {"uv": [5.5, 8.25, 5.54688, 8.28125], "texture": "#0"},
				"up": {"uv": [8.29688, 4.04688, 8.25, 4], "texture": "#0"},
				"down": {"uv": [4.29688, 8.25, 4.25, 8.29688], "texture": "#0"}
			}
		},
		{
			"name": "button",
			"from": [6.4, 9.9875, 7.8],
			"to": [6.8, 10.3875, 8.2],
			"rotation": {"angle": 0, "axis": "y", "origin": [8.89272, 5.53572, 8.11469]},
			"faces": {
				"north": {"uv": [4.5, 8, 4.59375, 8.09375], "texture": "#0"},
				"east": {"uv": [8, 4.5, 8.09375, 4.59375], "texture": "#0"},
				"south": {"uv": [4.75, 8, 4.84375, 8.09375], "texture": "#0"},
				"west": {"uv": [8, 4.75, 8.09375, 4.84375], "texture": "#0"},
				"up": {"uv": [5.09375, 8.09375, 5, 8], "texture": "#0"},
				"down": {"uv": [8.09375, 5, 8, 5.09375], "texture": "#0"}
			}
		},
		{
			"name": "button",
			"from": [9, 10.3375, 7.9],
			"to": [9.2, 10.4875, 8.1],
			"rotation": {"angle": 0, "axis": "y", "origin": [8.89272, 5.53572, 8.11469]},
			"faces": {
				"north": {"uv": [8.25, 5.5, 8.29688, 5.53125], "texture": "#0"},
				"east": {"uv": [5.75, 8.25, 5.79688, 8.28125], "texture": "#0"},
				"south": {"uv": [8.25, 5.75, 8.29688, 5.78125], "texture": "#0"},
				"west": {"uv": [6, 8.25, 6.04688, 8.28125], "texture": "#0"},
				"up": {"uv": [8.29688, 4.29688, 8.25, 4.25], "texture": "#0"},
				"down": {"uv": [4.54688, 8.25, 4.5, 8.29688], "texture": "#0"}
			}
		},
		{
			"name": "button",
			"from": [8.9, 9.9875, 7.8],
			"to": [9.3, 10.3875, 8.2],
			"rotation": {"angle": 0, "axis": "y", "origin": [8.89272, 5.53572, 8.11469]},
			"faces": {
				"north": {"uv": [5.25, 8, 5.34375, 8.09375], "texture": "#0"},
				"east": {"uv": [8, 5.25, 8.09375, 5.34375], "texture": "#0"},
				"south": {"uv": [5.5, 8, 5.59375, 8.09375], "texture": "#0"},
				"west": {"uv": [8, 5.5, 8.09375, 5.59375], "texture": "#0"},
				"up": {"uv": [5.84375, 8.09375, 5.75, 8], "texture": "#0"},
				"down": {"uv": [8.09375, 5.75, 8, 5.84375], "texture": "#0"}
			}
		},
		{
			"name": "button",
			"from": [7.7, 10.3375, 9.15],
			"to": [7.9, 10.4875, 9.35],
			"rotation": {"angle": 0, "axis": "y", "origin": [7.39272, 3.23572, 8.11469]},
			"faces": {
				"north": {"uv": [8.25, 6, 8.29688, 6.03125], "texture": "#0"},
				"east": {"uv": [6.25, 8.25, 6.29688, 8.28125], "texture": "#0"},
				"south": {"uv": [8.25, 6.25, 8.29688, 6.28125], "texture": "#0"},
				"west": {"uv": [6.5, 8.25, 6.54688, 8.28125], "texture": "#0"},
				"up": {"uv": [8.29688, 4.54688, 8.25, 4.5], "texture": "#0"},
				"down": {"uv": [4.79688, 8.25, 4.75, 8.29688], "texture": "#0"}
			}
		},
		{
			"name": "button",
			"from": [7.6, 9.9875, 9.05],
			"to": [8, 10.3875, 9.45],
			"rotation": {"angle": 0, "axis": "y", "origin": [7.39272, 3.23572, 8.11469]},
			"faces": {
				"north": {"uv": [6, 8, 6.09375, 8.09375], "texture": "#0"},
				"east": {"uv": [8, 6, 8.09375, 6.09375], "texture": "#0"},
				"south": {"uv": [6.25, 8, 6.34375, 8.09375], "texture": "#0"},
				"west": {"uv": [8, 6.25, 8.09375, 6.34375], "texture": "#0"},
				"up": {"uv": [6.59375, 8.09375, 6.5, 8], "texture": "#0"},
				"down": {"uv": [6.84375, 8, 6.75, 8.09375], "texture": "#0"}
			}
		},
		{
			"name": "button",
			"from": [7.7, 10.3375, 6.625],
			"to": [7.9, 10.4875, 6.825],
			"rotation": {"angle": 0, "axis": "y", "origin": [7.39272, 3.23572, 8.11469]},
			"faces": {
				"north": {"uv": [8.25, 6.5, 8.29688, 6.53125], "texture": "#0"},
				"east": {"uv": [6.75, 8.25, 6.79688, 8.28125], "texture": "#0"},
				"south": {"uv": [8.25, 6.75, 8.29688, 6.78125], "texture": "#0"},
				"west": {"uv": [7, 8.25, 7.04688, 8.28125], "texture": "#0"},
				"up": {"uv": [8.29688, 4.79688, 8.25, 4.75], "texture": "#0"},
				"down": {"uv": [5.04688, 8.25, 5, 8.29688], "texture": "#0"}
			}
		},
		{
			"name": "button",
			"from": [7.6, 9.9875, 6.525],
			"to": [8, 10.3875, 6.925],
			"rotation": {"angle": 0, "axis": "y", "origin": [7.39272, 3.23572, 8.11469]},
			"faces": {
				"north": {"uv": [7, 8, 7.09375, 8.09375], "texture": "#0"},
				"east": {"uv": [7.25, 8, 7.34375, 8.09375], "texture": "#0"},
				"south": {"uv": [7.5, 8, 7.59375, 8.09375], "texture": "#0"},
				"west": {"uv": [7.75, 8, 7.84375, 8.09375], "texture": "#0"},
				"up": {"uv": [8.09375, 8.09375, 8, 8], "texture": "#0"},
				"down": {"uv": [0.09375, 8.25, 0, 8.34375], "texture": "#0"}
			}
		},
		{
			"name": "extra_details",
			"from": [9.73642, 5.6258, 5.99436],
			"to": [10.13642, 9.2258, 9.99436],
			"rotation": {"angle": 0, "axis": "y", "origin": [7.83807, 8, 7.99979]},
			"faces": {
				"north": {"uv": [6.25, 6, 6.34375, 6.90625], "texture": "#0"},
				"east": {"uv": [2.5, 1, 3.5, 1.90625], "texture": "#0"},
				"south": {"uv": [0, 6.5, 0.09375, 7.40625], "texture": "#0"},
				"west": {"uv": [0, 3, 1, 3.90625], "texture": "#0"},
				"up": {"uv": [2.59375, 6.5, 2.5, 5.5], "texture": "#0"},
				"down": {"uv": [2.84375, 5.5, 2.75, 6.5], "texture": "#0"}
			}
		},
		{
			"name": "extra_details",
			"from": [5.53642, 5.6258, 5.99436],
			"to": [5.93642, 9.2258, 9.99436],
			"rotation": {"angle": 0, "axis": "y", "origin": [7.83807, 8, 7.99979]},
			"faces": {
				"north": {"uv": [6.5, 0, 6.59375, 0.90625], "texture": "#0"},
				"east": {"uv": [1, 3, 2, 3.90625], "texture": "#0"},
				"south": {"uv": [0.25, 6.5, 0.34375, 7.40625], "texture": "#0"},
				"west": {"uv": [2, 3, 3, 3.90625], "texture": "#0"},
				"up": {"uv": [3.09375, 6.5, 3, 5.5], "texture": "#0"},
				"down": {"uv": [3.34375, 5.5, 3.25, 6.5], "texture": "#0"}
			}
		},
		{
			"name": "extra_details",
			"from": [5.43642, 5.4258, 5.99436],
			"to": [5.83642, 8.2258, 7.59436],
			"rotation": {"angle": 0, "axis": "y", "origin": [7.83807, 8, 7.99979]},
			"faces": {
				"north": {"uv": [6.5, 2.5, 6.59375, 3.20313], "texture": "#0"},
				"east": {"uv": [4, 3, 4.40625, 3.70313], "texture": "#0"},
				"south": {"uv": [6.5, 3.75, 6.59375, 4.45313], "texture": "#0"},
				"west": {"uv": [4, 3.75, 4.40625, 4.45313], "texture": "#0"},
				"up": {"uv": [7.34375, 3.15625, 7.25, 2.75], "texture": "#0"},
				"down": {"uv": [3.34375, 7.25, 3.25, 7.65625], "texture": "#0"}
			}
		},
		{
			"name": "extra_details",
			"from": [5.43642, 5.4258, 8.39436],
			"to": [5.83642, 8.2258, 9.99436],
			"rotation": {"angle": 0, "axis": "y", "origin": [7.83807, 8, 7.99979]},
			"faces": {
				"north": {"uv": [6.5, 4.5, 6.59375, 5.20313], "texture": "#0"},
				"east": {"uv": [4.5, 0, 4.90625, 0.70313], "texture": "#0"},
				"south": {"uv": [6.5, 5.25, 6.59375, 5.95313], "texture": "#0"},
				"west": {"uv": [4.5, 0.75, 4.90625, 1.45313], "texture": "#0"},
				"up": {"uv": [3.59375, 7.65625, 3.5, 7.25], "texture": "#0"},
				"down": {"uv": [7.34375, 3.5, 7.25, 3.90625], "texture": "#0"}
			}
		},
		{
			"name": "extra_details",
			"from": [9.83642, 5.4258, 8.39436],
			"to": [10.23642, 8.2258, 9.99436],
			"rotation": {"angle": 0, "axis": "y", "origin": [7.83807, 8, 7.99979]},
			"faces": {
				"north": {"uv": [6.5, 6, 6.59375, 6.70313], "texture": "#0"},
				"east": {"uv": [2, 4.5, 2.40625, 5.20313], "texture": "#0"},
				"south": {"uv": [6.75, 0, 6.84375, 0.70313], "texture": "#0"},
				"west": {"uv": [2.5, 4.5, 2.90625, 5.20313], "texture": "#0"},
				"up": {"uv": [3.84375, 7.65625, 3.75, 7.25], "texture": "#0"},
				"down": {"uv": [4.09375, 7.25, 4, 7.65625], "texture": "#0"}
			}
		},
		{
			"name": "extra_details",
			"from": [9.83642, 5.4258, 5.99436],
			"to": [10.23642, 8.2258, 7.59436],
			"rotation": {"angle": 0, "axis": "y", "origin": [7.83807, 8, 7.99979]},
			"faces": {
				"north": {"uv": [0.5, 6.75, 0.59375, 7.45313], "texture": "#0"},
				"east": {"uv": [3, 4.5, 3.40625, 5.20313], "texture": "#0"},
				"south": {"uv": [0.75, 6.75, 0.84375, 7.45313], "texture": "#0"},
				"west": {"uv": [4.5, 3, 4.90625, 3.70313], "texture": "#0"},
				"up": {"uv": [7.34375, 4.40625, 7.25, 4], "texture": "#0"},
				"down": {"uv": [4.34375, 7.25, 4.25, 7.65625], "texture": "#0"}
			}
		},
		{
			"name": "extra_details",
			"from": [5.91227, 4.99835, 5.99436],
			"to": [9.71227, 5.39835, 7.59436],
			"rotation": {"angle": 0, "axis": "y", "origin": [7.83807, 8, 7.99979]},
			"faces": {
				"north": {"uv": [0, 6.25, 0.95313, 6.34375], "texture": "#0"},
				"east": {"uv": [4.5, 7.25, 4.90625, 7.34375], "texture": "#0"},
				"south": {"uv": [1, 6.25, 1.95313, 6.34375], "texture": "#0"},
				"west": {"uv": [6.75, 7.25, 7.15625, 7.34375], "texture": "#0"},
				"up": {"uv": [2.95313, 4.40625, 2, 4], "texture": "#0"},
				"down": {"uv": [4.95313, 2, 4, 2.40625], "texture": "#0"}
			}
		},
		{
			"name": "extra_details",
			"from": [5.91227, 4.99835, 8.39436],
			"to": [9.71227, 5.39835, 9.99436],
			"rotation": {"angle": 0, "axis": "y", "origin": [7.83807, 8, 7.99979]},
			"faces": {
				"north": {"uv": [6.25, 1.25, 7.20313, 1.34375], "texture": "#0"},
				"east": {"uv": [7.25, 7, 7.65625, 7.09375], "texture": "#0"},
				"south": {"uv": [6.25, 2, 7.20313, 2.09375], "texture": "#0"},
				"west": {"uv": [7.25, 7.25, 7.65625, 7.34375], "texture": "#0"},
				"up": {"uv": [4.95313, 2.90625, 4, 2.5], "texture": "#0"},
				"down": {"uv": [3.95313, 4, 3, 4.40625], "texture": "#0"}
			}
		},
		{
			"name": "extra_details",
			"from": [6.01227, 5.09835, 5.99436],
			"to": [9.61227, 5.49835, 9.99436],
			"rotation": {"angle": 0, "axis": "y", "origin": [7.83807, 8, 7.99979]},
			"faces": {
				"north": {"uv": [6.25, 3.5, 7.15625, 3.59375], "texture": "#0"},
				"east": {"uv": [5.5, 0.5, 6.5, 0.59375], "texture": "#0"},
				"south": {"uv": [0.5, 6.5, 1.40625, 6.59375], "texture": "#0"},
				"west": {"uv": [5.5, 0.75, 6.5, 0.84375], "texture": "#0"},
				"up": {"uv": [3.90625, 3, 3, 2], "texture": "#0"},
				"down": {"uv": [3.90625, 3, 3, 4], "texture": "#0"}
			}
		},
		{
			"name": "extra_details",
			"from": [6.01227, 5.09835, 5.99436],
			"to": [9.61227, 5.49835, 9.99436],
			"rotation": {"angle": 0, "axis": "y", "origin": [7.83807, 8, 7.99979]},
			"faces": {
				"north": {"uv": [6.5, 1, 7.40625, 1.09375], "texture": "#0"},
				"east": {"uv": [5.5, 1, 6.5, 1.09375], "texture": "#0"},
				"south": {"uv": [1.5, 6.5, 2.40625, 6.59375], "texture": "#0"},
				"west": {"uv": [5.25, 5.5, 6.25, 5.59375], "texture": "#0"},
				"up": {"uv": [4.40625, 1, 3.5, 0], "texture": "#0"},
				"down": {"uv": [4.40625, 1, 3.5, 2], "texture": "#0"}
			}
		},
		{
			"name": "extra_details",
			"from": [6.01227, 9.29835, 5.99436],
			"to": [9.61227, 9.69835, 9.99436],
			"rotation": {"angle": 0, "axis": "y", "origin": [7.83807, 8, 7.99979]},
			"faces": {
				"north": {"uv": [6.5, 2.25, 7.40625, 2.34375], "texture": "#0"},
				"east": {"uv": [5.75, 1.5, 6.75, 1.59375], "texture": "#0"},
				"south": {"uv": [2.5, 6.5, 3.40625, 6.59375], "texture": "#0"},
				"west": {"uv": [5.75, 1.75, 6.75, 1.84375], "texture": "#0"},
				"up": {"uv": [0.90625, 5, 0, 4], "texture": "#0"},
				"down": {"uv": [1.90625, 4, 1, 5], "texture": "#0"}
			}
		}
	],
	"display": {
		"thirdperson_righthand": {
			"rotation": [0, 0, -90],
			"translation": [-12.6, -1.9, 3.25],
			"scale": [1.02, 1.02, 1.02]
		},
		"thirdperson_lefthand": {
			"rotation": [0, 0, -90],
			"translation": [0.6, -1.9, 3.25],
			"scale": [1.02, 1.02, 1.02]
		},
		"firstperson_righthand": {
			"rotation": [-0.25, 30, 9.25],
			"translation": [2.5, 1.75, 0],
			"scale": [1.16, 1.16, 1.16]
		},
		"firstperson_lefthand": {
			"rotation": [-0.25, 30, 9.25],
			"translation": [2.5, 1.75, 0],
			"scale": [1.16, 1.16, 1.16]
		},
		"ground": {
			"translation": [0, 0.5, 0],
			"scale": [0.89, 0.89, 0.89]
		},
		"gui": {
			"rotation": [43.5, 113, 0],
			"translation": [0, 1, 0],
			"scale": [1.88281, 1.88281, 1.88281]
		},
		"head": {
			"rotation": [-66.5, 0, -90],
			"translation": [10.6, -19.65, -4],
			"scale": [1.61, 1.61, 1.61]
		},
		"fixed": {
			"rotation": [-90, 90, 0],
			"translation": [0, 0, 0.5],
			"scale": [1.6875, 1.6875, 1.6875]
		}
	},
	"groups": [
		{
			"name": "Main_console",
			"origin": [8, 8, 8],
			"children": [0, 1, 2, 3]
		},
		{
			"name": "Secondary_console",
			"origin": [8, 8, 8],
			"children": [4, 5, 6, 7, 8, 9, 10, 11, 12, 13, 14, 15, 16, 17]
		},
		{
			"name": "Buttons",
			"origin": [8, 8, 8],
			"children": [18, 19, 20, 21, 22, 23, 24, 25, 26, 27, 28, 29, 30, 31]
		},
		{
			"name": "Core_ring",
			"origin": [8, 8, 8],
			"children": [32, 33, 34, 35, 36, 37, 38, 39]
		},
		{
			"name": "core_main",
			"origin": [7.83807, 8, 7.99979],
			"children": [40, 41, 42, 43, 44, 45, 46, 47, 48]
		},
		{
			"name": "extra_details",
			"origin": [7.84697, 7.91778, 8.0384],
			"children": [49, 50, 51, 52, 53, 54, 55, 56, 57, 58, 59]
		}
	]
}