{
	"forge_marker": 1,
	"defaults": {
		"model": "builtin/generated",
		"textures": {
			"layer0": "blocks/dirt"
		},

		"transform": "forge:default-item"
	},

	"variants": {
		"head": [{
			"textures": {
				"layer0": "ben_ten:items/plumber_suits/armour_helmet"
			}
		}],
		
		"chest": [{
			"textures": {
				"layer0": "ben_ten:items/plumber_suits/armour_chest"
			}
		}],

		"legs": [{
			"textures": {
				"layer0": "ben_ten:items/plumber_suits/armour_legs"
			}
		}],

		"feet": [{
			"textures": {
				"layer0": "ben_ten:items/plumber_suits/armour_boots"
			}
		}]
	}
}
