{
	"credit": "Made with Blockbench",
	"texture_size": [64, 64],
	"textures": {
		"0": "ben_ten:block/prototype_omnitrix",
		"3": "ben_ten:block/pod",
		"particle": "ben_ten:block/prototype_omnitrix"
	},
	"elements": [
		{
			"name": "wrist",
			"from": [5.78642, 1.9258, 6.09436],
			"to": [9.98642, 2.1258, 6.49436],
			"rotation": {"angle": 0, "axis": "y", "origin": [7.88807, 4.6, 8.49979]},
			"faces": {
				"north": {"uv": [6.75, 4.75, 7.79688, 4.79688], "texture": "#0"},
				"east": {"uv": [0.25, 8.25, 0.34375, 8.29688], "texture": "#0"},
				"south": {"uv": [6.75, 5, 7.79688, 5.04688], "texture": "#0"},
				"west": {"uv": [0.5, 8.25, 0.59375, 8.29688], "texture": "#0"},
				"up": {"uv": [6.29688, 4.09375, 5.25, 4], "texture": "#0"},
				"down": {"uv": [6.29688, 4.25, 5.25, 4.34375], "texture": "#0"}
			}
		},
		{
			"name": "wrist",
			"from": [5.78642, 5.9258, 6.09436],
			"to": [7.18642, 6.1258, 6.49436],
			"rotation": {"angle": 0, "axis": "y", "origin": [7.88807, 4.6, 8.49979]},
			"faces": {
				"north": {"uv": [5.75, 7.75, 6.09375, 7.79688], "texture": "#0"},
				"east": {"uv": [0.75, 8.25, 0.84375, 8.29688], "texture": "#0"},
				"south": {"uv": [6.25, 7.75, 6.59375, 7.79688], "texture": "#0"},
				"west": {"uv": [1, 8.25, 1.09375, 8.29688], "texture": "#0"},
				"up": {"uv": [7.84375, 0.34375, 7.5, 0.25], "texture": "#0"},
				"down": {"uv": [0.84375, 7.5, 0.5, 7.59375], "texture": "#0"}
			}
		},
		{
			"name": "wrist",
			"from": [8.58642, 5.9258, 6.09436],
			"to": [9.98642, 6.1258, 6.49436],
			"rotation": {"angle": 0, "axis": "y", "origin": [7.88807, 4.6, 8.49979]},
			"faces": {
				"north": {"uv": [7.75, 6.5, 8.09375, 6.54688], "texture": "#0"},
				"east": {"uv": [8.25, 1, 8.34375, 1.04688], "texture": "#0"},
				"south": {"uv": [6.75, 7.75, 7.09375, 7.79688], "texture": "#0"},
				"west": {"uv": [1.25, 8.25, 1.34375, 8.29688], "texture": "#0"},
				"up": {"uv": [7.84375, 0.59375, 7.5, 0.5], "texture": "#0"},
				"down": {"uv": [7.84375, 1, 7.5, 1.09375], "texture": "#0"}
			}
		},
		{
			"name": "wrist",
			"from": [8.68278, 5.9258, 7.29271],
			"to": [10.08278, 6.1258, 7.69271],
			"rotation": {"angle": 45, "axis": "y", "origin": [7.88807, 4.6, 8.49979]},
			"faces": {
				"north": {"uv": [7.75, 6.75, 8.09375, 6.79688], "texture": "#0"},
				"east": {"uv": [8.25, 1.25, 8.34375, 1.29688], "texture": "#0"},
				"south": {"uv": [7.75, 7, 8.09375, 7.04688], "texture": "#0"},
				"west": {"uv": [1.5, 8.25, 1.59375, 8.29688], "texture": "#0"},
				"up": {"uv": [7.84375, 1.34375, 7.5, 1.25], "texture": "#0"},
				"down": {"uv": [7.84375, 1.5, 7.5, 1.59375], "texture": "#0"}
			}
		},
		{
			"name": "wrist",
			"from": [8.69283, 5.9258, 6.30276],
			"to": [9.09283, 6.1258, 7.70276],
			"rotation": {"angle": 45, "axis": "y", "origin": [7.88807, 4.6, 8.49979]},
			"faces": {
				"north": {"uv": [8.25, 1.5, 8.34375, 1.54688], "texture": "#0"},
				"east": {"uv": [7.25, 7.75, 7.59375, 7.79688], "texture": "#0"},
				"south": {"uv": [1.75, 8.25, 1.84375, 8.29688], "texture": "#0"},
				"west": {"uv": [7.75, 7.25, 8.09375, 7.29688], "texture": "#0"},
				"up": {"uv": [7.59375, 2.09375, 7.5, 1.75], "texture": "#0"},
				"down": {"uv": [2.84375, 7.5, 2.75, 7.84375], "texture": "#0"}
			}
		},
		{
			"name": "wrist",
			"from": [9.78642, 2.1258, 6.09436],
			"to": [9.98642, 5.9258, 6.49436],
			"rotation": {"angle": 0, "axis": "y", "origin": [7.88807, 4.6, 8.49979]},
			"faces": {
				"north": {"uv": [6.75, 6, 6.79688, 6.95313], "texture": "#0"},
				"east": {"uv": [4.25, 5.75, 4.34375, 6.70313], "texture": "#0"},
				"south": {"uv": [6.5, 6.75, 6.54688, 7.70313], "texture": "#0"},
				"west": {"uv": [4.5, 5.75, 4.59375, 6.70313], "texture": "#0"},
				"up": {"uv": [8.29688, 1.84375, 8.25, 1.75], "texture": "#0"},
				"down": {"uv": [2.04688, 8.25, 2, 8.34375], "texture": "#0"}
			}
		},
		{
			"name": "wrist",
			"from": [5.78642, 2.1258, 6.09436],
			"to": [5.98642, 5.9258, 6.49436],
			"rotation": {"angle": 0, "axis": "y", "origin": [7.88807, 4.6, 8.49979]},
			"faces": {
				"north": {"uv": [1, 7, 1.04688, 7.95313], "texture": "#0"},
				"east": {"uv": [4.75, 5.75, 4.84375, 6.70313], "texture": "#0"},
				"south": {"uv": [1.25, 7, 1.29688, 7.95313], "texture": "#0"},
				"west": {"uv": [5, 5.75, 5.09375, 6.70313], "texture": "#0"},
				"up": {"uv": [8.29688, 2.09375, 8.25, 2], "texture": "#0"},
				"down": {"uv": [2.29688, 8.25, 2.25, 8.34375], "texture": "#0"}
			}
		},
		{
			"name": "wrist",
			"from": [5.78642, 1.9258, 10.49436],
			"to": [9.98642, 2.1258, 10.89436],
			"rotation": {"angle": 0, "axis": "y", "origin": [7.88807, 4.6, 8.49979]},
			"faces": {
				"north": {"uv": [6.75, 5.25, 7.79688, 5.29688], "texture": "#0"},
				"east": {"uv": [8.25, 2.25, 8.34375, 2.29688], "texture": "#0"},
				"south": {"uv": [6.75, 5.5, 7.79688, 5.54688], "texture": "#0"},
				"west": {"uv": [2.5, 8.25, 2.59375, 8.29688], "texture": "#0"},
				"up": {"uv": [6.29688, 4.59375, 5.25, 4.5], "texture": "#0"},
				"down": {"uv": [6.29688, 4.75, 5.25, 4.84375], "texture": "#0"}
			}
		},
		{
			"name": "wrist",
			"from": [5.78642, 5.9258, 10.49436],
			"to": [7.18642, 6.1258, 10.89436],
			"rotation": {"angle": 0, "axis": "y", "origin": [7.88807, 4.6, 8.49979]},
			"faces": {
				"north": {"uv": [7.75, 7.5, 8.09375, 7.54688], "texture": "#0"},
				"east": {"uv": [8.25, 2.5, 8.34375, 2.54688], "texture": "#0"},
				"south": {"uv": [7.75, 7.75, 8.09375, 7.79688], "texture": "#0"},
				"west": {"uv": [2.75, 8.25, 2.84375, 8.29688], "texture": "#0"},
				"up": {"uv": [7.84375, 2.34375, 7.5, 2.25], "texture": "#0"},
				"down": {"uv": [7.84375, 2.75, 7.5, 2.84375], "texture": "#0"}
			}
		},
		{
			"name": "wrist",
			"from": [8.58642, 5.9258, 10.49436],
			"to": [9.98642, 6.1258, 10.89436],
			"rotation": {"angle": 0, "axis": "y", "origin": [7.88807, 4.6, 8.49979]},
			"faces": {
				"north": {"uv": [0, 8, 0.34375, 8.04688], "texture": "#0"},
				"east": {"uv": [8.25, 2.75, 8.34375, 2.79688], "texture": "#0"},
				"south": {"uv": [8, 0, 8.34375, 0.04688], "texture": "#0"},
				"west": {"uv": [3, 8.25, 3.09375, 8.29688], "texture": "#0"},
				"up": {"uv": [7.84375, 3.09375, 7.5, 3], "texture": "#0"},
				"down": {"uv": [7.84375, 3.25, 7.5, 3.34375], "texture": "#0"}
			}
		},
		{
			"name": "wrist",
			"from": [8.6751, 5.9258, 9.2992],
			"to": [10.0751, 6.1258, 9.6992],
			"rotation": {"angle": -45, "axis": "y", "origin": [7.88807, 4.6, 8.49979]},
			"faces": {
				"north": {"uv": [8, 0.25, 8.34375, 0.29688], "texture": "#0"},
				"east": {"uv": [8.25, 3, 8.34375, 3.04688], "texture": "#0"},
				"south": {"uv": [0.5, 8, 0.84375, 8.04688], "texture": "#0"},
				"west": {"uv": [3.25, 8.25, 3.34375, 8.29688], "texture": "#0"},
				"up": {"uv": [7.84375, 3.59375, 7.5, 3.5], "texture": "#0"},
				"down": {"uv": [7.84375, 3.75, 7.5, 3.84375], "texture": "#0"}
			}
		},
		{
			"name": "wrist",
			"from": [8.68515, 5.9258, 9.28915],
			"to": [9.08515, 6.1258, 10.68915],
			"rotation": {"angle": -45, "axis": "y", "origin": [7.88807, 4.6, 8.49979]},
			"faces": {
				"north": {"uv": [8.25, 3.25, 8.34375, 3.29688], "texture": "#0"},
				"east": {"uv": [8, 0.5, 8.34375, 0.54688], "texture": "#0"},
				"south": {"uv": [3.5, 8.25, 3.59375, 8.29688], "texture": "#0"},
				"west": {"uv": [8, 0.75, 8.34375, 0.79688], "texture": "#0"},
				"up": {"uv": [3.09375, 7.84375, 3, 7.5], "texture": "#0"},
				"down": {"uv": [7.59375, 4, 7.5, 4.34375], "texture": "#0"}
			}
		},
		{
			"name": "wrist",
			"from": [9.78642, 2.1258, 10.49436],
			"to": [9.98642, 5.9258, 10.89436],
			"rotation": {"angle": 0, "axis": "y", "origin": [7.88807, 4.6, 8.49979]},
			"faces": {
				"north": {"uv": [1.5, 7, 1.54688, 7.95313], "texture": "#0"},
				"east": {"uv": [5.25, 5.75, 5.34375, 6.70313], "texture": "#0"},
				"south": {"uv": [1.75, 7, 1.79688, 7.95313], "texture": "#0"},
				"west": {"uv": [5.5, 5.75, 5.59375, 6.70313], "texture": "#0"},
				"up": {"uv": [8.29688, 3.59375, 8.25, 3.5], "texture": "#0"},
				"down": {"uv": [3.79688, 8.25, 3.75, 8.34375], "texture": "#0"}
			}
		},
		{
			"name": "wrist",
			"from": [5.78642, 2.1258, 10.49436],
			"to": [5.98642, 5.9258, 10.89436],
			"rotation": {"angle": 0, "axis": "y", "origin": [7.88807, 4.6, 8.49979]},
			"faces": {
				"north": {"uv": [2, 7, 2.04688, 7.95313], "texture": "#0"},
				"east": {"uv": [5.75, 5.75, 5.84375, 6.70313], "texture": "#0"},
				"south": {"uv": [2.25, 7, 2.29688, 7.95313], "texture": "#0"},
				"west": {"uv": [6, 5.75, 6.09375, 6.70313], "texture": "#0"},
				"up": {"uv": [8.29688, 3.84375, 8.25, 3.75], "texture": "#0"},
				"down": {"uv": [4.04688, 8.25, 4, 8.34375], "texture": "#0"}
			}
		},
		{
			"name": "wrist",
			"from": [5.68642, 1.8258, 6.49436],
			"to": [10.08642, 2.2258, 10.49436],
			"rotation": {"angle": 0, "axis": "y", "origin": [7.88807, 4.6, 8.49979]},
			"faces": {
				"north": {"uv": [5.25, 2.75, 6.34375, 2.84375], "texture": "#0"},
				"east": {"uv": [5.25, 5, 6.25, 5.09375], "texture": "#0"},
				"south": {"uv": [5.25, 3, 6.34375, 3.09375], "texture": "#0"},
				"west": {"uv": [5.25, 5.25, 6.25, 5.34375], "texture": "#0"},
				"up": {"uv": [1.09375, 1, 0, 0], "texture": "#0"},
				"down": {"uv": [1.09375, 1, 0, 2], "texture": "#0"}
			}
		},
		{
			"name": "wrist",
			"from": [5.68642, 5.8258, 6.49436],
			"to": [10.08642, 6.2258, 10.49436],
			"rotation": {"angle": 0, "axis": "y", "origin": [7.88807, 4.6, 8.49979]},
			"faces": {
				"north": {"uv": [5.25, 3.25, 6.34375, 3.34375], "texture": "#0"},
				"east": {"uv": [5.5, 0, 6.5, 0.09375], "texture": "#0"},
				"south": {"uv": [5.25, 3.75, 6.34375, 3.84375], "texture": "#0"},
				"west": {"uv": [5.5, 0.25, 6.5, 0.34375], "texture": "#0"},
				"up": {"uv": [2.34375, 1, 1.25, 0], "texture": "#0"},
				"down": {"uv": [2.34375, 1, 1.25, 2], "texture": "#0"}
			}
		},
		{
			"name": "wrist",
			"from": [9.68642, 2.2258, 6.49436],
			"to": [10.08642, 5.8258, 10.49436],
			"rotation": {"angle": 0, "axis": "y", "origin": [7.88807, 4.6, 8.49979]},
			"faces": {
				"north": {"uv": [3.5, 6.25, 3.59375, 7.15625], "texture": "#0"},
				"east": {"uv": [0, 2, 1, 2.90625], "texture": "#0"},
				"south": {"uv": [3.75, 6.25, 3.84375, 7.15625], "texture": "#0"},
				"west": {"uv": [1, 2, 2, 2.90625], "texture": "#0"},
				"up": {"uv": [3.59375, 6.25, 3.5, 5.25], "texture": "#0"},
				"down": {"uv": [3.84375, 5.25, 3.75, 6.25], "texture": "#0"}
			}
		},
		{
			"name": "wrist",
			"from": [5.68642, 2.2258, 6.49436],
			"to": [6.08642, 5.8258, 10.49436],
			"rotation": {"angle": 0, "axis": "y", "origin": [7.88807, 4.6, 8.49979]},
			"faces": {
				"north": {"uv": [4, 6.25, 4.09375, 7.15625], "texture": "#0"},
				"east": {"uv": [2, 2, 3, 2.90625], "texture": "#0"},
				"south": {"uv": [6.25, 5, 6.34375, 5.90625], "texture": "#0"},
				"west": {"uv": [2.5, 0, 3.5, 0.90625], "texture": "#0"},
				"up": {"uv": [4.09375, 6.25, 4, 5.25], "texture": "#0"},
				"down": {"uv": [2.34375, 5.5, 2.25, 6.5], "texture": "#0"}
			}
		},
		{
			"name": "Strap",
			"from": [9.98642, 1.7258, 10.09436],
			"to": [10.33642, 6.3258, 10.59436],
			"rotation": {"angle": 0, "axis": "y", "origin": [7.88807, 4.6, 8.49979]},
			"faces": {
				"north": {"uv": [1, 5, 1.09375, 6.15625], "texture": "#0"},
				"east": {"uv": [4.25, 4.5, 4.375, 5.65625], "texture": "#0"},
				"south": {"uv": [1.25, 5, 1.34375, 6.15625], "texture": "#0"},
				"west": {"uv": [4.5, 4.5, 4.625, 5.65625], "texture": "#0"},
				"up": {"uv": [1.09375, 8.125, 1, 8], "texture": "#0"},
				"down": {"uv": [8.09375, 1, 8, 1.125], "texture": "#0"}
			}
		},
		{
			"name": "Strap",
			"from": [5.58642, 6.1258, 10.09436],
			"to": [6.93642, 6.4758, 10.59436],
			"rotation": {"angle": 0, "axis": "y", "origin": [7.88807, 4.6, 8.49979]},
			"faces": {
				"north": {"uv": [4.5, 7.5, 4.84375, 7.59375], "texture": "#0"},
				"east": {"uv": [1.25, 8, 1.375, 8.09375], "texture": "#0"},
				"south": {"uv": [7.5, 4.5, 7.84375, 4.59375], "texture": "#0"},
				"west": {"uv": [8, 1.25, 8.125, 1.34375], "texture": "#0"},
				"up": {"uv": [7.34375, 0.125, 7, 0], "texture": "#0"},
				"down": {"uv": [7.34375, 0.25, 7, 0.375], "texture": "#0"}
			}
		},
		{
			"name": "Strap",
			"from": [8.83642, 6.1258, 10.09436],
			"to": [10.18642, 6.4758, 10.59436],
			"rotation": {"angle": 0, "axis": "y", "origin": [7.88807, 4.6, 8.49979]},
			"faces": {
				"north": {"uv": [5, 7.5, 5.34375, 7.59375], "texture": "#0"},
				"east": {"uv": [1.5, 8, 1.625, 8.09375], "texture": "#0"},
				"south": {"uv": [5.5, 7.5, 5.84375, 7.59375], "texture": "#0"},
				"west": {"uv": [8, 1.5, 8.125, 1.59375], "texture": "#0"},
				"up": {"uv": [7.34375, 0.625, 7, 0.5], "texture": "#0"},
				"down": {"uv": [2.84375, 7, 2.5, 7.125], "texture": "#0"}
			}
		},
		{
			"name": "Strap",
			"from": [5.58642, 6.1258, 6.36936],
			"to": [6.93642, 6.4758, 6.86936],
			"rotation": {"angle": 0, "axis": "y", "origin": [7.88807, 4.6, 8.49979]},
			"faces": {
				"north": {"uv": [7.5, 5.75, 7.84375, 5.84375], "texture": "#0"},
				"east": {"uv": [1.75, 8, 1.875, 8.09375], "texture": "#0"},
				"south": {"uv": [6, 7.5, 6.34375, 7.59375], "texture": "#0"},
				"west": {"uv": [8, 1.75, 8.125, 1.84375], "texture": "#0"},
				"up": {"uv": [3.34375, 7.125, 3, 7], "texture": "#0"},
				"down": {"uv": [7.34375, 3.25, 7, 3.375], "texture": "#0"}
			}
		},
		{
			"name": "Strap",
			"from": [8.83642, 6.1258, 6.36936],
			"to": [10.18642, 6.4758, 6.86936],
			"rotation": {"angle": 0, "axis": "y", "origin": [7.88807, 4.6, 8.49979]},
			"faces": {
				"north": {"uv": [7.5, 6, 7.84375, 6.09375], "texture": "#0"},
				"east": {"uv": [2, 8, 2.125, 8.09375], "texture": "#0"},
				"south": {"uv": [7.5, 6.25, 7.84375, 6.34375], "texture": "#0"},
				"west": {"uv": [8, 2, 8.125, 2.09375], "texture": "#0"},
				"up": {"uv": [4.59375, 7.125, 4.25, 7], "texture": "#0"},
				"down": {"uv": [5.09375, 7, 4.75, 7.125], "texture": "#0"}
			}
		},
		{
			"name": "Strap",
			"from": [9.98642, 1.7258, 6.36936],
			"to": [10.33642, 6.3258, 6.86936],
			"rotation": {"angle": 0, "axis": "y", "origin": [7.88807, 4.6, 8.49979]},
			"faces": {
				"north": {"uv": [1.5, 5, 1.59375, 6.15625], "texture": "#0"},
				"east": {"uv": [4.75, 4.5, 4.875, 5.65625], "texture": "#0"},
				"south": {"uv": [1.75, 5, 1.84375, 6.15625], "texture": "#0"},
				"west": {"uv": [0, 5, 0.125, 6.15625], "texture": "#0"},
				"up": {"uv": [2.34375, 8.125, 2.25, 8], "texture": "#0"},
				"down": {"uv": [8.09375, 2.25, 8, 2.375], "texture": "#0"}
			}
		},
		{
			"name": "Strap",
			"from": [5.43642, 1.7258, 6.36936],
			"to": [5.78642, 6.3258, 6.86936],
			"rotation": {"angle": 0, "axis": "y", "origin": [7.88807, 4.6, 8.49979]},
			"faces": {
				"north": {"uv": [5, 2.25, 5.09375, 3.40625], "texture": "#0"},
				"east": {"uv": [5, 0, 5.125, 1.15625], "texture": "#0"},
				"south": {"uv": [5, 4.5, 5.09375, 5.65625], "texture": "#0"},
				"west": {"uv": [0.25, 5, 0.375, 6.15625], "texture": "#0"},
				"up": {"uv": [2.59375, 8.125, 2.5, 8], "texture": "#0"},
				"down": {"uv": [8.09375, 2.5, 8, 2.625], "texture": "#0"}
			}
		},
		{
			"name": "button",
			"from": [5.4125, 5.025, 8.125],
			"to": [5.9125, 5.775, 8.875],
			"rotation": {"angle": 0, "axis": "y", "origin": [10.36428, 3.86772, 8.43969]},
			"faces": {
				"north": {"uv": [7.5, 6.5, 7.625, 6.6875], "texture": "#0"},
				"east": {"uv": [5, 7.25, 5.1875, 7.4375], "texture": "#0"},
				"south": {"uv": [6.75, 7.5, 6.875, 7.6875], "texture": "#0"},
				"west": {"uv": [0, 7.5, 0.1875, 7.6875], "texture": "#0"},
				"up": {"uv": [7.625, 6.9375, 7.5, 6.75], "texture": "#0"},
				"down": {"uv": [7.125, 7.5, 7, 7.6875], "texture": "#0"}
			}
		},
		{
			"name": "button",
			"from": [5.3125, 5.125, 8.225],
			"to": [5.5625, 5.675, 8.775],
			"rotation": {"angle": 0, "axis": "y", "origin": [10.36428, 3.86772, 8.43969]},
			"faces": {
				"north": {"uv": [3.5, 8, 3.5625, 8.14063], "texture": "#0"},
				"east": {"uv": [4.75, 7.75, 4.89063, 7.89063], "texture": "#0"},
				"south": {"uv": [8, 3.5, 8.0625, 3.64063], "texture": "#0"},
				"west": {"uv": [5, 7.75, 5.14063, 7.89063], "texture": "#0"},
				"up": {"uv": [3.8125, 8.14063, 3.75, 8], "texture": "#0"},
				"down": {"uv": [8.0625, 3.75, 8, 3.89063], "texture": "#0"}
			}
		},
		{
			"name": "button",
			"from": [9.8875, 5.025, 8.125],
			"to": [10.3875, 5.775, 8.875],
			"rotation": {"angle": 0, "axis": "y", "origin": [5.73572, 3.86772, 8.43969]},
			"faces": {
				"north": {"uv": [7.25, 7.5, 7.375, 7.6875], "texture": "#0"},
				"east": {"uv": [7.5, 0, 7.6875, 0.1875], "texture": "#0"},
				"south": {"uv": [7.5, 7.5, 7.625, 7.6875], "texture": "#0"},
				"west": {"uv": [0.25, 7.5, 0.4375, 7.6875], "texture": "#0"},
				"up": {"uv": [0.125, 7.9375, 0, 7.75], "texture": "#0"},
				"down": {"uv": [7.875, 0, 7.75, 0.1875], "texture": "#0"}
			}
		},
		{
			"name": "button",
			"from": [10.2375, 5.125, 8.225],
			"to": [10.4875, 5.675, 8.775],
			"rotation": {"angle": 0, "axis": "y", "origin": [5.73572, 3.86772, 8.43969]},
			"faces": {
				"north": {"uv": [4, 8, 4.0625, 8.14063], "texture": "#0"},
				"east": {"uv": [5.25, 7.75, 5.39063, 7.89063], "texture": "#0"},
				"south": {"uv": [8, 4, 8.0625, 4.14063], "texture": "#0"},
				"west": {"uv": [5.5, 7.75, 5.64063, 7.89063], "texture": "#0"},
				"up": {"uv": [4.3125, 8.14063, 4.25, 8], "texture": "#0"},
				"down": {"uv": [8.0625, 4.25, 8, 4.39063], "texture": "#0"}
			}
		},
		{
			"name": "Strap",
			"from": [5.43642, 1.7258, 10.09436],
			"to": [5.78642, 6.3258, 10.59436],
			"rotation": {"angle": 0, "axis": "y", "origin": [7.88807, 4.6, 8.49979]},
			"faces": {
				"north": {"uv": [5.25, 0, 5.34375, 1.15625], "texture": "#0"},
				"east": {"uv": [0.5, 5, 0.625, 6.15625], "texture": "#0"},
				"south": {"uv": [2, 5.25, 2.09375, 6.40625], "texture": "#0"},
				"west": {"uv": [0.75, 5, 0.875, 6.15625], "texture": "#0"},
				"up": {"uv": [2.84375, 8.125, 2.75, 8], "texture": "#0"},
				"down": {"uv": [8.09375, 2.75, 8, 2.875], "texture": "#0"}
			}
		},
		{
			"name": "Strap",
			"from": [5.56142, 1.5758, 10.09436],
			"to": [10.16142, 1.9258, 10.59436],
			"rotation": {"angle": 0, "axis": "y", "origin": [7.88807, 4.6, 8.49979]},
			"faces": {
				"north": {"uv": [5, 3.5, 6.15625, 3.59375], "texture": "#0"},
				"east": {"uv": [3, 8, 3.125, 8.09375], "texture": "#0"},
				"south": {"uv": [2.25, 5.25, 3.40625, 5.34375], "texture": "#0"},
				"west": {"uv": [8, 3, 8.125, 3.09375], "texture": "#0"},
				"up": {"uv": [5.65625, 1.625, 4.5, 1.5], "texture": "#0"},
				"down": {"uv": [5.65625, 1.75, 4.5, 1.875], "texture": "#0"}
			}
		},
		{
			"name": "Strap",
			"from": [5.56142, 1.5758, 6.36936],
			"to": [10.16142, 1.9258, 6.86936],
			"rotation": {"angle": 0, "axis": "y", "origin": [7.88807, 4.6, 8.49979]},
			"faces": {
				"north": {"uv": [5.25, 2.25, 6.40625, 2.34375], "texture": "#0"},
				"east": {"uv": [3.25, 8, 3.375, 8.09375], "texture": "#0"},
				"south": {"uv": [5.25, 2.5, 6.40625, 2.59375], "texture": "#0"},
				"west": {"uv": [8, 3.25, 8.125, 3.34375], "texture": "#0"},
				"up": {"uv": [6.15625, 1.375, 5, 1.25], "texture": "#0"},
				"down": {"uv": [6.15625, 2, 5, 2.125], "texture": "#0"}
			}
		},
		{
			"name": "core",
			"from": [8.89278, 6.14278, 7.86183],
			"to": [9.39278, 6.89278, 9.11183],
			"rotation": {"angle": 0, "axis": "y", "origin": [7.8839, 6.51778, 8.48683]},
			"faces": {
				"north": {"uv": [0.25, 7.75, 0.375, 7.9375], "texture": "#0"},
				"east": {"uv": [6.5, 3.25, 6.8125, 3.4375], "texture": "#0"},
				"south": {"uv": [0.5, 7.75, 0.625, 7.9375], "texture": "#0"},
				"west": {"uv": [6.75, 0.75, 7.0625, 0.9375], "texture": "#0"},
				"up": {"uv": [5.375, 7.3125, 5.25, 7], "texture": "#0"},
				"down": {"uv": [5.625, 7, 5.5, 7.3125], "texture": "#0"}
			}
		},
		{
			"name": "core",
			"from": [6.37501, 6.14278, 7.86183],
			"to": [6.87501, 6.89278, 9.11183],
			"rotation": {"angle": 0, "axis": "y", "origin": [7.8839, 6.51778, 8.48683]},
			"faces": {
				"north": {"uv": [0.75, 7.75, 0.875, 7.9375], "texture": "#0"},
				"east": {"uv": [1, 6.75, 1.3125, 6.9375], "texture": "#0"},
				"south": {"uv": [7.75, 0.75, 7.875, 0.9375], "texture": "#0"},
				"west": {"uv": [1.5, 6.75, 1.8125, 6.9375], "texture": "#0"},
				"up": {"uv": [5.875, 7.3125, 5.75, 7], "texture": "#0"},
				"down": {"uv": [6.125, 7, 6, 7.3125], "texture": "#0"}
			}
		},
		{
			"name": "core",
			"from": [7.2589, 6.14278, 9.49571],
			"to": [8.5089, 6.89278, 9.99571],
			"rotation": {"angle": 0, "axis": "y", "origin": [7.8839, 6.51778, 8.48683]},
			"faces": {
				"north": {"uv": [6.75, 1.5, 7.0625, 1.6875], "texture": "#0"},
				"east": {"uv": [7.75, 1.75, 7.875, 1.9375], "texture": "#0"},
				"south": {"uv": [6.75, 1.75, 7.0625, 1.9375], "texture": "#0"},
				"west": {"uv": [7.75, 2, 7.875, 2.1875], "texture": "#0"},
				"up": {"uv": [7.3125, 6.125, 7, 6], "texture": "#0"},
				"down": {"uv": [7.3125, 6.25, 7, 6.375], "texture": "#0"}
			}
		},
		{
			"name": "core",
			"from": [7.2589, 6.14278, 6.97794],
			"to": [8.5089, 6.89278, 7.47794],
			"rotation": {"angle": 0, "axis": "y", "origin": [7.8839, 6.51778, 8.48683]},
			"faces": {
				"north": {"uv": [2, 6.75, 2.3125, 6.9375], "texture": "#0"},
				"east": {"uv": [2.5, 7.75, 2.625, 7.9375], "texture": "#0"},
				"south": {"uv": [2.5, 6.75, 2.8125, 6.9375], "texture": "#0"},
				"west": {"uv": [7.75, 2.5, 7.875, 2.6875], "texture": "#0"},
				"up": {"uv": [7.3125, 6.625, 7, 6.5], "texture": "#0"},
				"down": {"uv": [7.0625, 7, 6.75, 7.125], "texture": "#0"}
			}
		},
		{
			"name": "core",
			"from": [8.89278, 6.14278, 7.86183],
			"to": [9.39278, 6.89278, 9.11183],
			"rotation": {"angle": -45, "axis": "y", "origin": [7.8839, 6.51778, 8.48683]},
			"faces": {
				"north": {"uv": [3.25, 7.75, 3.375, 7.9375], "texture": "#0"},
				"east": {"uv": [6.75, 2.5, 7.0625, 2.6875], "texture": "#0"},
				"south": {"uv": [3.5, 7.75, 3.625, 7.9375], "texture": "#0"},
				"west": {"uv": [6.75, 2.75, 7.0625, 2.9375], "texture": "#0"},
				"up": {"uv": [6.375, 7.3125, 6.25, 7], "texture": "#0"},
				"down": {"uv": [7.375, 1.25, 7.25, 1.5625], "texture": "#0"}
			}
		},
		{
			"name": "core",
			"from": [6.37501, 6.14278, 7.86183],
			"to": [6.87501, 6.89278, 9.11183],
			"rotation": {"angle": -45, "axis": "y", "origin": [7.8839, 6.51778, 8.48683]},
			"faces": {
				"north": {"uv": [3.75, 7.75, 3.875, 7.9375], "texture": "#0"},
				"east": {"uv": [3, 6.75, 3.3125, 6.9375], "texture": "#0"},
				"south": {"uv": [4, 7.75, 4.125, 7.9375], "texture": "#0"},
				"west": {"uv": [6.75, 3, 7.0625, 3.1875], "texture": "#0"},
				"up": {"uv": [7.375, 2.0625, 7.25, 1.75], "texture": "#0"},
				"down": {"uv": [2.625, 7.25, 2.5, 7.5625], "texture": "#0"}
			}
		},
		{
			"name": "core",
			"from": [7.2589, 6.14278, 9.49571],
			"to": [8.5089, 6.89278, 9.99571],
			"rotation": {"angle": -45, "axis": "y", "origin": [7.8839, 6.51778, 8.48683]},
			"faces": {
				"north": {"uv": [6.75, 3.75, 7.0625, 3.9375], "texture": "#0"},
				"east": {"uv": [7.75, 4, 7.875, 4.1875], "texture": "#0"},
				"south": {"uv": [6.75, 4, 7.0625, 4.1875], "texture": "#0"},
				"west": {"uv": [4.25, 7.75, 4.375, 7.9375], "texture": "#0"},
				"up": {"uv": [7.3125, 6.875, 7, 6.75], "texture": "#0"},
				"down": {"uv": [7.5625, 0.75, 7.25, 0.875], "texture": "#0"}
			}
		},
		{
			"name": "core",
			"from": [7.2589, 6.14278, 6.97794],
			"to": [8.5089, 6.89278, 7.47794],
			"rotation": {"angle": -45, "axis": "y", "origin": [7.8839, 6.51778, 8.48683]},
			"faces": {
				"north": {"uv": [4.25, 6.75, 4.5625, 6.9375], "texture": "#0"},
				"east": {"uv": [7.75, 4.25, 7.875, 4.4375], "texture": "#0"},
				"south": {"uv": [6.75, 4.25, 7.0625, 4.4375], "texture": "#0"},
				"west": {"uv": [4.5, 7.75, 4.625, 7.9375], "texture": "#0"},
				"up": {"uv": [7.5625, 2.625, 7.25, 2.5], "texture": "#0"},
				"down": {"uv": [3.0625, 7.25, 2.75, 7.375], "texture": "#0"}
			}
		},
		{
			"name": "extra_details",
			"from": [9.78642, 2.2258, 6.49436],
			"to": [10.18642, 5.8258, 10.49436],
			"rotation": {"angle": 0, "axis": "y", "origin": [7.88807, 4.6, 8.49979]},
			"faces": {
				"north": {"uv": [6.25, 6, 6.34375, 6.90625], "texture": "#0"},
				"east": {"uv": [2.5, 1, 3.5, 1.90625], "texture": "#0"},
				"south": {"uv": [0, 6.5, 0.09375, 7.40625], "texture": "#0"},
				"west": {"uv": [0, 3, 1, 3.90625], "texture": "#0"},
				"up": {"uv": [2.59375, 6.5, 2.5, 5.5], "texture": "#0"},
				"down": {"uv": [2.84375, 5.5, 2.75, 6.5], "texture": "#0"}
			}
		},
		{
			"name": "extra_details",
			"from": [5.58642, 2.2258, 6.49436],
			"to": [5.98642, 5.8258, 10.49436],
			"rotation": {"angle": 0, "axis": "y", "origin": [7.88807, 4.6, 8.49979]},
			"faces": {
				"north": {"uv": [6.5, 0, 6.59375, 0.90625], "texture": "#0"},
				"east": {"uv": [1, 3, 2, 3.90625], "texture": "#0"},
				"south": {"uv": [0.25, 6.5, 0.34375, 7.40625], "texture": "#0"},
				"west": {"uv": [2, 3, 3, 3.90625], "texture": "#0"},
				"up": {"uv": [3.09375, 6.5, 3, 5.5], "texture": "#0"},
				"down": {"uv": [3.34375, 5.5, 3.25, 6.5], "texture": "#0"}
			}
		},
		{
			"name": "extra_details",
			"from": [5.48642, 2.0258, 6.49436],
			"to": [5.88642, 4.8258, 8.09436],
			"rotation": {"angle": 0, "axis": "y", "origin": [7.88807, 4.6, 8.49979]},
			"faces": {
				"north": {"uv": [6.5, 2.5, 6.59375, 3.20313], "texture": "#0"},
				"east": {"uv": [4, 3, 4.40625, 3.70313], "texture": "#0"},
				"south": {"uv": [6.5, 3.75, 6.59375, 4.45313], "texture": "#0"},
				"west": {"uv": [4, 3.75, 4.40625, 4.45313], "texture": "#0"},
				"up": {"uv": [7.34375, 3.15625, 7.25, 2.75], "texture": "#0"},
				"down": {"uv": [3.34375, 7.25, 3.25, 7.65625], "texture": "#0"}
			}
		},
		{
			"name": "extra_details",
			"from": [5.48642, 2.0258, 8.89436],
			"to": [5.88642, 4.8258, 10.49436],
			"rotation": {"angle": 0, "axis": "y", "origin": [7.88807, 4.6, 8.49979]},
			"faces": {
				"north": {"uv": [6.5, 4.5, 6.59375, 5.20313], "texture": "#0"},
				"east": {"uv": [4.5, 0, 4.90625, 0.70313], "texture": "#0"},
				"south": {"uv": [6.5, 5.25, 6.59375, 5.95313], "texture": "#0"},
				"west": {"uv": [4.5, 0.75, 4.90625, 1.45313], "texture": "#0"},
				"up": {"uv": [3.59375, 7.65625, 3.5, 7.25], "texture": "#0"},
				"down": {"uv": [7.34375, 3.5, 7.25, 3.90625], "texture": "#0"}
			}
		},
		{
			"name": "extra_details",
			"from": [9.88642, 2.0258, 8.89436],
			"to": [10.28642, 4.8258, 10.49436],
			"rotation": {"angle": 0, "axis": "y", "origin": [7.88807, 4.6, 8.49979]},
			"faces": {
				"north": {"uv": [6.5, 6, 6.59375, 6.70313], "texture": "#0"},
				"east": {"uv": [2, 4.5, 2.40625, 5.20313], "texture": "#0"},
				"south": {"uv": [6.75, 0, 6.84375, 0.70313], "texture": "#0"},
				"west": {"uv": [2.5, 4.5, 2.90625, 5.20313], "texture": "#0"},
				"up": {"uv": [3.84375, 7.65625, 3.75, 7.25], "texture": "#0"},
				"down": {"uv": [4.09375, 7.25, 4, 7.65625], "texture": "#0"}
			}
		},
		{
			"name": "extra_details",
			"from": [9.88642, 2.0258, 6.49436],
			"to": [10.28642, 4.8258, 8.09436],
			"rotation": {"angle": 0, "axis": "y", "origin": [7.88807, 4.6, 8.49979]},
			"faces": {
				"north": {"uv": [0.5, 6.75, 0.59375, 7.45313], "texture": "#0"},
				"east": {"uv": [3, 4.5, 3.40625, 5.20313], "texture": "#0"},
				"south": {"uv": [0.75, 6.75, 0.84375, 7.45313], "texture": "#0"},
				"west": {"uv": [4.5, 3, 4.90625, 3.70313], "texture": "#0"},
				"up": {"uv": [7.34375, 4.40625, 7.25, 4], "texture": "#0"},
				"down": {"uv": [4.34375, 7.25, 4.25, 7.65625], "texture": "#0"}
			}
		},
		{
			"name": "extra_details",
			"from": [5.96227, 1.59835, 6.49436],
			"to": [9.76227, 1.99835, 8.09436],
			"rotation": {"angle": 0, "axis": "y", "origin": [7.88807, 4.6, 8.49979]},
			"faces": {
				"north": {"uv": [0, 6.25, 0.95313, 6.34375], "texture": "#0"},
				"east": {"uv": [4.5, 7.25, 4.90625, 7.34375], "texture": "#0"},
				"south": {"uv": [1, 6.25, 1.95313, 6.34375], "texture": "#0"},
				"west": {"uv": [6.75, 7.25, 7.15625, 7.34375], "texture": "#0"},
				"up": {"uv": [2.95313, 4.40625, 2, 4], "texture": "#0"},
				"down": {"uv": [4.95313, 2, 4, 2.40625], "texture": "#0"}
			}
		},
		{
			"name": "extra_details",
			"from": [5.96227, 1.59835, 8.89436],
			"to": [9.76227, 1.99835, 10.49436],
			"rotation": {"angle": 0, "axis": "y", "origin": [7.88807, 4.6, 8.49979]},
			"faces": {
				"north": {"uv": [6.25, 1.25, 7.20313, 1.34375], "texture": "#0"},
				"east": {"uv": [7.25, 7, 7.65625, 7.09375], "texture": "#0"},
				"south": {"uv": [6.25, 2, 7.20313, 2.09375], "texture": "#0"},
				"west": {"uv": [7.25, 7.25, 7.65625, 7.34375], "texture": "#0"},
				"up": {"uv": [4.95313, 2.90625, 4, 2.5], "texture": "#0"},
				"down": {"uv": [3.95313, 4, 3, 4.40625], "texture": "#0"}
			}
		},
		{
			"name": "extra_details",
			"from": [6.06227, 1.69835, 6.49436],
			"to": [9.66227, 2.09835, 10.49436],
			"rotation": {"angle": 0, "axis": "y", "origin": [7.88807, 4.6, 8.49979]},
			"faces": {
				"north": {"uv": [6.25, 3.5, 7.15625, 3.59375], "texture": "#0"},
				"east": {"uv": [5.5, 0.5, 6.5, 0.59375], "texture": "#0"},
				"south": {"uv": [0.5, 6.5, 1.40625, 6.59375], "texture": "#0"},
				"west": {"uv": [5.5, 0.75, 6.5, 0.84375], "texture": "#0"},
				"up": {"uv": [3.90625, 3, 3, 2], "texture": "#0"},
				"down": {"uv": [3.90625, 3, 3, 4], "texture": "#0"}
			}
		},
		{
			"name": "extra_details",
			"from": [6.06227, 1.69835, 6.49436],
			"to": [9.66227, 2.09835, 10.49436],
			"rotation": {"angle": 0, "axis": "y", "origin": [7.88807, 4.6, 8.49979]},
			"faces": {
				"north": {"uv": [6.5, 1, 7.40625, 1.09375], "texture": "#0"},
				"east": {"uv": [5.5, 1, 6.5, 1.09375], "texture": "#0"},
				"south": {"uv": [1.5, 6.5, 2.40625, 6.59375], "texture": "#0"},
				"west": {"uv": [5.25, 5.5, 6.25, 5.59375], "texture": "#0"},
				"up": {"uv": [4.40625, 1, 3.5, 0], "texture": "#0"},
				"down": {"uv": [4.40625, 1, 3.5, 2], "texture": "#0"}
			}
		},
		{
			"name": "extra_details",
			"from": [6.06227, 5.89835, 6.49436],
			"to": [9.66227, 6.29835, 10.49436],
			"rotation": {"angle": 0, "axis": "y", "origin": [7.88807, 4.6, 8.49979]},
			"faces": {
				"north": {"uv": [6.5, 2.25, 7.40625, 2.34375], "texture": "#0"},
				"east": {"uv": [5.75, 1.5, 6.75, 1.59375], "texture": "#0"},
				"south": {"uv": [2.5, 6.5, 3.40625, 6.59375], "texture": "#0"},
				"west": {"uv": [5.75, 1.75, 6.75, 1.84375], "texture": "#0"},
				"up": {"uv": [0.90625, 5, 0, 4], "texture": "#0"},
				"down": {"uv": [1.90625, 4, 1, 5], "texture": "#0"}
			}
		},
		{
			"name": "core",
			"from": [6.84532, 6.29359, 7.43297],
			"to": [8.89532, 6.69359, 9.53297],
			"rotation": {"angle": 0, "axis": "y", "origin": [7.89697, 4.51778, 8.5384]},
			"faces": {
				"north": {"uv": [5.5, 6.75, 6.01563, 6.84375], "texture": "#0"},
				"east": {"uv": [6.75, 4.5, 7.28125, 4.59375], "texture": "#0"},
				"south": {"uv": [6.75, 5.75, 7.26563, 5.84375], "texture": "#0"},
				"west": {"uv": [4.75, 6.75, 5.28125, 6.84375], "texture": "#0"},
				"up": {"uv": [4.01563, 5.03125, 3.5, 4.5], "texture": "#0"},
				"down": {"uv": [5.01563, 3.75, 4.5, 4.28125], "texture": "#0"}
			}
		},
		{
			"name": "button",
			"from": [6.55, 6.9375, 8.4],
			"to": [6.75, 7.0875, 8.6],
			"rotation": {"angle": 0, "axis": "y", "origin": [8.94272, 2.13572, 8.61469]},
			"faces": {
				"north": {"uv": [8.25, 5, 8.29688, 5.03125], "texture": "#0"},
				"east": {"uv": [5.25, 8.25, 5.29688, 8.28125], "texture": "#0"},
				"south": {"uv": [8.25, 5.25, 8.29688, 5.28125], "texture": "#0"},
				"west": {"uv": [5.5, 8.25, 5.54688, 8.28125], "texture": "#0"},
				"up": {"uv": [8.29688, 4.04688, 8.25, 4], "texture": "#0"},
				"down": {"uv": [4.29688, 8.25, 4.25, 8.29688], "texture": "#0"}
			}
		},
		{
			"name": "button",
			"from": [6.45, 6.5875, 8.3],
			"to": [6.85, 6.9875, 8.7],
			"rotation": {"angle": 0, "axis": "y", "origin": [8.94272, 2.13572, 8.61469]},
			"faces": {
				"north": {"uv": [4.5, 8, 4.59375, 8.09375], "texture": "#0"},
				"east": {"uv": [8, 4.5, 8.09375, 4.59375], "texture": "#0"},
				"south": {"uv": [4.75, 8, 4.84375, 8.09375], "texture": "#0"},
				"west": {"uv": [8, 4.75, 8.09375, 4.84375], "texture": "#0"},
				"up": {"uv": [5.09375, 8.09375, 5, 8], "texture": "#0"},
				"down": {"uv": [8.09375, 5, 8, 5.09375], "texture": "#0"}
			}
		},
		{
			"name": "button",
			"from": [9.05, 6.9375, 8.4],
			"to": [9.25, 7.0875, 8.6],
			"rotation": {"angle": 0, "axis": "y", "origin": [8.94272, 2.13572, 8.61469]},
			"faces": {
				"north": {"uv": [8.25, 5.5, 8.29688, 5.53125], "texture": "#0"},
				"east": {"uv": [5.75, 8.25, 5.79688, 8.28125], "texture": "#0"},
				"south": {"uv": [8.25, 5.75, 8.29688, 5.78125], "texture": "#0"},
				"west": {"uv": [6, 8.25, 6.04688, 8.28125], "texture": "#0"},
				"up": {"uv": [8.29688, 4.29688, 8.25, 4.25], "texture": "#0"},
				"down": {"uv": [4.54688, 8.25, 4.5, 8.29688], "texture": "#0"}
			}
		},
		{
			"name": "button",
			"from": [8.95, 6.5875, 8.3],
			"to": [9.35, 6.9875, 8.7],
			"rotation": {"angle": 0, "axis": "y", "origin": [8.94272, 2.13572, 8.61469]},
			"faces": {
				"north": {"uv": [5.25, 8, 5.34375, 8.09375], "texture": "#0"},
				"east": {"uv": [8, 5.25, 8.09375, 5.34375], "texture": "#0"},
				"south": {"uv": [5.5, 8, 5.59375, 8.09375], "texture": "#0"},
				"west": {"uv": [8, 5.5, 8.09375, 5.59375], "texture": "#0"},
				"up": {"uv": [5.84375, 8.09375, 5.75, 8], "texture": "#0"},
				"down": {"uv": [8.09375, 5.75, 8, 5.84375], "texture": "#0"}
			}
		},
		{
			"name": "button",
			"from": [7.75, 6.9375, 9.65],
			"to": [7.95, 7.0875, 9.85],
			"rotation": {"angle": 0, "axis": "y", "origin": [7.44272, -0.16428, 8.61469]},
			"faces": {
				"north": {"uv": [8.25, 6, 8.29688, 6.03125], "texture": "#0"},
				"east": {"uv": [6.25, 8.25, 6.29688, 8.28125], "texture": "#0"},
				"south": {"uv": [8.25, 6.25, 8.29688, 6.28125], "texture": "#0"},
				"west": {"uv": [6.5, 8.25, 6.54688, 8.28125], "texture": "#0"},
				"up": {"uv": [8.29688, 4.54688, 8.25, 4.5], "texture": "#0"},
				"down": {"uv": [4.79688, 8.25, 4.75, 8.29688], "texture": "#0"}
			}
		},
		{
			"name": "button",
			"from": [7.65, 6.5875, 9.55],
			"to": [8.05, 6.9875, 9.95],
			"rotation": {"angle": 0, "axis": "y", "origin": [7.44272, -0.16428, 8.61469]},
			"faces": {
				"north": {"uv": [6, 8, 6.09375, 8.09375], "texture": "#0"},
				"east": {"uv": [8, 6, 8.09375, 6.09375], "texture": "#0"},
				"south": {"uv": [6.25, 8, 6.34375, 8.09375], "texture": "#0"},
				"west": {"uv": [8, 6.25, 8.09375, 6.34375], "texture": "#0"},
				"up": {"uv": [6.59375, 8.09375, 6.5, 8], "texture": "#0"},
				"down": {"uv": [6.84375, 8, 6.75, 8.09375], "texture": "#0"}
			}
		},
		{
			"name": "button",
			"from": [7.75, 6.9375, 7.125],
			"to": [7.95, 7.0875, 7.325],
			"rotation": {"angle": 0, "axis": "y", "origin": [7.44272, -0.16428, 8.61469]},
			"faces": {
				"north": {"uv": [8.25, 6.5, 8.29688, 6.53125], "texture": "#0"},
				"east": {"uv": [6.75, 8.25, 6.79688, 8.28125], "texture": "#0"},
				"south": {"uv": [8.25, 6.75, 8.29688, 6.78125], "texture": "#0"},
				"west": {"uv": [7, 8.25, 7.04688, 8.28125], "texture": "#0"},
				"up": {"uv": [8.29688, 4.79688, 8.25, 4.75], "texture": "#0"},
				"down": {"uv": [5.04688, 8.25, 5, 8.29688], "texture": "#0"}
			}
		},
		{
			"name": "button",
			"from": [7.65, 6.5875, 7.025],
			"to": [8.05, 6.9875, 7.425],
			"rotation": {"angle": 0, "axis": "y", "origin": [7.44272, -0.16428, 8.61469]},
			"faces": {
				"north": {"uv": [7, 8, 7.09375, 8.09375], "texture": "#0"},
				"east": {"uv": [7.25, 8, 7.34375, 8.09375], "texture": "#0"},
				"south": {"uv": [7.5, 8, 7.59375, 8.09375], "texture": "#0"},
				"west": {"uv": [7.75, 8, 7.84375, 8.09375], "texture": "#0"},
				"up": {"uv": [8.09375, 8.09375, 8, 8], "texture": "#0"},
				"down": {"uv": [0.09375, 8.25, 0, 8.34375], "texture": "#0"}
			}
		},
		{
			"from": [2.1, 0.1, 2.18],
			"to": [2.2, 6.5, 14.29],
			"rotation": {"angle": 0, "axis": "y", "origin": [2.1, -0.9, -17.12]},
			"faces": {
				"north": {"uv": [6.5, 9.75, 6.5625, 11.375], "texture": "#3"},
				"east": {"uv": [0, 6, 3, 7.625], "texture": "#3"},
				"south": {"uv": [6.75, 9.75, 6.8125, 11.375], "texture": "#3"},
				"west": {"uv": [6, 0, 9, 1.625], "texture": "#3"},
				"up": {"uv": [9.5625, 8.25, 9.5, 5.25], "texture": "#3"},
				"down": {"uv": [9.5625, 8.25, 9.5, 11.25], "texture": "#3"}
			}
		},
		{
			"from": [13.8, 0.1, 2.19],
			"to": [13.9, 6.5, 14.3],
			"rotation": {"angle": 0, "axis": "y", "origin": [2.2, -0.9, -17.01]},
			"faces": {
				"north": {"uv": [7, 9.75, 7.0625, 11.375], "texture": "#3"},
				"east": {"uv": [6, 1.75, 9, 3.375], "texture": "#3"},
				"south": {"uv": [7.25, 9.75, 7.3125, 11.375], "texture": "#3"},
				"west": {"uv": [3, 6, 6, 7.625], "texture": "#3"},
				"up": {"uv": [0.0625, 12.75, 0, 9.75], "texture": "#3"},
				"down": {"uv": [0.3125, 9.75, 0.25, 12.75], "texture": "#3"}
			}
		},
		{
			"from": [2.2, 0.1, 14.19],
			"to": [13.8, 6.5, 14.3],
			"rotation": {"angle": 0, "axis": "y", "origin": [2.1, -0.9, 0.69]},
			"faces": {
				"north": {"uv": [6, 3.5, 8.875, 5.125], "texture": "#3"},
				"east": {"uv": [7.5, 9.75, 7.5625, 11.375], "texture": "#3"},
				"south": {"uv": [6, 5.25, 8.875, 6.875], "texture": "#3"},
				"west": {"uv": [7.75, 9.75, 7.8125, 11.375], "texture": "#3"},
				"up": {"uv": [12.625, 6.8125, 9.75, 6.75], "texture": "#3"},
				"down": {"uv": [12.625, 7, 9.75, 7.0625], "texture": "#3"}
			}
		},
		{
			"from": [2.2, 0.1, 2.18],
			"to": [13.8, 6.5, 2.29],
			"rotation": {"angle": 0, "axis": "y", "origin": [2.1, -0.9, 3.48]},
			"faces": {
				"north": {"uv": [6, 7, 8.875, 8.625], "texture": "#3"},
				"east": {"uv": [8, 9.75, 8.0625, 11.375], "texture": "#3"},
				"south": {"uv": [0, 7.75, 2.875, 9.375], "texture": "#3"},
				"west": {"uv": [8.25, 9.75, 8.3125, 11.375], "texture": "#3"},
				"up": {"uv": [12.625, 7.3125, 9.75, 7.25], "texture": "#3"},
				"down": {"uv": [12.625, 7.5, 9.75, 7.5625], "texture": "#3"}
			}
		},
		{
			"from": [2.2, 0.1, 2.28],
			"to": [13.8, 0.2, 14.18],
			"rotation": {"angle": 0, "axis": "y", "origin": [0, 3, 0.08]},
			"faces": {
				"north": {"uv": [9.75, 7.75, 12.625, 7.8125], "texture": "#3"},
				"east": {"uv": [0.5, 9.75, 3.5, 9.8125], "texture": "#3"},
				"south": {"uv": [9.75, 8, 12.625, 8.0625], "texture": "#3"},
				"west": {"uv": [3.5, 9.75, 6.5, 9.8125], "texture": "#3"},
				"up": {"uv": [5.875, 3, 3, 0], "texture": "#3"},
				"down": {"uv": [5.875, 3, 3, 6], "texture": "#3"}
			}
		},
		{
			"from": [2.1, 6.5, 2.18],
			"to": [2.2, 9.8, 14.29],
			"rotation": {"angle": 0, "axis": "y", "origin": [2.1, -0.9, -17.12]},
			"faces": {
				"north": {"uv": [9.75, 8.25, 9.8125, 9.0625], "texture": "#3"},
				"east": {"uv": [3, 7.75, 6, 8.5625], "texture": "#3"},
				"south": {"uv": [8.5, 9.75, 8.5625, 10.5625], "texture": "#3"},
				"west": {"uv": [3, 8.75, 6, 9.5625], "texture": "#3"},
				"up": {"uv": [9.0625, 8, 9, 5], "texture": "#3"},
				"down": {"uv": [9.0625, 8, 9, 11], "texture": "#3"}
			}
		},
		{
			"from": [2.2, 6.5, 2.18],
			"to": [13.8, 9.8, 2.29],
			"rotation": {"angle": 0, "axis": "y", "origin": [2.1, -0.9, 3.48]},
			"faces": {
				"north": {"uv": [9, 1, 11.875, 1.8125], "texture": "#3"},
				"east": {"uv": [8.75, 9.75, 8.8125, 10.5625], "texture": "#3"},
				"south": {"uv": [9, 2, 11.875, 2.8125], "texture": "#3"},
				"west": {"uv": [9.75, 9.25, 9.8125, 10.0625], "texture": "#3"},
				"up": {"uv": [12.625, 5.3125, 9.75, 5.25], "texture": "#3"},
				"down": {"uv": [12.625, 5.5, 9.75, 5.5625], "texture": "#3"}
			}
		},
		{
			"from": [13.8, 6.5, 2.19],
			"to": [13.9, 9.8, 14.3],
			"rotation": {"angle": 0, "axis": "y", "origin": [2.2, -0.9, -17.01]},
			"faces": {
				"north": {"uv": [0.5, 10, 0.5625, 10.8125], "texture": "#3"},
				"east": {"uv": [6, 8.75, 9, 9.5625], "texture": "#3"},
				"south": {"uv": [0.75, 10, 0.8125, 10.8125], "texture": "#3"},
				"west": {"uv": [9, 0, 12, 0.8125], "texture": "#3"},
				"up": {"uv": [9.3125, 8, 9.25, 5], "texture": "#3"},
				"down": {"uv": [9.3125, 8, 9.25, 11], "texture": "#3"}
			}
		},
		{
			"from": [2.2, 6.5, 14.19],
			"to": [13.8, 9.8, 14.3],
			"rotation": {"angle": 0, "axis": "y", "origin": [2.1, -0.9, 0.69]},
			"faces": {
				"north": {"uv": [9, 3, 11.875, 3.8125], "texture": "#3"},
				"east": {"uv": [1, 10, 1.0625, 10.8125], "texture": "#3"},
				"south": {"uv": [9, 4, 11.875, 4.8125], "texture": "#3"},
				"west": {"uv": [1.25, 10, 1.3125, 10.8125], "texture": "#3"},
				"up": {"uv": [12.625, 5.8125, 9.75, 5.75], "texture": "#3"},
				"down": {"uv": [12.625, 6, 9.75, 6.0625], "texture": "#3"}
			}
		},
		{
			"from": [2.2, 9.7, 2.28],
			"to": [13.8, 9.8, 14.18],
			"rotation": {"angle": 0, "axis": "y", "origin": [0, 3, 0.08]},
			"faces": {
				"north": {"uv": [9.75, 6.25, 12.625, 6.3125], "texture": "#3"},
				"east": {"uv": [0, 9.5, 3, 9.5625], "texture": "#3"},
				"south": {"uv": [9.75, 6.5, 12.625, 6.5625], "texture": "#3"},
				"west": {"uv": [9.5, 5, 12.5, 5.0625], "texture": "#3"},
				"up": {"uv": [2.875, 3, 0, 0], "texture": "#3"},
				"down": {"uv": [2.875, 3, 0, 6], "texture": "#3"}
			}
		}
	],
	"display": {
		"thirdperson_righthand": {
			"rotation": [75, 45, 0],
			"translation": [0, 2.5, 0],
			"scale": [0.375, 0.375, 0.375]
		},
		"thirdperson_lefthand": {
			"rotation": [75, 45, 0],
			"translation": [0, 2.5, 0],
			"scale": [0.375, 0.375, 0.375]
		},
		"firstperson_righthand": {
			"rotation": [0, 45, 0],
			"scale": [0.4, 0.4, 0.4]
		},
		"firstperson_lefthand": {
			"rotation": [0, 225, 0],
			"scale": [0.4, 0.4, 0.4]
		},
		"ground": {
			"translation": [0, 3, 0],
			"scale": [0.25, 0.25, 0.25]
		},
		"gui": {
			"rotation": [30, 225, 0],
			"scale": [0.625, 0.625, 0.625]
		},
		"head": {
			"translation": [0, -15, 0],
			"scale": [2, 2, 2]
		},
		"fixed": {
			"scale": [0.5, 0.5, 0.5]
		}
	},
	"groups": [
		{
			"name": "watch",
			"origin": [8, 8, 8],
			"color": 0,
			"children": [
				{
					"name": "Secondary_console",
					"origin": [8, 8, 8],
					"color": 0,
					"children": [0, 1, 2, 3, 4, 5, 6, 7, 8, 9, 10, 11, 12, 13]
				},
				{
					"name": "Main_console",
					"origin": [8, 8, 8],
					"color": 0,
					"children": [14, 15, 16, 17]
				},
				{
					"name": "Buttons",
					"origin": [8, 8, 8],
					"color": 0,
					"children": [18, 19, 20, 21, 22, 23, 24, 25, 26, 27, 28, 29, 30, 31]
				},
				{
					"name": "Core_ring",
					"origin": [8, 8, 8],
					"color": 0,
					"children": [32, 33, 34, 35, 36, 37, 38, 39]
				},
				{
					"name": "extra_details",
					"origin": [7.84697, 7.91778, 8.0384],
					"color": 0,
					"children": [40, 41, 42, 43, 44, 45, 46, 47, 48, 49, 50]
				},
				{
					"name": "core_main",
					"origin": [7.83807, 8, 7.99979],
					"color": 0,
					"children": [51, 52, 53, 54, 55, 56, 57, 58, 59]
				}
			]
		},
		{
			"name": "base",
			"origin": [2.1, -0.9, 0.69],
			"color": 0,
			"children": [60, 61, 62, 63, 64]
		},
		{
			"name": "top",
			"origin": [8, 8, 8],
			"color": 0,
			"children": [65, 66, 67, 68, 69]
		}
	]
}