{
	"credit": "Made with Blockbench",
	"texture_size": [64, 64],
	"textures": {
		"2": "ben_ten:block/pod_open",
		"particle": "ben_ten:block/prototype_omnitrix"
	},
	"elements": [
		{
			"from": [2.1, 0.1, 2.18],
			"to": [2.2, 6.5, 14.29],
			"rotation": {"angle": 0, "axis": "y", "origin": [2.1, -0.9, -17.12]},
			"faces": {
				"north": {"uv": [6.5, 9.75, 6.5625, 11.375], "texture": "#2"},
				"east": {"uv": [0, 6, 3, 7.625], "texture": "#2"},
				"south": {"uv": [6.75, 9.75, 6.8125, 11.375], "texture": "#2"},
				"west": {"uv": [6, 0, 9, 1.625], "texture": "#2"},
				"up": {"uv": [9.5625, 8.25, 9.5, 5.25], "texture": "#2"},
				"down": {"uv": [9.5625, 8.25, 9.5, 11.25], "texture": "#2"}
			}
		},
		{
			"from": [13.8, 0.1, 2.19],
			"to": [13.9, 6.5, 14.3],
			"rotation": {"angle": 0, "axis": "y", "origin": [2.2, -0.9, -17.01]},
			"faces": {
				"north": {"uv": [7, 9.75, 7.0625, 11.375], "texture": "#2"},
				"east": {"uv": [6, 1.75, 9, 3.375], "texture": "#2"},
				"south": {"uv": [7.25, 9.75, 7.3125, 11.375], "texture": "#2"},
				"west": {"uv": [3, 6, 6, 7.625], "texture": "#2"},
				"up": {"uv": [0.0625, 12.75, 0, 9.75], "texture": "#2"},
				"down": {"uv": [0.3125, 9.75, 0.25, 12.75], "texture": "#2"}
			}
		},
		{
			"from": [2.2, 0.1, 14.19],
			"to": [13.8, 6.5, 14.3],
			"rotation": {"angle": 0, "axis": "y", "origin": [2.1, -0.9, 0.69]},
			"faces": {
				"north": {"uv": [6, 3.5, 8.875, 5.125], "texture": "#2"},
				"east": {"uv": [7.5, 9.75, 7.5625, 11.375], "texture": "#2"},
				"south": {"uv": [6, 5.25, 8.875, 6.875], "texture": "#2"},
				"west": {"uv": [7.75, 9.75, 7.8125, 11.375], "texture": "#2"},
				"up": {"uv": [12.625, 6.8125, 9.75, 6.75], "texture": "#2"},
				"down": {"uv": [12.625, 7, 9.75, 7.0625], "texture": "#2"}
			}
		},
		{
			"from": [2.2, 0.1, 2.18],
			"to": [13.8, 6.5, 2.29],
			"rotation": {"angle": 0, "axis": "y", "origin": [2.1, -0.9, 3.48]},
			"faces": {
				"north": {"uv": [6, 7, 8.875, 8.625], "texture": "#2"},
				"east": {"uv": [8, 9.75, 8.0625, 11.375], "texture": "#2"},
				"south": {"uv": [0, 7.75, 2.875, 9.375], "texture": "#2"},
				"west": {"uv": [8.25, 9.75, 8.3125, 11.375], "texture": "#2"},
				"up": {"uv": [12.625, 7.3125, 9.75, 7.25], "texture": "#2"},
				"down": {"uv": [12.625, 7.5, 9.75, 7.5625], "texture": "#2"}
			}
		},
		{
			"from": [2.2, 0.1, 2.28],
			"to": [13.8, 1.95, 14.18],
			"rotation": {"angle": 0, "axis": "y", "origin": [0, 3, 0.08]},
			"faces": {
				"north": {"uv": [9.75, 7.75, 12.625, 7.8125], "texture": "#2"},
				"east": {"uv": [0.5, 9.75, 3.5, 9.8125], "texture": "#2"},
				"south": {"uv": [9.75, 8, 12.625, 8.0625], "texture": "#2"},
				"west": {"uv": [3.5, 9.75, 6.5, 9.8125], "texture": "#2"},
				"up": {"uv": [5.875, 3, 3, 0], "texture": "#2"},
				"down": {"uv": [5.875, 3, 3, 6], "texture": "#2"}
			}
		},
		{
			"from": [2.1, 6.5, 2.18],
			"to": [2.2, 9.8, 14.29],
			"rotation": {"angle": 0, "axis": "y", "origin": [2.1, -0.9, -17.12]},
			"faces": {
				"north": {"uv": [9.75, 8.25, 9.8125, 9.0625], "texture": "#2"},
				"east": {"uv": [3, 7.75, 6, 8.5625], "texture": "#2"},
				"south": {"uv": [8.5, 9.75, 8.5625, 10.5625], "texture": "#2"},
				"west": {"uv": [3, 8.75, 6, 9.5625], "texture": "#2"},
				"up": {"uv": [9.0625, 8, 9, 5], "texture": "#2"},
				"down": {"uv": [9.0625, 8, 9, 11], "texture": "#2"}
			}
		},
		{
			"from": [2.2, 6.5, 2.18],
			"to": [13.8, 9.8, 2.29],
			"rotation": {"angle": 0, "axis": "y", "origin": [2.1, -0.9, 3.48]},
			"faces": {
				"north": {"uv": [9, 1, 11.875, 1.8125], "texture": "#2"},
				"east": {"uv": [8.75, 9.75, 8.8125, 10.5625], "texture": "#2"},
				"south": {"uv": [9, 2, 11.875, 2.8125], "texture": "#2"},
				"west": {"uv": [9.75, 9.25, 9.8125, 10.0625], "texture": "#2"},
				"up": {"uv": [12.625, 5.3125, 9.75, 5.25], "texture": "#2"},
				"down": {"uv": [12.625, 5.5, 9.75, 5.5625], "texture": "#2"}
			}
		},
		{
			"from": [13.8, 6.5, 2.19],
			"to": [13.9, 9.8, 14.3],
			"rotation": {"angle": 0, "axis": "y", "origin": [2.2, -0.9, -17.01]},
			"faces": {
				"north": {"uv": [0.5, 10, 0.5625, 10.8125], "texture": "#2"},
				"east": {"uv": [6, 8.75, 9, 9.5625], "texture": "#2"},
				"south": {"uv": [0.75, 10, 0.8125, 10.8125], "texture": "#2"},
				"west": {"uv": [9, 0, 12, 0.8125], "texture": "#2"},
				"up": {"uv": [9.3125, 8, 9.25, 5], "texture": "#2"},
				"down": {"uv": [9.3125, 8, 9.25, 11], "texture": "#2"}
			}
		},
		{
			"from": [2.2, 6.5, 14.19],
			"to": [13.8, 9.8, 14.3],
			"rotation": {"angle": 0, "axis": "y", "origin": [2.1, -0.9, 0.69]},
			"faces": {
				"north": {"uv": [9, 3, 11.875, 3.8125], "texture": "#2"},
				"east": {"uv": [1, 10, 1.0625, 10.8125], "texture": "#2"},
				"south": {"uv": [9, 4, 11.875, 4.8125], "texture": "#2"},
				"west": {"uv": [1.25, 10, 1.3125, 10.8125], "texture": "#2"},
				"up": {"uv": [12.625, 5.8125, 9.75, 5.75], "texture": "#2"},
				"down": {"uv": [12.625, 6, 9.75, 6.0625], "texture": "#2"}
			}
		},
		{
			"from": [2.2, 9.7, 2.28],
			"to": [13.8, 9.8, 14.18],
			"rotation": {"angle": 0, "axis": "y", "origin": [0, 3, 0.08]},
			"faces": {
				"north": {"uv": [9.75, 6.25, 12.625, 6.3125], "texture": "#2"},
				"east": {"uv": [0, 9.5, 3, 9.5625], "texture": "#2"},
				"south": {"uv": [9.75, 6.5, 12.625, 6.5625], "texture": "#2"},
				"west": {"uv": [9.5, 5, 12.5, 5.0625], "texture": "#2"},
				"up": {"uv": [2.875, 3, 0, 0], "texture": "#2"},
				"down": {"uv": [2.875, 3, 0, 6], "texture": "#2"}
			}
		}
	],
	"display": {
		"thirdperson_righthand": {
			"rotation": [75, 45, 0],
			"translation": [0, 2.5, 0],
			"scale": [0.375, 0.375, 0.375]
		},
		"thirdperson_lefthand": {
			"rotation": [75, 45, 0],
			"translation": [0, 2.5, 0],
			"scale": [0.375, 0.375, 0.375]
		},
		"firstperson_righthand": {
			"rotation": [0, 45, 0],
			"scale": [0.4, 0.4, 0.4]
		},
		"firstperson_lefthand": {
			"rotation": [0, 225, 0],
			"scale": [0.4, 0.4, 0.4]
		},
		"ground": {
			"translation": [0, 3, 0],
			"scale": [0.25, 0.25, 0.25]
		},
		"gui": {
			"rotation": [30, 225, 0],
			"scale": [0.625, 0.625, 0.625]
		},
		"head": {
			"translation": [0, -14.25, -0.5],
			"scale": [2, 2, 2]
		},
		"fixed": {
			"scale": [0.5, 0.5, 0.5]
		}
	},
	"groups": [
		{
			"name": "base",
			"origin": [2.1, -0.9, 0.69],
			"color": 0,
			"children": [0, 1, 2, 3, 4]
		},
		{
			"name": "top",
			"origin": [8, 8, 8],
			"color": 0,
			"children": [5, 6, 7, 8, 9]
		}
	]
}