{
	"credit": "Made with Blockbench",
	"texture_size": [32, 32],
	"textures": {
		"0": "ben_ten:block/ov_omnitrix",
		"particle": "ben_ten:block/ov_omnitrix"
	},
	"elements": [
		{
			"name": "rist_main",
			"from": [5.89484, 4.43433, 6.65079],
			"to": [5.99484, 8.43433, 9.40079],
			"rotation": {"angle": 0, "axis": "y", "origin": [8, 8, 8]},
			"faces": {
				"north": {"uv": [6.5625, 2.5, 6.5, 4.5], "rotation": 180, "texture": "#0"},
				"east": {"uv": [0, 0, 2, 1.375], "rotation": 270, "texture": "#0"},
				"south": {"uv": [1.5625, 8.5, 1.5, 6.5], "texture": "#0"},
				"west": {"uv": [0, 1.5, 2, 2.875], "rotation": 90, "texture": "#0"},
				"up": {"uv": [8, 4.5, 8.0625, 5.875], "rotation": 180, "texture": "#0"},
				"down": {"uv": [5, 8, 5.0625, 9.375], "texture": "#0"}
			}
		},
		{
			"name": "rist_main",
			"from": [9.74484, 8.43433, 6.65079],
			"to": [9.99484, 8.53433, 9.40079],
			"rotation": {"angle": 0, "axis": "y", "origin": [8, 8, 8]},
			"faces": {
				"north": {"uv": [1.625, 11.5, 1.5, 11.5625], "rotation": 180, "texture": "#0"},
				"east": {"uv": [8, 6, 8.0625, 7.375], "rotation": 270, "texture": "#0"},
				"south": {"uv": [11.625, 1.0625, 11.5, 1], "texture": "#0"},
				"west": {"uv": [8, 7.5, 8.0625, 8.875], "rotation": 90, "texture": "#0"},
				"up": {"uv": [5.5, 6, 5.625, 7.375], "rotation": 180, "texture": "#0"},
				"down": {"uv": [0, 6.5, 0.125, 7.875], "texture": "#0"}
			}
		},
		{
			"name": "rist_main",
			"from": [5.99484, 8.43433, 6.65079],
			"to": [6.24484, 8.53433, 9.40079],
			"rotation": {"angle": 0, "axis": "y", "origin": [8, 8, 8]},
			"faces": {
				"north": {"uv": [2.125, 11.5, 2, 11.5625], "rotation": 180, "texture": "#0"},
				"east": {"uv": [1.5, 8.5, 1.5625, 9.875], "rotation": 270, "texture": "#0"},
				"south": {"uv": [11.625, 1.5625, 11.5, 1.5], "texture": "#0"},
				"west": {"uv": [8.5, 1.5, 8.5625, 2.875], "rotation": 90, "texture": "#0"},
				"up": {"uv": [0.5, 6.5, 0.625, 7.875], "rotation": 180, "texture": "#0"},
				"down": {"uv": [1, 6.5, 1.125, 7.875], "texture": "#0"}
			}
		},
		{
			"name": "rist_main",
			"from": [6.24484, 8.43433, 6.52579],
			"to": [6.36984, 8.53433, 9.52579],
			"rotation": {"angle": 0, "axis": "y", "origin": [8, 8, 8]},
			"faces": {
				"north": {"uv": [1.5625, 12.5, 1.5, 12.5625], "rotation": 180, "texture": "#0"},
				"east": {"uv": [7.5, 7, 7.5625, 8.5], "rotation": 270, "texture": "#0"},
				"south": {"uv": [12.5625, 1.0625, 12.5, 1], "texture": "#0"},
				"west": {"uv": [0.5, 8, 0.5625, 9.5], "rotation": 90, "texture": "#0"},
				"up": {"uv": [5.5, 7.5, 5.5625, 9], "rotation": 180, "texture": "#0"},
				"down": {"uv": [0, 8, 0.0625, 9.5], "texture": "#0"}
			}
		},
		{
			"name": "rist_main",
			"from": [9.61984, 8.43433, 6.52579],
			"to": [9.74484, 8.53433, 9.52579],
			"rotation": {"angle": 0, "axis": "y", "origin": [8, 8, 8]},
			"faces": {
				"north": {"uv": [2.0625, 12.5, 2, 12.5625], "rotation": 180, "texture": "#0"},
				"east": {"uv": [8, 1.5, 8.0625, 3], "rotation": 270, "texture": "#0"},
				"south": {"uv": [12.5625, 1.5625, 12.5, 1.5], "texture": "#0"},
				"west": {"uv": [4.5, 8, 4.5625, 9.5], "rotation": 90, "texture": "#0"},
				"up": {"uv": [1, 8, 1.0625, 9.5], "rotation": 180, "texture": "#0"},
				"down": {"uv": [4, 8, 4.0625, 9.5], "texture": "#0"}
			}
		},
		{
			"name": "rist_main",
			"from": [9.36984, 8.43433, 6.40079],
			"to": [9.61984, 8.53433, 9.65079],
			"rotation": {"angle": 0, "axis": "y", "origin": [8, 8, 8]},
			"faces": {
				"north": {"uv": [2.625, 11.5, 2.5, 11.5625], "rotation": 180, "texture": "#0"},
				"east": {"uv": [6.5, 7, 6.5625, 8.625], "rotation": 270, "texture": "#0"},
				"south": {"uv": [11.625, 2.0625, 11.5, 2], "texture": "#0"},
				"west": {"uv": [7, 7, 7.0625, 8.625], "rotation": 90, "texture": "#0"},
				"up": {"uv": [4, 6, 4.125, 7.625], "rotation": 180, "texture": "#0"},
				"down": {"uv": [4.5, 6, 4.625, 7.625], "texture": "#0"}
			}
		},
		{
			"name": "rist_main",
			"from": [6.36984, 8.43433, 6.40079],
			"to": [6.61984, 8.53433, 9.65079],
			"rotation": {"angle": 0, "axis": "y", "origin": [8, 8, 8]},
			"faces": {
				"north": {"uv": [3.125, 11.5, 3, 11.5625], "rotation": 180, "texture": "#0"},
				"east": {"uv": [7.5, 1.5, 7.5625, 3.125], "rotation": 270, "texture": "#0"},
				"south": {"uv": [11.625, 2.5625, 11.5, 2.5], "texture": "#0"},
				"west": {"uv": [7.5, 4.5, 7.5625, 6.125], "rotation": 90, "texture": "#0"},
				"up": {"uv": [6, 4.5, 6.125, 6.125], "rotation": 180, "texture": "#0"},
				"down": {"uv": [5, 6, 5.125, 7.625], "texture": "#0"}
			}
		},
		{
			"name": "rist_main",
			"from": [6.61984, 8.43433, 6.40079],
			"to": [9.36984, 8.53433, 9.77579],
			"rotation": {"angle": 0, "axis": "y", "origin": [8, 8, 8]},
			"faces": {
				"north": {"uv": [8.875, 0.5, 7.5, 0.5625], "rotation": 180, "texture": "#0"},
				"east": {"uv": [7, 4.5, 7.0625, 6.1875], "rotation": 270, "texture": "#0"},
				"south": {"uv": [8.875, 0.0625, 7.5, 0], "texture": "#0"},
				"west": {"uv": [6, 7, 6.0625, 8.6875], "rotation": 90, "texture": "#0"},
				"up": {"uv": [4, 0, 5.375, 1.6875], "rotation": 180, "texture": "#0"},
				"down": {"uv": [4, 2, 5.375, 3.6875], "texture": "#0"}
			}
		},
		{
			"name": "rist_main",
			"from": [6.89484, 8.43433, 6.27579],
			"to": [9.14484, 8.53433, 6.40079],
			"rotation": {"angle": 0, "axis": "y", "origin": [8, 8, 8]},
			"faces": {
				"north": {"uv": [10.625, 4.5, 9.5, 4.5625], "rotation": 180, "texture": "#0"},
				"east": {"uv": [12.5, 2, 12.5625, 2.0625], "rotation": 270, "texture": "#0"},
				"south": {"uv": [10.625, 4.0625, 9.5, 4], "texture": "#0"},
				"west": {"uv": [2.5, 12.5, 2.5625, 12.5625], "rotation": 90, "texture": "#0"},
				"up": {"uv": [9.5, 3.5, 10.625, 3.5625], "rotation": 180, "texture": "#0"},
				"down": {"uv": [4, 9.5, 5.125, 9.5625], "texture": "#0"}
			}
		},
		{
			"name": "rist_main",
			"from": [9.99484, 4.43433, 6.65079],
			"to": [10.09484, 8.43433, 9.40079],
			"rotation": {"angle": 0, "axis": "y", "origin": [8, 8, 8]},
			"faces": {
				"north": {"uv": [6.5625, 4.5, 6.5, 6.5], "rotation": 180, "texture": "#0"},
				"east": {"uv": [2, 0, 4, 1.375], "rotation": 270, "texture": "#0"},
				"south": {"uv": [3.5625, 8.5, 3.5, 6.5], "texture": "#0"},
				"west": {"uv": [2, 1.5, 4, 2.875], "rotation": 90, "texture": "#0"},
				"up": {"uv": [3.5, 8.5, 3.5625, 9.875], "rotation": 180, "texture": "#0"},
				"down": {"uv": [8.5, 4.5, 8.5625, 5.875], "texture": "#0"}
			}
		},
		{
			"name": "rist_main",
			"from": [5.99484, 4.33433, 6.65079],
			"to": [9.99484, 4.43433, 9.40079],
			"rotation": {"angle": 0, "axis": "y", "origin": [8, 8, 8]},
			"faces": {
				"north": {"uv": [9, 1, 7, 1.0625], "rotation": 180, "texture": "#0"},
				"east": {"uv": [8.5, 6, 8.5625, 7.375], "rotation": 270, "texture": "#0"},
				"south": {"uv": [8, 6.5625, 6, 6.5], "texture": "#0"},
				"west": {"uv": [7.5, 8.5, 7.5625, 9.875], "rotation": 90, "texture": "#0"},
				"up": {"uv": [0, 3, 2, 4.375], "rotation": 180, "texture": "#0"},
				"down": {"uv": [2, 3, 4, 4.375], "texture": "#0"}
			}
		},
		{
			"name": "rist_main",
			"from": [5.84484, 4.43433, 7.15079],
			"to": [5.89484, 8.43433, 8.90079],
			"rotation": {"angle": 0, "axis": "y", "origin": [8, 8, 8]},
			"faces": {
				"north": {"uv": [2.0625, 7, 2, 9], "rotation": 180, "texture": "#0"},
				"east": {"uv": [4, 4, 6, 4.875], "rotation": 270, "texture": "#0"},
				"south": {"uv": [7.0625, 3.5, 7, 1.5], "texture": "#0"},
				"west": {"uv": [0, 4.5, 2, 5.375], "rotation": 90, "texture": "#0"},
				"up": {"uv": [1.5, 10, 1.5625, 10.875], "rotation": 180, "texture": "#0"},
				"down": {"uv": [10, 1.5, 10.0625, 2.375], "texture": "#0"}
			}
		},
		{
			"name": "rist_main",
			"from": [5.99484, 4.28433, 7.15079],
			"to": [9.99484, 4.33433, 8.90079],
			"rotation": {"angle": 0, "axis": "y", "origin": [8, 8, 8]},
			"faces": {
				"north": {"uv": [9, 4, 7, 4.0625], "rotation": 180, "texture": "#0"},
				"east": {"uv": [3.5, 10, 3.5625, 10.875], "rotation": 270, "texture": "#0"},
				"south": {"uv": [9, 3.5625, 7, 3.5], "texture": "#0"},
				"west": {"uv": [4, 10, 4.0625, 10.875], "rotation": 90, "texture": "#0"},
				"up": {"uv": [2, 4.5, 4, 5.375], "rotation": 180, "texture": "#0"},
				"down": {"uv": [4, 5, 6, 5.875], "texture": "#0"}
			}
		},
		{
			"name": "rist_main",
			"from": [10.09484, 4.43433, 7.15079],
			"to": [10.14484, 8.43433, 8.90079],
			"rotation": {"angle": 0, "axis": "y", "origin": [8, 8, 8]},
			"faces": {
				"north": {"uv": [3.0625, 7, 3, 9], "rotation": 180, "texture": "#0"},
				"east": {"uv": [0, 5.5, 2, 6.375], "rotation": 270, "texture": "#0"},
				"south": {"uv": [2.5625, 9, 2.5, 7], "texture": "#0"},
				"west": {"uv": [5.5, 0, 7.5, 0.875], "rotation": 90, "texture": "#0"},
				"up": {"uv": [4.5, 10, 4.5625, 10.875], "rotation": 180, "texture": "#0"},
				"down": {"uv": [5, 10, 5.0625, 10.875], "texture": "#0"}
			}
		},
		{
			"name": "rist_main",
			"from": [9.36984, 8.53433, 7.15079],
			"to": [9.99484, 8.58433, 8.90079],
			"rotation": {"angle": 0, "axis": "y", "origin": [8, 8, 8]},
			"faces": {
				"north": {"uv": [11.3125, 0.5, 11, 0.5625], "rotation": 180, "texture": "#0"},
				"east": {"uv": [10, 5, 10.0625, 5.875], "rotation": 270, "texture": "#0"},
				"south": {"uv": [11.3125, 0.0625, 11, 0], "texture": "#0"},
				"west": {"uv": [10, 6, 10.0625, 6.875], "rotation": 90, "texture": "#0"},
				"up": {"uv": [5.5, 2.5, 5.8125, 3.375], "rotation": 180, "texture": "#0"},
				"down": {"uv": [3.5, 5.5, 3.8125, 6.375], "texture": "#0"}
			}
		},
		{
			"name": "rist_main",
			"from": [9.36984, 8.53433, 8.90079],
			"to": [9.99484, 8.55933, 9.40079],
			"rotation": {"angle": 0, "axis": "y", "origin": [8, 8, 8]},
			"faces": {
				"north": {"uv": [11.3125, 1, 11, 1.0625], "rotation": 180, "texture": "#0"},
				"east": {"uv": [11, 4, 11.0625, 4.25], "rotation": 270, "texture": "#0"},
				"south": {"uv": [1.3125, 11.0625, 1, 11], "texture": "#0"},
				"west": {"uv": [4.5, 11, 4.5625, 11.25], "rotation": 90, "texture": "#0"},
				"up": {"uv": [5.5, 3.5, 5.8125, 3.75], "rotation": 180, "texture": "#0"},
				"down": {"uv": [8, 3, 8.3125, 3.25], "texture": "#0"}
			}
		},
		{
			"name": "rist_main",
			"from": [9.24484, 8.53433, 9.40079],
			"to": [9.61984, 8.55933, 9.65079],
			"rotation": {"angle": 0, "axis": "y", "origin": [8, 8, 8]},
			"faces": {
				"north": {"uv": [11.1875, 10.5, 11, 10.5625], "rotation": 180, "texture": "#0"},
				"east": {"uv": [11.5, 3, 11.5625, 3.125], "rotation": 270, "texture": "#0"},
				"south": {"uv": [10.6875, 11.0625, 10.5, 11], "texture": "#0"},
				"west": {"uv": [3.5, 11.5, 3.5625, 11.625], "rotation": 90, "texture": "#0"},
				"up": {"uv": [10.5, 2, 10.6875, 2.125], "rotation": 180, "texture": "#0"},
				"down": {"uv": [10.5, 8, 10.6875, 8.125], "texture": "#0"}
			}
		},
		{
			"name": "rist_main",
			"from": [9.61984, 8.53433, 9.40079],
			"to": [9.74484, 8.55933, 9.52579],
			"rotation": {"angle": 0, "axis": "y", "origin": [8, 8, 8]},
			"faces": {
				"north": {"uv": [4.0625, 12.5, 4, 12.5625], "rotation": 180, "texture": "#0"},
				"east": {"uv": [3, 12.5, 3.0625, 12.5625], "rotation": 270, "texture": "#0"},
				"south": {"uv": [12.5625, 3.5625, 12.5, 3.5], "texture": "#0"},
				"west": {"uv": [3.5, 12.5, 3.5625, 12.5625], "rotation": 90, "texture": "#0"},
				"up": {"uv": [12.5, 2.5, 12.5625, 2.5625], "rotation": 180, "texture": "#0"},
				"down": {"uv": [12.5, 3, 12.5625, 3.0625], "texture": "#0"}
			}
		},
		{
			"name": "rist_main",
			"from": [9.24484, 8.53433, 9.15079],
			"to": [9.36984, 8.55933, 9.40079],
			"rotation": {"angle": 0, "axis": "y", "origin": [8, 8, 8]},
			"faces": {
				"north": {"uv": [4.5625, 12.5, 4.5, 12.5625], "rotation": 180, "texture": "#0"},
				"east": {"uv": [4, 11.5, 4.0625, 11.625], "rotation": 270, "texture": "#0"},
				"south": {"uv": [12.5625, 4.0625, 12.5, 4], "texture": "#0"},
				"west": {"uv": [4.5, 11.5, 4.5625, 11.625], "rotation": 90, "texture": "#0"},
				"up": {"uv": [11.5, 3.5, 11.5625, 3.625], "rotation": 180, "texture": "#0"},
				"down": {"uv": [11.5, 4, 11.5625, 4.125], "texture": "#0"}
			}
		},
		{
			"name": "rist_main",
			"from": [9.11984, 8.53433, 9.27579],
			"to": [9.24484, 8.55933, 9.52579],
			"rotation": {"angle": 0, "axis": "y", "origin": [8, 8, 8]},
			"faces": {
				"north": {"uv": [5.0625, 12.5, 5, 12.5625], "rotation": 180, "texture": "#0"},
				"east": {"uv": [5, 11.5, 5.0625, 11.625], "rotation": 270, "texture": "#0"},
				"south": {"uv": [12.5625, 4.5625, 12.5, 4.5], "texture": "#0"},
				"west": {"uv": [5.5, 11.5, 5.5625, 11.625], "rotation": 90, "texture": "#0"},
				"up": {"uv": [11.5, 4.5, 11.5625, 4.625], "rotation": 180, "texture": "#0"},
				"down": {"uv": [11.5, 5, 11.5625, 5.125], "texture": "#0"}
			}
		},
		{
			"name": "rist_main",
			"from": [8.99484, 8.53433, 9.27579],
			"to": [9.11984, 8.55933, 9.40079],
			"rotation": {"angle": 0, "axis": "y", "origin": [8, 8, 8]},
			"faces": {
				"north": {"uv": [6.5625, 12.5, 6.5, 12.5625], "rotation": 180, "texture": "#0"},
				"east": {"uv": [5.5, 12.5, 5.5625, 12.5625], "rotation": 270, "texture": "#0"},
				"south": {"uv": [12.5625, 6.0625, 12.5, 6], "texture": "#0"},
				"west": {"uv": [6, 12.5, 6.0625, 12.5625], "rotation": 90, "texture": "#0"},
				"up": {"uv": [12.5, 5, 12.5625, 5.0625], "rotation": 180, "texture": "#0"},
				"down": {"uv": [12.5, 5.5, 12.5625, 5.5625], "texture": "#0"}
			}
		},
		{
			"name": "rist_main",
			"from": [5.99484, 8.53433, 8.90079],
			"to": [6.61984, 8.55933, 9.40079],
			"rotation": {"angle": 0, "axis": "y", "origin": [8, 8, 8]},
			"faces": {
				"north": {"uv": [11.3125, 1.5, 11, 1.5625], "rotation": 180, "texture": "#0"},
				"east": {"uv": [11, 4.5, 11.0625, 4.75], "rotation": 270, "texture": "#0"},
				"south": {"uv": [1.8125, 11.0625, 1.5, 11], "texture": "#0"},
				"west": {"uv": [5, 11, 5.0625, 11.25], "rotation": 90, "texture": "#0"},
				"up": {"uv": [8.5, 3, 8.8125, 3.25], "rotation": 180, "texture": "#0"},
				"down": {"uv": [9, 9, 9.3125, 9.25], "texture": "#0"}
			}
		},
		{
			"name": "rist_main",
			"from": [6.36984, 8.53433, 9.40079],
			"to": [6.74484, 8.55933, 9.65079],
			"rotation": {"angle": 0, "axis": "y", "origin": [8, 8, 8]},
			"faces": {
				"north": {"uv": [0.1875, 11.5, 0, 11.5625], "rotation": 180, "texture": "#0"},
				"east": {"uv": [11.5, 5.5, 11.5625, 5.625], "rotation": 270, "texture": "#0"},
				"south": {"uv": [11.1875, 11.0625, 11, 11], "texture": "#0"},
				"west": {"uv": [6, 11.5, 6.0625, 11.625], "rotation": 90, "texture": "#0"},
				"up": {"uv": [8.5, 10.5, 8.6875, 10.625], "rotation": 180, "texture": "#0"},
				"down": {"uv": [10.5, 8.5, 10.6875, 8.625], "texture": "#0"}
			}
		},
		{
			"name": "rist_main",
			"from": [6.24484, 8.53433, 9.40079],
			"to": [6.36984, 8.55933, 9.52579],
			"rotation": {"angle": 0, "axis": "y", "origin": [8, 8, 8]},
			"faces": {
				"north": {"uv": [8.0625, 12.5, 8, 12.5625], "rotation": 180, "texture": "#0"},
				"east": {"uv": [7, 12.5, 7.0625, 12.5625], "rotation": 270, "texture": "#0"},
				"south": {"uv": [12.5625, 7.5625, 12.5, 7.5], "texture": "#0"},
				"west": {"uv": [7.5, 12.5, 7.5625, 12.5625], "rotation": 90, "texture": "#0"},
				"up": {"uv": [12.5, 6.5, 12.5625, 6.5625], "rotation": 180, "texture": "#0"},
				"down": {"uv": [12.5, 7, 12.5625, 7.0625], "texture": "#0"}
			}
		},
		{
			"name": "rist_main",
			"from": [6.61984, 8.53433, 9.15079],
			"to": [6.74484, 8.55933, 9.40079],
			"rotation": {"angle": 0, "axis": "y", "origin": [8, 8, 8]},
			"faces": {
				"north": {"uv": [8.5625, 12.5, 8.5, 12.5625], "rotation": 180, "texture": "#0"},
				"east": {"uv": [6.5, 11.5, 6.5625, 11.625], "rotation": 270, "texture": "#0"},
				"south": {"uv": [12.5625, 8.0625, 12.5, 8], "texture": "#0"},
				"west": {"uv": [7, 11.5, 7.0625, 11.625], "rotation": 90, "texture": "#0"},
				"up": {"uv": [11.5, 6, 11.5625, 6.125], "rotation": 180, "texture": "#0"},
				"down": {"uv": [11.5, 6.5, 11.5625, 6.625], "texture": "#0"}
			}
		},
		{
			"name": "rist_main",
			"from": [6.74484, 8.53433, 9.27579],
			"to": [6.86984, 8.55933, 9.52579],
			"rotation": {"angle": 0, "axis": "y", "origin": [8, 8, 8]},
			"faces": {
				"north": {"uv": [9.0625, 12.5, 9, 12.5625], "rotation": 180, "texture": "#0"},
				"east": {"uv": [7.5, 11.5, 7.5625, 11.625], "rotation": 270, "texture": "#0"},
				"south": {"uv": [12.5625, 8.5625, 12.5, 8.5], "texture": "#0"},
				"west": {"uv": [8, 11.5, 8.0625, 11.625], "rotation": 90, "texture": "#0"},
				"up": {"uv": [11.5, 7, 11.5625, 7.125], "rotation": 180, "texture": "#0"},
				"down": {"uv": [11.5, 7.5, 11.5625, 7.625], "texture": "#0"}
			}
		},
		{
			"name": "rist_main",
			"from": [6.86984, 8.53433, 9.27579],
			"to": [6.99484, 8.55933, 9.40079],
			"rotation": {"angle": 0, "axis": "y", "origin": [8, 8, 8]},
			"faces": {
				"north": {"uv": [10.5625, 12.5, 10.5, 12.5625], "rotation": 180, "texture": "#0"},
				"east": {"uv": [9.5, 12.5, 9.5625, 12.5625], "rotation": 270, "texture": "#0"},
				"south": {"uv": [12.5625, 10.0625, 12.5, 10], "texture": "#0"},
				"west": {"uv": [10, 12.5, 10.0625, 12.5625], "rotation": 90, "texture": "#0"},
				"up": {"uv": [12.5, 9, 12.5625, 9.0625], "rotation": 180, "texture": "#0"},
				"down": {"uv": [12.5, 9.5, 12.5625, 9.5625], "texture": "#0"}
			}
		},
		{
			"name": "rist_main",
			"from": [5.99484, 8.53433, 6.65079],
			"to": [6.61984, 8.55933, 7.15079],
			"rotation": {"angle": 0, "axis": "y", "origin": [8, 8, 8]},
			"faces": {
				"north": {"uv": [11.3125, 2.5, 11, 2.5625], "rotation": 180, "texture": "#0"},
				"east": {"uv": [11, 5, 11.0625, 5.25], "rotation": 270, "texture": "#0"},
				"south": {"uv": [11.3125, 2.0625, 11, 2], "texture": "#0"},
				"west": {"uv": [11, 5.5, 11.0625, 5.75], "rotation": 90, "texture": "#0"},
				"up": {"uv": [0, 9.5, 0.3125, 9.75], "rotation": 180, "texture": "#0"},
				"down": {"uv": [9.5, 0, 9.8125, 0.25], "texture": "#0"}
			}
		},
		{
			"name": "rist_main",
			"from": [6.36984, 8.53433, 6.40079],
			"to": [6.74484, 8.55933, 6.65079],
			"rotation": {"angle": 0, "axis": "y", "origin": [8, 8, 8]},
			"faces": {
				"north": {"uv": [0.6875, 11.5, 0.5, 11.5625], "rotation": 180, "texture": "#0"},
				"east": {"uv": [11.5, 8, 11.5625, 8.125], "rotation": 270, "texture": "#0"},
				"south": {"uv": [11.6875, 0.0625, 11.5, 0], "texture": "#0"},
				"west": {"uv": [8.5, 11.5, 8.5625, 11.625], "rotation": 90, "texture": "#0"},
				"up": {"uv": [10.5, 9, 10.6875, 9.125], "rotation": 180, "texture": "#0"},
				"down": {"uv": [10.5, 9.5, 10.6875, 9.625], "texture": "#0"}
			}
		},
		{
			"name": "rist_main",
			"from": [6.24484, 8.53433, 6.52579],
			"to": [6.36984, 8.55933, 6.65079],
			"rotation": {"angle": 0, "axis": "y", "origin": [8, 8, 8]},
			"faces": {
				"north": {"uv": [12.0625, 12.5, 12, 12.5625], "rotation": 180, "texture": "#0"},
				"east": {"uv": [11, 12.5, 11.0625, 12.5625], "rotation": 270, "texture": "#0"},
				"south": {"uv": [12.5625, 11.5625, 12.5, 11.5], "texture": "#0"},
				"west": {"uv": [11.5, 12.5, 11.5625, 12.5625], "rotation": 90, "texture": "#0"},
				"up": {"uv": [12.5, 10.5, 12.5625, 10.5625], "rotation": 180, "texture": "#0"},
				"down": {"uv": [12.5, 11, 12.5625, 11.0625], "texture": "#0"}
			}
		},
		{
			"name": "rist_main",
			"from": [6.61984, 8.53433, 6.65079],
			"to": [6.74484, 8.55933, 6.90079],
			"rotation": {"angle": 0, "axis": "y", "origin": [8, 8, 8]},
			"faces": {
				"north": {"uv": [12.5625, 12.5, 12.5, 12.5625], "rotation": 180, "texture": "#0"},
				"east": {"uv": [9, 11.5, 9.0625, 11.625], "rotation": 270, "texture": "#0"},
				"south": {"uv": [12.5625, 12.0625, 12.5, 12], "texture": "#0"},
				"west": {"uv": [9.5, 11.5, 9.5625, 11.625], "rotation": 90, "texture": "#0"},
				"up": {"uv": [11.5, 8.5, 11.5625, 8.625], "rotation": 180, "texture": "#0"},
				"down": {"uv": [11.5, 9, 11.5625, 9.125], "texture": "#0"}
			}
		},
		{
			"name": "rist_main",
			"from": [6.74484, 8.53433, 6.52579],
			"to": [6.86984, 8.55933, 6.77579],
			"rotation": {"angle": 0, "axis": "y", "origin": [8, 8, 8]},
			"faces": {
				"north": {"uv": [13.0625, 0, 13, 0.0625], "rotation": 180, "texture": "#0"},
				"east": {"uv": [10, 11.5, 10.0625, 11.625], "rotation": 270, "texture": "#0"},
				"south": {"uv": [0.0625, 13.0625, 0, 13], "texture": "#0"},
				"west": {"uv": [10.5, 11.5, 10.5625, 11.625], "rotation": 90, "texture": "#0"},
				"up": {"uv": [11.5, 9.5, 11.5625, 9.625], "rotation": 180, "texture": "#0"},
				"down": {"uv": [11.5, 10, 11.5625, 10.125], "texture": "#0"}
			}
		},
		{
			"name": "rist_main",
			"from": [6.86984, 8.53433, 6.65079],
			"to": [6.99484, 8.55933, 6.77579],
			"rotation": {"angle": 0, "axis": "y", "origin": [8, 8, 8]},
			"faces": {
				"north": {"uv": [13.0625, 1.5, 13, 1.5625], "rotation": 180, "texture": "#0"},
				"east": {"uv": [13, 0.5, 13.0625, 0.5625], "rotation": 270, "texture": "#0"},
				"south": {"uv": [1.5625, 13.0625, 1.5, 13], "texture": "#0"},
				"west": {"uv": [13, 1, 13.0625, 1.0625], "rotation": 90, "texture": "#0"},
				"up": {"uv": [0.5, 13, 0.5625, 13.0625], "rotation": 180, "texture": "#0"},
				"down": {"uv": [1, 13, 1.0625, 13.0625], "texture": "#0"}
			}
		},
		{
			"name": "rist_main",
			"from": [9.36984, 8.53433, 6.65079],
			"to": [9.99484, 8.55933, 7.15079],
			"rotation": {"angle": 0, "axis": "y", "origin": [8, 8, 8]},
			"faces": {
				"north": {"uv": [3.8125, 11, 3.5, 11.0625], "rotation": 180, "texture": "#0"},
				"east": {"uv": [11, 6, 11.0625, 6.25], "rotation": 270, "texture": "#0"},
				"south": {"uv": [11.3125, 3.0625, 11, 3], "texture": "#0"},
				"west": {"uv": [11, 6.5, 11.0625, 6.75], "rotation": 90, "texture": "#0"},
				"up": {"uv": [0.5, 9.5, 0.8125, 9.75], "rotation": 180, "texture": "#0"},
				"down": {"uv": [9.5, 0.5, 9.8125, 0.75], "texture": "#0"}
			}
		},
		{
			"name": "rist_main",
			"from": [9.24484, 8.53433, 6.40079],
			"to": [9.61984, 8.55933, 6.65079],
			"rotation": {"angle": 0, "axis": "y", "origin": [8, 8, 8]},
			"faces": {
				"north": {"uv": [1.1875, 11.5, 1, 11.5625], "rotation": 180, "texture": "#0"},
				"east": {"uv": [11.5, 10.5, 11.5625, 10.625], "rotation": 270, "texture": "#0"},
				"south": {"uv": [11.6875, 0.5625, 11.5, 0.5], "texture": "#0"},
				"west": {"uv": [11, 11.5, 11.0625, 11.625], "rotation": 90, "texture": "#0"},
				"up": {"uv": [10.5, 10, 10.6875, 10.125], "rotation": 180, "texture": "#0"},
				"down": {"uv": [10.5, 10.5, 10.6875, 10.625], "texture": "#0"}
			}
		},
		{
			"name": "rist_main",
			"from": [9.61984, 8.53433, 6.52579],
			"to": [9.74484, 8.55933, 6.65079],
			"rotation": {"angle": 0, "axis": "y", "origin": [8, 8, 8]},
			"faces": {
				"north": {"uv": [13.0625, 3, 13, 3.0625], "rotation": 180, "texture": "#0"},
				"east": {"uv": [13, 2, 13.0625, 2.0625], "rotation": 270, "texture": "#0"},
				"south": {"uv": [3.0625, 13.0625, 3, 13], "texture": "#0"},
				"west": {"uv": [13, 2.5, 13.0625, 2.5625], "rotation": 90, "texture": "#0"},
				"up": {"uv": [2, 13, 2.0625, 13.0625], "rotation": 180, "texture": "#0"},
				"down": {"uv": [2.5, 13, 2.5625, 13.0625], "texture": "#0"}
			}
		},
		{
			"name": "rist_main",
			"from": [9.24484, 8.53433, 6.65079],
			"to": [9.36984, 8.55933, 6.90079],
			"rotation": {"angle": 0, "axis": "y", "origin": [8, 8, 8]},
			"faces": {
				"north": {"uv": [13.0625, 3.5, 13, 3.5625], "rotation": 180, "texture": "#0"},
				"east": {"uv": [11.5, 11.5, 11.5625, 11.625], "rotation": 270, "texture": "#0"},
				"south": {"uv": [3.5625, 13.0625, 3.5, 13], "texture": "#0"},
				"west": {"uv": [12, 0, 12.0625, 0.125], "rotation": 90, "texture": "#0"},
				"up": {"uv": [11.5, 11, 11.5625, 11.125], "rotation": 180, "texture": "#0"},
				"down": {"uv": [0, 12, 0.0625, 12.125], "texture": "#0"}
			}
		},
		{
			"name": "rist_main",
			"from": [9.11984, 8.53433, 6.52579],
			"to": [9.24484, 8.55933, 6.77579],
			"rotation": {"angle": 0, "axis": "y", "origin": [8, 8, 8]},
			"faces": {
				"north": {"uv": [13.0625, 4, 13, 4.0625], "rotation": 180, "texture": "#0"},
				"east": {"uv": [12, 0.5, 12.0625, 0.625], "rotation": 270, "texture": "#0"},
				"south": {"uv": [4.0625, 13.0625, 4, 13], "texture": "#0"},
				"west": {"uv": [12, 1, 12.0625, 1.125], "rotation": 90, "texture": "#0"},
				"up": {"uv": [0.5, 12, 0.5625, 12.125], "rotation": 180, "texture": "#0"},
				"down": {"uv": [1, 12, 1.0625, 12.125], "texture": "#0"}
			}
		},
		{
			"name": "rist_main",
			"from": [8.99484, 8.53433, 6.65079],
			"to": [9.11984, 8.55933, 6.77579],
			"rotation": {"angle": 0, "axis": "y", "origin": [8, 8, 8]},
			"faces": {
				"north": {"uv": [13.0625, 5.5, 13, 5.5625], "rotation": 180, "texture": "#0"},
				"east": {"uv": [13, 4.5, 13.0625, 4.5625], "rotation": 270, "texture": "#0"},
				"south": {"uv": [5.5625, 13.0625, 5.5, 13], "texture": "#0"},
				"west": {"uv": [13, 5, 13.0625, 5.0625], "rotation": 90, "texture": "#0"},
				"up": {"uv": [4.5, 13, 4.5625, 13.0625], "rotation": 180, "texture": "#0"},
				"down": {"uv": [5, 13, 5.0625, 13.0625], "texture": "#0"}
			}
		},
		{
			"name": "rist_main",
			"from": [9.24484, 8.53433, 6.90079],
			"to": [9.36984, 8.60933, 9.15079],
			"rotation": {"angle": 0, "axis": "y", "origin": [8, 8, 8]},
			"faces": {
				"north": {"uv": [13.0625, 6, 13, 6.0625], "rotation": 180, "texture": "#0"},
				"east": {"uv": [9.5, 6.5, 9.5625, 7.625], "rotation": 270, "texture": "#0"},
				"south": {"uv": [6.0625, 13.0625, 6, 13], "texture": "#0"},
				"west": {"uv": [9, 9.5, 9.0625, 10.625], "rotation": 90, "texture": "#0"},
				"up": {"uv": [9.5, 5, 9.5625, 6.125], "rotation": 180, "texture": "#0"},
				"down": {"uv": [9.5, 8, 9.5625, 9.125], "texture": "#0"}
			}
		},
		{
			"name": "rist_main",
			"from": [6.61984, 8.53433, 6.90079],
			"to": [6.74484, 8.60933, 9.15079],
			"rotation": {"angle": 0, "axis": "y", "origin": [8, 8, 8]},
			"faces": {
				"north": {"uv": [13.0625, 6.5, 13, 6.5625], "rotation": 180, "texture": "#0"},
				"east": {"uv": [0, 10, 0.0625, 11.125], "rotation": 270, "texture": "#0"},
				"south": {"uv": [6.5625, 13.0625, 6.5, 13], "texture": "#0"},
				"west": {"uv": [0.5, 10, 0.5625, 11.125], "rotation": 90, "texture": "#0"},
				"up": {"uv": [9.5, 9.5, 9.5625, 10.625], "rotation": 180, "texture": "#0"},
				"down": {"uv": [10, 0, 10.0625, 1.125], "texture": "#0"}
			}
		},
		{
			"name": "rist_main",
			"from": [6.74484, 8.53433, 6.77579],
			"to": [9.24484, 8.60933, 9.27579],
			"rotation": {"angle": 0, "axis": "y", "origin": [8, 8, 8]},
			"faces": {
				"north": {"uv": [10.75, 3, 9.5, 3.0625], "rotation": 180, "texture": "#0"},
				"east": {"uv": [1, 9.5, 1.0625, 10.75], "rotation": 270, "texture": "#0"},
				"south": {"uv": [10.75, 2.5625, 9.5, 2.5], "texture": "#0"},
				"west": {"uv": [9.5, 1, 9.5625, 2.25], "rotation": 90, "texture": "#0"},
				"up": {"uv": [5.5, 1, 6.75, 2.25], "rotation": 180, "texture": "#0"},
				"down": {"uv": [2, 5.5, 3.25, 6.75], "texture": "#0"}
			}
		},
		{
			"name": "rist_main",
			"from": [9.99484, 8.43433, 7.15079],
			"to": [10.09484, 8.53433, 8.90079],
			"rotation": {"angle": 0, "axis": "y", "origin": [8, 8, 8]},
			"faces": {
				"north": {"uv": [13.0625, 7, 13, 7.0625], "rotation": 180, "texture": "#0"},
				"east": {"uv": [7.5, 10, 7.5625, 10.875], "rotation": 270, "texture": "#0"},
				"south": {"uv": [7.0625, 13.0625, 7, 13], "texture": "#0"},
				"west": {"uv": [10, 9, 10.0625, 9.875], "rotation": 90, "texture": "#0"},
				"up": {"uv": [10, 7, 10.0625, 7.875], "rotation": 180, "texture": "#0"},
				"down": {"uv": [10, 8, 10.0625, 8.875], "texture": "#0"}
			}
		},
		{
			"name": "rist_main",
			"from": [5.89484, 8.43433, 7.15079],
			"to": [5.99484, 8.53433, 8.90079],
			"rotation": {"angle": 0, "axis": "y", "origin": [8, 8, 8]},
			"faces": {
				"north": {"uv": [13.0625, 7.5, 13, 7.5625], "rotation": 180, "texture": "#0"},
				"east": {"uv": [10.5, 0, 10.5625, 0.875], "rotation": 270, "texture": "#0"},
				"south": {"uv": [7.5625, 13.0625, 7.5, 13], "texture": "#0"},
				"west": {"uv": [2, 10.5, 2.0625, 11.375], "rotation": 90, "texture": "#0"},
				"up": {"uv": [10, 10, 10.0625, 10.875], "rotation": 180, "texture": "#0"},
				"down": {"uv": [10.5, 1, 10.5625, 1.875], "texture": "#0"}
			}
		},
		{
			"name": "rist_main",
			"from": [5.91984, 8.43433, 6.65079],
			"to": [5.99484, 8.50933, 9.40079],
			"rotation": {"angle": 0, "axis": "y", "origin": [8, 8, 8]},
			"faces": {
				"north": {"uv": [13.0625, 8, 13, 8.0625], "rotation": 180, "texture": "#0"},
				"east": {"uv": [9, 0, 9.0625, 1.375], "rotation": 270, "texture": "#0"},
				"south": {"uv": [8.0625, 13.0625, 8, 13], "texture": "#0"},
				"west": {"uv": [2, 9, 2.0625, 10.375], "rotation": 90, "texture": "#0"},
				"up": {"uv": [8.5, 7.5, 8.5625, 8.875], "rotation": 180, "texture": "#0"},
				"down": {"uv": [9, 1.5, 9.0625, 2.875], "texture": "#0"}
			}
		},
		{
			"name": "rist_main",
			"from": [5.91984, 4.35933, 6.65079],
			"to": [5.99484, 4.43433, 9.40079],
			"rotation": {"angle": 0, "axis": "y", "origin": [8, 8, 8]},
			"faces": {
				"north": {"uv": [13.0625, 8.5, 13, 8.5625], "rotation": 180, "texture": "#0"},
				"east": {"uv": [3, 9, 3.0625, 10.375], "rotation": 270, "texture": "#0"},
				"south": {"uv": [8.5625, 13.0625, 8.5, 13], "texture": "#0"},
				"west": {"uv": [9, 4.5, 9.0625, 5.875], "rotation": 90, "texture": "#0"},
				"up": {"uv": [2.5, 9, 2.5625, 10.375], "rotation": 180, "texture": "#0"},
				"down": {"uv": [9, 3, 9.0625, 4.375], "texture": "#0"}
			}
		},
		{
			"name": "rist_main",
			"from": [9.99484, 4.35933, 6.65079],
			"to": [10.06984, 4.43433, 9.40079],
			"rotation": {"angle": 0, "axis": "y", "origin": [8, 8, 8]},
			"faces": {
				"north": {"uv": [13.0625, 9, 13, 9.0625], "rotation": 180, "texture": "#0"},
				"east": {"uv": [6, 9, 6.0625, 10.375], "rotation": 270, "texture": "#0"},
				"south": {"uv": [9.0625, 13.0625, 9, 13], "texture": "#0"},
				"west": {"uv": [6.5, 9, 6.5625, 10.375], "rotation": 90, "texture": "#0"},
				"up": {"uv": [5.5, 9, 5.5625, 10.375], "rotation": 180, "texture": "#0"},
				"down": {"uv": [9, 6, 9.0625, 7.375], "texture": "#0"}
			}
		},
		{
			"name": "rist_main",
			"from": [9.99484, 8.43433, 6.65079],
			"to": [10.06984, 8.50933, 9.40079],
			"rotation": {"angle": 0, "axis": "y", "origin": [8, 8, 8]},
			"faces": {
				"north": {"uv": [13.0625, 9.5, 13, 9.5625], "rotation": 180, "texture": "#0"},
				"east": {"uv": [9, 7.5, 9.0625, 8.875], "rotation": 270, "texture": "#0"},
				"south": {"uv": [9.5625, 13.0625, 9.5, 13], "texture": "#0"},
				"west": {"uv": [8.5, 9, 8.5625, 10.375], "rotation": 90, "texture": "#0"},
				"up": {"uv": [7, 9, 7.0625, 10.375], "rotation": 180, "texture": "#0"},
				"down": {"uv": [8, 9, 8.0625, 10.375], "texture": "#0"}
			}
		},
		{
			"name": "rist_main",
			"from": [5.89484, 4.33433, 7.15079],
			"to": [5.99484, 4.43433, 8.90079],
			"rotation": {"angle": 0, "axis": "y", "origin": [8, 8, 8]},
			"faces": {
				"north": {"uv": [13.0625, 10, 13, 10.0625], "rotation": 180, "texture": "#0"},
				"east": {"uv": [3, 10.5, 3.0625, 11.375], "rotation": 270, "texture": "#0"},
				"south": {"uv": [10.0625, 13.0625, 10, 13], "texture": "#0"},
				"west": {"uv": [5.5, 10.5, 5.5625, 11.375], "rotation": 90, "texture": "#0"},
				"up": {"uv": [2.5, 10.5, 2.5625, 11.375], "rotation": 180, "texture": "#0"},
				"down": {"uv": [10.5, 5, 10.5625, 5.875], "texture": "#0"}
			}
		},
		{
			"name": "rist_main",
			"from": [9.99484, 4.33433, 7.15079],
			"to": [10.09484, 4.43433, 8.90079],
			"rotation": {"angle": 0, "axis": "y", "origin": [8, 8, 8]},
			"faces": {
				"north": {"uv": [13.0625, 10.5, 13, 10.5625], "rotation": 180, "texture": "#0"},
				"east": {"uv": [10.5, 6, 10.5625, 6.875], "rotation": 270, "texture": "#0"},
				"south": {"uv": [10.5625, 13.0625, 10.5, 13], "texture": "#0"},
				"west": {"uv": [7, 10.5, 7.0625, 11.375], "rotation": 90, "texture": "#0"},
				"up": {"uv": [6, 10.5, 6.0625, 11.375], "rotation": 180, "texture": "#0"},
				"down": {"uv": [6.5, 10.5, 6.5625, 11.375], "texture": "#0"}
			}
		},
		{
			"name": "rist_main",
			"from": [5.99484, 8.53433, 7.15079],
			"to": [6.61984, 8.58433, 8.90079],
			"rotation": {"angle": 0, "axis": "y", "origin": [8, 8, 8]},
			"faces": {
				"north": {"uv": [4.3125, 11, 4, 11.0625], "rotation": 180, "texture": "#0"},
				"east": {"uv": [10.5, 7, 10.5625, 7.875], "rotation": 270, "texture": "#0"},
				"south": {"uv": [11.3125, 3.5625, 11, 3.5], "texture": "#0"},
				"west": {"uv": [8, 10.5, 8.0625, 11.375], "rotation": 90, "texture": "#0"},
				"up": {"uv": [6, 2.5, 6.3125, 3.375], "rotation": 180, "texture": "#0"},
				"down": {"uv": [6, 3.5, 6.3125, 4.375], "texture": "#0"}
			}
		},
		{
			"name": "rist_main",
			"from": [8.39484, 8.53433, 6.27579],
			"to": [8.64484, 8.58433, 6.52579],
			"rotation": {"angle": 0, "axis": "y", "origin": [8, 8, 8]},
			"faces": {
				"north": {"uv": [12.125, 2, 12, 2.0625], "rotation": 180, "texture": "#0"},
				"east": {"uv": [1.5, 12, 1.5625, 12.125], "rotation": 270, "texture": "#0"},
				"south": {"uv": [2.125, 12.0625, 2, 12], "texture": "#0"},
				"west": {"uv": [12, 1.5, 12.0625, 1.625], "rotation": 90, "texture": "#0"},
				"up": {"uv": [11, 7, 11.125, 7.125], "rotation": 180, "texture": "#0"},
				"down": {"uv": [7.5, 11, 7.625, 11.125], "texture": "#0"}
			}
		},
		{
			"name": "rist_main",
			"from": [7.89484, 8.53433, 6.27579],
			"to": [8.14484, 8.58433, 6.52579],
			"rotation": {"angle": 0, "axis": "y", "origin": [8, 8, 8]},
			"faces": {
				"north": {"uv": [12.125, 3, 12, 3.0625], "rotation": 180, "texture": "#0"},
				"east": {"uv": [2.5, 12, 2.5625, 12.125], "rotation": 270, "texture": "#0"},
				"south": {"uv": [3.125, 12.0625, 3, 12], "texture": "#0"},
				"west": {"uv": [12, 2.5, 12.0625, 2.625], "rotation": 90, "texture": "#0"},
				"up": {"uv": [11, 7.5, 11.125, 7.625], "rotation": 180, "texture": "#0"},
				"down": {"uv": [11, 8, 11.125, 8.125], "texture": "#0"}
			}
		},
		{
			"name": "rist_main",
			"from": [7.39484, 8.53433, 6.27579],
			"to": [7.64484, 8.58433, 6.52579],
			"rotation": {"angle": 0, "axis": "y", "origin": [8, 8, 8]},
			"faces": {
				"north": {"uv": [12.125, 4, 12, 4.0625], "rotation": 180, "texture": "#0"},
				"east": {"uv": [3.5, 12, 3.5625, 12.125], "rotation": 270, "texture": "#0"},
				"south": {"uv": [4.125, 12.0625, 4, 12], "texture": "#0"},
				"west": {"uv": [12, 3.5, 12.0625, 3.625], "rotation": 90, "texture": "#0"},
				"up": {"uv": [8.5, 11, 8.625, 11.125], "rotation": 180, "texture": "#0"},
				"down": {"uv": [11, 8.5, 11.125, 8.625], "texture": "#0"}
			}
		},
		{
			"name": "rist_main",
			"from": [7.89484, 8.43433, 6.25079],
			"to": [8.14484, 8.53433, 6.27579],
			"rotation": {"angle": 0, "axis": "y", "origin": [8, 8, 8]},
			"faces": {
				"north": {"uv": [12.125, 5, 12, 5.0625], "rotation": 180, "texture": "#0"},
				"east": {"uv": [11, 13, 11.0625, 13.0625], "rotation": 270, "texture": "#0"},
				"south": {"uv": [5.125, 12.0625, 5, 12], "texture": "#0"},
				"west": {"uv": [13, 11, 13.0625, 11.0625], "rotation": 90, "texture": "#0"},
				"up": {"uv": [4.5, 12, 4.625, 12.0625], "rotation": 180, "texture": "#0"},
				"down": {"uv": [12, 4.5, 12.125, 4.5625], "texture": "#0"}
			}
		},
		{
			"name": "rist_main",
			"from": [8.39484, 8.43433, 6.25079],
			"to": [8.64484, 8.53433, 6.27579],
			"rotation": {"angle": 0, "axis": "y", "origin": [8, 8, 8]},
			"faces": {
				"north": {"uv": [12.125, 6, 12, 6.0625], "rotation": 180, "texture": "#0"},
				"east": {"uv": [11.5, 13, 11.5625, 13.0625], "rotation": 270, "texture": "#0"},
				"south": {"uv": [6.125, 12.0625, 6, 12], "texture": "#0"},
				"west": {"uv": [13, 11.5, 13.0625, 11.5625], "rotation": 90, "texture": "#0"},
				"up": {"uv": [5.5, 12, 5.625, 12.0625], "rotation": 180, "texture": "#0"},
				"down": {"uv": [12, 5.5, 12.125, 5.5625], "texture": "#0"}
			}
		},
		{
			"name": "rist_main",
			"from": [7.39484, 8.43433, 6.25079],
			"to": [7.64484, 8.53433, 6.27579],
			"rotation": {"angle": 0, "axis": "y", "origin": [8, 8, 8]},
			"faces": {
				"north": {"uv": [12.125, 7, 12, 7.0625], "rotation": 180, "texture": "#0"},
				"east": {"uv": [12, 13, 12.0625, 13.0625], "rotation": 270, "texture": "#0"},
				"south": {"uv": [7.125, 12.0625, 7, 12], "texture": "#0"},
				"west": {"uv": [13, 12, 13.0625, 12.0625], "rotation": 90, "texture": "#0"},
				"up": {"uv": [6.5, 12, 6.625, 12.0625], "rotation": 180, "texture": "#0"},
				"down": {"uv": [12, 6.5, 12.125, 6.5625], "texture": "#0"}
			}
		},
		{
			"name": "rist_main",
			"from": [7.89484, 8.43433, 9.77579],
			"to": [8.14484, 8.53433, 9.80079],
			"rotation": {"angle": 0, "axis": "y", "origin": [8, 8, 8]},
			"faces": {
				"north": {"uv": [12.125, 8, 12, 8.0625], "rotation": 180, "texture": "#0"},
				"east": {"uv": [12.5, 13, 12.5625, 13.0625], "rotation": 270, "texture": "#0"},
				"south": {"uv": [8.125, 12.0625, 8, 12], "texture": "#0"},
				"west": {"uv": [13, 12.5, 13.0625, 12.5625], "rotation": 90, "texture": "#0"},
				"up": {"uv": [7.5, 12, 7.625, 12.0625], "rotation": 180, "texture": "#0"},
				"down": {"uv": [12, 7.5, 12.125, 7.5625], "texture": "#0"}
			}
		},
		{
			"name": "rist_main",
			"from": [7.39484, 8.43433, 9.77579],
			"to": [7.64484, 8.53433, 9.80079],
			"rotation": {"angle": 0, "axis": "y", "origin": [8, 8, 8]},
			"faces": {
				"north": {"uv": [12.125, 9, 12, 9.0625], "rotation": 180, "texture": "#0"},
				"east": {"uv": [13, 13, 13.0625, 13.0625], "rotation": 270, "texture": "#0"},
				"south": {"uv": [9.125, 12.0625, 9, 12], "texture": "#0"},
				"west": {"uv": [0, 13.5, 0.0625, 13.5625], "rotation": 90, "texture": "#0"},
				"up": {"uv": [8.5, 12, 8.625, 12.0625], "rotation": 180, "texture": "#0"},
				"down": {"uv": [12, 8.5, 12.125, 8.5625], "texture": "#0"}
			}
		},
		{
			"name": "rist_main",
			"from": [8.39484, 8.43433, 9.77579],
			"to": [8.64484, 8.53433, 9.80079],
			"rotation": {"angle": 0, "axis": "y", "origin": [8, 8, 8]},
			"faces": {
				"north": {"uv": [12.125, 10, 12, 10.0625], "rotation": 180, "texture": "#0"},
				"east": {"uv": [13.5, 0, 13.5625, 0.0625], "rotation": 270, "texture": "#0"},
				"south": {"uv": [10.125, 12.0625, 10, 12], "texture": "#0"},
				"west": {"uv": [0.5, 13.5, 0.5625, 13.5625], "rotation": 90, "texture": "#0"},
				"up": {"uv": [9.5, 12, 9.625, 12.0625], "rotation": 180, "texture": "#0"},
				"down": {"uv": [12, 9.5, 12.125, 9.5625], "texture": "#0"}
			}
		},
		{
			"name": "rist_main",
			"from": [7.39484, 8.53433, 9.52579],
			"to": [7.64484, 8.58433, 9.77579],
			"rotation": {"angle": 0, "axis": "y", "origin": [8, 8, 8]},
			"faces": {
				"north": {"uv": [12.125, 11, 12, 11.0625], "rotation": 180, "texture": "#0"},
				"east": {"uv": [10.5, 12, 10.5625, 12.125], "rotation": 270, "texture": "#0"},
				"south": {"uv": [11.125, 12.0625, 11, 12], "texture": "#0"},
				"west": {"uv": [12, 10.5, 12.0625, 10.625], "rotation": 90, "texture": "#0"},
				"up": {"uv": [9, 11, 9.125, 11.125], "rotation": 180, "texture": "#0"},
				"down": {"uv": [11, 9, 11.125, 9.125], "texture": "#0"}
			}
		},
		{
			"name": "rist_main",
			"from": [7.89484, 8.53433, 9.52579],
			"to": [8.14484, 8.58433, 9.77579],
			"rotation": {"angle": 0, "axis": "y", "origin": [8, 8, 8]},
			"faces": {
				"north": {"uv": [0.125, 12.5, 0, 12.5625], "rotation": 180, "texture": "#0"},
				"east": {"uv": [11.5, 12, 11.5625, 12.125], "rotation": 270, "texture": "#0"},
				"south": {"uv": [12.125, 12.0625, 12, 12], "texture": "#0"},
				"west": {"uv": [12, 11.5, 12.0625, 11.625], "rotation": 90, "texture": "#0"},
				"up": {"uv": [9.5, 11, 9.625, 11.125], "rotation": 180, "texture": "#0"},
				"down": {"uv": [11, 9.5, 11.125, 9.625], "texture": "#0"}
			}
		},
		{
			"name": "rist_main",
			"from": [8.39484, 8.53433, 9.52579],
			"to": [8.64484, 8.58433, 9.77579],
			"rotation": {"angle": 0, "axis": "y", "origin": [8, 8, 8]},
			"faces": {
				"north": {"uv": [1.125, 12.5, 1, 12.5625], "rotation": 180, "texture": "#0"},
				"east": {"uv": [12.5, 0, 12.5625, 0.125], "rotation": 270, "texture": "#0"},
				"south": {"uv": [12.625, 0.5625, 12.5, 0.5], "texture": "#0"},
				"west": {"uv": [0.5, 12.5, 0.5625, 12.625], "rotation": 90, "texture": "#0"},
				"up": {"uv": [10, 11, 10.125, 11.125], "rotation": 180, "texture": "#0"},
				"down": {"uv": [11, 10, 11.125, 10.125], "texture": "#0"}
			}
		}
	],
	"display": {
		"thirdperson_righthand": {
			"rotation": [0.25, 0.25, -90],
			"translation": [1.55, -2, 2.5]
		},
		"thirdperson_lefthand": {
			"rotation": [0.25, 0.25, -90],
			"translation": [1.55, -2, 2.5]
		},
		"firstperson_righthand": {
			"rotation": [0, 20.25, 3.5],
			"translation": [1.25, 2.75, 0.5],
			"scale": [1.16406, 1.16406, 1.16406]
		},
		"firstperson_lefthand": {
			"rotation": [0, 20.25, 3.5],
			"translation": [1.25, 2.75, 0.5],
			"scale": [1.16406, 1.16406, 1.16406]
		},
		"gui": {
			"rotation": [30.75, 27.75, 2.5],
			"translation": [0, 2.75, 0],
			"scale": [1.91602, 1.91602, 1.91602]
		},
		"fixed": {
			"rotation": [-90, -90, 0],
			"scale": [1.62305, 1.62305, 1.62305]
		}
	},
	"groups": [
		{
			"name": "rist_main",
			"origin": [8, 8, 8],
			"color": 0,
			"children": [0, 1, 2, 3, 4, 5, 6, 7, 8, 9, 10]
		},
		{
			"name": "Extra",
			"origin": [8, 8, 8],
			"color": 0,
			"children": [11, 12, 13, 14, 15, 16, 17, 18, 19, 20, 21, 22, 23, 24, 25, 26, 27, 28, 29, 30, 31, 32, 33, 34, 35, 36, 37, 38, 39, 40, 41, 42, 43, 44, 45, 46, 47, 48, 49, 50, 51, 52, 53, 54, 55, 56, 57, 58, 59, 60, 61, 62]
		}
	]
}