{
  "result": {
    "item": "ben_ten:the_omnitrix_chest"
  },
  "type": "forge:ore_shaped",
  "pattern": [
    "152",
    "646",
    "373"
  ],
  "key": {
	 "1": {
      "item": "lucraftcore:tri_polymer_white"
    },
    "2": {
      "item": "lucraftcore:tri_polymer_black"
    },
    "3": {
      "item": "lucraftcore:tri_polymer_green"
    },
	"4": {
      "item": "lucraftcore:advanced_circuit"
    },
	"5": {
      "item": "ben_ten:completed_core_chest"
    },
	"6": {
      "item": "lucraftcore:plate_osmium"
    },
	"7": {
      "item": "minecraft:nether_star"
    }
  }
}