{
	"name": {
		"text": "Jacket"
	},

	"creative_tab": "albedo",

	"armor_material": {
		"durability": 0,
        "damage_reduction_amounts": [0, 0, 2, 0],
        "enchantibility": 0,
        "toughness": 0.0,
        "sound": "item.armor.equip_generic"
	},

	"armor_parts": {
		"chest": {
			"openable": false,
			"glow": false,
			"armor_model_scale": 0,
			"name": {
				"text": "Jacket"
			},
			"textures": {
				"normal": "albedo:textures/overlays/clothes/jacket.png"
			},
			"item_texture": {
				"blockstate": "albedo:al_jacket"
			}
		}
	}
}
