{
	"credit": "Made with Blockbench",
	"texture_size": [32, 32],
	"textures": {
		"0": "albedo:block/ultimatrix",
		"particle": "albedo:block/ultimatrix"
	},
	"elements": [
		{
			"name": "rist",
			"from": [5.98861, 4.11733, 6.88108],
			"to": [10.28861, 4.51733, 11.13108],
			"rotation": {"angle": 0, "axis": "y", "origin": [8.10527, 8, 7.94892]},
			"faces": {
				"north": {"uv": [7.5, 1, 9.625, 1.1875], "texture": "#0"},
				"east": {"uv": [7.5, 1.5, 9.625, 1.6875], "texture": "#0"},
				"south": {"uv": [7.5, 3.5, 9.625, 3.6875], "texture": "#0"},
				"west": {"uv": [7.5, 4, 9.625, 4.1875], "texture": "#0"},
				"up": {"uv": [2.125, 2.125, 0, 0], "texture": "#0"},
				"down": {"uv": [2.125, 2.5, 0, 4.625], "texture": "#0"}
			}
		},
		{
			"name": "rist",
			"from": [8.98861, 8.46733, 5.88108],
			"to": [9.53861, 8.86733, 11.13108],
			"rotation": {"angle": 0, "axis": "y", "origin": [8.10527, 8, 7.94892]},
			"faces": {
				"north": {"uv": [12.5, 10.5, 12.75, 10.6875], "texture": "#0"},
				"east": {"uv": [6.5, 6, 9.125, 6.1875], "texture": "#0"},
				"south": {"uv": [11, 12.5, 11.25, 12.6875], "texture": "#0"},
				"west": {"uv": [6.5, 6.5, 9.125, 6.6875], "texture": "#0"},
				"up": {"uv": [1.75, 8.625, 1.5, 6], "texture": "#0"},
				"down": {"uv": [2.25, 6, 2, 8.625], "texture": "#0"}
			}
		},
		{
			"name": "rist",
			"from": [6.73861, 8.46733, 5.88108],
			"to": [7.28861, 8.86733, 11.13108],
			"rotation": {"angle": 0, "axis": "y", "origin": [8.10527, 8, 7.94892]},
			"faces": {
				"north": {"uv": [12.5, 11, 12.75, 11.1875], "texture": "#0"},
				"east": {"uv": [7, 0, 9.625, 0.1875], "texture": "#0"},
				"south": {"uv": [11.5, 12.5, 11.75, 12.6875], "texture": "#0"},
				"west": {"uv": [7, 0.5, 9.625, 0.6875], "texture": "#0"},
				"up": {"uv": [5.75, 8.625, 5.5, 6], "texture": "#0"},
				"down": {"uv": [6.25, 6, 6, 8.625], "texture": "#0"}
			}
		},
		{
			"name": "rist",
			"from": [9.53861, 8.46733, 5.88108],
			"to": [10.28861, 8.86733, 7.63108],
			"rotation": {"angle": 0, "axis": "y", "origin": [8.10527, 8, 7.94892]},
			"faces": {
				"north": {"uv": [12.5, 6.5, 12.875, 6.6875], "texture": "#0"},
				"east": {"uv": [10.5, 0, 11.375, 0.1875], "texture": "#0"},
				"south": {"uv": [12.5, 7, 12.875, 7.1875], "texture": "#0"},
				"west": {"uv": [10.5, 0.5, 11.375, 0.6875], "texture": "#0"},
				"up": {"uv": [2.375, 9.875, 2, 9], "texture": "#0"},
				"down": {"uv": [5.875, 9, 5.5, 9.875], "texture": "#0"}
			}
		},
		{
			"name": "rist",
			"from": [9.53861, 8.46733, 10.13108],
			"to": [10.28861, 8.86733, 11.13108],
			"rotation": {"angle": 0, "axis": "y", "origin": [8.10527, 8, 7.94892]},
			"faces": {
				"north": {"uv": [7.5, 12.5, 7.875, 12.6875], "texture": "#0"},
				"east": {"uv": [4.5, 11.5, 5, 11.6875], "texture": "#0"},
				"south": {"uv": [12.5, 7.5, 12.875, 7.6875], "texture": "#0"},
				"west": {"uv": [7.5, 11.5, 8, 11.6875], "texture": "#0"},
				"up": {"uv": [5.875, 4, 5.5, 3.5], "texture": "#0"},
				"down": {"uv": [10.375, 9, 10, 9.5], "texture": "#0"}
			}
		},
		{
			"name": "rist",
			"from": [9.53861, 8.36733, 7.63108],
			"to": [10.23861, 8.64233, 10.13108],
			"rotation": {"angle": 0, "axis": "y", "origin": [8.10527, 8, 7.94892]},
			"faces": {
				"north": {"uv": [12.5, 11.5, 12.875, 11.625], "texture": "#0"},
				"east": {"uv": [3.5, 11, 4.75, 11.125], "texture": "#0"},
				"south": {"uv": [12, 12.5, 12.375, 12.625], "texture": "#0"},
				"west": {"uv": [11, 4.5, 12.25, 4.625], "texture": "#0"},
				"up": {"uv": [4.875, 7.75, 4.5, 6.5], "texture": "#0"},
				"down": {"uv": [6.875, 7, 6.5, 8.25], "texture": "#0"}
			}
		},
		{
			"name": "rist",
			"from": [10.05111, 7.42983, 7.63108],
			"to": [10.25111, 8.65483, 10.13108],
			"rotation": {"angle": 0, "axis": "y", "origin": [9.91361, 8.60483, 8.88108]},
			"faces": {
				"north": {"uv": [12.5, 2.5, 12.625, 3.125], "texture": "#0"},
				"east": {"uv": [5.5, 2.5, 6.75, 3.125], "texture": "#0"},
				"south": {"uv": [3, 12.5, 3.125, 13.125], "texture": "#0"},
				"west": {"uv": [5.5, 5, 6.75, 5.625], "texture": "#0"},
				"up": {"uv": [6.625, 12.25, 6.5, 11], "texture": "#0"},
				"down": {"uv": [7.125, 11, 7, 12.25], "texture": "#0"}
			}
		},
		{
			"name": "rist",
			"from": [7.28861, 8.46733, 5.88108],
			"to": [8.98861, 8.86733, 8.73108],
			"rotation": {"angle": 0, "axis": "y", "origin": [8.10527, 8, 7.94892]},
			"faces": {
				"north": {"uv": [10.5, 1, 11.375, 1.1875], "texture": "#0"},
				"east": {"uv": [10, 2.5, 11.4375, 2.6875], "texture": "#0"},
				"south": {"uv": [10.5, 1.5, 11.375, 1.6875], "texture": "#0"},
				"west": {"uv": [10, 3, 11.4375, 3.1875], "texture": "#0"},
				"up": {"uv": [3.375, 5.4375, 2.5, 4], "texture": "#0"},
				"down": {"uv": [4.375, 4, 3.5, 5.4375], "texture": "#0"}
			}
		},
		{
			"name": "rist",
			"from": [7.28861, 8.46733, 8.73108],
			"to": [8.98861, 8.66733, 10.78108],
			"rotation": {"angle": 0, "axis": "y", "origin": [8.10527, 8, 7.94892]},
			"faces": {
				"north": {"uv": [5.5, 11.5, 6.375, 11.625], "texture": "#0"},
				"east": {"uv": [11.5, 0.5, 12.5, 0.625], "texture": "#0"},
				"south": {"uv": [11.5, 7, 12.375, 7.125], "texture": "#0"},
				"west": {"uv": [11.5, 1, 12.5, 1.125], "texture": "#0"},
				"up": {"uv": [2.375, 6, 1.5, 5], "texture": "#0"},
				"down": {"uv": [5.875, 4, 5, 5], "texture": "#0"}
			}
		},
		{
			"name": "rist",
			"from": [7.28861, 8.46733, 10.78108],
			"to": [8.98861, 8.86733, 11.13108],
			"rotation": {"angle": 0, "axis": "y", "origin": [8.10527, 8, 7.94892]},
			"faces": {
				"north": {"uv": [2.5, 10.5, 3.375, 10.6875], "texture": "#0"},
				"east": {"uv": [2.5, 13, 2.6875, 13.1875], "texture": "#0"},
				"south": {"uv": [3.5, 10.5, 4.375, 10.6875], "texture": "#0"},
				"west": {"uv": [4.5, 13, 4.6875, 13.1875], "texture": "#0"},
				"up": {"uv": [11.375, 9.1875, 10.5, 9], "texture": "#0"},
				"down": {"uv": [11.375, 9.5, 10.5, 9.6875], "texture": "#0"}
			}
		},
		{
			"name": "rist",
			"from": [6.01361, 8.46733, 5.38108],
			"to": [10.28861, 8.86733, 5.88108],
			"rotation": {"angle": 0, "axis": "y", "origin": [8.10527, 8, 7.94892]},
			"faces": {
				"north": {"uv": [8.5, 2, 10.625, 2.1875], "texture": "#0"},
				"east": {"uv": [12.5, 12, 12.75, 12.1875], "texture": "#0"},
				"south": {"uv": [8.5, 4.5, 10.625, 4.6875], "texture": "#0"},
				"west": {"uv": [12.5, 12.5, 12.75, 12.6875], "texture": "#0"},
				"up": {"uv": [8.125, 2.25, 6, 2], "texture": "#0"},
				"down": {"uv": [8.125, 4.5, 6, 4.75], "texture": "#0"}
			}
		},
		{
			"name": "rist",
			"from": [6.26361, 8.46733, 4.88108],
			"to": [10.03861, 8.86733, 5.38108],
			"rotation": {"angle": 0, "axis": "y", "origin": [8.10527, 8, 7.94892]},
			"faces": {
				"north": {"uv": [9, 5, 10.875, 5.1875], "texture": "#0"},
				"east": {"uv": [0, 13, 0.25, 13.1875], "texture": "#0"},
				"south": {"uv": [9, 5.5, 10.875, 5.6875], "texture": "#0"},
				"west": {"uv": [13, 0, 13.25, 0.1875], "texture": "#0"},
				"up": {"uv": [8.875, 5.25, 7, 5], "texture": "#0"},
				"down": {"uv": [8.875, 5.5, 7, 5.75], "texture": "#0"}
			}
		},
		{
			"name": "rist",
			"from": [10.13861, 4.26733, 10.13108],
			"to": [10.53861, 8.74233, 11.13108],
			"rotation": {"angle": 0, "axis": "y", "origin": [8.10527, 8, 7.94892]},
			"faces": {
				"north": {"uv": [0.5, 7.5, 0.6875, 9.75], "texture": "#0"},
				"east": {"uv": [4.5, 4, 5, 6.25], "texture": "#0"},
				"south": {"uv": [1, 7.5, 1.1875, 9.75], "texture": "#0"},
				"west": {"uv": [0, 5, 0.5, 7.25], "texture": "#0"},
				"up": {"uv": [11.6875, 8, 11.5, 7.5], "texture": "#0"},
				"down": {"uv": [8.1875, 11.5, 8, 12], "texture": "#0"}
			}
		},
		{
			"name": "rist",
			"from": [10.13861, 4.26733, 7.63108],
			"to": [10.53861, 7.49233, 10.13108],
			"rotation": {"angle": 0, "axis": "y", "origin": [8.10527, 8, 7.94892]},
			"faces": {
				"north": {"uv": [7.5, 9.5, 7.6875, 11.125], "texture": "#0"},
				"east": {"uv": [2.5, 0, 3.75, 1.625], "texture": "#0"},
				"south": {"uv": [8, 9.5, 8.1875, 11.125], "texture": "#0"},
				"west": {"uv": [2.5, 2, 3.75, 3.625], "texture": "#0"},
				"up": {"uv": [5.6875, 11.25, 5.5, 10], "texture": "#0"},
				"down": {"uv": [6.1875, 10, 6, 11.25], "texture": "#0"}
			}
		},
		{
			"name": "rist",
			"from": [10.13861, 4.26733, 6.88108],
			"to": [10.53861, 8.74233, 7.63108],
			"rotation": {"angle": 0, "axis": "y", "origin": [8.10527, 8, 7.94892]},
			"faces": {
				"north": {"uv": [5, 7.5, 5.1875, 9.75], "texture": "#0"},
				"east": {"uv": [5, 5, 5.375, 7.25], "texture": "#0"},
				"south": {"uv": [7.5, 7, 7.6875, 9.25], "texture": "#0"},
				"west": {"uv": [5.5, 0, 5.875, 2.25], "texture": "#0"},
				"up": {"uv": [8.1875, 12.875, 8, 12.5], "texture": "#0"},
				"down": {"uv": [12.6875, 8, 12.5, 8.375], "texture": "#0"}
			}
		},
		{
			"name": "rist",
			"from": [6.01139, 8.46733, 10.13108],
			"to": [6.76139, 8.86733, 11.13108],
			"rotation": {"angle": 0, "axis": "y", "origin": [7.89473, 8, 7.94892]},
			"faces": {
				"north": {"uv": [8.5, 12.5, 8.875, 12.6875], "texture": "#0"},
				"east": {"uv": [11.5, 8, 12, 8.1875], "texture": "#0"},
				"south": {"uv": [12.5, 8.5, 12.875, 8.6875], "texture": "#0"},
				"west": {"uv": [8.5, 11.5, 9, 11.6875], "texture": "#0"},
				"up": {"uv": [10.375, 10, 10, 9.5], "texture": "#0"},
				"down": {"uv": [10.375, 10, 10, 10.5], "texture": "#0"}
			}
		},
		{
			"name": "rist",
			"from": [8.98861, 8.46733, 5.88108],
			"to": [9.53861, 8.86733, 11.13108],
			"rotation": {"angle": 0, "axis": "y", "origin": [8.10527, 8, 7.94892]},
			"faces": {
				"north": {"uv": [0.5, 13, 0.75, 13.1875], "texture": "#0"},
				"east": {"uv": [7, 2.5, 9.625, 2.6875], "texture": "#0"},
				"south": {"uv": [13, 0.5, 13.25, 0.6875], "texture": "#0"},
				"west": {"uv": [7, 3, 9.625, 3.1875], "texture": "#0"},
				"up": {"uv": [3.75, 9.125, 3.5, 6.5], "texture": "#0"},
				"down": {"uv": [4.25, 6.5, 4, 9.125], "texture": "#0"}
			}
		},
		{
			"name": "rist",
			"from": [6.01139, 8.46733, 5.88108],
			"to": [6.76139, 8.86733, 7.63108],
			"rotation": {"angle": 0, "axis": "y", "origin": [7.89473, 8, 7.94892]},
			"faces": {
				"north": {"uv": [9, 12.5, 9.375, 12.6875], "texture": "#0"},
				"east": {"uv": [10, 10.5, 10.875, 10.6875], "texture": "#0"},
				"south": {"uv": [12.5, 9, 12.875, 9.1875], "texture": "#0"},
				"west": {"uv": [10.5, 10, 11.375, 10.1875], "texture": "#0"},
				"up": {"uv": [6.375, 9.875, 6, 9], "texture": "#0"},
				"down": {"uv": [8.875, 9, 8.5, 9.875], "texture": "#0"}
			}
		},
		{
			"name": "rist",
			"from": [6.03639, 8.36733, 7.63108],
			"to": [6.76139, 8.64233, 10.13108],
			"rotation": {"angle": 0, "axis": "y", "origin": [7.89473, 8, 7.94892]},
			"faces": {
				"north": {"uv": [1, 13, 1.375, 13.125], "texture": "#0"},
				"east": {"uv": [11, 5, 12.25, 5.125], "texture": "#0"},
				"south": {"uv": [13, 1, 13.375, 1.125], "texture": "#0"},
				"west": {"uv": [11, 5.5, 12.25, 5.625], "texture": "#0"},
				"up": {"uv": [7.375, 8.25, 7, 7], "texture": "#0"},
				"down": {"uv": [0.375, 7.5, 0, 8.75], "texture": "#0"}
			}
		},
		{
			"name": "rist",
			"from": [6.04889, 7.42983, 7.63108],
			"to": [6.24889, 8.60483, 10.13108],
			"rotation": {"angle": 0, "axis": "y", "origin": [6.08639, 8.60483, 8.88108]},
			"faces": {
				"north": {"uv": [9.5, 12.5, 9.625, 13.0625], "texture": "#0"},
				"east": {"uv": [6, 1, 7.25, 1.5625], "texture": "#0"},
				"south": {"uv": [12.5, 9.5, 12.625, 10.0625], "texture": "#0"},
				"west": {"uv": [6, 3.5, 7.25, 4.0625], "texture": "#0"},
				"up": {"uv": [11.125, 8.25, 11, 7], "texture": "#0"},
				"down": {"uv": [9.625, 11, 9.5, 12.25], "texture": "#0"}
			}
		},
		{
			"name": "rist",
			"from": [5.76139, 4.26733, 10.13108],
			"to": [6.16139, 8.74233, 11.13108],
			"rotation": {"angle": 0, "axis": "y", "origin": [7.89473, 8, 7.94892]},
			"faces": {
				"north": {"uv": [2.5, 8, 2.6875, 10.25], "texture": "#0"},
				"east": {"uv": [0.5, 5, 1, 7.25], "texture": "#0"},
				"south": {"uv": [3, 8, 3.1875, 10.25], "texture": "#0"},
				"west": {"uv": [1, 5, 1.5, 7.25], "texture": "#0"},
				"up": {"uv": [9.1875, 12, 9, 11.5], "texture": "#0"},
				"down": {"uv": [11.6875, 9, 11.5, 9.5], "texture": "#0"}
			}
		},
		{
			"name": "rist",
			"from": [5.76139, 4.26733, 7.63108],
			"to": [6.16139, 7.49233, 10.13108],
			"rotation": {"angle": 0, "axis": "y", "origin": [7.89473, 8, 7.94892]},
			"faces": {
				"north": {"uv": [9.5, 9, 9.6875, 10.625], "texture": "#0"},
				"east": {"uv": [4, 0, 5.25, 1.625], "texture": "#0"},
				"south": {"uv": [10, 0, 10.1875, 1.625], "texture": "#0"},
				"west": {"uv": [4, 2, 5.25, 3.625], "texture": "#0"},
				"up": {"uv": [8.6875, 11.25, 8.5, 10], "texture": "#0"},
				"down": {"uv": [9.1875, 10, 9, 11.25], "texture": "#0"}
			}
		},
		{
			"name": "rist",
			"from": [5.76139, 4.26733, 6.88108],
			"to": [6.16139, 8.71733, 7.63108],
			"rotation": {"angle": 0, "axis": "y", "origin": [7.89473, 8, 7.94892]},
			"faces": {
				"north": {"uv": [4.5, 8, 4.6875, 10.25], "texture": "#0"},
				"east": {"uv": [2.5, 5.5, 2.875, 7.75], "texture": "#0"},
				"south": {"uv": [8, 7, 8.1875, 9.25], "texture": "#0"},
				"west": {"uv": [3, 5.5, 3.375, 7.75], "texture": "#0"},
				"up": {"uv": [10.1875, 12.875, 10, 12.5], "texture": "#0"},
				"down": {"uv": [10.6875, 12.5, 10.5, 12.875], "texture": "#0"}
			}
		},
		{
			"name": "rist",
			"from": [5.76361, 7.51733, 5.88108],
			"to": [6.16361, 8.71733, 6.88108],
			"rotation": {"angle": 0, "axis": "y", "origin": [8.10527, 8, 7.94892]},
			"faces": {
				"north": {"uv": [11.5, 2.5, 11.6875, 3.125], "texture": "#0"},
				"east": {"uv": [9, 9, 9.5, 9.625], "texture": "#0"},
				"south": {"uv": [3, 11.5, 3.1875, 12.125], "texture": "#0"},
				"west": {"uv": [3.5, 9.5, 4, 10.125], "texture": "#0"},
				"up": {"uv": [11.6875, 10, 11.5, 9.5], "texture": "#0"},
				"down": {"uv": [11.6875, 10, 11.5, 10.5], "texture": "#0"}
			}
		},
		{
			"name": "rist",
			"from": [5.76361, 6.51733, 6.43108],
			"to": [6.16361, 7.51733, 6.88108],
			"rotation": {"angle": 0, "axis": "y", "origin": [8.10527, 8, 7.94892]},
			"faces": {
				"north": {"uv": [11.5, 10.5, 11.6875, 11], "texture": "#0"},
				"east": {"uv": [4.5, 10.5, 4.75, 11], "texture": "#0"},
				"south": {"uv": [11.5, 11, 11.6875, 11.5], "texture": "#0"},
				"west": {"uv": [1.5, 11.5, 1.75, 12], "texture": "#0"},
				"up": {"uv": [1.6875, 13.25, 1.5, 13], "texture": "#0"},
				"down": {"uv": [13.1875, 1.5, 13, 1.75], "texture": "#0"}
			}
		},
		{
			"name": "rist",
			"from": [10.13861, 6.51733, 6.43108],
			"to": [10.53861, 7.51733, 6.88108],
			"rotation": {"angle": 0, "axis": "y", "origin": [8.10527, 8, 7.94892]},
			"faces": {
				"north": {"uv": [11.5, 11.5, 11.6875, 12], "texture": "#0"},
				"east": {"uv": [11.5, 1.5, 11.75, 2], "texture": "#0"},
				"south": {"uv": [1.5, 12, 1.6875, 12.5], "texture": "#0"},
				"west": {"uv": [2.5, 11.5, 2.75, 12], "texture": "#0"},
				"up": {"uv": [2.1875, 13.25, 2, 13], "texture": "#0"},
				"down": {"uv": [13.1875, 2, 13, 2.25], "texture": "#0"}
			}
		},
		{
			"name": "rist",
			"from": [10.13861, 7.51733, 5.88108],
			"to": [10.53861, 8.74233, 6.88108],
			"rotation": {"angle": 0, "axis": "y", "origin": [8.10527, 8, 7.94892]},
			"faces": {
				"north": {"uv": [3.5, 11.5, 3.6875, 12.125], "texture": "#0"},
				"east": {"uv": [4, 9.5, 4.5, 10.125], "texture": "#0"},
				"south": {"uv": [4, 11.5, 4.1875, 12.125], "texture": "#0"},
				"west": {"uv": [9.5, 6, 10, 6.625], "texture": "#0"},
				"up": {"uv": [12.1875, 2, 12, 1.5], "texture": "#0"},
				"down": {"uv": [12.1875, 2, 12, 2.5], "texture": "#0"}
			}
		},
		{
			"name": "rist",
			"from": [5.98861, 8.46733, 11.13108],
			"to": [10.28861, 8.76733, 11.53108],
			"rotation": {"angle": 0, "axis": "y", "origin": [8.10527, 8, 7.94892]},
			"faces": {
				"north": {"uv": [10, 3.5, 12.125, 3.625], "texture": "#0"},
				"east": {"uv": [13, 9.5, 13.1875, 9.625], "texture": "#0"},
				"south": {"uv": [10, 4, 12.125, 4.125], "texture": "#0"},
				"west": {"uv": [10, 13, 10.1875, 13.125], "texture": "#0"},
				"up": {"uv": [10.625, 7.1875, 8.5, 7], "texture": "#0"},
				"down": {"uv": [10.625, 7.5, 8.5, 7.6875], "texture": "#0"}
			}
		},
		{
			"name": "rist",
			"from": [5.83861, 4.41733, 11.13108],
			"to": [6.13861, 8.56733, 11.53108],
			"rotation": {"angle": 0, "axis": "y", "origin": [8.10527, 8, 7.94892]},
			"faces": {
				"north": {"uv": [0.5, 10, 0.625, 12.0625], "texture": "#0"},
				"east": {"uv": [6.5, 8.5, 6.6875, 10.5625], "texture": "#0"},
				"south": {"uv": [1, 10, 1.125, 12.0625], "texture": "#0"},
				"west": {"uv": [7, 8.5, 7.1875, 10.5625], "texture": "#0"},
				"up": {"uv": [13.125, 10.1875, 13, 10], "texture": "#0"},
				"down": {"uv": [10.625, 13, 10.5, 13.1875], "texture": "#0"}
			}
		},
		{
			"name": "rist",
			"from": [10.13861, 4.41733, 11.13108],
			"to": [10.43861, 8.56733, 11.53108],
			"rotation": {"angle": 0, "axis": "y", "origin": [8.10527, 8, 7.94892]},
			"faces": {
				"north": {"uv": [2, 10, 2.125, 12.0625], "texture": "#0"},
				"east": {"uv": [0, 9, 0.1875, 11.0625], "texture": "#0"},
				"south": {"uv": [5, 10, 5.125, 12.0625], "texture": "#0"},
				"west": {"uv": [1.5, 9, 1.6875, 11.0625], "texture": "#0"},
				"up": {"uv": [13.125, 10.6875, 13, 10.5], "texture": "#0"},
				"down": {"uv": [11.125, 13, 11, 13.1875], "texture": "#0"}
			}
		},
		{
			"name": "rist",
			"from": [5.98861, 4.21733, 11.13108],
			"to": [10.28861, 4.51733, 11.53108],
			"rotation": {"angle": 0, "axis": "y", "origin": [8.10527, 8, 7.94892]},
			"faces": {
				"north": {"uv": [10, 6, 12.125, 6.125], "texture": "#0"},
				"east": {"uv": [13, 11, 13.1875, 11.125], "texture": "#0"},
				"south": {"uv": [10, 6.5, 12.125, 6.625], "texture": "#0"},
				"west": {"uv": [11.5, 13, 11.6875, 13.125], "texture": "#0"},
				"up": {"uv": [10.625, 8.1875, 8.5, 8], "texture": "#0"},
				"down": {"uv": [10.625, 8.5, 8.5, 8.6875], "texture": "#0"}
			}
		},
		{
			"name": "rist",
			"from": [7.48432, 8.86197, 5.21037],
			"to": [8.68432, 9.26197, 5.61037],
			"rotation": {"angle": 0, "axis": "y", "origin": [8.15098, 7.95, 7.85321]},
			"faces": {
				"north": {"uv": [2.5, 12, 3, 12.1875], "texture": "#0"},
				"east": {"uv": [13, 4.5, 13.1875, 4.6875], "texture": "#0"},
				"south": {"uv": [12, 2.5, 12.5, 2.6875], "texture": "#0"},
				"west": {"uv": [13, 5, 13.1875, 5.1875], "texture": "#0"},
				"up": {"uv": [12.5, 3.1875, 12, 3], "texture": "#0"},
				"down": {"uv": [5, 12, 4.5, 12.1875], "texture": "#0"}
			}
		},
		{
			"name": "rist",
			"from": [7.51361, 8.86197, 7.59529],
			"to": [8.71361, 9.26197, 7.99529],
			"rotation": {"angle": 0, "axis": "y", "origin": [8.18027, 7.95, 7.82392]},
			"faces": {
				"north": {"uv": [5.5, 12, 6, 12.1875], "texture": "#0"},
				"east": {"uv": [13, 5.5, 13.1875, 5.6875], "texture": "#0"},
				"south": {"uv": [6, 12, 6.5, 12.1875], "texture": "#0"},
				"west": {"uv": [6, 13, 6.1875, 13.1875], "texture": "#0"},
				"up": {"uv": [8, 12.1875, 7.5, 12], "texture": "#0"},
				"down": {"uv": [12.5, 7.5, 12, 7.6875], "texture": "#0"}
			}
		},
		{
			"name": "rist",
			"from": [6.7065, 8.86197, 5.98818],
			"to": [7.1065, 9.26197, 7.18818],
			"rotation": {"angle": 0, "axis": "y", "origin": [8.18027, 7.95, 7.82392]},
			"faces": {
				"north": {"uv": [7, 13, 7.1875, 13.1875], "texture": "#0"},
				"east": {"uv": [9, 12, 9.5, 12.1875], "texture": "#0"},
				"south": {"uv": [13, 7, 13.1875, 7.1875], "texture": "#0"},
				"west": {"uv": [12, 9, 12.5, 9.1875], "texture": "#0"},
				"up": {"uv": [12.1875, 10, 12, 9.5], "texture": "#0"},
				"down": {"uv": [12.1875, 10, 12, 10.5], "texture": "#0"}
			}
		},
		{
			"name": "rist",
			"from": [9.09749, 8.86197, 6.02354],
			"to": [9.49749, 9.26197, 7.22354],
			"rotation": {"angle": 0, "axis": "y", "origin": [9.57126, 7.95, 7.85928]},
			"faces": {
				"north": {"uv": [7, 13, 7.1875, 13.1875], "texture": "#0"},
				"east": {"uv": [9, 12, 9.5, 12.1875], "texture": "#0"},
				"south": {"uv": [13, 7, 13.1875, 7.1875], "texture": "#0"},
				"west": {"uv": [12, 9, 12.5, 9.1875], "texture": "#0"},
				"up": {"uv": [12.1875, 10, 12, 9.5], "texture": "#0"},
				"down": {"uv": [12.1875, 10, 12, 10.5], "texture": "#0"}
			}
		},
		{
			"name": "rist",
			"from": [6.67272, 8.86197, 8.00992],
			"to": [7.82272, 9.26197, 8.40992],
			"rotation": {"angle": -45, "axis": "y", "origin": [8.16866, 7.95, 7.82947]},
			"faces": {
				"north": {"uv": [12, 11.5, 12.5, 11.6875], "texture": "#0"},
				"east": {"uv": [8, 13, 8.1875, 13.1875], "texture": "#0"},
				"south": {"uv": [12, 12, 12.5, 12.1875], "texture": "#0"},
				"west": {"uv": [13, 8, 13.1875, 8.1875], "texture": "#0"},
				"up": {"uv": [13, 0.1875, 12.5, 0], "texture": "#0"},
				"down": {"uv": [1, 12.5, 0.5, 12.6875], "texture": "#0"}
			}
		},
		{
			"name": "rist",
			"from": [7.66666, 8.86197, 6.02811],
			"to": [8.81666, 9.26197, 6.42811],
			"rotation": {"angle": -45, "axis": "y", "origin": [9.1626, 7.95, 6.84767]},
			"faces": {
				"north": {"uv": [12, 11.5, 12.5, 11.6875], "texture": "#0"},
				"east": {"uv": [8, 13, 8.1875, 13.1875], "texture": "#0"},
				"south": {"uv": [12, 12, 12.5, 12.1875], "texture": "#0"},
				"west": {"uv": [13, 8, 13.1875, 8.1875], "texture": "#0"},
				"up": {"uv": [13, 0.1875, 12.5, 0], "texture": "#0"},
				"down": {"uv": [1, 12.5, 0.5, 12.6875], "texture": "#0"}
			}
		},
		{
			"name": "rist",
			"from": [5.829, 8.86197, 6.45333],
			"to": [6.229, 9.26197, 7.55333],
			"rotation": {"angle": -45, "axis": "y", "origin": [8.15705, 7.95, 7.82999]},
			"faces": {
				"north": {"uv": [8.5, 13, 8.6875, 13.1875], "texture": "#0"},
				"east": {"uv": [12.5, 0.5, 13, 0.6875], "texture": "#0"},
				"south": {"uv": [13, 8.5, 13.1875, 8.6875], "texture": "#0"},
				"west": {"uv": [1, 12.5, 1.5, 12.6875], "texture": "#0"},
				"up": {"uv": [12.6875, 1.5, 12.5, 1], "texture": "#0"},
				"down": {"uv": [1.6875, 12.5, 1.5, 13], "texture": "#0"}
			}
		},
		{
			"name": "rist",
			"from": [8.13905, 8.86197, 6.76338],
			"to": [8.53905, 9.26197, 7.86338],
			"rotation": {"angle": -45, "axis": "y", "origin": [8.4671, 7.95, 8.14004]},
			"faces": {
				"north": {"uv": [8.5, 13, 8.6875, 13.1875], "texture": "#0"},
				"east": {"uv": [12.5, 0.5, 13, 0.6875], "texture": "#0"},
				"south": {"uv": [13, 8.5, 13.1875, 8.6875], "texture": "#0"},
				"west": {"uv": [1, 12.5, 1.5, 12.6875], "texture": "#0"},
				"up": {"uv": [12.6875, 1.5, 12.5, 1], "texture": "#0"},
				"down": {"uv": [1.6875, 12.5, 1.5, 13], "texture": "#0"}
			}
		},
		{
			"name": "rist",
			"from": [7.11361, 8.74233, 5.60608],
			"to": [9.08861, 9.14233, 7.58108],
			"rotation": {"angle": 0, "axis": "y", "origin": [8.08027, 8, 7.82392]},
			"faces": {
				"north": {"uv": [11, 2, 11.875, 2.1875], "texture": "#0"},
				"east": {"uv": [11, 8.5, 11.8125, 8.6875], "texture": "#0"},
				"south": {"uv": [2.5, 11, 3.375, 11.1875], "texture": "#0"},
				"west": {"uv": [11.5, 0, 12.3125, 0.1875], "texture": "#0"},
				"up": {"uv": [4.375, 6.3125, 3.5, 5.5], "texture": "#0"},
				"down": {"uv": [6.875, 0, 6, 0.8125], "texture": "#0"}
			}
		},
		{
			"name": "pipe",
			"from": [10.20111, 7.92983, 7.63108],
			"to": [10.40111, 8.07983, 10.13108],
			"rotation": {"angle": 0, "axis": "y", "origin": [9.91361, 8.60483, 8.88108]},
			"faces": {
				"north": {"uv": [0, 14, 0.125, 14.0625], "texture": "#0"},
				"east": {"uv": [3.5, 12.5, 4.75, 12.5625], "texture": "#0"},
				"south": {"uv": [14, 0, 14.125, 0.0625], "texture": "#0"},
				"west": {"uv": [12.5, 3.5, 13.75, 3.5625], "texture": "#0"},
				"up": {"uv": [10.125, 12.25, 10, 11], "texture": "#0"},
				"down": {"uv": [10.625, 11, 10.5, 12.25], "texture": "#0"}
			}
		},
		{
			"name": "pipe",
			"from": [9.82611, 8.62983, 7.63108],
			"to": [10.02611, 8.77983, 8.90608],
			"rotation": {"angle": 0, "axis": "y", "origin": [9.91361, 8.60483, 8.88108]},
			"faces": {
				"north": {"uv": [0.5, 14, 0.625, 14.0625], "texture": "#0"},
				"east": {"uv": [13, 2.5, 13.625, 2.5625], "texture": "#0"},
				"south": {"uv": [14, 0.5, 14.125, 0.5625], "texture": "#0"},
				"west": {"uv": [13, 3, 13.625, 3.0625], "texture": "#0"},
				"up": {"uv": [12.625, 4.625, 12.5, 4], "texture": "#0"},
				"down": {"uv": [5.125, 12.5, 5, 13.125], "texture": "#0"}
			}
		},
		{
			"name": "pipe",
			"from": [9.66361, 8.62983, 8.76858],
			"to": [9.98861, 8.77983, 8.96858],
			"rotation": {"angle": 0, "axis": "y", "origin": [9.91361, 8.60483, 8.88108]},
			"faces": {
				"north": {"uv": [13.5, 12.5, 13.6875, 12.5625], "texture": "#0"},
				"east": {"uv": [1, 14, 1.125, 14.0625], "texture": "#0"},
				"south": {"uv": [13, 13.5, 13.1875, 13.5625], "texture": "#0"},
				"west": {"uv": [14, 1, 14.125, 1.0625], "texture": "#0"},
				"up": {"uv": [13.1875, 11.625, 13, 11.5], "texture": "#0"},
				"down": {"uv": [12.1875, 13, 12, 13.125], "texture": "#0"}
			}
		},
		{
			"name": "pipe",
			"from": [6.27389, 8.62983, 7.63108],
			"to": [6.47389, 8.77983, 8.93108],
			"rotation": {"angle": 0, "axis": "y", "origin": [6.08639, 8.60483, 8.88108]},
			"faces": {
				"north": {"uv": [1.5, 14, 1.625, 14.0625], "texture": "#0"},
				"east": {"uv": [3.5, 13, 4.125, 13.0625], "texture": "#0"},
				"south": {"uv": [14, 1.5, 14.125, 1.5625], "texture": "#0"},
				"west": {"uv": [13, 4, 13.625, 4.0625], "texture": "#0"},
				"up": {"uv": [12.625, 5.625, 12.5, 5], "texture": "#0"},
				"down": {"uv": [5.625, 12.5, 5.5, 13.125], "texture": "#0"}
			}
		},
		{
			"name": "pipe",
			"from": [6.31139, 8.62983, 8.76858],
			"to": [6.66139, 8.77983, 8.96858],
			"rotation": {"angle": 0, "axis": "y", "origin": [6.08639, 8.60483, 8.88108]},
			"faces": {
				"north": {"uv": [13.5, 13, 13.6875, 13.0625], "texture": "#0"},
				"east": {"uv": [2, 14, 2.125, 14.0625], "texture": "#0"},
				"south": {"uv": [13.5, 13.5, 13.6875, 13.5625], "texture": "#0"},
				"west": {"uv": [14, 2, 14.125, 2.0625], "texture": "#0"},
				"up": {"uv": [13.1875, 12.125, 13, 12], "texture": "#0"},
				"down": {"uv": [12.6875, 13, 12.5, 13.125], "texture": "#0"}
			}
		},
		{
			"name": "pipe",
			"from": [10.20111, 7.85483, 9.85608],
			"to": [10.45111, 8.15483, 10.13108],
			"rotation": {"angle": 0, "axis": "y", "origin": [9.91361, 8.60483, 8.88108]},
			"faces": {
				"north": {"uv": [13, 12.5, 13.125, 12.625], "texture": "#0"},
				"east": {"uv": [13, 13, 13.125, 13.125], "texture": "#0"},
				"south": {"uv": [0, 13.5, 0.125, 13.625], "texture": "#0"},
				"west": {"uv": [13.5, 0, 13.625, 0.125], "texture": "#0"},
				"up": {"uv": [0.625, 13.625, 0.5, 13.5], "texture": "#0"},
				"down": {"uv": [13.625, 0.5, 13.5, 0.625], "texture": "#0"}
			}
		},
		{
			"name": "pipe",
			"from": [10.20111, 7.85483, 7.63108],
			"to": [10.45111, 8.15483, 7.90608],
			"rotation": {"angle": 0, "axis": "y", "origin": [9.91361, 8.60483, 8.88108]},
			"faces": {
				"north": {"uv": [1, 13.5, 1.125, 13.625], "texture": "#0"},
				"east": {"uv": [13.5, 1, 13.625, 1.125], "texture": "#0"},
				"south": {"uv": [1.5, 13.5, 1.625, 13.625], "texture": "#0"},
				"west": {"uv": [13.5, 1.5, 13.625, 1.625], "texture": "#0"},
				"up": {"uv": [2.125, 13.625, 2, 13.5], "texture": "#0"},
				"down": {"uv": [13.625, 2, 13.5, 2.125], "texture": "#0"}
			}
		},
		{
			"name": "pipe",
			"from": [9.80111, 8.52983, 7.63108],
			"to": [10.05111, 8.82983, 7.90608],
			"rotation": {"angle": 0, "axis": "y", "origin": [9.91361, 8.60483, 8.88108]},
			"faces": {
				"north": {"uv": [2.5, 13.5, 2.625, 13.625], "texture": "#0"},
				"east": {"uv": [3, 13.5, 3.125, 13.625], "texture": "#0"},
				"south": {"uv": [3.5, 13.5, 3.625, 13.625], "texture": "#0"},
				"west": {"uv": [4, 13.5, 4.125, 13.625], "texture": "#0"},
				"up": {"uv": [4.625, 13.625, 4.5, 13.5], "texture": "#0"},
				"down": {"uv": [13.625, 4.5, 13.5, 4.625], "texture": "#0"}
			}
		},
		{
			"name": "pipe",
			"from": [6.25111, 8.52983, 7.63108],
			"to": [6.50111, 8.82983, 7.90608],
			"rotation": {"angle": 0, "axis": "y", "origin": [9.91361, 8.60483, 8.88108]},
			"faces": {
				"north": {"uv": [5, 13.5, 5.125, 13.625], "texture": "#0"},
				"east": {"uv": [13.5, 5, 13.625, 5.125], "texture": "#0"},
				"south": {"uv": [5.5, 13.5, 5.625, 13.625], "texture": "#0"},
				"west": {"uv": [13.5, 5.5, 13.625, 5.625], "texture": "#0"},
				"up": {"uv": [6.125, 13.625, 6, 13.5], "texture": "#0"},
				"down": {"uv": [6.625, 13.5, 6.5, 13.625], "texture": "#0"}
			}
		},
		{
			"name": "pipe",
			"from": [6.55111, 8.52983, 8.73108],
			"to": [6.75111, 8.82983, 9.00608],
			"rotation": {"angle": 0, "axis": "y", "origin": [9.91361, 8.60483, 8.88108]},
			"faces": {
				"north": {"uv": [13.5, 6.5, 13.625, 6.625], "texture": "#0"},
				"east": {"uv": [7, 13.5, 7.125, 13.625], "texture": "#0"},
				"south": {"uv": [13.5, 7, 13.625, 7.125], "texture": "#0"},
				"west": {"uv": [7.5, 13.5, 7.625, 13.625], "texture": "#0"},
				"up": {"uv": [13.625, 7.625, 13.5, 7.5], "texture": "#0"},
				"down": {"uv": [8.125, 13.5, 8, 13.625], "texture": "#0"}
			}
		},
		{
			"name": "pipe",
			"from": [9.55111, 8.52983, 8.73108],
			"to": [9.75111, 8.82983, 9.00608],
			"rotation": {"angle": 0, "axis": "y", "origin": [9.91361, 8.60483, 8.88108]},
			"faces": {
				"north": {"uv": [13.5, 8, 13.625, 8.125], "texture": "#0"},
				"east": {"uv": [8.5, 13.5, 8.625, 13.625], "texture": "#0"},
				"south": {"uv": [13.5, 8.5, 13.625, 8.625], "texture": "#0"},
				"west": {"uv": [9, 13.5, 9.125, 13.625], "texture": "#0"},
				"up": {"uv": [13.625, 9.125, 13.5, 9], "texture": "#0"},
				"down": {"uv": [9.625, 13.5, 9.5, 13.625], "texture": "#0"}
			}
		},
		{
			"name": "pipe",
			"from": [5.82389, 7.85483, 7.63108],
			"to": [6.07389, 8.15483, 7.90608],
			"rotation": {"angle": 0, "axis": "y", "origin": [6.08639, 8.60483, 8.88108]},
			"faces": {
				"north": {"uv": [13.5, 9.5, 13.625, 9.625], "texture": "#0"},
				"east": {"uv": [10, 13.5, 10.125, 13.625], "texture": "#0"},
				"south": {"uv": [13.5, 10, 13.625, 10.125], "texture": "#0"},
				"west": {"uv": [10.5, 13.5, 10.625, 13.625], "texture": "#0"},
				"up": {"uv": [13.625, 10.625, 13.5, 10.5], "texture": "#0"},
				"down": {"uv": [11.125, 13.5, 11, 13.625], "texture": "#0"}
			}
		},
		{
			"name": "pipe",
			"from": [5.87389, 7.92983, 7.63108],
			"to": [6.07389, 8.07983, 10.13108],
			"rotation": {"angle": 0, "axis": "y", "origin": [6.08639, 8.60483, 8.88108]},
			"faces": {
				"north": {"uv": [2.5, 14, 2.625, 14.0625], "texture": "#0"},
				"east": {"uv": [6, 12.5, 7.25, 12.5625], "texture": "#0"},
				"south": {"uv": [14, 2.5, 14.125, 2.5625], "texture": "#0"},
				"west": {"uv": [12.5, 6, 13.75, 6.0625], "texture": "#0"},
				"up": {"uv": [11.125, 11.75, 11, 10.5], "texture": "#0"},
				"down": {"uv": [0.125, 11.5, 0, 12.75], "texture": "#0"}
			}
		},
		{
			"name": "pipe",
			"from": [5.82389, 7.85483, 9.85608],
			"to": [6.07389, 8.15483, 10.13108],
			"rotation": {"angle": 0, "axis": "y", "origin": [6.08639, 8.60483, 8.88108]},
			"faces": {
				"north": {"uv": [13.5, 11, 13.625, 11.125], "texture": "#0"},
				"east": {"uv": [11.5, 13.5, 11.625, 13.625], "texture": "#0"},
				"south": {"uv": [13.5, 11.5, 13.625, 11.625], "texture": "#0"},
				"west": {"uv": [12, 13.5, 12.125, 13.625], "texture": "#0"},
				"up": {"uv": [13.625, 12.125, 13.5, 12], "texture": "#0"},
				"down": {"uv": [12.625, 13.5, 12.5, 13.625], "texture": "#0"}
			}
		}
	],
	"display": {
		"thirdperson_righthand": {
			"rotation": [0, 0, -90],
			"translation": [1.55, -1.85, 3.5]
		},
		"thirdperson_lefthand": {
			"rotation": [0, 0, -90],
			"translation": [1.55, -1.85, 3.5]
		},
		"firstperson_righthand": {
			"rotation": [-1.25, 10, 0],
			"translation": [1.25, 1.5, 0],
			"scale": [1.11523, 1.11523, 1.11523]
		},
		"firstperson_lefthand": {
			"rotation": [-1.25, 10, 0],
			"translation": [1.25, 1.5, 0],
			"scale": [1.11523, 1.11523, 1.11523]
		},
		"ground": {
			"translation": [0, 0.5, 0]
		},
		"gui": {
			"rotation": [28.75, 143.25, 0],
			"translation": [-0.5, 1.5, 0],
			"scale": [1.41797, 1.41797, 1.41797]
		},
		"fixed": {
			"rotation": [-90, -180, 0],
			"translation": [0, 1, 0],
			"scale": [1.81641, 1.81641, 1.81641]
		}
	},
	"groups": [
		{
			"name": "rist_1",
			"origin": [8, 8, 8],
			"color": 0,
			"children": [0, 1, 2, 3, 4, 5, 6, 7, 8, 9, 10, 11, 12, 13, 14, 15, 16, 17, 18, 19, 20, 21, 22, 23, 24, 25, 26]
		},
		{
			"name": "rist_2",
			"origin": [8, 8, 8],
			"color": 0,
			"children": [27, 28, 29, 30]
		},
		{
			"name": "Core",
			"origin": [8, 8, 8],
			"color": 0,
			"children": [31, 32, 33, 34, 35, 36, 37, 38, 39]
		},
		{
			"name": "pipe things",
			"origin": [8, 8, 8],
			"color": 0,
			"children": [40, 41, 42, 43, 44, 45, 46, 47, 48, 49, 50, 51, 52, 53]
		}
	]
}