{
    "output": {
        "item": "ben_ten:sotoraggian_armour_chest"
    },

    "requirements": [
        {
            "item": "lucraftcore:tri_polymer_silver",
            "amount": 2
        },
        {
            "item": "lucraftcore:tri_polymer_black",
            "amount": 2
        },
        {
            "item": "lucraftcore:tri_polymer_magenta",
            "amount": 8
        },
        {
            "item": "minecraft:redstone",
            "amount": 3
        },
		{
            "item": "lucraftcore:advanced_circuit",
            "amount": 3
        }
    ]
}