{
	"name": {
		"text": "Amperi"
	},

	"icon": {
		"type": "texture",
		"texture": "albedo:textures/gui/recal/amperi.png"
	},

	"creative_tab": "albedo",
	
	"max_level": 40,
	
	"capsule_color": 3080117,
	
    "effects": [

        {
        "type": "skin_change",
        "texture": "albedo:textures/models/albedo/amperi.png"
       },
		{
            "type": "skin_overlay",
            "texture": "albedo:textures/overlays/glow/amperi_glow.png",
            "size": 0,
            "glow": true,
            "conditions": [
            	{
            		"type": "always"
        		}
        	]
       },
		{
        	"type": "trail",
        	"trail_type": "lightnings",
        	"color": [0, 1, 1],
        	"use_suit_trail": false,
        	"conditions": [
        		{
				    "type": "ability_enabled",
					"ability": "lucraftcore:flight"
        		}
        	]
       },
		{
        	"type": "trail",
        	"trail_type": "electricity",
        	"color": [0, 1, 1],
        	"use_suit_trail": false,
        	"conditions": [
        		{
				    "type": "ability_enabled",
					"ability": "lucraftcore:flight"
        		}
        	]
       },
		{
        	"type": "flickering",
        	"color": [0, 1, 1],
        	"use_suit_flicker": false,
        	"conditions": [
        		{
				    "type": "ability_enabled",
					"ability": "lucraftcore:flight"
            	}
            ]
       }
    ],
	
	"abilities": {
	    "normal_size": {
			"ability": "lucraftcore:command_loop",
			"show_in_bar": false,
			"title": {"text": "Normal Size"},
			"icon": {"type": "internal"},
			"bar_color": "red",
			"commands": ["sizechange @s 1 lucraftcore:default"]
       },
		"radiation_protection": {
            "ability": "the-fifth-world:potion_immunity",
            "show_in_bar": false,
            "title": {"text":"Radiation Protection"},
            "icon": {"type": "internal"},
            "potion": "lucraftcore:radiation"
       },	
        "fall_resistance": {
			"ability": "lucraftcore:fall_resistance",
			"show_in_bar": false,
			"title": {"text":"Fall Resistance"},
			"amount": 200,
			"operation": 0
		},				
		"water_breathing": {
			"ability": "lucraftcore:command_loop",
            "show_in_bar": false,				
			"title": {"text":"Water Breathing"},
			"commands": ["/effect @s minecraft:water_breathing 1 0 true"],
			"icon": {"type": "internal"}
		},
        "electric_form": {			
			"ability": "lucraftcore:flight",			
			"icon": {"type": "texture",
				"texture": "albedo:textures/gui/abilities/electricity_form.png"},
            "cooldown": 0,			
            "show_in_bar": true,
            "title": {"text":"Electricity Form"},	
            "bar_color": "red",				
			"speed": 1.0,
            "sprint_speed": 2,
			"rotate_arms": false
		},
		"chain_shock":{
            "ability": "lucraftcore:command",
            "show_in_bar": true,
			"bar_color": "red",
            "cooldown": 120,
            "title": {"text":"Chain Shock"},
            "icon": {"type": "texture", "texture": "albedo:textures/gui/abilities/chainshock.png"},
            "commands": ["/cast ebwizardry:chain_lightning @p", "superpowerxp 50 @s"]
	   },
		"zap":{
            "ability": "lucraftcore:command",
            "show_in_bar": true,
			"bar_color": "red",
            "cooldown": 0,
            "title": {"text":"Zap"},
            "icon": {"type": "texture", "texture": "albedo:textures/gui/abilities/amperi_zap.png"},
            "commands": ["/cast ebwizardry:arc @p", "superpowerxp 50 @s"]
	   },
		"stun":{
            "ability": "lucraftcore:command",
            "show_in_bar": true,
			"bar_color": "red",
            "cooldown": 100,
            "title": {"text":"Stun Shock"},
            "icon": {"type": "texture", "texture": "albedo:textures/gui/abilities/stunshock.png"},
            "commands": ["/cast ebwizardry:paralysis @p", "superpowerxp 50 @s"]
		},
		"lightning_summon": {
			"ability": "heroesexpansion:lightning_strike",
			"show_in_bar": true,
			"title": {"translate":"heroesexpansion.abilities.lightning_strike.name"},
			"icon": { "type": "internal" },
			"bar_color": "red"
		},		
        "teleport": {
            "ability": "lucraftcore:teleport",
            "show_in_bar": true,
            "title": {"translate":"Lightning Jump"},
            "icon": { "type": "internal" },
            "bar_color": "red",
            "distance": 15.0
        },
		"redstone_form":{
			"ability": "lucraftcore:command",
			"show_in_bar": true,
			"bar_color": "red",
			"cooldown": 0,
			"title": {"text":"Redstone Travel"},			
			"icon": {"type": "texture",
				"texture": "albedo:textures/gui/abilities/redstonetravel.png"},
			"commands": ["execute @s ~ ~ ~ detect ~1 ~ ~ redstone_wire 0 superpower @s albedo:amperi_x", 
			"execute @s ~ ~ ~ detect ~-1 ~ ~ redstone_wire 0 superpower @s albedo:amperi_x_minus", 
			"execute @s ~ ~ ~ detect ~ ~ ~1 redstone_wire 0 superpower @s albedo:amperi_z", 
			"execute @s ~ ~ ~ detect ~ ~ ~-1 redstone_wire 0 superpower @s albedo:amperi_z_minus"]
		},
		"death_state":{
			"ability": "lucraftcore:command_loop",
			"show_in_bar": false,
			"title": {"text":"Death State"},			
			"icon": {"type": "texture",
				"texture": "albedo:textures/gui/omnitrix_timeout.png"},
			"commands": ["execute @s[score_Health=0,score_Health_min=0,tag=af] ~ ~ ~ /superpower @s albedo:recalibratedomnitrix",
			"execute @s[score_Health=0,score_Health_min=0,tag=ua] ~ ~ ~ /superpower @s albedo:ultimatrix",
            "scoreboard players tag @s[score_Sneak=1,score_Sneak_min=1] add Sneaking",
            "scoreboard players tag @s[score_Sneak=0,score_Sneak_min=0] remove Sneaking",
			"scoreboard players set @s[score_Sneak_min=1] Sneak 0",
			"execute @s[tag=Air] ~ ~ ~ scoreboard players tag @s remove Air",
			"execute @s ~ ~ ~ detect ~ ~-1 ~ water 0 scoreboard players tag @s add Air",
			"execute @s ~ ~ ~ detect ~ ~-1 ~ air 0 scoreboard players tag @s add Air"]
		},
		"timer":{
			"ability": "lucraftcore:command_loop",
			"show_in_bar": false,
			"title": {"text":"Timer"},			
			"icon": {"type": "texture","texture": "albedo:textures/gui/omnitrix_timeout.png"},
			"conditions": [{"type": "lucraftcore:not", 
			            "conditions": [{
						"type": "lucraftcore:scoreboard_tag", 
						"tag": "Master"}]}],
			"commands": ["scoreboard players remove @s Timer 1",
			"scoreboard players set @s[score_Timer=-1,score_Timer_min=-1000000] Timer 1",
			"execute @s[score_Timer=1,score_Timer_min=1,tag=af] ~ ~ ~ /playsound minecraft:custom.recalibratedhuman master @a ~ ~ ~",
			"execute @s[score_Timer=0,score_Timer_min=0,tag=ua] ~ ~ ~ /playsound minecraft:custom.ultimatrixhuman master @a ~ ~ ~",
			"execute @s[score_Timer=0,score_Timer_min=0] ~ ~ ~ /superpower @s albedo:transform_human",
			"superpowerxp 1 @s[tag=0]",
			"superpowerxp 4 @s[tag=20]",
			"superpowerxp 6 @s[tag=35]"]
		},
		"base": {	
	        "ability": "lucraftcore:command",		
            "show_in_bar": true,	
            "title": {"text":"Base Form"},
			"icon": {"type": "texture", "texture": "albedo:textures/gui/omnitrix_red.png"},
            "bar_color": "red",
			"conditions": [{
						"type": "lucraftcore:scoreboard_tag", 
						"tag": "Sneaking"}],
			"commands": ["superpower @s albedo:transform_human", 
			"execute @s[tag=af] ~ ~ ~ /playsound minecraft:custom.recalibratedhuman master @a ~ ~ ~",
			"execute @s[tag=ua] ~ ~ ~ /playsound minecraft:custom.ultimatrixhuman master @a ~ ~ ~"]
		}
	}	
}
