{
	"name": {
		"text": "Appoplexian"
	},

	"icon": {
		"type": "texture",
		"texture": "albedo:textures/gui/recal/appoplexian.png"
	},

	"creative_tab": "albedo",
	
	"max_level": 40,
	
	"capsule_color": 3080117,	
	
    "effects": [
        {
        "type": "skin_change",
        "texture": "albedo:textures/models/albedo/appoplexian.png"
       },
		{
			"type": "blade",
			"conditions": [
				{
					"type": "ability_enabled",
					"ability": "speedsterheroes:blade"
				}
			]
		},
		{
            "type": "skin_overlay",
            "texture": "albedo:textures/overlays/glow/appoplexian_glow.png",
            "size": 0,
            "glow": true,
            "conditions": [
            	{
            		"type": "always"
            	}
            ]
       }
    ],
	
	"abilities": {		
		"health": {		
			"ability": "lucraftcore:health",			
            "show_in_bar": false,		
            "title": {"text":"Health"},					
			"amount": 15,
			"operation": 0		
		},
		"radiation_protection": {
            "ability": "the-fifth-world:potion_immunity",
            "show_in_bar": false,
            "title": {"text":"Radiation Protection"},
            "icon": {"type": "internal"},
            "potion": "lucraftcore:radiation"
       },
		"strength": {	
			"ability": "lucraftcore:strength",				
            "show_in_bar": false,		
            "title": {"text":"Strength"},							
			"amount": 20,
			"operation": 0			
		},
		"sprint": {
			"ability": "lucraftcore:sprint",			
            "show_in_bar": false,		
            "title": {"text":"Speed"},										
			"amount": 0.9,
			"operation": 0							
		},	
		"jump": {
			"ability": "lucraftcore:jump_boost",			
            "show_in_bar": false,		
            "title": {"text":"Jump Boost"},									
			"amount": 6,
			"operation": 0	
		},
		"resistance": {
			"ability": "lucraftcore:resistance",			
            "show_in_bar": false,		
            "title": {"text":"Resistance"},						
			"amount": 11,
			"operation": 0			
		},
		"fall_resistance": {
			"ability": "lucraftcore:fall_resistance",
			"show_in_bar": false,
			"title": {"text":"Fall Resistance"},
			"amount": 8,
			"operation": 0
		},
		"size": {
			"ability": "lucraftcore:command_loop",
			"show_in_bar": false,
			"title": {"text": "Big size"},
			"icon": {"type": "internal"},
			"bar_color": "red",
			"commands": ["sizechange @s 1.4 lucraftcore:default", "stopsound @s player ebwizardry:spell.enrage"]
		},
		"appoplexian_punch": {
			"ability": "lucraftcore:set_punch",
			"icon": {"type": "texture", "texture": "albedo:textures/gui/abilities/appoplexian_punch.png"},
			"cooldown": 75,
			"damage": 45,
            "reach_distance": 6.0,
            "arm": 0,			
            "show_in_bar": true,
            "title": {"text":"Big Punch"},
            "bar_color": "red"		
		},
		"appoplexian_punch_xp": {
            "ability": "lucraftcore:command",
            "cooldown": 0,
			"parent_ability": "appoplexian_punch",
            "show_in_bar": false,
            "title": {"text":"Appoplexian Punch XP"},
            "icon": {"type": "internal"},
            "conditions": [{
			    "type": "ability_enabled",
				"ability": "lucraftcore:set_punch"}],
		    "commands": ["/superpowerxp 50 @s"]
		},
		"arm_blades": {
            "ability": "speedsterheroes:blade",
            "cooldown": 0,
			"icon": {"type": "texture", "texture": "albedo:textures/gui/abilities/armclaws.png"},
            "show_in_bar": true,
            "title": {"text":"Arm Claws"},
            "bar_color": "red"
       },
		"arm_blades_xp": {
            "ability": "lucraftcore:command",
            "cooldown": 0,
			"parent_ability": "arm_blades",
            "show_in_bar": false,
            "title": {"text":"Arm Blades XP"},
            "icon": {"type": "internal"},
            "conditions": [{
			    "type": "ability_enabled",
				"ability": "speedsterheroes:blade"}],
		    "commands": ["/superpowerxp 50 @s"]
		},
		"throw_boulder":{
            "ability": "lucraftcore:command",
            "show_in_bar": true,
			"bar_color": "red",
            "cooldown": 400,
            "title": {"text":"Throw Boulder"},
            "icon": {"type": "texture", "texture": "albedo:textures/gui/abilities/boulder_throw.png"},
            "commands": ["/cast ebwizardry:boulder @p", "/stopsound @s player ebwizardry:spell.boulder"],
            "conditions": [{"type": "lucraftcore:not", 
			            "conditions": [{
						"type": "lucraftcore:scoreboard_tag", 
						"tag": "Air"}]}]
		},
		"diss":{
            "ability": "lucraftcore:command",
            "show_in_bar": true,
			"bar_color": "red",
            "cooldown": 400,
            "title": {"text":"Let Me Tell You Something"},
            "icon": {"type": "texture", "texture": "albedo:textures/gui/abilities/let_me_tell_you_something.png"},
            "commands": ["/cast ebwizardry:enrage @p", "/playsound minecraft:custom.diss master @a ~ ~ ~"]
		},
		"switch":{
			"ability": "lucraftcore:command",
			"show_in_bar": true,
			"cooldown": 0,
			"title": {"text":"Switch"},			
			"icon": {"type": "texture",
				"texture": "albedo:textures/gui/recal/recal_activate.png"},
		    "conditions": [{
			    "type": "lucraftcore:not", 
			        "conditions": [{
						"type": "lucraftcore:scoreboard_tag", 
						"tag": "Sneaking"}]}],
			"commands": ["/superpower @s[score_Timer_min=1201] albedo:appoplexian_switch",
			"execute @s[score_Timer=1199,score_Timer_min=0] ~ ~ ~ /tellraw @s {\"text\":\"Insufficient Power\",\"color\":\"green\"}"],
            "bar_color": "red"
		},
		"timer":{
			"ability": "lucraftcore:command_loop",
			"show_in_bar": false,
			"cooldown": 0,
			"title": {"text":"Timer"},			
			"icon": {"type": "texture",
				"texture": "albedo:textures/gui/recal/recal_timeout.png"},
			"conditions": [{"type": "lucraftcore:not", 
			            "conditions": [{
						"type": "lucraftcore:scoreboard_tag", 
						"tag": "Master"}]}],
			"commands": ["scoreboard players remove @s Timer 1", 
			"execute @s[score_Timer=0,score_Timer_min=0,tag=af] ~ ~ ~ /superpower @s albedo:recalibratedomnitrix", 
			"execute @s[score_Timer=0,score_Timer_min=0] ~ ~ ~ /particle reddust ~ ~ ~ 1 1 1 0 7000", 
			"execute @s[score_Timer=1,score_Timer_min=1,tag=af] ~ ~ ~ /playsound minecraft:custom.recalibratedhuman master @a ~ ~ ~",			
			"execute @s[score_Timer=0,score_Timer_min=0,tag=ua] ~ ~ ~ /superpower @s albedo:ultimatrix", 
			"execute @s[score_Timer=0,score_Timer_min=0,tag=ua] ~ ~ ~ /playsound minecraft:custom.ultimatrixhuman master @a ~ ~ ~",
			"execute @s[score_Timer=0,score_Timer_min=0,tag=ua] ~ ~ ~ /particle reddust ~ ~ ~ 1 1 1 0 7000"]
		},
		"death_state":{
			"ability": "lucraftcore:command_loop",
			"show_in_bar": false,
			"title": {"text":"Death State"},			
			"icon": {"type": "texture",
				"texture": "albedo:textures/gui/omnitrix_timeout.png"},
			"commands": ["execute @s[score_Health=0,score_Health_min=0,tag=af] ~ ~ ~ /superpower @s albedo:recalibratedomnitrix",
			"execute @s[score_Health=0,score_Health_min=0,tag=ua] ~ ~ ~ /superpower @s albedo:ultimatrix",
            "scoreboard players tag @s[score_Sneak=1,score_Sneak_min=1] add Sneaking",
            "scoreboard players tag @s[score_Sneak=0,score_Sneak_min=0] remove Sneaking",
			"scoreboard players set @s[score_Sneak_min=1] Sneak 0",
			"execute @s[tag=Air] ~ ~ ~ scoreboard players tag @s remove Air",
			"execute @s ~ ~ ~ detect ~ ~-1 ~ water 0 scoreboard players tag @s add Air",
			"execute @s ~ ~ ~ detect ~ ~-1 ~ air 0 scoreboard players tag @s add Air"]
		},
		"timer":{
			"ability": "lucraftcore:command_loop",
			"show_in_bar": false,
			"title": {"text":"Timer"},			
			"icon": {"type": "texture","texture": "albedo:textures/gui/omnitrix_timeout.png"},
			"conditions": [{"type": "lucraftcore:not", 
			            "conditions": [{
						"type": "lucraftcore:scoreboard_tag", 
						"tag": "Master"}]}],
			"commands": ["scoreboard players remove @s Timer 1",
			"scoreboard players set @s[score_Timer=-1,score_Timer_min=-1000000] Timer 1",
			"execute @s[score_Timer=1,score_Timer_min=1,tag=af] ~ ~ ~ /playsound minecraft:custom.recalibratedhuman master @a ~ ~ ~",
			"execute @s[score_Timer=0,score_Timer_min=0,tag=ua] ~ ~ ~ /playsound minecraft:custom.ultimatrixhuman master @a ~ ~ ~",
			"execute @s[score_Timer=0,score_Timer_min=0] ~ ~ ~ /superpower @s albedo:transform_human",
			"superpowerxp 1 @s[tag=0]",
			"superpowerxp 4 @s[tag=20]",
			"superpowerxp 6 @s[tag=35]"]
		},
		"base": {	
	        "ability": "lucraftcore:command",		
            "show_in_bar": true,	
            "title": {"text":"Base Form"},
			"icon": {"type": "texture", "texture": "albedo:textures/gui/omnitrix_red.png"},
            "bar_color": "red",
			"conditions": [{
						"type": "lucraftcore:scoreboard_tag", 
						"tag": "Sneaking"}],
			"commands": ["superpower @s albedo:transform_human", 
			"execute @s[tag=af] ~ ~ ~ /playsound minecraft:custom.recalibratedhuman master @a ~ ~ ~",
			"execute @s[tag=ua] ~ ~ ~ /playsound minecraft:custom.ultimatrixhuman master @a ~ ~ ~"]
		}
	}
}