{
	"name": {
		"text": "Celestialsapien"
	},

	"icon": {
		"type": "texture",
		"texture": "albedo:textures/gui/recal/celestialsapien.png"
	},

	"creative_tab": "albedo",
	
	"max_level": 40,
	
	"capsule_color": 3080117,
	
    "effects": [
        {
        	"type": "skin_change",
        	"texture": "albedo:textures/models/albedo/celestialsapien.png"
        },
		{
            "type": "skin_overlay",
            "texture": "albedo:textures/overlays/glow/celestialsapien_glow.png",
            "size": 0,
            "glow": true,
            "conditions": [
            	{
            		"type": "always"
            	}
            ]
        },
        {
        	"type": "hud",
        	"texture": "albedo:textures/hud/bellicus_and_serena.png"
        }
    ],
	
	"abilities": {
		"size": {
			"ability": "lucraftcore:command_loop",
			"show_in_bar": false,
			"title": {"text": "Size"},
			"icon": { "type": "texture", "texture": "albedo:textures/gui/recal/recal_omnitrix.png" },
			"commands": ["sizechange @s 1.5 lucraftcore:default"]
        },
		"radiation_protection": {
            "ability": "the-fifth-world:potion_immunity",
            "show_in_bar": false,
            "title": {"text":"Radiation Protection"},
            "icon": {"type": "internal"},
            "potion": "lucraftcore:radiation"
        },
        "tough_lungs": {
            "ability": "lucraftcore:tough_lungs",
            "show_in_bar": false,
            "title": {"translate":"lucraftcore.abilities.tough_lungs.name"},
            "icon": {"type": "internal"},
            "bar_color": "red"
        },
		"random_choice": {
			"ability": "lucraftcore:command_loop",
			"show_in_bar": false,
			"title": {"text": "Choice Value"},
			"icon": { "type": "texture", "texture": "albedo:textures/gui/abilities/celestialsapien.png" },
			"commands": ["scoreboard players add @s Choice 1", 
			"scoreboard players set @s[score_Choice_min=850] Choice 0",
			"scoreboard players set @s[score_Ask_min=4] Ask 0"]
        },
		"celestialsapien_resistance": {
			"ability": "lucraftcore:command_loop",
			"show_in_bar": false,
			"title": {"translate":"lucraftcore.abilities.command.name"},
			"icon": {"type": "internal"},
			"commands": ["/effect @s resistance 1 255 true"]
		},
		"fall_resistance": {
			"ability": "lucraftcore:fall_resistance",
			"show_in_bar": false,
			"title": {"text":"Fall Resistance"},
			"amount": 2000,
			"operation": 0
		},
		"knockback_resistance": {
            "ability": "lucraftcore:knockback_resistance",
            "show_in_bar": false,
            "title": {"translate":"lucraftcore.abilities.knockback_resistance.name"},
            "icon": {"type": "internal"},
            "amount": 500.0,
            "operation": 0
        },
		"fire_resistance": {
			"ability": "lucraftcore:fire_resistance",			
            "show_in_bar": false,		
            "title": {"text":"Fire Resistance"},						
			"operation": 0			
		},
		"no_moving": {
			"ability": "lucraftcore:command_loop",
			"show_in_bar": false,
			"title": {"translate":"lucraftcore.abilities.command.name"},
			"icon": {"type": "internal"},
			"commands": ["/effect @s ebwizardry:paralysis 1 1 true"]
		},
		"water_breathing": {
			"ability": "lucraftcore:water_breathing",
			"show_in_bar": false,
			"title": {"text": "Water Breathing"},
			"icon": {"type": "internal"}
		},
		"inner_world": {
            "ability": "the-fifth-world:deafness",
            "show_in_bar": false,
            "title": {"translate":"the-fifth-world.abilities.deafness.name"},
            "icon": {"type": "internal"},
            "bar_color": "light_gray"
        },
		"debate": {
			"ability": "lucraftcore:command",
			"cooldown": 175,
			"show_in_bar": true,
			"title": {"text":"Alien X"},
			"icon": { "type": "texture", "texture": "albedo:textures/gui/abilities/celestialsapien_face.png"},
			"bar_color": "red",
			"commands": [ 
				"execute @s[score_Ask=0,score_Ask_min=0] ~ ~ ~ /tellraw @s {\"text\":\"I order you to give me control!\"}", 
				"execute @s[score_Ask=1,score_Ask_min=1] ~ ~ ~ /tellraw @s {\"text\":\"Your petty concerns mean nothing to me, just give me command of this form!\"}",
				"execute @s[score_Ask=2,score_Ask_min=2] ~ ~ ~ /tellraw @s {\"text\":\"I grow tired of this incessant bickering, give me control\"}", 
				"execute @s[score_Choice=250,score_Choice_min=0] ~ ~ ~ /tellraw @s {\"text\":\"You've got some attitude\",\"color\":\"red\"}",
				"execute @s[score_Choice=500,score_Choice_min=251] ~ ~ ~ /tellraw @s {\"text\":\"All three of us must agree upon this, Motion Denied!\",\"color\":\"red\"}",
				"execute @s[score_Choice=750,score_Choice_min=501] ~ ~ ~ /tellraw @s {\"text\":\"Motion Denied. Purely for being rude.\",\"color\":\"red\"}",
				"execute @s[score_Choice=850,score_Choice_min=751] ~ ~ ~ /tellraw @s {\"text\":\"We shall consider it.\",\"color\":\"green\"}",
				"execute @s[score_Choice=850,score_Choice_min=751] ~ ~ ~ /tellraw @s[score_Ask=2,score_Ask_min=2] {\"text\":\"If you stop complaining, we might be able to actually make a decision.\",\"color\":\"green\"}",
				"execute @s[score_Choice=850,score_Choice_min=751] ~ ~ ~ /scoreboard players add @s Ask 1",				
				"execute @s[score_Choice=850,score_Choice_min=751] ~ ~ ~ /tellraw @s[score_Ask=1,score_Ask_min=1] {\"text\":\"Seconded!\",\"color\":\"green\"}",
				"execute @s[score_Limit=0,score_Limit_min=0] ~ ~ ~ /scoreboard players set @s Limit 600"]
		},
		"death_state":{
			"ability": "lucraftcore:command_loop",
			"show_in_bar": false,
			"title": {"text":"Death State"},			
			"icon": {"type": "texture",
				"texture": "albedo:textures/gui/omnitrix_timeout.png"},
			"commands": ["execute @s[score_Health=0,score_Health_min=0,tag=af] ~ ~ ~ /superpower @s albedo:recalibratedomnitrix",
			"execute @s[score_Health=0,score_Health_min=0,tag=ua] ~ ~ ~ /superpower @s albedo:ultimatrix",
            "scoreboard players tag @s[score_Sneak=1,score_Sneak_min=1] add Sneaking",
            "scoreboard players tag @s[score_Sneak=0,score_Sneak_min=0] remove Sneaking",
			"scoreboard players set @s[score_Sneak_min=1] Sneak 0",
			"execute @s[tag=Air] ~ ~ ~ scoreboard players tag @s remove Air",
			"execute @s ~ ~ ~ detect ~ ~-1 ~ water 0 scoreboard players tag @s add Air",
			"execute @s ~ ~ ~ detect ~ ~-1 ~ air 0 scoreboard players tag @s add Air"]
		},
		"omnitrix_functions": {
			"ability": "lucraftcore:command",
			"show_in_bar": true,
			"title": {"text":"Try to leave"},
			"icon": { "type": "texture", "texture": "albedo:textures/gui/recal/recal_omnitrix.png"},
			"bar_color": "red",
			"commands": ["execute @s[score_Ask=0,score_Ask_min=0] ~ ~ ~ /tellraw @s {\"text\":\"You're not going anywhere\",\"color\":\"red\"}",
			"execute @s[score_Ask=3,score_Ask_min=1] ~ ~ ~ /tellraw @s {\"text\":\"I don't need to lower myself to your level.\"}", 
			"execute @s[score_Ask=3,score_Ask_min=1] ~ ~ ~ /scoreboard players set @s Choice 0", 
			"execute @s[score_Ask=3,score_Ask_min=1] ~ ~ ~ /superpower @s albedo:celestialsapien_omnitrix"]
		}
	}
}