{
	"name": {
		"text": "Celestialsapien"
	},

	"icon": {
		"type": "texture",
		"texture": "albedo:textures/gui/recal/celestialsapien.png"
	},

	"creative_tab": "albedo",
	
	"max_level": 40,
	
	"capsule_color": 3080117,
	
    "effects": [

        {
        "type": "skin_change",
        "texture": "albedo:textures/models/albedo/celestialsapien.png"
        },
		{
            "type": "skin_overlay",
            "texture": "albedo:textures/overlays/glow/celestialsapien_glow.png",
            "size": 0,
            "glow": true,
            "conditions": [
            	{
            		"type": "always"
            	}
            ]
        }
    ],
	
	"abilities": {
		"size": {
			"ability": "lucraftcore:command_loop",
			"show_in_bar": false,
			"title": {"text": "Size"},
			"icon": {"type": "texture", "texture": "albedo:textures/gui/recal/recal_omnitrix.png"},
			"bar_color": "light_gray",
			"commands": ["sizechange @s 1.5 lucraftcore:default"]
        },
		"radiation_protection": {
            "ability": "the-fifth-world:potion_immunity",
            "show_in_bar": false,
            "title": {"text":"Radiation Protection"},
            "icon": {"type": "internal"},
            "potion": "lucraftcore:radiation"
        },
        "tough_lungs": {
            "ability": "lucraftcore:tough_lungs",
            "show_in_bar": false,
            "title": {"translate":"lucraftcore.abilities.tough_lungs.name"},
            "icon": {"type": "internal"},
            "bar_color": "red"
        },
		"health": {		
			"ability": "lucraftcore:health",			
            "show_in_bar": false,		
            "title": {"text":"Health"},					
			"amount": 10,
			"operation": 0		
		},
		"strength": {	
			"ability": "lucraftcore:strength",				
            "show_in_bar": false,		
            "title": {"text":"Strength"},							
			"amount": 150,
			"operation": 0			
		},
		"sprint": {
			"ability": "lucraftcore:sprint",			
            "show_in_bar": false,		
            "title": {"text":"Speed"},										
			"amount": 1.0,
			"operation": 0							
		},	
		"jump": {
			"ability": "lucraftcore:jump_boost",			
            "show_in_bar": false,		
            "title": {"text":"Jump Boost"},									
			"amount": 7,
			"operation": 0	
        },
		"celestialsapien_resistance": {
			"ability": "lucraftcore:command_loop",
			"show_in_bar": false,
			"title": {"translate":"lucraftcore.abilities.command.name"},
			"icon": {"type": "internal"},
			"bar_color": "light_gray",
			"commands": ["/effect @s resistance 1 255 true"]
		},
		"fall_resistance": {
			"ability": "lucraftcore:fall_resistance",
			"show_in_bar": false,
			"title": {"text":"Fall Resistance"},
			"amount": 2000,
			"operation": 0
		},
		"knockback_resistance": {
            "ability": "lucraftcore:knockback_resistance",
            "show_in_bar": false,
            "title": {"translate":"lucraftcore.abilities.knockback_resistance.name"},
            "icon": {"type": "internal"},
            "amount": 500.0,
            "operation": 0
        },
		"fire_resistance": {
			"ability": "lucraftcore:fire_resistance",			
            "show_in_bar": false,		
            "title": {"text":"Fire Resistance"},						
			"operation": 0			
		},
		"blackhole": {
			"ability": "heroesexpansion:black_hole",
			"icon": {"type": "texture", "texture": "albedo:textures/gui/abilities/black_hole.png"},			
            "show_in_bar": true,			
            "title": {"text":"Black Hole"},
            "bar_color": "red",						
			"operation": 0			
		},
		"flight": {			
			"ability": "lucraftcore:flight",
			"icon": {"type": "internal"},			
            "show_in_bar": true,
            "title": {"text":"Flight"},	
            "bar_color": "red",				
			"speed": 2.0,
            "sprint_speed": 8,
			"rotate_arms": true
		},
		"teleport": {
            "ability": "lucraftcore:teleport",
            "show_in_bar": true,
            "title": {"translate":"lucraftcore.abilities.teleport.name"},
            "icon": {"type": "internal"},
            "bar_color": "red",
            "distance": 30.0
        },
		"portal": {
            "ability": "heroesexpansion:portal",
            "show_in_bar": true,
            "title": {"translate":"heroesexpansion.abilities.portal.name"},
            "icon": {"type": "internal"},
            "bar_color": "red"
		},
		"slow_time":{
            "ability": "lucraftcore:command",
            "show_in_bar": true,
			"bar_color": "red",
            "title": {"text":"Slow Time"},
            "icon": {"type": "texture", "texture": "albedo:textures/gui/abilities/slow.png"},
            "commands": ["/cast ebwizardry:slow_time @p"]
		},
		"stop_projectiles": {
            "ability": "lucraftcore:command_held",
            "bar_color": "red",            
            "show_in_bar": true,
            "title": {"text":"Stop Projectiles"},
			"icon": {"type": "texture", "texture": "albedo:textures/gui/abilities/stop_projectiles.png"},
			"commands": ["entitydata @e[type=snowball,r=10] {NoGravity:0b,Motion:[0.0,0.0,0.0]}",
                  "entitydata @e[type=arrow,r=7] {NoGravity:1b,Motion:[0.0,0.0,0.0]}",
                  "entitydata @e[type=lucraftcore:energy_blast,r=7] {NoGravity:1b,Motion:[0.0,0.0,0.0]}",
                  "entitydata @e[type=wither_skull,r=7] {NoGravity1b,Motion:[0.0,0.0,0.0]}",
                  "entitydata @e[type=fireball,r=7] {NoGravity:1b,Motion:[0.0,0.0,0.0]}",
                  "entitydata @e[type=small_fireball,r=7] {NoGravity:1b,Motion:[0.0,0.0,0.0]}",
                  "entitydata @e[type=dragon_fireball,r=7] {NoGravity:1b,Motion:[0.0,0.0,0.0]}",
                  "entitydata @e[type=potion,r=7] {NoGravity:1b,Motion:[0.0,0.0,0.0]}",
                  "entitydata @e[type=shulker_bullet,r=7] {NoGravity:1b,Motion:[0.0,0.0,0.0]}",
                  "entitydata @e[type=llama_spit,r=7] {NoGravity:1b,Motion:[0.0,0.0,0.0]}",
                  "entitydata @e[type=heroesexpansion:vibranium_arrow,r=7] {NoGravity:1b,Motion:[0.0,0.0,0.0]}",
                  "entitydata @e[type=heroesexpansion:smoke_arrow,r=7] {NoGravity:1b,Motion:[0.0,0.0,0.0]}",
                  "entitydata @e[type=heroesexpansion:gas_arrow,r=7] {NoGravity:1b,Motion:[0.0,0.0,0.0]}",
                  "entitydata @e[type=heroesexpansion:grappling_arrow,r=7] {NoGravity:1b,Motion:[0.0,0.0,0.0]}",
                  "entitydata @e[type=heroesexpansion:sharpened_arrow,r=7] {NoGravity:1b,Motion:[0.0,0.0,0.0]}",
                  "entitydata @e[type=heroesexpansion:explosive_arrow,r=7] {NoGravity:1b,Motion:[0.0,0.0,0.0]}",
                  "entitydata @e[type=heroesexpansion:kryptonite_arrow,r=7] {NoGravity:1b,Motion:[0.0,0.0,0.0]}",
                  "entitydata @e[type=heroesexpansion:thrown_billy_club,r=7] {NoGravity:1b,Motion:[0.0,0.0,0.0]}",
                  "entitydata @e[type=heroesexpansion:web_grenade,r=7] {NoGravity:1b,Motion:[0.0,0.0,0.0]}",
                  "entitydata @e[type=heroesexpansion:thrown_mjolnir,r=7] {NoGravity:1b,Motion:[0.0,0.0,0.0]}",
                  "entitydata @e[type=heroesexpansion:impact_web,r=7] {NoGravity:1b,Motion:[0.0,0.0,0.0]}"]
		},
		"telekinetic_grab": {						
            "ability": "lucraftcore:command",
            "cooldown": 100,
            "show_in_bar": true,
            "title": {"text":"Telekinetic Grab"},
            "icon": {"type": "texture", "texture": "albedo:textures/gui/abilities/alien_x_telekinesis.png"},
            "commands": ["/cast ebwizardry:greater_telekinesis @p 5"]
		},
		"weather":{
            "ability": "lucraftcore:command",
            "show_in_bar": true,
			"bar_color": "red",
            "title": {"text":"Change Weather"},
            "icon": {"type": "texture", "texture": "albedo:textures/gui/abilities/change_weather.png"},
            "commands": ["/cast ebwizardry:invoke_weather @p"]
		},
		"smite":{
            "ability": "lucraftcore:command",
            "show_in_bar": true,
			"bar_color": "red",
            "title": {"text":"Smite"},
            "icon": {"type": "texture", "texture": "albedo:textures/gui/abilities/smite.png"},
            "commands": ["/cast ebwizardry:celestial_smite @p"]
		},
		"forcefield":{
            "ability": "lucraftcore:command",
            "show_in_bar": true,
			"bar_color": "red",
            "title": {"text":"Forcefield"},
            "icon": {"type": "texture", "texture": "albedo:textures/gui/abilities/alien_x_forcefield.png"},
            "commands": ["/cast ebwizardry:forcefield @p"]
		},
		"mind_control":{
            "ability": "lucraftcore:command",
            "show_in_bar": true,
			"bar_color": "red",
            "title": {"text":"Mind Control"},
            "icon": {"type": "texture", "texture": "albedo:textures/gui/abilities/mindcontrol.png"},
            "commands": ["/cast ebwizardry:mind_control @p"]
		},
		"dragon_ball":{
            "ability": "lucraftcore:command",
            "show_in_bar": true,
			"bar_color": "red",
            "title": {"text":"Dragon Ball"},
            "icon": {"type": "texture", "texture": "albedo:textures/gui/abilities/dragon_ball.png"},
            "commands": ["/cast ebwizardry:dragon_fireball @p"]		
		},
		"plague_blast":{
            "ability": "lucraftcore:command",
            "show_in_bar": true,
			"bar_color": "red",
            "title": {"text":"Plague Blast"},
            "icon": {"type": "texture", "texture": "albedo:textures/gui/abilities/spit.png"},
            "commands": ["/cast ebwizardry:plague_of_darkness @p"]		
		},
		"tornado":{
            "ability": "lucraftcore:command",
            "show_in_bar": true,
			"bar_color": "red",
            "title": {"text":"Tornado"},
            "icon": {"type": "texture", "texture": "albedo:textures/gui/abilities/tornado.png"},
            "commands": ["/cast ebwizardry:tornado @p"]		
		},
		"petrify":{
            "ability": "lucraftcore:command",
            "show_in_bar": true,
			"bar_color": "red",
            "title": {"text":"Petrify"},
            "icon": {"type": "texture", "texture": "albedo:textures/gui/abilities/petrify.png"},
            "commands": ["/cast ebwizardry:petrify @p"]		
		},
		"holy_ray":{
            "ability": "lucraftcore:command",
            "show_in_bar": true,
			"bar_color": "red",
            "title": {"text":"Purify Ray"},
            "icon": {"type": "texture", "texture": "albedo:textures/gui/abilities/holy_ray.png"},
            "commands": ["/cast ebwizardry:ray_of_purification @p 5"]
		},
		"healing_zone":{
            "ability": "lucraftcore:command",
            "show_in_bar": true,
			"bar_color": "red",
            "title": {"text":"Heal Zone"},
            "icon": {"type": "texture", "texture": "albedo:textures/gui/abilities/heal_zone.png"},
            "commands": ["/cast ebwizardry:healing_aura @p"]
		},
		"meteor_strike":{
            "ability": "lucraftcore:command",
            "show_in_bar": true,
			"bar_color": "red",
            "title": {"text":"Meteor Strike"},
            "icon": {"type": "texture", "texture": "albedo:textures/gui/abilities/meteorite.png"},
            "commands": ["/cast ebwizardry:meteor @p"]
		},		
		"reduce_gravity":{
			"ability": "lucraftcore:command",
			"title": {"text": "Reduce Gravity"},
            "bar_color": "red",
			"icon": {"type": "texture",
				"texture": "albedo:textures/gui/abilities/gravity_up.png"},
			"commands": ["execute @e[rm=1,r=10] ~ ~ ~ effect @s minecraft:levitation 10 3"]
		},
		"increase_gravity": {
            "ability": "lucraftcore:command_held",
            "bar_color": "red",            
            "show_in_bar": true,
            "title": {"text":"Increase Gravity"},
			"icon": {"type": "texture",
				"texture": "albedo:textures/gui/abilities/gravity_down.png"},
			"commands": ["entitydata @e[type=snowball,r=10] {NoGravity:1b,Motion:[0.0,-3.0,0.0]}",
                  "entitydata @e[type=arrow,r=7] {NoGravity:1b,Motion:[0.0,-3.0,0.0]}",
                  "entitydata @e[type=lucraftcore:energy_blast,r=7] {NoGravity:1b,Motion:[0.0,-3.0,0.0]}",
                  "entitydata @e[type=wither_skull,r=7] {NoGravity:1b,Motion:[0.0,-3.0,0.0]}",
                  "entitydata @e[type=fireball,r=7] {NoGravity:1b,Motion:[0.0,-3.0,0.0]}",
                  "entitydata @e[type=small_fireball,r=7] {NoGravity:1b,Motion:[0.0,-3.0,0.0]}",
                  "entitydata @e[type=dragon_fireball,r=7] {NoGravity:1b,Motion:[0.0,-3.0,0.0]}",
                  "entitydata @e[type=potion,r=7] {NoGravity:1b,Motion:[0.0,-3.0,0.0]}",
                  "entitydata @e[type=shulker_bullet,r=7] {NoGravity:1b,Motion:[0.0,-3.0,0.0]}",
                  "entitydata @e[type=llama_spit,r=7] {NoGravity:1b,Motion:[0.0,-3.0,0.0]}",
                  "entitydata @e[type=heroesexpansion:vibranium_arrow,r=7] {NoGravity:1b,Motion:[0.0,-3.0,0.0]}",
                  "entitydata @e[type=heroesexpansion:smoke_arrow,r=7] {NoGravity:1b,Motion:[0.0,-3.0,0.0]}",
                  "entitydata @e[type=heroesexpansion:gas_arrow,r=7] {NoGravity:1b,Motion:[0.0,-3.0,0.0]}",
                  "entitydata @e[type=heroesexpansion:grappling_arrow,r=7] {NoGravity:1b,Motion:[0.0,-3.0,0.0]}",
                  "entitydata @e[type=heroesexpansion:sharpened_arrow,r=7] {NoGravity:1b,Motion:[0.0,-3.0,0.0]}",
                  "entitydata @e[type=heroesexpansion:explosive_arrow,r=7] {NoGravity:1b,Motion:[0.0,-3.0,0.0]}",
                  "entitydata @e[type=heroesexpansion:kryptonite_arrow,r=7] {NoGravity:1b,Motion:[0.0,-3.0,0.0]}",
                  "entitydata @e[type=heroesexpansion:thrown_billy_club,r=7] {NoGravity:1b,Motion:[0.0,-3.0,0.0]}",
                  "entitydata @e[type=heroesexpansion:web_grenade,r=7] {NoGravity:1b,Motion:[0.0,-3.0,0.0]}",
                  "entitydata @e[type=heroesexpansion:thrown_mjolnir,r=7] {NoGravity:1b,Motion:[0.0,-3.0,0.0]}",
                  "entitydata @e[type=heroesexpansion:impact_web,r=7] {NoGravity:1b,Motion:[0.0,-3.0,0.0]}"]
		},		
		"trap":{
			"ability": "lucraftcore:command",
			"title": {"text": "Trap"},
            "bar_color": "red",
			"icon": {"type": "texture",
				"texture": "albedo:textures/gui/abilities/contain.png"},
			"commands": ["execute @e[rm=1,r=10] ~ ~ ~ effect @s ebwizardry:containment 10 3"]
		},		
		"gravity_drop":{
            "ability": "lucraftcore:command_held",
            "show_in_bar": false,
            "title": {"translate":"lucraftcore.abilities.command_held.name"},
            "icon": {"type": "texture","texture": "albedo:textures/gui/abilities/drop.png"},
            "bar_color": "red",
            "commands": ["execute @e[rm=1,r=25] ~ ~ ~ effect @s minecraft:levitation 0 0"],
            "parent_ability": "increase_gravity"
        },
		"death_state":{
			"ability": "lucraftcore:command_loop",
			"show_in_bar": false,
			"title": {"text":"Death State"},			
			"icon": {"type": "texture",
				"texture": "albedo:textures/gui/omnitrix_timeout.png"},
			"commands": ["execute @s[score_Health=0,score_Health_min=0,tag=af] ~ ~ ~ /superpower @s albedo:recalibratedomnitrix",
			"execute @s[score_Health=0,score_Health_min=0,tag=ua] ~ ~ ~ /superpower @s albedo:ultimatrix",
            "scoreboard players tag @s[score_Sneak=1,score_Sneak_min=1] add Sneaking",
            "scoreboard players tag @s[score_Sneak=0,score_Sneak_min=0] remove Sneaking",
			"scoreboard players set @s[score_Sneak_min=1] Sneak 0",
			"execute @s[tag=Air] ~ ~ ~ scoreboard players tag @s remove Air",
			"execute @s ~ ~ ~ detect ~ ~-1 ~ water 0 scoreboard players tag @s add Air",
			"execute @s ~ ~ ~ detect ~ ~-1 ~ air 0 scoreboard players tag @s add Air",
			"scoreboard players remove @s Limit 1",
			"execute @s[score_Ask_min=3] ~ ~ ~ /scoreboard players set @s Ask 0",
			"execute @s[score_Limit=0,score_Limit_min=0] ~ ~ ~ /superpower @s albedo:celestialsapien_new"]
		},
		"timer":{
			"ability": "lucraftcore:command_loop",
			"show_in_bar": false,
			"title": {"text":"Timer"},			
			"icon": {"type": "texture","texture": "albedo:textures/gui/omnitrix_timeout.png"},
			"conditions": [{"type": "lucraftcore:not", 
			            "conditions": [{
						"type": "lucraftcore:scoreboard_tag", 
						"tag": "Master"}]}],
			"commands": ["scoreboard players remove @s Timer 1",
			"scoreboard players set @s[score_Timer=-1,score_Timer_min=-1000000] Timer 1",
			"execute @s[score_Timer=1,score_Timer_min=1,tag=af] ~ ~ ~ /playsound minecraft:custom.recalibratedhuman master @a ~ ~ ~",
			"execute @s[score_Timer=0,score_Timer_min=0,tag=ua] ~ ~ ~ /playsound minecraft:custom.ultimatrixhuman master @a ~ ~ ~",
			"execute @s[score_Timer=0,score_Timer_min=0] ~ ~ ~ /superpower @s albedo:transform_human",
			"superpowerxp 1 @s[tag=0]",
			"superpowerxp 4 @s[tag=20]",
			"superpowerxp 6 @s[tag=35]"]
		},
		"base": {	
	        "ability": "lucraftcore:command",		
            "show_in_bar": true,	
            "title": {"text":"Base Form"},
			"icon": {"type": "texture", "texture": "albedo:textures/gui/omnitrix_red.png"},
            "bar_color": "red",
			"conditions": [{
						"type": "lucraftcore:scoreboard_tag", 
						"tag": "Sneaking"}],
			"commands": ["superpower @s albedo:transform_human", 
			"execute @s[tag=af] ~ ~ ~ /playsound minecraft:custom.recalibratedhuman master @a ~ ~ ~",
			"execute @s[tag=ua] ~ ~ ~ /playsound minecraft:custom.ultimatrixhuman master @a ~ ~ ~"]
		}
	}
}