{
	"name": {
		"text": "Ectonurite"
	},

	"icon": {
		"type": "texture",
		"texture": "albedo:textures/gui/recal/ectonurite.png"
	},

	"creative_tab": "albedo10",
	
	"max_level": 40,
	
	"capsule_color": 3080117,
	
    "effects": [
	    {
		 "type": "skin_change",
        "texture":  "albedo:textures/models/albedo/ectonurite.png",
		"conditions": [            	
				{
            		"type": "ability_enabled",
					"ability": "lucraftcore:knockback_resistance"
            	}
			]
       },
       {
        "type": "skin_change",
        "texture":  "albedo:textures/models/albedo/ectonurite_transparent.png",
		"conditions": [            	
				{
            		"type": "ability_enabled",
					"ability": "lucraftcore:knockback_resistance"
            	},
				{
            		"type": "ability_enabled",
					"ability": "speedsterheroes:phasing"
            	}
			]
        },
		{
        "type": "skin_change",
        "texture":  "albedo:textures/models/albedo/true_ectonurite.png",
		"conditions": [            	
				{
            		"type": "ability_enabled",
					"ability": "lucraftcore:step_assist"
            	}
			]
       },
       {
        "type": "skin_change",
        "texture":  "albedo:textures/models/albedo/true_ectonurite_transparent.png",
		"conditions": [            	
				{
            		"type": "ability_enabled",
					"ability": "lucraftcore:step_assist"
            	},
				{
            		"type": "ability_enabled",
					"ability": "speedsterheroes:phasing"
            	}
			]
       },
		{
            "type": "glowing_hand",
            "color": [0.35, 0.07, 1],
            "size": 1.3,
            "conditions": [
                {
                    "type": "ability_enabled",
                    "ability": "heroesexpansion:grab_entity"
               }
            ]
       }
    ],
	
	"abilities": {
	   "sun_skin_gain": {
            "ability": "lucraftcore:command_on_gain",
            "show_in_bar": false,
            "title": {"translate":"lucraftcore.abilities.command_on_gain.name"},
            "icon": { "type": "internal" },
            "commands": ["scoreboard players tag @s remove True_ectonurite"]
        },
	   "skin_off": {
            "ability": "lucraftcore:command",
			"required_level": 15,
            "cooldown": 1200,
            "show_in_bar": true,
            "title": {"text":"Unwrap Skin"},
			"icon": { "type": "texture", "texture": "albedo:textures/gui/recal/ectonurite.png" },
            "bar_color": "purple",
		    "conditions": [{
			    "type": "lucraftcore:not", 
			        "conditions": [{
						"type": "lucraftcore:scoreboard_tag", 
						"tag": "True_ectonurite"}]}],
            "commands": ["scoreboard players tag @s add True_ectonurite","/playsound minecraft:item.armor.equip_generic master @e[r=5] ~ ~ ~ "]
		},
		"skin_on": {
            "ability": "lucraftcore:command",
			 "required_level": 15,
            "cooldown": 1200,
            "show_in_bar": true,
            "title": {"text":"Wrap Skin"},
			"icon": { "type": "texture", "texture": "albedo:textures/gui/recal/ectonurite.png" }, 
            "bar_color": "purple",
			"conditions": [{
			    "type": "lucraftcore:scoreboard_tag",
				"tag": "True_ectonurite"}],
            "commands": ["scoreboard players tag @s remove True_ectonurite",
			"playsound minecraft:item.armor.equip_generic master @e[r=5] ~ ~ ~ ",
			"effect @s ebwizardry:curse_of_undeath 0 0 true"]
		},
		"sun_skin": {
            "ability": "lucraftcore:knockback_resistance",
            "show_in_bar": false,
            "title": {"text":"UAF Skin"},
            "icon": {"type": "texture", "texture": "albedo:textures/gui/recal/recal_omnitrix.png"},
			"conditions": [{"type": "lucraftcore:not", 
			            "conditions": [{"type": "lucraftcore:scoreboard_tag","tag": "True_ectonurite"}]}]
        },
		"true_skin": {
            "ability": "lucraftcore:step_assist",
            "show_in_bar": false,
            "title": {"text":"True Skin"},
            "icon": {"type": "texture", "texture": "albedo:textures/gui/recal/recal_omnitrix.png"},
			"conditions": [{
			    "type": "lucraftcore:scoreboard_tag",
				"tag": "True_ectonurite"}]
        },
		"radiation_protection": {
            "ability": "the-fifth-world:potion_immunity",
            "show_in_bar": false,
            "title": {"text":"Radiation Protection"},
            "potion": "lucraftcore:radiation"
       },
        "tough_lungs": {
            "ability": "lucraftcore:tough_lungs",
            "show_in_bar": false,
            "title": {"translate":"lucraftcore.abilities.tough_lungs.name"}
       },
		"health": {		
			"ability": "lucraftcore:health",			
            "show_in_bar": false,		
            "title": {"text":"Health"},					
			"amount": 10,
			"operation": 0		
		},
		"strength": {	
			"ability": "lucraftcore:strength",				
            "show_in_bar": false,		
            "title": {"text":"Strength"},							
			"amount": 5,
			"operation": 0			
		},
		"defense": {
			"ability": "lucraftcore:resistance",			
            "show_in_bar": false,		
            "title": {"text":"Resistance"},						
			"amount": 10,
			"operation": 0			
		},
		"fall_resistance": {
			"ability": "lucraftcore:fall_resistance",
			"show_in_bar": false,
			"title": {"text":"Fall Resistance"},
			"amount": 200,
			"operation": 0
		},
		"size": {
		    "ability": "lucraftcore:command_loop",
			"show_in_bar": false,
			"title": {"text": "Size"},
			"icon": {"type": "texture", "texture": "albedo:textures/gui/placeholder.png"},
			"commands": ["sizechange @s 1 lucraftcore:default",
			             "scoreboard players tag @s add Phasing",
						 "fill ~-3 ~-3 ~-3 ~3 ~3 ~3 air 0 replace barrier 0 ",
			             "effect @s minecraft:night_vision 1000000 1 true"]
       },
		"phasing_c": {
            "ability": "lucraftcore:command_held",
			 "conditions": [{"type": "lucraftcore:not", 
			            "conditions": [{
						"type": "lucraftcore:scoreboard_tag", 
						"tag": "Possessing"}]}],
            "show_in_bar": true,
            "title": {"text":"Phasing"},
			"icon": {"type": "texture",	"texture": "albedo:textures/gui/abilities/ghostfreakphasing.png"},
            "bar_color": "red",
		    "commands": ["execute @s ~ ~ ~ /summon armor_stand ~ ~-1 ~ {CustomName:\"Phase\",Invisible:1b,Invulnerable:1b,NoBasePlate:1b}",
						 "execute @e[name=Phase] ~ ~1 ~ /fill ~ ~ ~ ~ ~ ~ barrier 0 replace air 0",
						 "execute @e[name=Phase] ~ ~ ~ /fill ~ ~ ~ ~ ~ ~ barrier 0 replace air 0",
						 "scoreboard players tag @s remove Phasing",						 
						 "scoreboard players set @s[rx=10,rxm=-10] Facing 0", 
			             "scoreboard players set @s[rx=-10,rxm=-90] Facing 1", 
			             "scoreboard players set @s[rx=90,rxm=10] Facing 2", 
		 	             "execute @s[score_Facing=1,score_Facing_min=1] ~ ~ ~ /tp @s ~ ~0.15 ~ ", 
			             "execute @s[score_Facing=2,score_Facing_min=2] ~ ~ ~ /tp @s ~ ~-0.15 ~ ",
						 "/kill @e[name=Phase]",
						 "superpowerxp 1 @s"]						 
		},
		"phasing": {
            "ability": "speedsterheroes:phasing",
			"icon": {"type": "texture", "texture": "albedo:textures/gui/abilities/ghostfreakphasing.png"},
			"parent_ability": "phasing_c",
			"show_in_bar": false,
			"title": {"text":"Phasing"}	
		},
		"sprint": {
			"ability": "lucraftcore:sprint",	
            "parent_ability": "phasing_c",			
            "show_in_bar": false,		
            "title": {"text":"Phasing Speed"},										
			"amount": 0.5,
			"operation": 0							
		},
        "jump": {
			"ability": "lucraftcore:jump_boost",	
             "conditions": [{"type": "lucraftcore:not", 
			            "conditions": [{
						"type": "lucraftcore:scoreboard_tag", 
						"tag": "Possessing"}]}],			
            "show_in_bar": false,		
            "title": {"text":"Jump Boost"},									
			"amount": 3,
			"operation": 0	
		},		
		"flight_true": {			
			"ability": "lucraftcore:flight",
			"conditions": [{
						"type": "lucraftcore:scoreboard_tag", 
						"tag": "Phasing"}],	
            "show_in_bar": true,
            "title": {"text":"Flight"},	
            "bar_color": "red",				
			"speed": 0.7,
            "sprint_speed": 2.5,
			"rotate_arms": false
		},
		"flight_xp": {
            "ability": "lucraftcore:command_toggle",
			"parent_ability": "flight",
            "show_in_bar": false,
            "title": {"text":"Flight XP"},
            "conditions": [{
			    "type": "ability_enabled",
				"ability": "lucraftcore:flight"}],
		    "commands": ["superpowerxp 1 @s"]
		},
		"invisibility": {
			"ability": "lucraftcore:invisibility",
			"icon": {"type": "texture", "texture": "albedo:textures/gui/abilities/invis.png"},
			"show_in_bar": true,
			"title": {"translate":"lucraftcore.abilities.invisibility.name"},
			"bar_color": "red"
		},
		"invisibility_xp": {
            "ability": "lucraftcore:command_toggle",
			"parent_ability": "invisibility",
            "show_in_bar": false,
            "title": {"text":"Invisibility XP"},
            "conditions": [{
			    "type": "ability_enabled",
				"ability": "lucraftcore:invisibility"}],
		    "commands": ["superpowerxp 5 @s"]
		},
		"possession": {	
	        "ability": "lucraftcore:command",		
			"required_level": 20,
            "show_in_bar": true,	
            "title": {"text":"Possession"},
			"icon": {"type": "texture", "texture": "albedo:textures/gui/abilities/possession.png"},
            "bar_color": "red",				
			"command": ["cast ebwizardry:possession @p"]
		},
		"blast": {
			"ability": "heroesexpansion:photon_blast",
			"conditions": [{
			    "type": "lucraftcore:scoreboard_tag",
				"tag": "True_ectonurite"}],
			"show_in_bar": true,
			"title": {"translate":"heroesexpansion.abilities.photon_blast.name"},
            "icon": {"type": "texture", "texture": "albedo:textures/gui/abilities/ectonurite_blast.png"},
			"bar_color": "red",
			"color": [76, 18, 255]
		},
		"telekinesis": {						
            "ability": "heroesexpansion:grab_entity",
			"conditions": [{
			    "type": "lucraftcore:scoreboard_tag",
				"tag": "True_ectonurite"}],
            "show_in_bar": true,
            "title": {"text":"Telekinesis"},
            "icon": {"type": "texture", "texture": "albedo:textures/gui/abilities/ectonurite_telekinesis.png"},
            "bar_color": "red"		
		},
		"tentacles": {
           "ability": "lucraftcore:command",
		   "required_level": 15,
           "cooldown": 300,
		   "parent_ability": "tentacles",
           "show_in_bar": true,
           "title": {"text":"Show Tentacles"},
           "icon": {"type": "texture",
				"texture": "albedo:textures/gui/abilities/tentacles.png"},
           "bar_color": "red",
		   "commands": ["execute @e[rm=1,r=10] ~ ~ ~ effect @s minecraft:wither 15 1",
		   "cast ebwizardry:intimidate @s",
		   "execute @e[rm=1,r=10] ~ ~ ~ effect @s ebwizardry:arcane_jammer 15 1",
		   "superpowerxp 5 @s"]
        },
		"sunlight_sensitivity": {						
            "ability": "lucraftcore:command_loop",
            "show_in_bar": false,
            "title": {"text":"Sunlight Sensitivity"},
            "icon": {"type": "texture", "texture": "albedo:textures/gui/recal/ectonurite.png"},
			"conditions": [{
			    "type": "lucraftcore:scoreboard_tag",
				"tag": "True_ectonurite"}],
			"commands": ["effect @s ebwizardry:curse_of_undeath 1000000 1 true"]
		},
		"switch":{
			"ability": "lucraftcore:command",
			"show_in_bar": true,
			"cooldown": 0,
			"title": {"text":"Switch"},			
			"icon": {"type": "texture",
				"texture": "albedo:textures/gui/recal/recal_activate.png"},
			"conditions": [{
			    "type": "lucraftcore:not", 
			        "conditions": [{
						"type": "lucraftcore:scoreboard_tag", 
						"tag": "Sneaking"}
						]}],
			"commands": ["/superpower @s[score_Timer_min=1201] albedo:ectonurite_switch",
			"execute @s[score_Timer=1199,score_Timer_min=0] ~ ~ ~ /tellraw @s {\"text\":\"Insufficient Power\",\"color\":\"green\"}"],
            "bar_color": "red"
		},
		"death_state":{
			"ability": "lucraftcore:command_loop",
			"show_in_bar": false,
			"title": {"text":"Death State"},			
			"icon": {"type": "texture",
				"texture": "albedo:textures/gui/omnitrix_timeout.png"},
			"commands": ["execute @s[score_Health=0,score_Health_min=0,tag=af] ~ ~ ~ /superpower @s albedo:recalibratedomnitrix",
			"execute @s[score_Health=0,score_Health_min=0,tag=ua] ~ ~ ~ /superpower @s albedo:ultimatrix",
            "scoreboard players tag @s[score_Sneak=1,score_Sneak_min=1] add Sneaking",
            "scoreboard players tag @s[score_Sneak=0,score_Sneak_min=0] remove Sneaking",
			"scoreboard players set @s[score_Sneak_min=1] Sneak 0",
			"execute @s[tag=Air] ~ ~ ~ scoreboard players tag @s remove Air",
			"execute @s ~ ~ ~ detect ~ ~-1 ~ water 0 scoreboard players tag @s add Air",
			"execute @s ~ ~ ~ detect ~ ~-1 ~ air 0 scoreboard players tag @s add Air"]
		},
		"timer":{
			"ability": "lucraftcore:command_loop",
			"show_in_bar": false,
			"title": {"text":"Timer"},			
			"icon": {"type": "texture","texture": "albedo:textures/gui/omnitrix_timeout.png"},
			"conditions": [{"type": "lucraftcore:not", 
			            "conditions": [{
						"type": "lucraftcore:scoreboard_tag", 
						"tag": "Master"}]}],
			"commands": ["scoreboard players remove @s Timer 1",
			"scoreboard players set @s[score_Timer=-1,score_Timer_min=-1000000] Timer 1",
			"execute @s[score_Timer=1,score_Timer_min=1,tag=af] ~ ~ ~ /playsound minecraft:custom.recalibratedhuman master @a ~ ~ ~",
			"execute @s[score_Timer=0,score_Timer_min=0,tag=ua] ~ ~ ~ /playsound minecraft:custom.ultimatrixhuman master @a ~ ~ ~",
			"execute @s[score_Timer=0,score_Timer_min=0] ~ ~ ~ /effect @s minecraft:night_vision 0 1 true",
			"execute @s[score_Timer=0,score_Timer_min=0] ~ ~ ~ /superpower @s albedo:transform_human",
			"superpowerxp 1 @s[tag=0]",
			"superpowerxp 4 @s[tag=20]",
			"superpowerxp 6 @s[tag=35]"]
		},
		"base": {	
	        "ability": "lucraftcore:command",		
            "show_in_bar": true,	
            "title": {"text":"Base Form"},
			"icon": {"type": "texture", "texture": "albedo:textures/gui/omnitrix_red.png"},
            "bar_color": "red",
			"conditions": [{
						"type": "lucraftcore:scoreboard_tag", 
						"tag": "Sneaking"}],
			"commands": ["superpower @s albedo:transform_human",
			             "effect @s minecraft:night_vision 0 1 true",
			             "execute @s[tag=af] ~ ~ ~ /playsound minecraft:custom.recalibratedhuman master @a ~ ~ ~",
			             "execute @s[tag=ua] ~ ~ ~ /playsound minecraft:custom.ultimatrixhuman master @a ~ ~ ~"]
		}
	}
}
