{
	"name": {
		"text": "Florauna"
	},

	"icon": {
		"type": "texture",
		"texture": "albedo:textures/gui/recal/florauna.png"
	},

	"creative_tab": "albedo",
	
	"max_level": 40,
	
	"capsule_color": 3080117,
	
    "effects": [
        {
            "type": "skin_change",
            "texture": "albedo:textures/models/albedo/florauna.png"
       },
		{
        "type": "skin_overlay",
        "texture": "albedo:textures/overlays/glow/florauna_glow.png",
         "size": 0,
            "glow": true,
            "conditions": [
            	{
            		"type": "always"
            	}
            ]
       }
    ],
	
	"abilities": {
		"gain": {
            "ability": "lucraftcore:command_on_gain",
            "show_in_bar": false,
            "title": {"translate":"lucraftcore.abilities.command_on_gain.name"},
            "icon": {"type": "internal"},
            "commands": ["scoreboard objectives add VineB dummy",
			             "scoreboard objectives add VW dummy",
			             "scoreboard objectives add Sneak stat.sneakTime"]
       },
		"lose": {
            "ability": "lucraftcore:command_on_lose",
            "show_in_bar": false,
            "title": {"translate":"lucraftcore.abilities.command_on_lose.name"},
            "icon": {"type": "internal"},
            "commands": ["scoreboard objectives remove VineB dummy",
			             "scoreboard objectives remove VW dummy",
			             "scoreboard objectives remove Sneak stat.sneakTime"]
	    },
		"sneak": {
			"ability": "lucraftcore:command_loop",
			"show_in_bar": false,
			"title": {"text": "Sneak"},
			"icon": { "type": "texture", "texture": "albedo:textures/gui/recal/recal_omnitrix.png" },
			"commands": ["execute @s[tag=VW] ~ ~ ~ scoreboard players add @s VW 1"]
        },
		"size": {
			"ability": "lucraftcore:command_loop",
			"show_in_bar": false,
			"title": {"text": "Size"},
			"icon": {"type": "texture", "texture": "albedo:textures/gui/recal/recal_omnitrix.png"},
			"commands": ["sizechange @s 1.3 lucraftcore:default",
		                 "execute @s ~ ~ ~ detect ~ ~-1 ~ grass 0 /effect @s minecraft:regeneration 1 1 true",
						 "execute @s ~ ~ ~ detect ~ ~-1 ~ grass 0 /effect @s minecraft:saturation 1 1 true"]		
       },
		"radiation_protection": {
            "ability": "the-fifth-world:potion_immunity",
            "show_in_bar": false,
            "title": {"text":"Radiation Protection"},
            "icon": {"type": "internal"},
            "potion": "lucraftcore:radiation"
       },
		"health": {		
			"ability": "lucraftcore:health",			
            "show_in_bar": false,		
            "title": {"text":"Health"},					
			"amount": 10		
		
		},
		"strength": {	
			"ability": "lucraftcore:strength",				
            "show_in_bar": false,		
            "title": {"text":"Strength"},							
			"amount": 8			
		},
		"defense": {
			"ability": "lucraftcore:resistance",			
            "show_in_bar": false,		
            "title": {"text":"Resistance"},						
			"amount": 8			
		},
		"thorn_dart":{
            "ability": "lucraftcore:command_held",
			"conditions": [{
			    "type": "lucraftcore:scoreboard_tag",
				"tag": "Sneaking"}],
            "show_in_bar": true,
			"bar_color": "red",
            "cooldown": 10,
            "title": {"text":"Thorn Dart"},
            "icon": {"type": "texture", "texture": "albedo:textures/gui/abilities/thorndart.png"},
            "commands": ["cast ebwizardry:dart @p", "superpowerxp 5 @s"]
		},
		"vine_arm":{
            "ability": "lucraftcore:command",
			"conditions": [{"type": "lucraftcore:not", 
			            "conditions": [{
						"type": "lucraftcore:scoreboard_tag", 
						"tag": "Sneaking"}]}],
            "show_in_bar": true,
			"bar_color": "red",
            "title": {"text":"Vine Arm"},
            "icon": {"type": "texture", "texture": "albedo:textures/gui/abilities/vinearm.png"},
            "commands": ["/cast ebwizardry:grapple @s {duration:2,range:10}", "superpowerxp 50 @s"]
		},
		"poison_bomb":{
            "ability": "lucraftcore:command",
			"conditions": [{
			    "type": "lucraftcore:scoreboard_tag",
				"tag": "Sneaking"}],
            "show_in_bar": true,
			"bar_color": "red",
            "cooldown": 10,
            "title": {"text":"Poison Bomb"},
            "icon": {"type": "texture", "texture": "albedo:textures/gui/abilities/gas_poison.png"},
            "commands": ["cast ebwizardry:poison_bomb @p", "superpowerxp 5 @s"]
		},
		"smoke_bomb":{
            "ability": "lucraftcore:command",
			"conditions": [{"type": "lucraftcore:not", 
			            "conditions": [{
						"type": "lucraftcore:scoreboard_tag", 
						"tag": "Sneaking"}]}],
            "show_in_bar": true,
			"bar_color": "red",
            "cooldown": 10,
            "title": {"text":"Smoke Bomb"},
            "icon": {"type": "texture", "texture": "albedo:textures/gui/abilities/gas_blind.png"},
            "commands": ["cast ebwizardry:smoke_bomb @p ", "superpowerxp 50 @s"]
		},
		"bind_attack": {
            "ability": "lucraftcore:command",
			"cooldown": 300,
            "show_in_bar": true,
			"title": {"text":"Vine Trap"},
			"icon": {"type": "texture",
				"texture": "albedo:textures/gui/abilities/thorntrap.png"}, 
			"bar_color": "red",
            "commands": ["execute @e[rm=1,r=6] ~ ~ ~ summon armor_stand ~ ~ ~ {CustomName:\"Vine\",Invisible:1,NoGravity:1}",
					     "execute @e[name=Vine] ~ ~ ~ /replaceitem entity @e[name=Vine] slot.armor.head ben_ten:vines_chest",
						 "execute @e[name=Vine] ~ ~ ~ /replaceitem entity @e[name=Vine] slot.armor.chest ben_ten:vines_chest", 
						 "execute @e[name=Vine] ~ ~1.2 ~ /particle blockcrack ~ ~ ~ 0.4 0.4 0.4 1 400 force @a 018 ", 
						 "/scoreboard players tag @s add VineB ",
						 "/scoreboard players set @s VineB 1",
                         "superpowerxp 100 @s"]	
		},
		"commands": {
			"ability": "lucraftcore:command_loop",
			"show_in_bar": false,
			"title": {"text":"cm"},
			"icon": { "type": "internal" },
			"bar_color": "red",
			"commands": [
						 "execute @s[tag=VineB] ~ ~ ~ /scoreboard players add @s VineB 1",
						 "execute @s[score_VineB=260,score_VineB_min=210] ~ ~ ~  /tp @e[name=Vine] ~ ~-0.04 ~ ",
	                     "execute @e[name=Vine] ~ ~ ~ /effect @e[r=2] minecraft:nausea 10 1",
                         "execute @e[name=Vine] ~ ~ ~ /effect @e[r=2] minecraft:mining_fatigue 1 10",  
						 "execute @e[name=Vine] ~ ~ ~ /effect @e[r=2] minecraft:slowness 1 20",	
			             "execute @p[tag=VineB,score_VineB=260,score_VineB_min=260] ~ ~ ~ kill @e[name=Vine,r=20]",
			             "execute @p[tag=VineB,score_VineB=261,score_VineB_min=261] ~ ~ ~ /scoreboard players tag @s remove VineB "]			 
		},		
		"burrow":{
            "ability": "lucraftcore:command_toggle",
            "show_in_bar": true,
            "bar_color": "red",
            "cooldown": 200,
            "title": {"text":"Burrow"},
            "icon": {"type": "texture", "texture": "albedo:textures/gui/abilities/burrow.png"},
            "commands": ["sizechange @s 0.1 lucraftcore:default", "superpowerxp 50 @s",
            "execute @s ~ ~ ~ detect ~ ~-1 ~ grass 0 /particle blockcrack ~ ~ ~ 0.49 0.01 0.49 0 10 force @a 2", 
            "execute @s ~ ~ ~ detect ~ ~-1 ~ stone 0 /particle blockcrack ~ ~ ~ 0.49 0.01 0.49 0 10 force @a 1", 
            "execute @s ~ ~ ~ detect ~ ~-1 ~ planks 0 /particle blockcrack ~ ~ ~ 0.49 0.01 0.49 0 10 force @a 5", 
            "execute @s ~ ~ ~ detect ~ ~-1 ~ gravel 0 /particle blockcrack ~ ~ ~ 0.49 0.01 0.49 0 10 force @a 13", 
            "execute @s ~ ~ ~ detect ~ ~-1 ~ sand 0 /particle blockcrack ~ ~ ~ 0.49 0.01 0.49 0 10 force @a 12", 
            "/effect @s minecraft:invisibility 1 1 true",
            "effect @s minecraft:speed 1 5 true"],
            "conditions": [{"type": "lucraftcore:not", 
            "conditions": [{
            "type": "lucraftcore:scoreboard_tag", 
            "tag": "Air"}]}]
        },
		"invisibility": {
			"ability": "lucraftcore:invisibility",	
			"parent_ability": "burrow",
			"icon": {"type": "texture", "texture": "albedo:textures/gui/abilities/invis.png"},
			"show_in_bar": false,
			"title": {"translate":"lucraftcore.abilities.invisibility.name"},
			"bar_color": "red"
		},
		"step_assist": {
            "ability": "lucraftcore:step_assist",
			"required_ability": "burrow",
            "show_in_bar": false,
            "title": {"translate":"lucraftcore.abilities.step_assist.name"},
            "icon": {"type": "internal"}, 
            "amount": 10.0,
            "operation": 0
       },				
		"wall_crawling": {
            "ability": "heroesexpansion:wall_crawling",
            "show_in_bar": true,
            "title": {"translate":"heroesexpansion.abilities.wall_crawling.name"},
            "icon": {"type": "internal"},
            "bar_color": "red"
		},
		"wall_crawling_xp": {
            "ability": "lucraftcore:command_loop",
			"parent_ability": "wall_crawling",
            "show_in_bar": false,
            "title": {"text":"Wall Crawling XP"},
            "icon": {"type": "internal"},
            "conditions": [{
			    "type": "ability_enabled",
				"ability": "heroesexpansion:wall_crawling"}],
		    "commands": ["superpowerxp 50 @s"]
		},
		"death_state":{
			"ability": "lucraftcore:command_loop",
			"show_in_bar": false,
			"title": {"text":"Death State"},			
			"icon": {"type": "texture",
				"texture": "albedo:textures/gui/omnitrix_timeout.png"},
			"commands": ["execute @s[score_Health=0,score_Health_min=0,tag=af] ~ ~ ~ /superpower @s albedo:recalibratedomnitrix",
			"execute @s[score_Health=0,score_Health_min=0,tag=ua] ~ ~ ~ /superpower @s albedo:ultimatrix",
            "scoreboard players tag @s[score_Sneak=1,score_Sneak_min=1] add Sneaking",
            "scoreboard players tag @s[score_Sneak=0,score_Sneak_min=0] remove Sneaking",
			"scoreboard players set @s[score_Sneak_min=1] Sneak 0",
			"execute @s[tag=Air] ~ ~ ~ scoreboard players tag @s remove Air",
			"execute @s ~ ~ ~ detect ~ ~-1 ~ water 0 scoreboard players tag @s add Air",
			"execute @s ~ ~ ~ detect ~ ~-1 ~ air 0 scoreboard players tag @s add Air"]
		},
		"timer":{
			"ability": "lucraftcore:command_loop",
			"show_in_bar": false,
			"title": {"text":"Timer"},			
			"icon": {"type": "texture","texture": "albedo:textures/gui/omnitrix_timeout.png"},
			"conditions": [{"type": "lucraftcore:not", 
			            "conditions": [{
						"type": "lucraftcore:scoreboard_tag", 
						"tag": "Master"}]}],
			"commands": ["scoreboard players remove @s Timer 1",
			"scoreboard players set @s[score_Timer=-1,score_Timer_min=-1000000] Timer 1",
			"execute @s[score_Timer=1,score_Timer_min=1,tag=af] ~ ~ ~ /playsound minecraft:custom.recalibratedhuman master @a ~ ~ ~",
			"execute @s[score_Timer=0,score_Timer_min=0,tag=ua] ~ ~ ~ /playsound minecraft:custom.ultimatrixhuman master @a ~ ~ ~",
			"execute @s[score_Timer=0,score_Timer_min=0] ~ ~ ~ /superpower @s albedo:transform_human",
			"superpowerxp 1 @s[tag=0]",
			"superpowerxp 4 @s[tag=20]",
			"superpowerxp 6 @s[tag=35]"]
		},
		"base": {	
	        "ability": "lucraftcore:command",		
            "show_in_bar": true,	
            "title": {"text":"Base Form"},
			"icon": {"type": "texture", "texture": "albedo:textures/gui/omnitrix_red.png"},
            "bar_color": "red",
			"conditions": [{
						"type": "lucraftcore:scoreboard_tag", 
						"tag": "Sneaking"}],
			"commands": ["superpower @s albedo:transform_human", 
			"execute @s[tag=af] ~ ~ ~ /playsound minecraft:custom.recalibratedhuman master @a ~ ~ ~",
			"execute @s[tag=ua] ~ ~ ~ /playsound minecraft:custom.ultimatrixhuman master @a ~ ~ ~"]
		}
	}
}