{
	"name": {
		"text": "Galvan"
	},

	"icon": {
		"type": "texture",
		"texture": "albedo:textures/gui/recal/galvan.png"
	},

	"creative_tab": "albedo",
	
	"max_level": 40,
	
	"capsule_color": 3080117,
	
    "effects": [
        {
            "type": "skin_change",
            "texture": "albedo:textures/models/albedo/galvan.png"
       },
		{
            "type": "skin_overlay",
            "texture": "albedo:textures/overlays/glow/galvan_glow.png",
            "size": 0,
            "glow": true,
            "conditions": [
            	{
            		"type": "always"
            	}
            ]
       }
    ],
	
	"abilities": {
		"radiation_protection": {
            "ability": "the-fifth-world:potion_immunity",
            "show_in_bar": false,
            "title": {"text":"Radiation Protection"},
            "icon": {"type": "internal"},
            "potion": "lucraftcore:radiation"
       },
		"size": {
			"ability": "lucraftcore:command_loop",
			"show_in_bar": false,
			"title": {"text": "Small size"},
			"icon": {"type": "internal"},
			"commands": ["sizechange @s 0.3 lucraftcore:default"]
		},
		"jump_boost": {
			"ability": "lucraftcore:jump_boost",
			"show_in_bar": false,
			"title": {"text":"Jump Boost"},
			"icon": {"type": "internal"},
			"amount": 3,
			"operation": 0
		},
		"fall_resistance": {
			"ability": "lucraftcore:fall_resistance",
			"show_in_bar": false,
			"title": {"text":"Fall Resistance"},
			"amount": 8,
			"operation": 0
		},
		"amphibious": {
            "ability": "lucraftcore:water_breathing",
            "show_in_bar": false,
            "title": {"translate":"lucraftcore.abilities.water_breathing.name"},
            "icon": {"type": "internal"},
            "bar_color": "light_gray"
       },
		"wall_crawling": {
            "ability": "heroesexpansion:wall_crawling",
            "cooldown": 0,
            "show_in_bar": true,
            "title": {"translate":"heroesexpansion.abilities.wall_crawling.name"},
            "icon": {"type": "internal"},
            "bar_color": "red"
		},
		"wall_crawling_xp": {
            "ability": "lucraftcore:command",
            "cooldown": 0,
			"parent_ability": "wall_crawling",
            "show_in_bar": false,
            "title": {"text":"Wall Crawling XP"},
            "icon": {"type": "internal"},
            "conditions": [{
			    "type": "ability_enabled",
				"ability": "heroesexpansion:wall_crawling"}],
		    "commands": ["/superpowerxp 50 @s"]
		},
		"knowledge": {	
	        "ability": "lucraftcore:command",
			"required_level": 20,
			"cooldown": 0,
            "show_in_bar": true,	
            "title": {"text":"Alien Knowledge"},
			"icon": {"type": "texture", "texture": "albedo:textures/gui/abilities/alienknowledge.png"},
            "bar_color": "red",				
			"commands": ["/recipe give @s albedo:ultimatrix"]
		},
		"craft":{
            "ability": "lucraftcore:command",
            "show_in_bar": true,
			"bar_color": "red",
            "cooldown": 0,
            "title": {"text":"Craft"},
            "icon": {"type": "texture", "texture": "albedo:textures/gui/abilities/craft.png"},
            "commands": ["/cast ebwizardry:pocket_workbench @p", "/superpowerxp 100 @s"]
		},
		"hack":{
            "ability": "lucraftcore:command",
			"required_level": 15,
            "show_in_bar": true,
			"bar_color": "red",
            "cooldown": 247,
            "title": {"text":"Hack Omnitrix"},
            "icon": {"type": "texture", "texture": "albedo:textures/gui/recal/recal_white.png"},			
            "commands": ["execute @s[score_Hack=10,score_Hack_min=0] ~ ~ ~ /superpowerxp 1L @s",
			"execute @s[score_Hack=15,score_Hack_min=11] ~ ~ ~ /superpowerxp -1L @s",
			"execute @s[score_Hack=20,score_Hack_min=16] ~ ~ ~ /superpowerxp 2L @s",
			"execute @s[score_Hack=25,score_Hack_min=21] ~ ~ ~ /superpowerxp -2L @s",			
			"execute @s[score_Hack=30,score_Hack_min=26,tag=af] ~ ~ ~ /tellraw @s {\"text\":\"It would appear that one digit of the master control code is a 3\",\"color\":\"red\"}",
			"execute @s[score_Hack=45,score_Hack_min=41,tag=af] ~ ~ ~ /tellraw @s {\"text\":\"It would appear that repeated one digit of the master control code is a 4\",\"color\":\"red\"}",
			"execute @s[score_Hack=50,score_Hack_min=46,tag=af] ~ ~ ~ /tellraw @s {\"text\":\"It would appear that one digit of the master control code is a 2\",\"color\":\"red\"}",			
			"execute @s[score_Hack=55,score_Hack_min=51,tag=af] ~ ~ ~ /tellraw @s {\"text\":\"It looks like one digit of the self-destruct code is a 0\",\"color\":\"red\"}",
			"execute @s[score_Hack=60,score_Hack_min=56,tag=af] ~ ~ ~ /tellraw @s {\"text\":\"It looks like one digit of the self-destruct code is a 9\",\"color\":\"red\"}",
			"execute @s[score_Hack=65,score_Hack_min=61,tag=af] ~ ~ ~ /tellraw @s {\"text\":\"It looks like one digit of the self-destruct code is a 1\",\"color\":\"red\"}",
			"execute @s[score_Hack=70,score_Hack_min=66,tag=af] ~ ~ ~ /tellraw @s {\"text\":\"It looks like one digit of the self-destruct code is a 5\",\"color\":\"red\"}",			
			"execute @s[score_Hack=75,score_Hack_min=71,tag=af] ~ ~ ~ /tellraw @s {\"text\":\"I summise that one digit of the decouple code is 6, and it's repeated\",\"color\":\"red\"}",
			"execute @s[score_Hack=80,score_Hack_min=76,tag=af] ~ ~ ~ /tellraw @s {\"text\":\"I summise that one digit of the decouple code is a 2\",\"color\":\"red\"}",
			"execute @s[score_Hack=85,score_Hack_min=81,tag=af] ~ ~ ~ /tellraw @s {\"text\":\"I summise that one digit of the decouple code is a 3\",\"color\":\"red\"}",			
			"execute @s[score_Hack=90,score_Hack_min=86,tag=af] ~ ~ ~ /tellraw @s {\"text\":\"I can see that one duplicated digit of a mystery code is a 5\",\"color\":\"red\"}",
			"execute @s[score_Hack=95,score_Hack_min=91,tag=af] ~ ~ ~ /tellraw @s {\"text\":\"I can see that one digit of a mystery code is a 3\",\"color\":\"red\"}",
			"execute @s[score_Hack=100,score_Hack_min=96,tag=af] ~ ~ ~ /tellraw @s {\"text\":\"I can see that one digit of a mystery code is a 1\",\"color\":\"red\"}",			
			"execute @s[score_Hack=105,score_Hack_min=101,tag=af] ~ ~ ~ /tellraw @s {\"text\":\"One digit of a secret code is a 5\",\"color\":\"red\"}",
			"execute @s[score_Hack=110,score_Hack_min=106,tag=af] ~ ~ ~ /tellraw @s {\"text\":\"One digit of a secret code is a 8\",\"color\":\"red\"}",
			"execute @s[score_Hack=115,score_Hack_min=111,tag=af] ~ ~ ~ /tellraw @s {\"text\":\"One digit of a secret code is a 6\",\"color\":\"red\"}",
			"execute @s[score_Hack=120,score_Hack_min=116,tag=af] ~ ~ ~ /tellraw @s {\"text\":\"One digit of a secret code is a 4\",\"color\":\"red\"}",			
			"execute @s[score_Hack=125,score_Hack_min=121,tag=af] ~ ~ ~ /tellraw @s {\"text\":\"A mystery code has a duplicated 1\",\"color\":\"red\"}",
			"execute @s[score_Hack=130,score_Hack_min=126,tag=af] ~ ~ ~ /tellraw @s {\"text\":\"A mystery code has a 0\",\"color\":\"red\"}",
			"execute @s[score_Hack=135,score_Hack_min=131,tag=af] ~ ~ ~ /tellraw @s {\"text\":\"A mystery code has a 3\",\"color\":\"red\"}",			
			"execute @s[score_Hack=30,score_Hack_min=26,tag=ua] ~ ~ ~ /tellraw @s {\"text\":\"It would appear that one repeated digit of the master control code is a 6\",\"color\":\"red\"}",
			"execute @s[score_Hack=45,score_Hack_min=41,tag=ua] ~ ~ ~ /tellraw @s {\"text\":\"It would appear that one digit of the master control code is a 8\",\"color\":\"red\"}",
			"execute @s[score_Hack=60,score_Hack_min=56,tag=ua] ~ ~ ~ /tellraw @s {\"text\":\"It would appear that one digit of the master control code is a 3\",\"color\":\"red\"}",			
			"execute @s[score_Hack=35,score_Hack_min=31,tag=ua] ~ ~ ~ /tellraw @s {\"text\":\"It looks like one digit of the self-destruct code is a 1\",\"color\":\"red\"}",
			"execute @s[score_Hack=55,score_Hack_min=51,tag=ua] ~ ~ ~ /tellraw @s {\"text\":\"It looks like one digit of the self-destruct code is a 5\",\"color\":\"red\"}",
			"execute @s[score_Hack=65,score_Hack_min=61,tag=ua] ~ ~ ~ /tellraw @s {\"text\":\"It looks like one digit of the self-destruct code is a 0\",\"color\":\"red\"}",			
			"execute @s[score_Hack=70,score_Hack_min=66,tag=ua] ~ ~ ~ /tellraw @s {\"text\":\"It looks like one digit of the self-destruct code is a 8\",\"color\":\"red\"}",			
			"execute @s[score_Hack=75,score_Hack_min=71,tag=ua] ~ ~ ~ /tellraw @s {\"text\":\"I can see that one digit of a mystery code is a 6\",\"color\":\"red\"}",
			"execute @s[score_Hack=85,score_Hack_min=81,tag=ua] ~ ~ ~ /tellraw @s {\"text\":\"I can see that one digit of a mystery code is a 5\",\"color\":\"red\"}",
			"execute @s[score_Hack=90,score_Hack_min=86,tag=ua] ~ ~ ~ /tellraw @s {\"text\":\"I can see that one duplicated digit of a mystery code is a 1\",\"color\":\"red\"}",			
			"execute @s[score_Hack=95,score_Hack_min=91,tag=ua] ~ ~ ~ /tellraw @s {\"text\":\"One repeated digit of a secret code is a 5\",\"color\":\"red\"}",
			"execute @s[score_Hack=100,score_Hack_min=96,tag=ua] ~ ~ ~ /tellraw @s {\"text\":\"One digit of a secret code is a 9\",\"color\":\"red\"}",
			"execute @s[score_Hack=105,score_Hack_min=101,tag=ua] ~ ~ ~ /tellraw @s {\"text\":\"One digit of a secret code is a 0\",\"color\":\"red\"}",			
			"execute @s[score_Hack=110,score_Hack_min=106,tag=ua] ~ ~ ~ /tellraw @s {\"text\":\"This function's code has a 1\",\"color\":\"red\"}",
			"execute @s[score_Hack=115,score_Hack_min=111,tag=ua] ~ ~ ~ /tellraw @s {\"text\":\"This function's code has a 2\",\"color\":\"red\"}",
			"execute @s[score_Hack=120,score_Hack_min=116,tag=ua] ~ ~ ~ /tellraw @s {\"text\":\"This function's code has a 6\",\"color\":\"red\"}",
			"execute @s[score_Hack=125,score_Hack_min=121,tag=ua] ~ ~ ~ /tellraw @s {\"text\":\"This function's code has a 4\",\"color\":\"red\"}",			
			"playsound minecraft:custom.fiddle master @a ~ ~ ~"]
		},		
		"hack_timer":{
			"ability": "lucraftcore:command_loop",
			"show_in_bar": false,
			"cooldown": 0,
			"title": {"text":"Timer"},			
			"icon": {"type": "texture",
				"texture": "albedo:textures/gui/recal/recal_timeout.png"},
			"commands": ["scoreboard players add @s Hack 1", 
			"scoreboard players set @s[score_Hack_min=136,tag=af] Hack 0", 
			"scoreboard players set @s[score_Hack_min=126,tag=ua] Hack 0"]
		},
		"death_state":{
			"ability": "lucraftcore:command_loop",
			"show_in_bar": false,
			"title": {"text":"Death State"},			
			"icon": {"type": "texture",
				"texture": "albedo:textures/gui/omnitrix_timeout.png"},
			"commands": ["execute @s[score_Health=0,score_Health_min=0,tag=af] ~ ~ ~ /superpower @s albedo:recalibratedomnitrix",
			"execute @s[score_Health=0,score_Health_min=0,tag=ua] ~ ~ ~ /superpower @s albedo:ultimatrix",
            "scoreboard players tag @s[score_Sneak=1,score_Sneak_min=1] add Sneaking",
            "scoreboard players tag @s[score_Sneak=0,score_Sneak_min=0] remove Sneaking",
			"scoreboard players set @s[score_Sneak_min=1] Sneak 0",
			"execute @s[tag=Air] ~ ~ ~ scoreboard players tag @s remove Air",
			"execute @s ~ ~ ~ detect ~ ~-1 ~ water 0 scoreboard players tag @s add Air",
			"execute @s ~ ~ ~ detect ~ ~-1 ~ air 0 scoreboard players tag @s add Air"]
		},
		"timer":{
			"ability": "lucraftcore:command_loop",
			"show_in_bar": false,
			"title": {"text":"Timer"},			
			"icon": {"type": "texture","texture": "albedo:textures/gui/omnitrix_timeout.png"},
			"conditions": [{"type": "lucraftcore:not", 
			            "conditions": [{
						"type": "lucraftcore:scoreboard_tag", 
						"tag": "Master"}]}],
			"commands": ["scoreboard players remove @s Timer 1",
			"scoreboard players set @s[score_Timer=-1,score_Timer_min=-1000000] Timer 1",
			"execute @s[score_Timer=1,score_Timer_min=1,tag=af] ~ ~ ~ /playsound minecraft:custom.recalibratedhuman master @a ~ ~ ~",
			"execute @s[score_Timer=0,score_Timer_min=0,tag=ua] ~ ~ ~ /playsound minecraft:custom.ultimatrixhuman master @a ~ ~ ~",
			"execute @s[score_Timer=0,score_Timer_min=0] ~ ~ ~ /superpower @s albedo:transform_human",
			"superpowerxp 1 @s[tag=0]",
			"superpowerxp 4 @s[tag=20]",
			"superpowerxp 6 @s[tag=35]"]
		},
		"base": {	
	        "ability": "lucraftcore:command",		
            "show_in_bar": true,	
            "title": {"text":"Base Form"},
			"icon": {"type": "texture", "texture": "albedo:textures/gui/omnitrix_red.png"},
            "bar_color": "red",
			"conditions": [{
						"type": "lucraftcore:scoreboard_tag", 
						"tag": "Sneaking"}],
			"commands": ["superpower @s albedo:transform_human", 
			"execute @s[tag=af] ~ ~ ~ /playsound minecraft:custom.recalibratedhuman master @a ~ ~ ~",
			"execute @s[tag=ua] ~ ~ ~ /playsound minecraft:custom.ultimatrixhuman master @a ~ ~ ~"]
		}
	}
}