{
	"name": {
		"text": "Galvanic Mechamorph Jukebox"
	},

	"icon": {
		"type": "texture",
		"texture": "albedo:textures/gui/recal/galvanic_mechamorph.png"
	},

	"creative_tab": "albedo",
	
	"max_level": 40,
	
	"capsule_color": 3080117,
	
    "effects": [ 
		{
            "type": "skin_change",
            "texture": "albedo:textures/models/albedo/arburian_pelarota_ball.png"
			
        },
		{
            "type": "skin_overlay",
            "texture": "albedo:textures/models/albedo/galvanic_mechamorph_jukebox.png",
            "size": 19,
            "glow": false
        },
        {
            "type": "skin_overlay",
            "texture": "albedo:textures/overlays/glow/galvanic_mechamorph_jukebox_glow.png",
            "size": 19,
            "glow": true
        }
    ],
	
	"abilities": {
		"radiation_protection": {
            "ability": "the-fifth-world:potion_immunity",
            "show_in_bar": false,
            "title": {"text":"Radiation Protection"},
            "icon": { "type": "internal" },
            "potion": "lucraftcore:radiation"
        },
	    "small_size": {
			"ability": "lucraftcore:command_loop",
			"show_in_bar": false,
			"title": {"text": "Small size"},
			"icon": { "type": "internal" },
			"bar_color": "red",
			"commands": ["sizechange @s 0.3 lucraftcore:default"]
		},
		"water_breathing": {
			"ability": "lucraftcore:water_breathing",
			"show_in_bar": false,
			"title": {"text": "Water Breathing"},
			"icon": {"type": "internal"}
	    },
        "tough_lungs": {
            "ability": "lucraftcore:tough_lungs",
            "show_in_bar": false,
            "title": {"translate":"lucraftcore.abilities.tough_lungs.name"},
            "icon": { "type": "internal" },
            "bar_color": "red"
        },
		"fall_resistance": {
			"ability": "lucraftcore:fall_resistance",
			"show_in_bar": false,
			"title": {"text":"Fall Resistance"},
			"amount": 14,
			"operation": 0
		},
		"strength": {	
			"ability": "lucraftcore:strength",				
            "show_in_bar": false,		
            "title": {"text":"Strength"},							
			"amount": 5,
			"operation": 0			
		},
		"defense": {
			"ability": "lucraftcore:resistance",			
            "show_in_bar": false,		
            "title": {"text":"Resistance"},						
			"amount": 26,
			"operation": 0			
		},
		"energy_beam": {
			"ability": "heroesexpansion:heat_vision",
			"required_level": 15,
            "cooldown": 150,
            "show_in_bar": true,
            "title": {"text":"Energy Beam"},
            "icon": { "type": "internal" },
            "bar_color": "red",
            "color": [230, 0, 38]
		},
		"energy_beam_xp": {
            "ability": "lucraftcore:command_held",
            "cooldown": 0,
			"parent_ability": "energy_beam",
            "show_in_bar": false,
            "title": {"text":"Energy Beam XP"},
            "icon": { "type": "internal" },
            "conditions": [{
			    "type": "ability_enabled",
				"ability": "heroesexpansion:heat_vision"}],
		    "commands": ["/superpowerxp 10 @s"]
		},
		"sonic_cry": {
			"ability": "the-fifth-world:screech",
			"cooldown": 50,
            "show_in_bar": true,
            "bar_color": "red",			
            "title": {"text":"Sonic Cry"},		
			"icon": {"type": "texture", "texture": "albedo:textures/gui/abilities/ov_sonorosian_scream.png"},
            "damage": 20.0
		},
		"sonic_cry_xp": {
            "ability": "lucraftcore:command",
            "cooldown": 0,
			"parent_ability": "sonic_cry",
            "show_in_bar": false,
            "title": {"text":"Sonic Cry XP"},
            "icon": { "type": "internal" },
            "conditions": [{
			    "type": "ability_enabled",
				"ability": "the-fifth-world:screech"}],
		    "commands": ["/superpowerxp 10 @s", "playsound minecraft:custom.juke master @a[r=10] ~ ~ ~"]
		},
		"de_merge": {	
	        "ability": "lucraftcore:command",
            "show_in_bar": true,	
            "title": {"text":"De-merge"},
			"icon": { "type": "texture", "texture": "albedo:textures/gui/abilities/upgrade.png" },
            "bar_color": "red",				
			"commands": ["execute @s[tag=ua] ~ ~ ~ /superpower @s albedo:U_galvanic_mechamorph", 
			             "/fill ~1 ~ ~ ~1 ~ ~ jukebox 0 replace {air:0}"]
		},
		"death_state":{
			"ability": "lucraftcore:command_loop",
			"show_in_bar": false,
			"title": {"text":"Death State"},			
			"icon": {"type": "texture",
				"texture": "albedo:textures/gui/omnitrix_timeout.png"},
			"commands": ["execute @s[score_Health=0,score_Health_min=0,tag=af] ~ ~ ~ /superpower @s albedo:recalibratedomnitrix",
			"execute @s[score_Health=0,score_Health_min=0,tag=ua] ~ ~ ~ /superpower @s albedo:ultimatrix", 
			"execute @s[score_Health=0,score_Health_min=0] ~ ~ ~ /fill ~1 ~ ~ ~1 ~ ~ jukebox 0 replace {air:0}",
            "scoreboard players tag @s[score_Sneak=1,score_Sneak_min=1] add Sneaking",
            "scoreboard players tag @s[score_Sneak=0,score_Sneak_min=0] remove Sneaking",
			"scoreboard players set @s[score_Sneak_min=1] Sneak 0",
			"execute @s[tag=Air] ~ ~ ~ scoreboard players tag @s remove Air",
			"execute @s ~ ~ ~ detect ~ ~-1 ~ water 0 scoreboard players tag @s add Air",
			"execute @s ~ ~ ~ detect ~ ~-1 ~ air 0 scoreboard players tag @s add Air"]
		},
		"timer":{
			"ability": "lucraftcore:command_loop",
			"show_in_bar": false,
			"title": {"text":"Timer"},			
			"icon": {"type": "texture","texture": "albedo:textures/gui/omnitrix_timeout.png"},
			"conditions": [{"type": "lucraftcore:not", 
			            "conditions": [{
						"type": "lucraftcore:scoreboard_tag", 
						"tag": "Master"}]}],
			"commands": ["scoreboard players remove @s Timer 1",
			"scoreboard players set @s[score_Timer=-1,score_Timer_min=-1000000] Timer 1",
			"execute @s[score_Timer=1,score_Timer_min=1,tag=af] ~ ~ ~ /playsound minecraft:custom.recalibratedhuman master @a ~ ~ ~",
			"execute @s[score_Timer=0,score_Timer_min=0,tag=ua] ~ ~ ~ /playsound minecraft:custom.ultimatrixhuman master @a ~ ~ ~",
			"execute @s[score_Timer=0,score_Timer_min=0] ~ ~ ~ /superpower @s albedo:transform_human", 
			"execute @s[score_Timer=0,score_Timer_min=0] ~ ~ ~ /fill ~1 ~ ~ ~1 ~ ~ jukebox 0 replace {air:0}",
			"superpowerxp 1 @s[tag=0]",
			"superpowerxp 4 @s[tag=20]",
			"superpowerxp 6 @s[tag=35]"]
		},
		"base": {	
	        "ability": "lucraftcore:command",		
            "show_in_bar": true,	
            "title": {"text":"Base Form"},
			"icon": {"type": "texture", "texture": "albedo:textures/gui/omnitrix_red.png"},
            "bar_color": "red",
			"conditions": [{
						"type": "lucraftcore:scoreboard_tag", 
						"tag": "Sneaking"}],
			"commands": [ 
			"fill ~1 ~ ~ ~1 ~ ~ jukebox 0 replace {air:0}",
			"superpower @s albedo:transform_human", 
			"execute @s[tag=af] ~ ~ ~ /playsound minecraft:custom.recalibratedhuman master @a ~ ~ ~",
			"execute @s[tag=ua] ~ ~ ~ /playsound minecraft:custom.ultimatrixhuman master @a ~ ~ ~"]
		}
	}
}