{
	"name": {
		"text": "Kineceleran"
	},

	"icon": {
		"type": "texture",
		"texture": "albedo:textures/gui/recal/kineceleran.png"
	},

	"creative_tab": "albedo",
	
	"max_level": 40,
	
	"capsule_color": 3080117,
	
    "effects": [
        {
            "type": "skin_change",
            "texture": "albedo:textures/models/albedo/kineceleran.png"
       },
        {
            "type": "skin_change",
            "texture": "albedo:textures/models/albedo/kineceleran_mask.png",
            "conditions": [
        		{
        			"type": "ability_enabled",
        			"ability": "speedsterheroes:super_speed"
        		}
        	]
		},
		{
            "type": "skin_overlay",
            "texture": "albedo:textures/overlays/glow/kineceleran_glow.png",
            "size": 0,
            "glow": true,
            "conditions": [
            	{
            		"type": "always"
            	}
            ]
       }
    ],
	"abilities": {
		"size": {
			"ability": "lucraftcore:command_loop",
			"show_in_bar": false,
			"title": {"text": "Size"},
			"icon": {"type": "texture", "texture": "albedo:textures/gui/recal/recal_omnitrix.png"},
			"commands": ["sizechange @s 1 lucraftcore:default", "effect @s minecraft:haste 1 2 true"]
       },
		"radiation_protection": {
            "ability": "the-fifth-world:potion_immunity",
            "show_in_bar": false,
            "title": {"text":"Radiation Protection"},
            "icon": {"type": "internal"},
            "potion": "lucraftcore:radiation"
       },
		"punch": {
            "ability": "lucraftcore:punch",
            "show_in_bar": false,
            "title": {"translate":"lucraftcore.abilities.punch.name"},
            "icon": {"type": "internal"},
            "amount": 0.0,
            "operation": 0,
			"conditions": [{
			    "type": "lucraftcore:scoreboard_tag",
				"tag": "ov"}]
       },	
		"health": {		
			"ability": "lucraftcore:health",			
            "show_in_bar": false,		
            "title": {"text":"Health"},					
			"amount": 5,
			"operation": 0		
		},
		"strength": {	
			"ability": "lucraftcore:strength",				
            "show_in_bar": false,		
            "title": {"text":"Strength"},							
			"amount": 2,
			"operation": 0			
		},
		"jump_boost": {
			"ability": "lucraftcore:jump_boost",			
            "show_in_bar": false,		
            "title": {"text":"Jump Boost"},									
			"amount": 1.5,
			"operation": 0	
		},
		"fall_resistance": {
			"ability": "lucraftcore:fall_resistance",
			"show_in_bar": false,
			"title": {"text":"Fall Resistance"},
			"amount": 6,
			"operation": 0
		},
		"fire_resistance": {
			"ability": "lucraftcore:fire_resistance",
			"show_in_bar": false,
			"title": {"translate":"lucraftcore.abilities.fire_resistance.name"},
			"icon": {"type": "internal"}
		},
		"resistance": {
			"ability": "lucraftcore:resistance",			
            "show_in_bar": false,		
            "title": {"text":"Resistance"},						
			"amount": 14,
			"operation": 0			
		},
        "step_assist": {
            "ability": "lucraftcore:step_assist",
            "show_in_bar": false,
            "title": {"translate":"lucraftcore.abilities.step_assist.name"},
            "icon": {"type": "internal"},
            "conditions": [{
			    "type": "ability_enabled",
				"ability": "speedsterheroes:super_speed"}],
            "amount": 1.0,
            "operation": 0
       },
		"super_speed": {
			"ability": "speedsterheroes:super_speed",
			"cooldown": 0,
			"show_in_bar": true,
			"title": {"translate":"speedsterheroes.abilities.super_speed.name"},
			"icon": {"type": "texture", "texture": "albedo:textures/gui/abilities/kineceleran_superspeed.png"},
			"bar_color": "red",
			"base_speed_levels": 3,
			"gives_xp": false,			
			"commands": ["/playsound minecraft:custom.kineceleran master @a ~ ~ ~"]			
		},
		"mask": {	
	        "ability": "lucraftcore:command",
			"parent_ability": "super_speed",
            "show_in_bar": false,	
            "title": {"text":"Mask Sound"},
			"icon": {"type": "texture", "texture": "albedo:textures/gui/abilities/kineceleran_superspeed.png"},
			"commands": ["/playsound minecraft:custom.kineceleran master @a ~ ~ ~"]
		},
		"super_speed_xp": {
            "ability": "lucraftcore:command_loop",
            "cooldown": 0,
			"parent_ability": "super_speed",
            "show_in_bar": false,
            "title": {"text":"Speed XP"},
            "icon": {"type": "internal"},
            "conditions": [{
			    "type": "ability_enabled",
				"ability": "speedsterheroes:super_speed"}],
		    "commands": ["/superpowerxp 1 @s"]
		},
		"speed_up": {
			"ability": "speedsterheroes:change_speed",
			"cooldown": 0,
			"show_in_bar": true,
			"title": {"text":"Accelerate"},
			"icon": {"type": "internal"},
			"bar_color": "red",
			"accelerate": true
		},
		"speed_down": {
			"ability": "speedsterheroes:change_speed",
			"cooldown": 0,
			"show_in_bar": true,
			"title": {"text":"Decelarate"},
			"icon": {"type": "internal"},
			"bar_color": "red",
			"accelerate": false
		},
		"damage": {	
	        "ability": "lucraftcore:command_loop",
            "show_in_bar": false,	
            "title": {"text":"Super Speed"},
			"icon": { "type": "texture", "texture": "albedo:textures/gui/abilities/kineceleran_superspeed" },
            "bar_color": "red",
            "conditions": [{
			    "type": "ability_enabled",
				"ability": "speedsterheroes:super_speed"}],				
			"commands": ["execute @s ~ ~ ~ effect @e[type=zombie,r=1] minecraft:instant_health 1 1 true",
			             "execute @s ~ ~ ~ effect @e[type=zombie_horse,r=1] minecraft:instant_health 1 1 true",
						 "execute @s ~ ~ ~ effect @e[type=zombie_villager,r=1] minecraft:instant_health 1 1 true",
						 "execute @s ~ ~ ~ effect @e[type=skeleton,r=1] minecraft:instant_health 1 1 true",
						 "execute @s ~ ~ ~ effect @e[type=skeleton_horse,r=1] minecraft:instant_health 1 1 true",
						 "execute @s ~ ~ ~ effect @e[type=husk,r=1] minecraft:instant_health 1 1 true",
						 "execute @s ~ ~ ~ effect @e[type=zombie_pigman,r=1] minecraft:instant_health 1 1 true",
						 "execute @s ~ ~ ~ effect @e[type=wither_skeleton,r=1] minecraft:instant_health 1 1 true",
						 "execute @s ~ ~ ~ effect @e[type=wither,r=1] minecraft:instant_health 1 1 true",
						 "execute @s ~ ~ ~ effect @e[r=1,rm=1] minecraft:instant_damage 1 0 true"]
 		},
		"damage_immunity": {
            "ability": "the-fifth-world:potion_immunity",
            "show_in_bar": false,
            "title": {"text":"Damage Protection"},
            "icon": {"type": "internal"},
            "conditions": [{
			    "type": "ability_enabled",
				"ability": "speedsterheroes:super_speed"}],
            "potion": "minecraft:instant_damage"
        },
		"water_running": {
			"ability": "speedsterheroes:water_running",
			"required_ability": "super_speed",
			"required_level": 13,				
            "show_in_bar": false,		
            "title": {"text":"Water Running"},	
			"icon": {"type": "internal"},		
			"speed": 1.0			
		},
		"wall_running": {
            "ability": "speedsterheroes:wall_running",
			"required_ability": "super_speed",
			"required_level": 20,				
            "show_in_bar": true,
            "title": {"translate":"speedsterheroes.abilities.wall_running.name"},
            "icon": {"type": "internal"},
            "bar_color": "red",
            "speed": 1.0
        },
		"slow_time":{
            "ability": "lucraftcore:command",
			"required_ability": "super_speed",
            "show_in_bar": true,
			"required_level": 25,
			"bar_color": "red",
            "cooldown": 600,
            "title": {"text":"Slow Time"},
            "icon": {"type": "texture", "texture": "albedo:textures/gui/abilities/slow.png"},
            "commands": ["/cast ebwizardry:slow_time @s {range:20}"]
		},
		"death_state":{
			"ability": "lucraftcore:command_loop",
			"show_in_bar": false,
			"title": {"text":"Death State"},			
			"icon": {"type": "texture",
				"texture": "albedo:textures/gui/omnitrix_timeout.png"},
			"commands": ["execute @s[score_Health=0,score_Health_min=0,tag=af] ~ ~ ~ /superpower @s albedo:recalibratedomnitrix",
			"execute @s[score_Health=0,score_Health_min=0,tag=ua] ~ ~ ~ /superpower @s albedo:ultimatrix",
            "scoreboard players tag @s[score_Sneak=1,score_Sneak_min=1] add Sneaking",
            "scoreboard players tag @s[score_Sneak=0,score_Sneak_min=0] remove Sneaking",
			"scoreboard players set @s[score_Sneak_min=1] Sneak 0",
			"execute @s[tag=Air] ~ ~ ~ scoreboard players tag @s remove Air",
			"execute @s ~ ~ ~ detect ~ ~-1 ~ water 0 scoreboard players tag @s add Air",
			"execute @s ~ ~ ~ detect ~ ~-1 ~ air 0 scoreboard players tag @s add Air"]
		},
		"timer":{
			"ability": "lucraftcore:command_loop",
			"show_in_bar": false,
			"title": {"text":"Timer"},			
			"icon": {"type": "texture","texture": "albedo:textures/gui/omnitrix_timeout.png"},
			"conditions": [{"type": "lucraftcore:not", 
			            "conditions": [{
						"type": "lucraftcore:scoreboard_tag", 
						"tag": "Master"}]}],
			"commands": ["scoreboard players remove @s Timer 1",
			"scoreboard players set @s[score_Timer=-1,score_Timer_min=-1000000] Timer 1",
			"execute @s[score_Timer=1,score_Timer_min=1,tag=af] ~ ~ ~ /playsound minecraft:custom.recalibratedhuman master @a ~ ~ ~",
			"execute @s[score_Timer=0,score_Timer_min=0,tag=ua] ~ ~ ~ /playsound minecraft:custom.ultimatrixhuman master @a ~ ~ ~",
			"execute @s[score_Timer=0,score_Timer_min=0] ~ ~ ~ /superpower @s albedo:transform_human",
			"superpowerxp 1 @s[tag=0]",
			"superpowerxp 4 @s[tag=20]",
			"superpowerxp 6 @s[tag=35]"]
		},
		"base": {	
	        "ability": "lucraftcore:command",		
            "show_in_bar": true,	
            "title": {"text":"Base Form"},
			"icon": {"type": "texture", "texture": "albedo:textures/gui/omnitrix_red.png"},
            "bar_color": "red",
			"conditions": [{
						"type": "lucraftcore:scoreboard_tag", 
						"tag": "Sneaking"}],
			"commands": ["superpower @s albedo:transform_human", 
			"execute @s[tag=af] ~ ~ ~ /playsound minecraft:custom.recalibratedhuman master @a ~ ~ ~",
			"execute @s[tag=ua] ~ ~ ~ /playsound minecraft:custom.ultimatrixhuman master @a ~ ~ ~"]
		}
	}
}