{
	"name": {
		"text": "Lepidopterran"
	},

	"icon": {
		"type": "texture",
		"texture": "albedo:textures/gui/recal/lepidopterran.png"
	},

	"creative_tab": "albedo",
	
	"max_level": 40,
	
	"capsule_color": 3080117,
	
    "effects": [
        {
            "type": "skin_change",
            "texture": "albedo:textures/models/albedo/lepidopterran.png"
       },
		{
            "type": "skin_overlay",
            "texture": "albedo:textures/overlays/glow/lepidopterran_glow.png",
            "size": 0,
            "glow": true,
            "conditions": [
            	{
            		"type": "always"
            	}
            ]
       }
		
    ],
	
	"abilities": {
		"sizelep": {
			"ability": "lucraftcore:command_loop",
			"show_in_bar": false,
			"title": {"text": "Size"},
			"icon": {"type": "texture", "texture": "albedo:textures/gui/recal/recal_omnitrix.png"},
			"commands": ["sizechange @s 1 lucraftcore:default",
			             "execute @e[tag=SlimeBlock] ~ ~ ~ /particle blockcrack ~ ~ ~ 0.1 0.1 0.1 0 150 force @a 0165",
			             "execute @e[tag=SlimeBlock] ~ ~ ~ fill ~-2 ~-2 ~-2 ~2 ~2 ~2 air 0 replace fire ",
						 "execute @s ~ ~ ~ detect ~ ~1 ~ water 0 scoreboard players tag @s add Water",
			             "execute @s ~ ~ ~ detect ~ ~1 ~ air 0 scoreboard players tag @s remove Water"]
       },
		"radiation_protection": {
            "ability": "the-fifth-world:potion_immunity",
            "show_in_bar": false,
            "title": {"text":"Radiation Protection"},
            "icon": {"type": "internal"},
            "potion": "lucraftcore:radiation"
       },
		"health": {		
			"ability": "lucraftcore:health",			
            "show_in_bar": false,		
            "title": {"text":"Health"},					
			"amount": 8,
			"operation": 0		
		},
		"strength": {	
			"ability": "lucraftcore:strength",				
            "show_in_bar": false,		
            "title": {"text":"Strength"},							
			"amount": 5,
			"operation": 0			
		},
		"defense": {
			"ability": "lucraftcore:resistance",			
            "show_in_bar": false,		
            "title": {"text":"Resistance"},						
			"amount": 6,
			"operation": 0			
		},
		"fall_resistance": {
			"ability": "lucraftcore:fall_resistance",
			"show_in_bar": false,
			"title": {"text":"Fall Resistance"},
			"amount": 200,
			"operation": 0
		},
		"mountable": {
			"ability": "the-fifth-world:mountable",
			"show_in_bar": false,
			"title": {"translate":"the-fifth-world.abilities.mountable.name"},
			"icon": {"type": "internal"}
		},
		"slime_ball":{
            "ability": "lucraftcore:command",
            "cooldown": 20,
            "show_in_bar": true,
			"bar_color": "red",
            "title": {"text":"Slime Ball"},
            "icon": {"type": "texture", "texture": "albedo:textures/gui/abilities/slimeball.png"},
            "commands": ["cast ebwizardry:slime @p", "superpowerxp 10 @s"]
		},
        "blastlep": {
			"ability": "lucraftcore:energy_blast",	
			"cooldown": 15,
			"show_in_bar": true,
			"color": [0, 255, 0],
			"damage": 2,
			"play_sound": false,
			"invisible": true,
			"title": {"translate":"Slime Blast"},
			"bar_color": "red",
			"icon": {"type": "texture", "texture": "albedo:textures/gui/abilities/gourmand_bellyblast.png"}
		},
		"slimeshot": {
			"ability": "lucraftcore:command",
			"parent_ability": "blastlep",
			"show_in_bar": false,
			"title": {"text":"Fire Suppression"},
			"icon": {"type": "texture", "texture": "albedo:textures/gui/abilities/gourmand_bellyblast.png"},
			"bar_color": "red",
			"commands": [
			"/scoreboard players tag @e[type=lucraftcore:energy_blast] add SlimeBlock","/playsound minecraft:block.slime.hit master @e[r=10] ~ ~ ~","superpowerxp 10 @s"]
		},		
		"flight": {			
			"ability": "lucraftcore:flight",
			"icon": {"type": "internal"},
            "cooldown": 0,			
            "show_in_bar": true,
			"conditions": [{"type": "lucraftcore:not", 
			            "conditions": [{
						"type": "lucraftcore:scoreboard_tag", 
						"tag": "Water"}]}],
            "title": {"text":"Flight"},	
            "bar_color": "red",				
			"speed": 1.5,
            "sprint_speed": 2,
			"rotate_arms": false
		},
		"flight_xp": {
            "ability": "lucraftcore:command_toggle",
            "cooldown": 0,
			"parent_ability": "flight",
            "show_in_bar": false,
            "title": {"text":"Flight XP"},
            "icon": {"type": "internal"},
            "conditions": [{
			    "type": "ability_enabled",
				"ability": "lucraftcore:flight"}],
		    "commands": ["superpowerxp 1 @s"]
		},
		"death_state":{
			"ability": "lucraftcore:command_loop",
			"show_in_bar": false,
			"title": {"text":"Death State"},			
			"icon": {"type": "texture",
				"texture": "albedo:textures/gui/omnitrix_timeout.png"},
			"commands": ["execute @s[score_Health=0,score_Health_min=0,tag=af] ~ ~ ~ /superpower @s albedo:recalibratedomnitrix",
			"execute @s[score_Health=0,score_Health_min=0,tag=ua] ~ ~ ~ /superpower @s albedo:ultimatrix",
            "scoreboard players tag @s[score_Sneak=1,score_Sneak_min=1] add Sneaking",
            "scoreboard players tag @s[score_Sneak=0,score_Sneak_min=0] remove Sneaking",
			"scoreboard players set @s[score_Sneak_min=1] Sneak 0",
			"execute @s[tag=Air] ~ ~ ~ scoreboard players tag @s remove Air",
			"execute @s ~ ~ ~ detect ~ ~-1 ~ water 0 scoreboard players tag @s add Air",
			"execute @s ~ ~ ~ detect ~ ~-1 ~ air 0 scoreboard players tag @s add Air"]
		},
		"timer":{
			"ability": "lucraftcore:command_loop",
			"show_in_bar": false,
			"title": {"text":"Timer"},			
			"icon": {"type": "texture","texture": "albedo:textures/gui/omnitrix_timeout.png"},
			"conditions": [{"type": "lucraftcore:not", 
			            "conditions": [{
						"type": "lucraftcore:scoreboard_tag", 
						"tag": "Master"}]}],
			"commands": ["scoreboard players remove @s Timer 1",
			"scoreboard players set @s[score_Timer=-1,score_Timer_min=-1000000] Timer 1",
			"execute @s[score_Timer=1,score_Timer_min=1,tag=af] ~ ~ ~ /playsound minecraft:custom.recalibratedhuman master @a ~ ~ ~",
			"execute @s[score_Timer=0,score_Timer_min=0,tag=ua] ~ ~ ~ /playsound minecraft:custom.ultimatrixhuman master @a ~ ~ ~",
			"execute @s[score_Timer=0,score_Timer_min=0] ~ ~ ~ /superpower @s albedo:transform_human",
			"superpowerxp 1 @s[tag=0]",
			"superpowerxp 4 @s[tag=20]",
			"superpowerxp 6 @s[tag=35]"]
		},
		"base": {	
	        "ability": "lucraftcore:command",		
            "show_in_bar": true,	
            "title": {"text":"Base Form"},
			"icon": {"type": "texture", "texture": "albedo:textures/gui/omnitrix_red.png"},
            "bar_color": "red",
			"conditions": [{
						"type": "lucraftcore:scoreboard_tag", 
						"tag": "Sneaking"}],
			"commands": ["superpower @s albedo:transform_human", 
			"execute @s[tag=af] ~ ~ ~ /playsound minecraft:custom.recalibratedhuman master @a ~ ~ ~",
			"execute @s[tag=ua] ~ ~ ~ /playsound minecraft:custom.ultimatrixhuman master @a ~ ~ ~"]
		}
	}
}