{
	"name": {
		"text": "Switch"
	},
	"icon": {
		"type": "texture",
		"texture": "albedo:textures/gui/recal/recal.png"
	},
	"creative_tab": "albedo",	
	"max_level": 40,	
	"effects": [
        {
        "type": "skin_change",
        "texture": "albedo:textures/models/albedo/methanosian.png"
        },
		{
            "type": "skin_overlay",
            "texture": "albedo:textures/overlays/glow/methanosian_glow.png",
            "size": 0,
            "glow": true,
            "conditions": [{"type": "always"}]
        }
    ],	
	"abilities": {	
		"necrofriggian": {	
	        "ability": "lucraftcore:command",
            "show_in_bar": true,	
            "title": {"text":"Necrofriggian"},
			"icon": { "type": "texture","texture": "albedo:textures/gui/recal/necrofriggian.png"},
            "bar_color": "red",				
			"commands": ["execute @s[score_Timer_min=1201,tag=!Master] ~ ~ ~ /scoreboard players tag @s add Necrofriggian",
			"execute @s[score_Timer_min=1201,tag=!Master] ~ ~ ~ /superpower @s albedo:transform_af",
			"execute @s[score_Timer_min=1201,tag=ua] ~ ~ ~ /playsound minecraft:custom.ultimatrixtransform master @a ~ ~ ~",
			"execute @s[score_Timer_min=1201,tag=af] ~ ~ ~ /playsound minecraft:custom.recaltransform master @a ~ ~ ~",
			"execute @s[score_Timer_min=1201,tag=!Master] ~ ~ ~ /scoreboard players remove @s Timer 1200",
			"execute @s[tag=Master] ~ ~ ~ /scoreboard players tag @s add Necrofriggian",
			"execute @s[tag=Master] ~ ~ ~ /superpower @s albedo:transform_af"] 
		},
		"crystalsapien": {
			"ability": "lucraftcore:command",
			"show_in_bar": true,
			"title": {"text":"Crystalsapien"},
			"icon": { "type": "texture","texture": "albedo:textures/gui/recal/crystalsapien.png"},
			"bar_color": "red",
			"commands": ["execute @s[score_Timer_min=1201,score_Cdeath=5,score_Cdeath_min=0,tag=!Master] ~ ~ ~ /scoreboard players tag @s add Crystalsapien",
			"execute @s[score_Timer_min=1201,score_Cdeath=5,score_Cdeath_min=0,tag=!Master] ~ ~ ~ /superpower @s albedo:transform_af",
			"execute @s[score_Timer_min=1201,score_Cdeath_min=6,tag=!Master] ~ ~ ~ /scoreboard players tag @s add Petrosapien",
			"execute @s[score_Timer_min=1201,score_Cdeath_min=6,tag=!Master] ~ ~ ~ /superpower @s albedo:transform_af",
			"execute @s[score_Timer_min=1201,tag=ua] ~ ~ ~ /playsound minecraft:custom.ultimatrixtransform master @a ~ ~ ~",
			"execute @s[score_Timer_min=1201,tag=af] ~ ~ ~ /playsound minecraft:custom.recaltransform master @a ~ ~ ~",
			"execute @s[score_Timer_min=1201,tag=!Master] ~ ~ ~ /scoreboard players remove @s Timer 1200",
			"execute @s[score_Cdeath=5,score_Cdeath_min=0,tag=Master] ~ ~ ~ /scoreboard players tag @s add Crystalsapien",
			"execute @s[score_Cdeath_min=0,tag=Master] ~ ~ ~ /scoreboard players tag @s add Petrosapien",
			"execute @s[tag=Master] ~ ~ ~ /superpower @s albedo:transform_af"] 
		},
		"methanosian": {	
	        "ability": "lucraftcore:command",
            "show_in_bar": true,	
            "title": {"text":"Methanosian"},
			"icon": { "type": "texture", "texture": "albedo:textures/gui/recal/uaf_omnitrix_blank.png"},
            "bar_color": "red",				
			"commands": ["superpower @s albedo:methanosian"] 
		},
		"sonorosian": {	
	        "ability": "lucraftcore:command",
            "show_in_bar": true,	
            "title": {"text":"Sonorosian"},
			"icon": { "type": "texture","texture": "albedo:textures/gui/recal/sonorosian.png"},
            "bar_color": "red",				
			"commands": ["execute @s[score_Timer_min=1201,tag=!Master] ~ ~ ~ /scoreboard players tag @s add Sonorosian",
			"execute @s[score_Timer_min=1201,tag=!Master] ~ ~ ~ /superpower @s albedo:transform_af",
			"execute @s[score_Timer_min=1201,tag=ua] ~ ~ ~ /playsound minecraft:custom.ultimatrixtransform master @a ~ ~ ~",
			"execute @s[score_Timer_min=1201,tag=af] ~ ~ ~ /playsound minecraft:custom.recaltransform master @a ~ ~ ~",
			"execute @s[score_Timer_min=1201,tag=!Master] ~ ~ ~ /scoreboard players remove @s Timer 1200",
			"execute @s[tag=Master] ~ ~ ~ /scoreboard players tag @s add Sonorosian",
			"execute @s[tag=Master] ~ ~ ~ /superpower @s albedo:transform_af"] 
		},
		"vaxasaurian": {
			"ability": "lucraftcore:command",
			"show_in_bar": true,
			"title": {"text":"Vaxasaurian"},
			"icon": { "type": "texture","texture": "albedo:textures/gui/recal/vaxasaurian.png"},
			"bar_color": "red",
			"commands": ["execute @s[score_Timer_min=1201,tag=!Master] ~ ~ ~ /scoreboard players tag @s add Vaxasaurian",
			"execute @s[score_Timer_min=1201,tag=!Master] ~ ~ ~ /superpower @s albedo:transform_af",
			"execute @s[score_Timer_min=1201,tag=ua] ~ ~ ~ /playsound minecraft:custom.ultimatrixtransform master @a ~ ~ ~",
			"execute @s[score_Timer_min=1201,tag=af] ~ ~ ~ /playsound minecraft:custom.recaltransform master @a ~ ~ ~",
			"execute @s[score_Timer_min=1201,tag=!Master] ~ ~ ~ /scoreboard players remove @s Timer 1200",
			"execute @s[tag=Master] ~ ~ ~ /scoreboard players tag @s add Vaxasaurian",
			"execute @s[tag=Master] ~ ~ ~ /superpower @s albedo:transform_af"] 
		},
		"aerophibian": {	
	        "ability": "lucraftcore:command",
            "show_in_bar": true,	
            "title": {"text":"Aerophibian"},
			"icon": { "type": "texture","texture": "albedo:textures/gui/recal/aerophibian.png"},
            "bar_color": "red",				
			"commands": ["execute @s[score_Timer_min=1201,tag=!Master] ~ ~ ~ /scoreboard players tag @s add Aerophibian",
			"execute @s[score_Timer_min=1201,tag=!Master] ~ ~ ~ /superpower @s albedo:transform_af",
			"execute @s[score_Timer_min=1201,tag=ua] ~ ~ ~ /playsound minecraft:custom.ultimatrixtransform master @a ~ ~ ~",
			"execute @s[score_Timer_min=1201,tag=af] ~ ~ ~ /playsound minecraft:custom.recaltransform master @a ~ ~ ~",
			"execute @s[score_Timer_min=1201,tag=!Master] ~ ~ ~ /scoreboard players remove @s Timer 1200",
			"execute @s[tag=Master] ~ ~ ~ /scoreboard players tag @s add Aerophibian",
			"execute @s[tag=Master] ~ ~ ~ /superpower @s albedo:transform_af"] 
		},
		"cerebrocrustacean": {	
	        "ability": "lucraftcore:command",
            "show_in_bar": true,	
            "title": {"text":"Cerebrocrustacean"},
			"icon": { "type": "texture","texture": "albedo:textures/gui/recal/cerebrocrustacean.png"},
            "bar_color": "red",				
			"commands": ["execute @s[score_Timer_min=1201,tag=!Master] ~ ~ ~ /scoreboard players tag @s add Cerebrocrustacean",
			"execute @s[score_Timer_min=1201,tag=!Master] ~ ~ ~ /superpower @s albedo:transform_af",
			"execute @s[score_Timer_min=1201,tag=ua] ~ ~ ~ /playsound minecraft:custom.ultimatrixtransform master @a ~ ~ ~",
			"execute @s[score_Timer_min=1201,tag=af] ~ ~ ~ /playsound minecraft:custom.recaltransform master @a ~ ~ ~",
			"execute @s[score_Timer_min=1201,tag=!Master] ~ ~ ~ /scoreboard players remove @s Timer 1200",
			"execute @s[tag=Master] ~ ~ ~ /scoreboard players tag @s add Cerebrocrustacean",
			"execute @s[tag=Master] ~ ~ ~ /superpower @s albedo:transform_af"] 
		},
		"arachnichimp": {
			"ability": "lucraftcore:command",
			"show_in_bar": true,
			"title": {"text":"Arachnichimp"},
			"icon": { "type": "texture","texture": "albedo:textures/gui/recal/arachnichimp.png"},
			"bar_color": "red",
			"commands": ["execute @s[score_Timer_min=1201,tag=!Master] ~ ~ ~ /scoreboard players tag @s add Arachnichimp",
			"execute @s[score_Timer_min=1201,tag=!Master] ~ ~ ~ /superpower @s albedo:transform_af",
			"execute @s[score_Timer_min=1201,tag=ua] ~ ~ ~ /playsound minecraft:custom.ultimatrixtransform master @a ~ ~ ~",
			"execute @s[score_Timer_min=1201,tag=af] ~ ~ ~ /playsound minecraft:custom.recaltransform master @a ~ ~ ~",
			"execute @s[score_Timer_min=1201,tag=!Master] ~ ~ ~ /scoreboard players remove @s Timer 1200",
			"execute @s[tag=Master] ~ ~ ~ /scoreboard players tag @s add Arachnichimp",
			"execute @s[tag=Master] ~ ~ ~ /superpower @s albedo:transform_af"] 
		},
		"polymorph": {	
	        "ability": "lucraftcore:command",
            "show_in_bar": true,	
            "title": {"text":"Polymorph"},
			"icon": { "type": "texture","texture": "albedo:textures/gui/recal/polymorph.png"},
            "bar_color": "red",				
			"commands": ["execute @s[score_Timer_min=1201,tag=!Master] ~ ~ ~ /scoreboard players tag @s add Polymorph",
			"execute @s[score_Timer_min=1201,tag=!Master] ~ ~ ~ /superpower @s albedo:transform_af",
			"execute @s[score_Timer_min=1201,tag=ua] ~ ~ ~ /playsound minecraft:custom.ultimatrixtransform master @a ~ ~ ~",
			"execute @s[score_Timer_min=1201,tag=af] ~ ~ ~ /playsound minecraft:custom.recaltransform master @a ~ ~ ~",
			"execute @s[score_Timer_min=1201,tag=!Master] ~ ~ ~ /scoreboard players remove @s Timer 1200",
			"execute @s[tag=Master] ~ ~ ~ /scoreboard players tag @s add Polymorph",
			"execute @s[tag=Master] ~ ~ ~ /superpower @s albedo:transform_af"] 
		},
		"arburian_pelarota": {	
	        "ability": "lucraftcore:command",
            "required_level": 15,
			"show_in_bar": true,	
            "title": {"text":"Arburian Pelarota"},
			"icon": { "type": "texture", "texture": "albedo:textures/gui/recal/arburian_pelarota.png"},
            "bar_color": "red",				
			"commands": ["execute @s[score_Timer_min=1201,tag=!Master] ~ ~ ~ /scoreboard players tag @s add Arburian_Pelarota",
			"execute @s[score_Timer_min=1201,tag=!Master] ~ ~ ~ /superpower @s albedo:transform_os",
			"execute @s[score_Timer_min=1201,tag=ua] ~ ~ ~ /playsound minecraft:custom.ultimatrixtransform master @a ~ ~ ~",
			"execute @s[score_Timer_min=1201,tag=af] ~ ~ ~ /playsound minecraft:custom.recaltransform master @a ~ ~ ~",
			"execute @s[score_Timer_min=1201,tag=!Master] ~ ~ ~ /scoreboard players remove @s Timer 1200",
			"execute @s[tag=Master] ~ ~ ~ /scoreboard players tag @s add Arburian_Pelarota",
			"execute @s[tag=Master] ~ ~ ~ /superpower @s albedo:transform_os"] 
		},
		"murk_gourmand": {	
	        "ability": "lucraftcore:command",
            "required_level": 16,
			"show_in_bar": true,	
            "title": {"text":"Murk Gourmand"},
			"icon": { "type": "texture","texture": "albedo:textures/gui/recal/gourmand.png"},
            "bar_color": "red",				
			"commands": ["execute @s[score_Timer_min=1201,tag=!Master] ~ ~ ~ /scoreboard players tag @s add Murk_Gourmand",
			"execute @s[score_Timer_min=1201,tag=!Master] ~ ~ ~ /superpower @s albedo:transform_af",
			"execute @s[score_Timer_min=1201,tag=ua] ~ ~ ~ /playsound minecraft:custom.ultimatrixtransform master @a ~ ~ ~",
			"execute @s[score_Timer_min=1201,tag=af] ~ ~ ~ /playsound minecraft:custom.recaltransform master @a ~ ~ ~",
			"execute @s[score_Timer_min=1201,tag=!Master] ~ ~ ~ /scoreboard players remove @s Timer 1200",
			"execute @s[tag=Master] ~ ~ ~ /scoreboard players tag @s add Murk_Gourmand",
			"execute @s[tag=Master] ~ ~ ~ /superpower @s albedo:transform_af"] 
		},
		"tokustar": {	
	        "ability": "lucraftcore:command",
            "required_level": 17,
			"show_in_bar": true,	
            "title": {"text":"To'kustar"},
			"icon": { "type": "texture","texture": "albedo:textures/gui/recal/tokustar.png"},
            "bar_color": "red",				
			"commands": ["execute @s[score_Timer_min=1201,tag=!Master] ~ ~ ~ /scoreboard players tag @s add Tokustar",
			"execute @s[score_Timer_min=1201,tag=!Master] ~ ~ ~ /superpower @s albedo:transform_os",
			"execute @s[score_Timer_min=1201,tag=ua] ~ ~ ~ /playsound minecraft:custom.ultimatrixtransform master @a ~ ~ ~",
			"execute @s[score_Timer_min=1201,tag=af] ~ ~ ~ /playsound minecraft:custom.recaltransform master @a ~ ~ ~",
			"execute @s[score_Timer_min=1201,tag=!Master] ~ ~ ~ /scoreboard players remove @s Timer 1200",
			"execute @s[tag=Master] ~ ~ ~ /scoreboard players tag @s add Tokustar",
			"execute @s[tag=Master] ~ ~ ~ /superpower @s albedo:transform_os"] 
		},
		"biosovortian": {	
	        "ability": "lucraftcore:command",
            "required_level": 22,
			"show_in_bar": true,	
            "title": {"text":"Biosovortian"},
			"icon": { "type": "texture","texture": "albedo:textures/gui/recal/biosovortian.png"},
            "bar_color": "red",				
			"commands": ["execute @s[score_Timer_min=1201,tag=!Master] ~ ~ ~ /scoreboard players tag @s add Biosovortian",
			"execute @s[score_Timer_min=1201,tag=!Master] ~ ~ ~ /superpower @s albedo:transform_af",
			"execute @s[score_Timer_min=1201,tag=ua] ~ ~ ~ /playsound minecraft:custom.ultimatrixtransform master @a ~ ~ ~",
			"execute @s[score_Timer_min=1201,tag=af] ~ ~ ~ /playsound minecraft:custom.recaltransform master @a ~ ~ ~",
			"execute @s[score_Timer_min=1201,tag=!Master] ~ ~ ~ /scoreboard players remove @s Timer 1200",
			"execute @s[tag=Master] ~ ~ ~ /scoreboard players tag @s add Biosovortian",
			"execute @s[tag=Master] ~ ~ ~ /superpower @s albedo:transform_af"] 
		},
		"petrosapien": {	
	        "ability": "lucraftcore:command",
            "required_level": 25,
			"show_in_bar": true,	
            "title": {"text":"Petrosapien"},
			"icon": { "type": "texture","texture": "albedo:textures/gui/recal/petrosapien.png"},
            "bar_color": "red",
			"conditions": [{
			    "type": "lucraftcore:scoreboard_tag",
				"tag": "ua"}],			
			"commands": ["execute @s[score_Timer_min=1201,tag=!Master] ~ ~ ~ /scoreboard players tag @s add Petrosapien",
			"execute @s[score_Timer_min=1201,tag=!Master] ~ ~ ~ /superpower @s albedo:transform_os",
			"execute @s[score_Timer_min=1201,tag=ua] ~ ~ ~ /playsound minecraft:custom.ultimatrixtransform master @a ~ ~ ~",
			"execute @s[score_Timer_min=1201,tag=af] ~ ~ ~ /playsound minecraft:custom.recaltransform master @a ~ ~ ~",
			"execute @s[score_Timer_min=1201,tag=!Master] ~ ~ ~ /scoreboard players remove @s Timer 1200",
			"execute @s[tag=Master] ~ ~ ~ /scoreboard players tag @s add Petrosapien",
			"execute @s[tag=Master] ~ ~ ~ /superpower @s albedo:transform_os"] 
		},
		"chip_hybrid": {	
	        "ability": "lucraftcore:command",
            "required_level": 28,
			"show_in_bar": true,	
            "title": {"text":"Human/Chip Hybrid"},
			"icon": { "type": "texture","texture": "albedo:textures/gui/recal/nanomech.png"},
            "bar_color": "red",				
			"commands": ["execute @s[score_Timer_min=1201,tag=!Master] ~ ~ ~ /scoreboard players tag @s add Nanomech",
			"execute @s[score_Timer_min=1201,tag=!Master] ~ ~ ~ /superpower @s albedo:transform_af",
			"execute @s[score_Timer_min=1201,tag=ua] ~ ~ ~ /playsound minecraft:custom.ultimatrixtransform master @a ~ ~ ~",
			"execute @s[score_Timer_min=1201,tag=af] ~ ~ ~ /playsound minecraft:custom.recaltransform master @a ~ ~ ~",
			"execute @s[score_Timer_min=1201,tag=!Master] ~ ~ ~ /scoreboard players remove @s Timer 1200",
			"execute @s[tag=Master] ~ ~ ~ /scoreboard players tag @s add Nanomech",
			"execute @s[tag=Master] ~ ~ ~ /superpower @s albedo:transform_af"] 
		},
		"ectonurite": {	
	        "ability": "lucraftcore:command",
            "required_level": 31,
			"show_in_bar": true,	
            "title": {"text":"Ectonurite"},
			"icon": { "type": "texture","texture": "albedo:textures/gui/recal/ectonurite.png"},
            "bar_color": "red",				
			"commands": ["execute @s[score_Timer_min=1201,tag=!Master] ~ ~ ~ /scoreboard players tag @s add TEctonurite",
			"execute @s[score_Timer_min=1201,tag=!Master] ~ ~ ~ /superpower @s albedo:transform_af",
			"execute @s[score_Timer_min=1201,tag=ua] ~ ~ ~ /playsound minecraft:custom.ultimatrixtransform master @a ~ ~ ~",
			"execute @s[score_Timer_min=1201,tag=af] ~ ~ ~ /playsound minecraft:custom.recaltransform master @a ~ ~ ~",
			"execute @s[score_Timer_min=1201,tag=!Master] ~ ~ ~ /scoreboard players remove @s Timer 1200",
			"execute @s[tag=Master] ~ ~ ~ /scoreboard players tag @s add TEctonurite",
			"execute @s[tag=Master] ~ ~ ~ /superpower @s albedo:transform_af"] 
		},
		"appoplexian": {	
	        "ability": "lucraftcore:command",
            "required_level": 37,
			"show_in_bar": true,	
            "title": {"text":"Appoplexian"},
			"icon": { "type": "texture","texture": "albedo:textures/gui/recal/appoplexian.png"},
            "bar_color": "red",				
			"commands": ["execute @s[score_Timer_min=1201,tag=!Master] ~ ~ ~ /scoreboard players tag @s add Appoplexian",
			"execute @s[score_Timer_min=1201,tag=!Master] ~ ~ ~ /superpower @s albedo:transform_af",
			"execute @s[score_Timer_min=1201,tag=ua] ~ ~ ~ /playsound minecraft:custom.ultimatrixtransform master @a ~ ~ ~",
			"execute @s[score_Timer_min=1201,tag=af] ~ ~ ~ /playsound minecraft:custom.recaltransform master @a ~ ~ ~",
			"execute @s[score_Timer_min=1201,tag=!Master] ~ ~ ~ /scoreboard players remove @s Timer 1200",
			"execute @s[tag=Master] ~ ~ ~ /scoreboard players tag @s add Appoplexian",
			"execute @s[tag=Master] ~ ~ ~ /superpower @s albedo:transform_af"] 
		}
	}
}