{
	"name": {
		"text": "Methanosian"
	},

	"icon": {
		"type": "texture",
		"texture": "albedo:textures/gui/recal/methanosian.png"
	},

	"creative_tab": "albedo",
	
	"max_level": 40,
	
	"capsule_color": 3080117,
	
    "effects": [

        {
        "type": "skin_change",
        "texture": "albedo:textures/models/albedo/methanosian.png"		
       },
		{
            "type": "skin_overlay",
            "texture": "albedo:textures/overlays/glow/methanosian_glow.png",
            "size": 0,
            "glow": true,
            "conditions": [
            	{
            		"type": "always"
            	}
            ]
       }
    ],
	
	"abilities": {		
		"radiation_protection": {
            "ability": "the-fifth-world:potion_immunity",
            "show_in_bar": false,
            "title": {"text":"Radiation Protection"},
            "icon": {"type": "internal"},
            "potion": "lucraftcore:radiation"
       },
		"size": {
			"ability": "lucraftcore:command_loop",
			"show_in_bar": false,
			"title": {"text": "Big size"},
			"icon": {"type": "internal"},
			"bar_color": "light_gray",
			"commands": ["sizechange @s 1.2 lucraftcore:default"]
		},
		"health": {		
			"ability": "lucraftcore:health",			
            "show_in_bar": false,		
            "title": {"text":"Health"},					
			"amount": 10,
			"operation": 0		
		},
		"strength": {	
			"ability": "lucraftcore:strength",				
            "show_in_bar": false,		
            "title": {"text":"Strength"},							
			"amount": 15,
			"operation": 0			
		},
		"defense": {
			"ability": "lucraftcore:resistance",			
            "show_in_bar": false,		
            "title": {"text":"Resistance"},						
			"amount": 20,
			"operation": 0			
		},
		"fall_resistance": {
			"ability": "lucraftcore:fall_resistance",
			"show_in_bar": false,
			"title": {"text":"Fall Resistance"},
			"amount": 200,
			"operation": 0
		},
		"healing": {
            "ability": "lucraftcore:healing",
            "show_in_bar": false,
            "title": {"translate":"lucraftcore.abilities.healing.name"},
            "icon": {"type": "internal"},
            "frequency": 100,
            "amount": 1.5
       },
		"fireball":{
            "ability": "lucraftcore:command",
            "show_in_bar": true,
			"bar_color": "red",
            "cooldown": 40,
            "title": {"text":"Throw Fireball"},
            "icon": {"type": "texture", "texture": "albedo:textures/gui/abilities/throw_fireball.png"},
            "commands": ["cast ebwizardry:fireball @p", "superpowerxp @s 10"]
       },		
		"plant_barrier":{
            "ability": "lucraftcore:command",
			"conditions": [{"type": "lucraftcore:not", 
			            "conditions": [{
						"type": "lucraftcore:scoreboard_tag", 
						"tag": "Sneaking"}]}],
            "show_in_bar": true,
			"bar_color": "red",
            "cooldown": 400,
            "title": {"text":"Plant Barrier"},
            "icon": {"type": "texture", "texture": "albedo:textures/gui/abilities/plantbarrier.png"},
            "commands": ["cast ebwizardry:forest_of_thorns @p"]
		},
		"plant_growth": {
			"ability": "the-fifth-world:bonemeal_area",
			"conditions": [{
						"type": "lucraftcore:scoreboard_tag", 
						"tag": "Sneaking"}],
			"cooldown": 0,
			"show_in_bar": true,
			"title": {"translate":"Bonemeal Area"},
			"icon": {"type": "texture", "texture": "albedo:textures/gui/abilities/bone_meal.png"},
			"bar_color": "red",
			"radius": 2		
		},
        "plant_growth_xp": {
            "ability": "lucraftcore:command",
            "cooldown": 0,
			"parent_ability": "plant_growth",
            "show_in_bar": false,
            "title": {"text":"Plant Growth XP"},
            "icon": {"type": "internal"},
            "conditions": [{
			    "type": "ability_enabled",
				"ability": "the-fifth-world:bonemeal_area"}],
		    "commands": ["superpowerxp 50 @s"]
		},
		"leap": {			
			"ability": "lucraftcore:flight",
			"conditions": [{
						"type": "lucraftcore:scoreboard_tag", 
						"tag": "Air"}],
			"cooldown": 2,
			"icon": {"type": "internal"},			
            "show_in_bar": true,
            "title": {"text":"Flame Launch"},	
            "bar_color": "red",				
			"speed": 3,
            "sprint_speed": 3,
			"rotate_arms": false
		},
        "fp":{
			"ability": "lucraftcore:command",
			"parent_ability": "leap",
			"show_in_bar": false,
			"cooldown": 0,
			"title": {"text":"Flight Particles"},			
			"icon": {"type": "internal"},
			"commands": ["/particle flame ~ ~0.4 ~ 1 0.5 1 0.01 5000 force","/fill ~-1 ~ ~-1 ~1 ~ ~1 fire 0 replace air 0",
						 "superpowerxp 1 @s"],
            "conditions": [{
			    "type": "ability_enabled",
				"ability": "lucraftcore:flight"}]
		},
		"thorn_dart":{
            "ability": "lucraftcore:command",
            "show_in_bar": true,
			"bar_color": "red",
            "cooldown": 0,
            "title": {"text":"Thorn Dart"},
            "icon": {"type": "texture", "texture": "albedo:textures/gui/abilities/thorndart.png"},
            "commands": ["cast ebwizardry:dart @p"]
		},
		"fire_blast":{
            "ability": "lucraftcore:command",
            "show_in_bar": true,
			"required_level": 12,
			"bar_color": "red",
            "cooldown": 100,
            "title": {"text":"Flamethrower"},
            "icon": {"type": "texture", "texture": "albedo:textures/gui/abilities/flame_wave.png"},
            "commands": ["cast ebwizardry:flame_ray @p 5", "superpowerxp @s 2"]
		},	
		"freezing_immunity":{
			"ability": "the-fifth-world:potion_immunity",
			"show_in_bar": false,
			"potion": "heroesexpansion:frozen",
			"title": {"text":"Freezing Immunity"},
			"icon": {"type": "texture", "texture": "albedo:textures/gui/abilities/blaze.png"}
		},
		"ultimate": {	
	        "ability": "lucraftcore:command",		
			"cooldown": 0,
            "show_in_bar": true,	
            "title": {"text":"Ultimate Methanosian"},
			"icon": {"type": "texture", "texture": "albedo:textures/gui/recal/ultimatrix.png"},
            "bar_color": "red",
			"conditions": [{"type": "lucraftcore:scoreboard_tag", 
			                "tag": "ua"}],				
			"commands": ["scoreboard players tag @s add UMethanosian",
			"superpower @s albedo:transform_af",			
			"playsound minecraft:custom.ultimate master @a ~ ~ ~"]
		},
		"switch": {	
	        "ability": "lucraftcore:command",		
			"cooldown": 0,
            "show_in_bar": true,	
            "title": {"text":"Switch"},
			"icon": {"type": "texture", "texture": "albedo:textures/gui/recal/recal_activate.png"},
			"conditions": [{
			    "type": "lucraftcore:not", 
			        "conditions": [{
						"type": "lucraftcore:scoreboard_tag", 
						"tag": "Sneaking"}]}],
            "bar_color": "red",				
			"command": ["/superpower @s[score_Timer_min=1201] albedo:methanosian_switch",
			"execute @s[score_Timer=1199,score_Timer_min=0] ~ ~ ~ /tellraw @s {\"text\":\"Insufficient Power\",\"color\":\"green\"}"]
		},
		"death_state":{
			"ability": "lucraftcore:command_loop",
			"show_in_bar": false,
			"title": {"text":"Death State"},			
			"icon": {"type": "texture",
				"texture": "albedo:textures/gui/omnitrix_timeout.png"},
			"commands": ["execute @s[score_Health=0,score_Health_min=0,tag=af] ~ ~ ~ /superpower @s albedo:recalibratedomnitrix",
			"execute @s[score_Health=0,score_Health_min=0,tag=ua] ~ ~ ~ /superpower @s albedo:ultimatrix",
            "scoreboard players tag @s[score_Sneak=1,score_Sneak_min=1] add Sneaking",
            "scoreboard players tag @s[score_Sneak=0,score_Sneak_min=0] remove Sneaking",
			"scoreboard players set @s[score_Sneak_min=1] Sneak 0",
			"execute @s[tag=Air] ~ ~ ~ scoreboard players tag @s remove Air",
			"execute @s ~ ~ ~ detect ~ ~-1 ~ water 0 scoreboard players tag @s add Air",
			"execute @s ~ ~ ~ detect ~ ~-1 ~ air 0 scoreboard players tag @s add Air"]
		},
		"timer":{
			"ability": "lucraftcore:command_loop",
			"show_in_bar": false,
			"title": {"text":"Timer"},			
			"icon": {"type": "texture","texture": "albedo:textures/gui/omnitrix_timeout.png"},
			"conditions": [{"type": "lucraftcore:not", 
			            "conditions": [{
						"type": "lucraftcore:scoreboard_tag", 
						"tag": "Master"}]}],
			"commands": ["scoreboard players remove @s Timer 1",
			"scoreboard players set @s[score_Timer=-1,score_Timer_min=-1000000] Timer 1",
			"execute @s[score_Timer=1,score_Timer_min=1,tag=af] ~ ~ ~ /playsound minecraft:custom.recalibratedhuman master @a ~ ~ ~",
			"execute @s[score_Timer=0,score_Timer_min=0,tag=ua] ~ ~ ~ /playsound minecraft:custom.ultimatrixhuman master @a ~ ~ ~",
			"execute @s[score_Timer=0,score_Timer_min=0] ~ ~ ~ /superpower @s albedo:transform_human",
			"superpowerxp 1 @s[tag=0]",
			"superpowerxp 4 @s[tag=20]",
			"superpowerxp 6 @s[tag=35]"]
		},
		"base": {	
	        "ability": "lucraftcore:command",		
            "show_in_bar": true,	
            "title": {"text":"Base Form"},
			"icon": {"type": "texture", "texture": "albedo:textures/gui/omnitrix_red.png"},
            "bar_color": "red",
			"conditions": [{
						"type": "lucraftcore:scoreboard_tag", 
						"tag": "Sneaking"}],
			"commands": ["superpower @s albedo:transform_human", 
			"execute @s[tag=af] ~ ~ ~ /playsound minecraft:custom.recalibratedhuman master @a ~ ~ ~",
			"execute @s[tag=ua] ~ ~ ~ /playsound minecraft:custom.ultimatrixhuman master @a ~ ~ ~"]
		}
	}
}