{
	"name": {
		"text": "Human/Chip Hybrid"
	},

	"icon": {
		"type": "texture",
		"texture": "albedo:textures/gui/recal/nanomech.png"
	},

	"creative_tab": "albedo",
	
	"max_level": 40,
	
	"capsule_color": 3080117,
	
    "effects": [
        {
            "type": "glow",
            "color": [1, 0.0, 0.17],
            "size": 0,
            "conditions": [
                {
                    "type": "ability_enabled",
                    "ability": "lucraftcore:flight"
                },
                {
                    "type": "always"
                }
            ]
        },

        {
        "type": "skin_change",
        "texture": "albedo:textures/models/albedo/nanomech.png"
        },
		{
            "type": "skin_overlay",
            "texture": "albedo:textures/overlays/glow/nanomech_glow.png",
            "size": 0,
            "glow": true,
            "conditions": [
            	{
            		"type": "always"
            	}
            ]
        }
    ],
	
	"abilities": {
		"radiation_protection": {
            "ability": "the-fifth-world:potion_immunity",
            "show_in_bar": false,
            "title": {"text":"Radiation Protection"},
            "icon": { "type": "internal" },
            "potion": "lucraftcore:radiation"
        },		
		"size": {
			"ability": "lucraftcore:command_loop",
			"show_in_bar": false,
			"title": {"text": "Small size"},
			"icon": { "type": "internal" },
			"bar_color": "red",
			"commands": ["sizechange @s 0.1 lucraftcore:default"]
		},
		"jump_boost": {
			"ability": "lucraftcore:jump_boost",
			"show_in_bar": false,
			"title": {"text":"Jump Boost"},
			"icon": { "type": "internal" },
			"bar_color": "red",
			"amount": 3,
			"operation": 0
		},
		"fall_resistance": {
			"ability": "lucraftcore:fall_resistance",
			"show_in_bar": false,
			"title": {"text":"Fall Resistance"},
			"amount": 8,
			"operation": 0
		},
		"energy_blast": {
            "ability": "lucraftcore:energy_blast",
			"color": [230, 0, 38],
            "frequency": 20,
			"bar_color": "red",
			"title": {"text":"Energy Blast"}	
		},
		"energy_beam": {
            "ability": "heroesexpansion:photon_blast",
            "cooldown": 0,
			"required_level": 26,
            "show_in_bar": true,
            "title": {"text":"Energy Beam"},
            "icon": { "type": "internal" },
            "bar_color": "red",
            "color": [230, 0, 38]	
		},
		"energy_blast_xp": {
            "ability": "lucraftcore:command",
            "cooldown": 0,
			"parent_ability": "energy_blast",
            "show_in_bar": false,
            "title": {"text":"Energy Blast XP"},
            "icon": { "type": "internal" },
            "conditions": [{
			    "type": "ability_enabled",
				"ability": "lucraftcore:energy_blast"}],
		    "commands": ["/superpowerxp 5 @s"]
		},
		"energy_beam_xp": {
            "ability": "lucraftcore:command_held",
            "cooldown": 0,
			"parent_ability": "energy_beam",
            "show_in_bar": false,
            "title": {"text":"Energy Beam XP"},
            "icon": { "type": "internal" },
            "conditions": [{
			    "type": "ability_enabled",
				"ability": "heroesexpansion:photon_blast"}],
		    "commands": ["/superpowerxp 5 @s"]
		},
		"flight": {			
			"ability": "lucraftcore:flight",
			"icon": { "type": "internal" },
            "cooldown": 0,			
            "show_in_bar": true,
            "title": {"text":"Flight"},	
            "bar_color": "red",				
			"speed": 3,
            "sprint_speed": 2,
			"rotate_arms": false
		},
		"flight_xp": {
            "ability": "lucraftcore:command_toggle",
            "cooldown": 0,
			"parent_ability": "flight",
            "show_in_bar": false,
            "title": {"text":"Flight XP"},
            "icon": { "type": "internal" },
            "conditions": [{
			    "type": "ability_enabled",
				"ability": "lucraftcore:flight"}],
		    "commands": ["/superpowerxp 1 @s"]
		},
		"switch": {	
	        "ability": "lucraftcore:command",		
			"cooldown": 0,
            "show_in_bar": true,	
            "title": {"text":"Switch"},
			"icon": { "type": "texture", "texture": "albedo:textures/gui/recal/recal_activate.png" },
            "bar_color": "red",
			"conditions": [{"type": "lucraftcore:not", 
			            "conditions": [{
						"type": "lucraftcore:scoreboard_tag", 
						"tag": "Sneaking"}]}],				
			"command": ["/superpower @s[score_Timer_min=1201] albedo:nanomech_switch",
			"execute @s[score_Timer=1199,score_Timer_min=0] ~ ~ ~ /tellraw @s {\"text\":\"Insufficient Power\",\"color\":\"green\"}"]
		},
		"death_state":{
			"ability": "lucraftcore:command_loop",
			"show_in_bar": false,
			"title": {"text":"Death State"},			
			"icon": {"type": "texture",
				"texture": "albedo:textures/gui/omnitrix_timeout.png"},
			"commands": ["execute @s[score_Health=0,score_Health_min=0,tag=af] ~ ~ ~ /superpower @s albedo:recalibratedomnitrix",
			"execute @s[score_Health=0,score_Health_min=0,tag=ua] ~ ~ ~ /superpower @s albedo:ultimatrix",
            "scoreboard players tag @s[score_Sneak=1,score_Sneak_min=1] add Sneaking",
            "scoreboard players tag @s[score_Sneak=0,score_Sneak_min=0] remove Sneaking",
			"scoreboard players set @s[score_Sneak_min=1] Sneak 0",
			"execute @s[tag=Air] ~ ~ ~ scoreboard players tag @s remove Air",
			"execute @s ~ ~ ~ detect ~ ~-1 ~ water 0 scoreboard players tag @s add Air",
			"execute @s ~ ~ ~ detect ~ ~-1 ~ air 0 scoreboard players tag @s add Air"]
		},
		"timer":{
			"ability": "lucraftcore:command_loop",
			"show_in_bar": false,
			"title": {"text":"Timer"},			
			"icon": {"type": "texture","texture": "albedo:textures/gui/omnitrix_timeout.png"},
			"conditions": [{"type": "lucraftcore:not", 
			            "conditions": [{
						"type": "lucraftcore:scoreboard_tag", 
						"tag": "Master"}]}],
			"commands": ["scoreboard players remove @s Timer 1",
			"scoreboard players set @s[score_Timer=-1,score_Timer_min=-1000000] Timer 1",
			"execute @s[score_Timer=1,score_Timer_min=1,tag=af] ~ ~ ~ /playsound minecraft:custom.recalibratedhuman master @a ~ ~ ~",
			"execute @s[score_Timer=0,score_Timer_min=0,tag=ua] ~ ~ ~ /playsound minecraft:custom.ultimatrixhuman master @a ~ ~ ~",
			"execute @s[score_Timer=0,score_Timer_min=0] ~ ~ ~ /superpower @s albedo:transform_human",
			"superpowerxp 1 @s[tag=0]",
			"superpowerxp 4 @s[tag=20]",
			"superpowerxp 6 @s[tag=35]"]
		},
		"base": {	
	        "ability": "lucraftcore:command",		
            "show_in_bar": true,	
            "title": {"text":"Base Form"},
			"icon": {"type": "texture", "texture": "albedo:textures/gui/omnitrix_red.png"},
            "bar_color": "red",
			"conditions": [{
						"type": "lucraftcore:scoreboard_tag", 
						"tag": "Sneaking"}],
			"commands": ["superpower @s albedo:transform_human", 
			"execute @s[tag=af] ~ ~ ~ /playsound minecraft:custom.recalibratedhuman master @a ~ ~ ~",
			"execute @s[tag=ua] ~ ~ ~ /playsound minecraft:custom.ultimatrixhuman master @a ~ ~ ~"]
		}
	}
}