{
	"name": {
		"text": "Necrofriggian"
	},

	"icon": {
		"type": "texture",
		"texture": "albedo:textures/gui/recal/necrofriggian.png"
	},

	"creative_tab": "albedo",
	
	"max_level": 40,
	
	"capsule_color": 3080117,
	
    "effects": [
        {
        	"type": "skin_change",
        	"texture": "albedo:textures/models/albedo/necrofriggian.png"
       },
        {
        	"type": "skin_change",
        	"texture": "albedo:textures/models/albedo/necrofriggian_flying.png",
        	"conditions": [
        		{
        			"type": "ability_enabled",
        			"ability": "lucraftcore:flight"
        		}
        	]
       },
        {
        	"type": "skin_change",
        	"texture": "albedo:textures/models/albedo/necrofriggian_transparent.png",
        	"conditions": [
        		{
            		"type": "always"
            	},
				{
        			"type": "ability_enabled",
        			"ability": "speedsterheroes:phasing"
        		}
        	]
       },
		{
            "type": "skin_overlay",
            "texture": "albedo:textures/overlays/glow/necrofriggian_glow.png",
            "size": 0,
            "glow": true
       }
    ],
	
	"abilities": {
		"knockback_resistance": {
            "ability": "lucraftcore:knockback_resistance",
            "show_in_bar": false,
            "title": {"translate":"lucraftcore.abilities.knockback_resistance.name"},
            "icon": {"type": "internal"},
            "amount": 0.0,
            "operation": 0
       },
		"step_assist": {
            "ability": "lucraftcore:step_assist",
            "show_in_bar": false,
            "title": {"translate":"lucraftcore.abilities.step_assist.name"},
            "icon": {"type": "internal"},
            "amount": 0.0,
            "operation": 0,
			"conditions": [{
			    "type": "lucraftcore:scoreboard_tag",
				"tag": "Sneaking"}]
       },
		"radiation_protection": {
            "ability": "the-fifth-world:potion_immunity",
            "show_in_bar": false,
            "title": {"text":"Radiation Protection"},
            "icon": {"type": "internal"},
            "potion": "lucraftcore:radiation"
       },
        "tough_lungs": {
            "ability": "lucraftcore:tough_lungs",
            "show_in_bar": false,
            "title": {"translate":"lucraftcore.abilities.tough_lungs.name"},
            "icon": {"type": "internal"},
            "bar_color": "red"
       },
		"health": {		
			"ability": "lucraftcore:health",			
            "show_in_bar": false,		
            "title": {"text":"Health"},					
			"amount": 5,
			"operation": 0		
		},
		"strength": {	
			"ability": "lucraftcore:strength",				
            "show_in_bar": false,		
            "title": {"text":"Strength"},							
			"amount": 7,
			"operation": 0
		},
		"jump": {
			"ability": "lucraftcore:jump_boost",			
            "show_in_bar": false,		
            "title": {"text":"Jump Boost"},									
			"amount": 4,
			"operation": 0
		},
		"defense": {
			"ability": "lucraftcore:resistance",			
            "show_in_bar": false,		
            "title": {"text":"Resistance"},						
			"amount": 5,
			"operation": 0	
		},
		"fall_resistance": {
			"ability": "lucraftcore:fall_resistance",
			"show_in_bar": false,
			"title": {"text":"Fall Resistance"},
			"amount": 200,
			"operation": 0
		},
		"fire_resistance": {
			"ability": "lucraftcore:fire_resistance",			
            "show_in_bar": false,		
            "title": {"text":"Fire Resistance"},						
			"operation": 0
		},
		"size": {
			"ability": "lucraftcore:command_loop",
			"show_in_bar": false,
			"title": {"text": "Size"},
			"icon": {"type": "texture", "texture": "albedo:textures/gui/recal/recal_omnitrix.png"},
			"commands": ["sizechange @s 1 lucraftcore:default",
			             "scoreboard players tag @s[tag=!Phasing] add Phasing",
						 "fill ~-3 ~-3 ~-3 ~3 ~3 ~3 air 0 replace barrier 0 "]
       },
		"m_p_c": {
            "ability": "lucraftcore:command_held",
            "cooldown": 0,
            "show_in_bar": true,
            "title": {"text":"Necrofriggian Phasing"},
			"icon": {"type": "texture",	"texture": "albedo:textures/gui/abilities/necrofriggian_phasing.png"},
            "bar_color": "red",
		    "commands": ["execute @s ~ ~ ~ /summon armor_stand ~ ~-1 ~ {CustomName:\"Phase\",Invisible:1b,Invulnerable:1b,NoBasePlate:1b}",
						 "execute @e[name=Phase] ~ ~1 ~ /fill ~ ~ ~ ~ ~ ~ barrier 0 replace air 0",
						 "execute @e[name=Phase] ~ ~ ~ /fill ~ ~ ~ ~ ~ ~ barrier 0 replace air 0",
						 "/kill @e[name=Phase]",
						 "superpowerxp 1 @s",
						 "scoreboard players tag @s remove Phasing",						 
						 "scoreboard players set @s[rx=10,rxm=-10] Facing 0", 
			             "scoreboard players set @s[rx=-10,rxm=-90] Facing 1", 
			             "scoreboard players set @s[rx=90,rxm=10] Facing 2", 
		 	             "execute @s[score_Facing=1,score_Facing_min=1] ~ ~ ~ /tp @s ~ ~0.2 ~ ", 
			             "execute @s[score_Facing=2,score_Facing_min=2] ~ ~ ~ /tp @s ~ ~-0.2 ~ ",
						 "effect @e[rm=0,r=1] heroesexpansion:frozen 5 5"]
		},
		"phasing": {
            "ability": "speedsterheroes:phasing",
			"icon": {"type": "texture", "texture": "albedo:textures/gui/abilities/necrofriggian_phasing.png"},
			"parent_ability": "m_p_c",
			"show_in_bar": false,
            "frequency": 20,
			"bar_color": "red",
			"title": {"text":"Phasing"}	
		},
		"flight": {			
			"ability": "lucraftcore:flight",
			"conditions": [{
						"type": "lucraftcore:scoreboard_tag", 
						"tag": "Phasing"}],
			"icon": {"type": "internal"},
            "cooldown": 0,			
            "show_in_bar": true,
            "title": {"text":"Fly"},	
            "bar_color": "red",				
			"speed": 3.0,
            "sprint_speed": 3,
			"rotate_arms": false
		},
		"flight_xp": {
            "ability": "lucraftcore:command_toggle",
            "cooldown": 0,
			"parent_ability": "flight",
            "show_in_bar": false,
            "title": {"text":"Flight XP"},
            "icon": {"type": "internal"},
            "conditions": [{
			    "type": "ability_enabled",
				"ability": "lucraftcore:flight"}],
		    "commands": ["superpowerxp 1 @s"]
		},
		"freezebreath": {
			"ability": "heroesexpansion:freeze_breath",
			"cooldown": 200,
			"icon": {"type": "texture", "texture": "albedo:textures/gui/abilities/necrofriggian_freezebreath.png"},			
            "show_in_bar": true,
            "title": {"text":"Freeze Breath"},
            "bar_color": "red",
            "distance": 10.0		
		},
		"freezebreath_xp": {
            "ability": "lucraftcore:command_held",
            "cooldown": 0,
			"parent_ability": "freezebreath",
            "show_in_bar": false,
            "title": {"text":"Freeze Breath XP"},
            "icon": {"type": "internal"},
            "conditions": [{
			    "type": "ability_enabled",
				"ability": "heroesexpansion:freeze_breath"}],
		    "commands": ["/superpowerxp 10 @s"]
		},
		"frost_wall":{
            "ability": "lucraftcore:command_held",
            "show_in_bar": true,
			"bar_color": "red",
            "cooldown": 100,
            "title": {"text":"Frost Wall"},
            "icon": {"type": "texture", "texture": "albedo:textures/gui/abilities/frostwall.png"},
            "commands": ["cast ebwizardry:wall_of_frost @p 1", "superpowerxp @s 2"]
	    },
		"ice_shot":{
            "ability": "lucraftcore:command",
            "show_in_bar": true,
			"bar_color": "red",
            "cooldown": 30,
            "title": {"text":"Ice Shot"},
            "icon": {"type": "texture", "texture": "albedo:textures/gui/abilities/ice_shot.png"},
            "commands": ["cast ebwizardry:ice_shard @p", "superpowerxp 5 @s"]
		},
		"ultimate": {	
	        "ability": "lucraftcore:command",
            "show_in_bar": true,	
            "title": {"text":"Ultimate Necrofriggian"},
			"icon": {"type": "texture", "texture": "albedo:textures/gui/recal/ultimatrix.png"},
            "bar_color": "red",
			"conditions": [{"type": "lucraftcore:scoreboard_tag", 
			                "tag": "ua"}],				
			"commands": ["scoreboard players tag @s add UNecrofriggian",
			"superpower @s albedo:transform_af",			
			"playsound minecraft:custom.ultimate master @a ~ ~ ~"]
		},
		"switch": {	
	        "ability": "lucraftcore:command",
            "show_in_bar": true,	
            "title": {"text":"Switch"},
			"icon": {"type": "texture", "texture": "albedo:textures/gui/recal/recal_activate.png"},
            "bar_color": "red",		    
			"conditions": [{
			    "type": "lucraftcore:not", 
			        "conditions": [{
						"type": "lucraftcore:scoreboard_tag", 
						"tag": "Sneaking"}]}],				
			"command": ["/superpower @s[score_Timer_min=1201] albedo:necrofriggian_switch",
			"execute @s[score_Timer=1199,score_Timer_min=0] ~ ~ ~ /tellraw @s {\"text\":\"Insufficient Power\",\"color\":\"green\"}"]
		},
		"death_state":{
			"ability": "lucraftcore:command_loop",
			"show_in_bar": false,
			"title": {"text":"Death State"},			
			"icon": {"type": "texture",
				"texture": "albedo:textures/gui/omnitrix_timeout.png"},
			"commands": ["execute @s[score_Health=0,score_Health_min=0,tag=af] ~ ~ ~ /superpower @s albedo:recalibratedomnitrix",
			"execute @s[score_Health=0,score_Health_min=0,tag=ua] ~ ~ ~ /superpower @s albedo:ultimatrix",
            "scoreboard players tag @s[score_Sneak=1,score_Sneak_min=1] add Sneaking",
            "scoreboard players tag @s[score_Sneak=0,score_Sneak_min=0] remove Sneaking",
			"scoreboard players set @s[score_Sneak_min=1] Sneak 0",
			"execute @s[tag=Air] ~ ~ ~ scoreboard players tag @s remove Air",
			"execute @s ~ ~ ~ detect ~ ~-1 ~ water 0 scoreboard players tag @s add Air",
			"execute @s ~ ~ ~ detect ~ ~-1 ~ air 0 scoreboard players tag @s add Air"]
		},
		"timer":{
			"ability": "lucraftcore:command_loop",
			"show_in_bar": false,
			"title": {"text":"Timer"},			
			"icon": {"type": "texture","texture": "albedo:textures/gui/omnitrix_timeout.png"},
			"conditions": [{"type": "lucraftcore:not", 
			            "conditions": [{
						"type": "lucraftcore:scoreboard_tag", 
						"tag": "Master"}]}],
			"commands": ["scoreboard players remove @s Timer 1",
			"scoreboard players set @s[score_Timer=-1,score_Timer_min=-1000000] Timer 1",
			"execute @s[score_Timer=1,score_Timer_min=1,tag=af] ~ ~ ~ /playsound minecraft:custom.recalibratedhuman master @a ~ ~ ~",
			"execute @s[score_Timer=0,score_Timer_min=0,tag=ua] ~ ~ ~ /playsound minecraft:custom.ultimatrixhuman master @a ~ ~ ~",
			"execute @s[score_Timer=0,score_Timer_min=0] ~ ~ ~ /superpower @s albedo:transform_human",
			"superpowerxp 1 @s[tag=0]",
			"superpowerxp 4 @s[tag=20]",
			"superpowerxp 6 @s[tag=35]"]
		},
		"base": {	
	        "ability": "lucraftcore:command",		
            "show_in_bar": true,	
            "title": {"text":"Base Form"},
			"icon": {"type": "texture", "texture": "albedo:textures/gui/omnitrix_red.png"},
            "bar_color": "red",
			"conditions": [{
						"type": "lucraftcore:scoreboard_tag", 
						"tag": "Sneaking"}],
			"commands": ["superpower @s albedo:transform_human", 
			"execute @s[tag=af] ~ ~ ~ /playsound minecraft:custom.recalibratedhuman master @a ~ ~ ~",
			"execute @s[tag=ua] ~ ~ ~ /playsound minecraft:custom.ultimatrixhuman master @a ~ ~ ~"]
		}
	}
}