{
	"name": {
		"text": "Opticoid"
	},

	"icon": {
		"type": "texture",
		"texture": "albedo:textures/gui/recal/opticoid.png"
	},

	"creative_tab": "albedo",
	
	"max_level": 40,
	
	"capsule_color": 3080117,
	
    "effects": [

        {
        	"type": "skin_change",
        	"texture": "albedo:textures/models/albedo/opticoid.png"
       },		
		{
            "type": "skin_overlay",
            "texture": "albedo:textures/overlays/glow/opticoid_glow.png",
            "size": 0,
            "glow": true,
            "conditions": [
            	{
            		"type": "always"
            	}
            ]
       }
    ],
	
	"abilities": {
		"size": {
			"ability": "lucraftcore:command_loop",
			"show_in_bar": false,
			"title": {"text": "Size"},
			"icon": {"type": "texture", "texture": "albedo:textures/gui/recal/recal_omnitrix.png"},
			"bar_color": "light_gray",
			"commands": ["sizechange @s 1 lucraftcore:default"]
       },
		"radiation_protection": {
            "ability": "the-fifth-world:potion_immunity",
            "show_in_bar": false,
            "title": {"text":"Radiation Protection"},
            "icon": {"type": "internal"},
            "potion": "lucraftcore:radiation"
       },
		"health": {		
			"ability": "lucraftcore:health",			
            "show_in_bar": false,		
            "title": {"text":"Health"},					
			"amount": 5,
			"operation": 0		
		},
		"strength": {	
			"ability": "lucraftcore:strength",				
            "show_in_bar": false,		
            "title": {"text":"Strength"},							
			"amount": 8,
			"operation": 0			
		},
		"defense": {
			"ability": "lucraftcore:resistance",			
            "show_in_bar": false,		
            "title": {"text":"Resistance"},						
			"amount": 5,
			"operation": 0			
		},
		"eye_beam": {
			"ability": "heroesexpansion:photon_blast",
			"cooldown": 200,
			"show_in_bar": true,
			"title": {"text":"Eye Beam"},
			"icon": {"type": "texture", "texture": "albedo:textures/gui/abilities/eyebeam.png"},
			"bar_color": "red",
			"color": [230, 0, 38]
		},
		"eye_beam_xp": {
            "ability": "lucraftcore:command_held",
            "cooldown": 0,
			"parent_ability": "eye_beam",
            "show_in_bar": false,
            "title": {"text":"Eye Beam XP"},
            "icon": {"type": "internal"},
            "conditions": [{
			    "type": "ability_enabled",
				"ability": "heroesexpansion:photon_blast"}],
		    "commands": ["/superpowerxp 10 @s"]
		},
		"360_vision": {
            "ability": "heroesexpansion:spider_sense",
            "show_in_bar": false,
            "title": {"translate":"heroesexpansion.abilities.spider_sense.name"},
            "icon": {"type": "internal"}
       },
		"flame_ray":{
            "ability": "lucraftcore:command",
			"cooldown": 100,
			"required_level": 35,
            "show_in_bar": true,
			"bar_color": "red",
            "title": {"text":"Flame Ray"},
            "icon": {"type": "texture", "texture": "albedo:textures/gui/abilities/flameray.png"},
            "commands": ["/cast ebwizardry:flame_ray @p 5", "/superpowerxp 30 @s"]
		},
		"frost_ray":{
            "ability": "lucraftcore:command",
			"cooldown": 100,
			"required_level": 37,
            "show_in_bar": true,
			"bar_color": "red",
            "title": {"text":"Frost Ray"},
            "icon": {"type": "texture", "texture": "albedo:textures/gui/abilities/frostray.png"},
            "commands": ["/cast ebwizardry:frost_ray @p 5", "/superpowerxp 30 @s"]
		},
		"lightning_ray":{
            "ability": "lucraftcore:command",
			"cooldown": 100,
			"required_level": 38,
            "show_in_bar": true,
			"bar_color": "red",
            "title": {"text":"Lightning Ray"},
            "icon": {"type": "texture", "texture": "albedo:textures/gui/abilities/lightningray.png"},
            "commands": ["/cast ebwizardry:lightning_ray @p 5", "/superpowerxp 30 @s"]
		},
		"purify_ray":{
            "ability": "lucraftcore:command",
			"cooldown": 100,
			"required_level": 39,
            "show_in_bar": true,
			"bar_color": "red",
            "title": {"text":"Purify Ray"},
            "icon": {"type": "texture", "texture": "albedo:textures/gui/abilities/purifyray.png"},
            "commands": ["/cast ebwizardry:ray_of_purification @p 5", "/superpowerxp 30 @s"]
		},
		"death_state":{
			"ability": "lucraftcore:command_loop",
			"show_in_bar": false,
			"title": {"text":"Death State"},			
			"icon": {"type": "texture",
				"texture": "albedo:textures/gui/omnitrix_timeout.png"},
			"commands": ["execute @s[score_Health=0,score_Health_min=0,tag=af] ~ ~ ~ /superpower @s albedo:recalibratedomnitrix",
			"execute @s[score_Health=0,score_Health_min=0,tag=ua] ~ ~ ~ /superpower @s albedo:ultimatrix",
            "scoreboard players tag @s[score_Sneak=1,score_Sneak_min=1] add Sneaking",
            "scoreboard players tag @s[score_Sneak=0,score_Sneak_min=0] remove Sneaking",
			"scoreboard players set @s[score_Sneak_min=1] Sneak 0",
			"execute @s[tag=Air] ~ ~ ~ scoreboard players tag @s remove Air",
			"execute @s ~ ~ ~ detect ~ ~-1 ~ water 0 scoreboard players tag @s add Air",
			"execute @s ~ ~ ~ detect ~ ~-1 ~ air 0 scoreboard players tag @s add Air"]
		},
		"timer":{
			"ability": "lucraftcore:command_loop",
			"show_in_bar": false,
			"title": {"text":"Timer"},			
			"icon": {"type": "texture","texture": "albedo:textures/gui/omnitrix_timeout.png"},
			"conditions": [{"type": "lucraftcore:not", 
			            "conditions": [{
						"type": "lucraftcore:scoreboard_tag", 
						"tag": "Master"}]}],
			"commands": ["scoreboard players remove @s Timer 1",
			"scoreboard players set @s[score_Timer=-1,score_Timer_min=-1000000] Timer 1",
			"execute @s[score_Timer=1,score_Timer_min=1,tag=af] ~ ~ ~ /playsound minecraft:custom.recalibratedhuman master @a ~ ~ ~",
			"execute @s[score_Timer=0,score_Timer_min=0,tag=ua] ~ ~ ~ /playsound minecraft:custom.ultimatrixhuman master @a ~ ~ ~",
			"execute @s[score_Timer=0,score_Timer_min=0] ~ ~ ~ /superpower @s albedo:transform_human",
			"superpowerxp 1 @s[tag=0]",
			"superpowerxp 4 @s[tag=20]",
			"superpowerxp 6 @s[tag=35]"]
		},
		"base": {	
	        "ability": "lucraftcore:command",		
            "show_in_bar": true,	
            "title": {"text":"Base Form"},
			"icon": {"type": "texture", "texture": "albedo:textures/gui/omnitrix_red.png"},
            "bar_color": "red",
			"conditions": [{
						"type": "lucraftcore:scoreboard_tag", 
						"tag": "Sneaking"}],
			"commands": ["superpower @s albedo:transform_human", 
			"execute @s[tag=af] ~ ~ ~ /playsound minecraft:custom.recalibratedhuman master @a ~ ~ ~",
			"execute @s[tag=ua] ~ ~ ~ /playsound minecraft:custom.ultimatrixhuman master @a ~ ~ ~"]
		}
	}
}