{
	"name": {
		"text": "Orishan"
	},

	"icon": {
		"type": "texture",
		"texture": "albedo:textures/gui/recal/orishan.png"
	},

	"creative_tab": "albedo",
	
	"max_level": 40,
	
	"capsule_color": 3080117,
	
    "effects": [
        {
            "type": "skin_change",
            "texture": "albedo:textures/models/albedo/orishan.png"
       },
		{
            "type": "skin_overlay",
            "texture": "albedo:textures/overlays/glow/orishan_glow.png",
            "size": 0,
            "glow": true,
            "conditions": [
            	{
            		"type": "always"
            	}
            ]
       }
    ],
	
	"abilities": {
	   	"gain": {
            "ability": "lucraftcore:command_on_gain",
            "show_in_bar": false,
            "title": {"translate":"lucraftcore.abilities.command_on_gain.name"},
            "icon": {"type": "internal"},
            "commands": ["scoreboard objectives add Water dummy"]
       },
		"lose": {
            "ability": "lucraftcore:command_on_lose",
            "show_in_bar": false,
            "title": {"translate":"lucraftcore.abilities.command_on_lose.name"},
            "icon": {"type": "internal"},
            "commands": ["scoreboard objectives remove Water dummy","scoreboard players tag @s[tag=Water] remove Water"]
       },
		"size": {
			"ability": "lucraftcore:command_loop",
			"show_in_bar": false,
			"title": {"text": "Size"},
			"icon": {"type": "texture", "texture": "albedo:textures/gui/recal/recal_omnitrix.png"},
			"commands": ["execute @s[score_Water=0,score_Water_min=0] ~ ~ ~ /scoreboard players tag @s add NoWater",
			             "execute @s[score_Water=1000,score_Water_min=1] ~ ~ ~ /scoreboard players tag @s remove NoWater",
			             "execute @s[score_Water=0,score_Water_min=0] ~ ~ ~ /title @s actionbar [{\"text\":\"<\",\"color\":\"black\"},{\"text\":\"Water\",\"color\":\"blue\"},{\"text\":\">\",\"color\":\"black\"},{\"text\":\"<\",\"color\":\"black\"},{\"text\":\"⬜⬜⬜⬜⬜⬜⬜⬜⬜⬜\",\"color\":\"blue\"},{\"text\":\">\",\"color\":\"black\"}]",
			             "execute @s[score_Water=100,score_Water_min=1] ~ ~ ~ /title @s actionbar [{\"text\":\"<\",\"color\":\"black\"},{\"text\":\"Water\",\"color\":\"blue\"},{\"text\":\">\",\"color\":\"black\"},{\"text\":\"<\",\"color\":\"black\"},{\"text\":\"⬛⬜⬜⬜⬜⬜⬜⬜⬜⬜\",\"color\":\"blue\"},{\"text\":\">\",\"color\":\"black\"}]",
						 "execute @s[score_Water=200,score_Water_min=100] ~ ~ ~ /title @s actionbar [{\"text\":\"<\",\"color\":\"black\"},{\"text\":\"Water\",\"color\":\"blue\"},{\"text\":\">\",\"color\":\"black\"},{\"text\":\"<\",\"color\":\"black\"},{\"text\":\"⬛⬛⬜⬜⬜⬜⬜⬜⬜⬜\",\"color\":\"blue\"},{\"text\":\">\",\"color\":\"black\"}]",
						 "execute @s[score_Water=300,score_Water_min=200] ~ ~ ~ /title @s actionbar [{\"text\":\"<\",\"color\":\"black\"},{\"text\":\"Water\",\"color\":\"blue\"},{\"text\":\">\",\"color\":\"black\"},{\"text\":\"<\",\"color\":\"black\"},{\"text\":\"⬛⬛⬛⬜⬜⬜⬜⬜⬜⬜\",\"color\":\"blue\"},{\"text\":\">\",\"color\":\"black\"}]",
						 "execute @s[score_Water=400,score_Water_min=300] ~ ~ ~ /title @s actionbar [{\"text\":\"<\",\"color\":\"black\"},{\"text\":\"Water\",\"color\":\"blue\"},{\"text\":\">\",\"color\":\"black\"},{\"text\":\"<\",\"color\":\"black\"},{\"text\":\"⬛⬛⬛⬛⬜⬜⬜⬜⬜⬜\",\"color\":\"blue\"},{\"text\":\">\",\"color\":\"black\"}]",
						 "execute @s[score_Water=500,score_Water_min=400] ~ ~ ~ /title @s actionbar [{\"text\":\"<\",\"color\":\"black\"},{\"text\":\"Water\",\"color\":\"blue\"},{\"text\":\">\",\"color\":\"black\"},{\"text\":\"<\",\"color\":\"black\"},{\"text\":\"⬛⬛⬛⬛⬛⬜⬜⬜⬜⬜\",\"color\":\"blue\"},{\"text\":\">\",\"color\":\"black\"}]",
						 "execute @s[score_Water=600,score_Water_min=500] ~ ~ ~ /title @s actionbar [{\"text\":\"<\",\"color\":\"black\"},{\"text\":\"Water\",\"color\":\"blue\"},{\"text\":\">\",\"color\":\"black\"},{\"text\":\"<\",\"color\":\"black\"},{\"text\":\"⬛⬛⬛⬛⬛⬛⬜⬜⬜⬜\",\"color\":\"blue\"},{\"text\":\">\",\"color\":\"black\"}]",
						 "execute @s[score_Water=700,score_Water_min=600] ~ ~ ~ /title @s actionbar [{\"text\":\"<\",\"color\":\"black\"},{\"text\":\"Water\",\"color\":\"blue\"},{\"text\":\">\",\"color\":\"black\"},{\"text\":\"<\",\"color\":\"black\"},{\"text\":\"⬛⬛⬛⬛⬛⬛⬛⬜⬜⬜\",\"color\":\"blue\"},{\"text\":\">\",\"color\":\"black\"}]",
						 "execute @s[score_Water=800,score_Water_min=700] ~ ~ ~ /title @s actionbar [{\"text\":\"<\",\"color\":\"black\"},{\"text\":\"Water\",\"color\":\"blue\"},{\"text\":\">\",\"color\":\"black\"},{\"text\":\"<\",\"color\":\"black\"},{\"text\":\"⬛⬛⬛⬛⬛⬛⬛⬛⬜⬜\",\"color\":\"blue\"},{\"text\":\">\",\"color\":\"black\"}]",
						 "execute @s[score_Water=900,score_Water_min=800] ~ ~ ~ /title @s actionbar [{\"text\":\"<\",\"color\":\"black\"},{\"text\":\"Water\",\"color\":\"blue\"},{\"text\":\">\",\"color\":\"black\"},{\"text\":\"<\",\"color\":\"black\"},{\"text\":\"⬛⬛⬛⬛⬛⬛⬛⬛⬛⬜\",\"color\":\"blue\"},{\"text\":\">\",\"color\":\"black\"}]",
						 "execute @s[score_Water=1000,score_Water_min=900] ~ ~ ~ /title @s actionbar [{\"text\":\"<\",\"color\":\"black\"},{\"text\":\"Water\",\"color\":\"blue\"},{\"text\":\">\",\"color\":\"black\"},{\"text\":\"<\",\"color\":\"black\"},{\"text\":\"⬛⬛⬛⬛⬛⬛⬛⬛⬛⬛\",\"color\":\"blue\"},{\"text\":\">\",\"color\":\"black\"}]",
						 "execute @s[score_Water=10000,score_Water_min=1001] ~ ~ ~ scoreboard players set @s Water 1000", 
						 "sizechange @s 1 lucraftcore:default",
						 "execute @e[type=lucraftcore:energy_blast] ~ ~ ~ /particle splash ~ ~ ~ 0.1 0.1 0.1 0 1000 force"]
       },
		"radiation_protection": {
            "ability": "the-fifth-world:potion_immunity",
            "show_in_bar": false,
            "title": {"text":"Radiation Protection"},
            "icon": {"type": "internal"},
            "potion": "lucraftcore:radiation"
       },
		"health": {		
			"ability": "lucraftcore:health",			
            "show_in_bar": false,		
            "title": {"text":"Health"},					
			"amount": 10,
			"operation": 0		
		},
		"strength": {	
			"ability": "lucraftcore:strength",				
            "show_in_bar": false,		
            "title": {"text":"Strength"},							
			"amount": 8,
			"operation": 0			
		},
		"defense": {
			"ability": "lucraftcore:resistance",			
            "show_in_bar": false,		
            "title": {"text":"Resistance"},						
			"amount": 20,
			"operation": 0			
		},
		"water_breathing": {
			"ability": "lucraftcore:command_loop",
            "show_in_bar": false,				
			"title": {"text":"Water Breathing"},
			"commands": ["/effect @s minecraft:water_breathing 10 0 true"],
			"icon": {"type": "internal"}
		},
		"night_vision": {
			"ability": "lucraftcore:command_loop",
            "show_in_bar": false,				
			"title": {"text":"Night Vision"},
			"commands": ["/effect @s minecraft:night_vision 10 0 true", 
			"execute @s[tag=!Water] ~ ~ ~ detect ~ ~ ~ water 0 scoreboard players tag @s add Water",
			"execute @s[tag=Water] ~ ~ ~ detect ~ ~ ~ air 0 scoreboard players tag @s remove Water"],
			"icon": {"type": "internal"}
		},
	    "water_absorb": {	
	        "ability": "lucraftcore:command_held",
            "show_in_bar": true,	
            "title": {"text":"Absorb Moisture"},
			"icon": {"type": "texture", "texture": "albedo:textures/gui/abilities/water_absorb.png"},
            "bar_color": "red",				
			"commands": ["scoreboard players add @s[tag=!Water] Water 2",
			"execute @s[tag=Water] ~ ~ ~ fill ~-3 ~-3 ~-3 ~3 ~3 ~3 air 0 replace Water",
			"scoreboard players add @s[tag=Water] Water 20"]	

		},
		 "water_absorb_fast": {	
			"parent_ability":"water_absorb",
	        "ability": "lucraftcore:command_held",
            "show_in_bar": false,	
            "title": {"text":"Water Absorb"},
			"icon": {"type": "texture", "texture": "albedo:textures/gui/abilities/water_absorb.png"},
            "bar_color": "red",				
			 "conditions": [{
				"type": "lucraftcore:scoreboard_tag", 
				"tag": "Water"}],
			"commands": ["scoreboard players add @s[tag=Water] Water 80"]	
	    },
	    "flight": {			
			"ability": "lucraftcore:flight",
			"conditions": [{"type": "lucraftcore:not", 
			        "conditions": [{
						"type": "lucraftcore:scoreboard_tag", 
						"tag": "NoWater"}]}],
			"icon": {"type": "internal"},
            "cooldown": 500,			
            "show_in_bar": true,
            "title": {"text":"Flight"},	
            "bar_color": "red",				
			"speed": 0.7,
            "sprint_speed": 1,
			"rotate_arms": false
		},
		"FlightPower":{
            "ability": "lucraftcore:command_loop",
			"conditions": [{"type": "lucraftcore:not", 
			        "conditions": [{
						"type": "lucraftcore:scoreboard_tag", 
						"tag": "NoWater"}]}],
			"parent_ability": "flight",
            "show_in_bar": false,
			"bar_color": "red",
            "title": {"text":"FlightPower"},
            "icon": {"type": "texture", "texture": "albedo:textures/gui/placeholder.png"},
            "commands": ["scoreboard players remove @s Water 1 ",
			             "execute @s[ry=22,rym=-22] ~ ~ ~ /particle splash ~0.4 ~0.3 ~ 0.1 0.1 0.1 0 300 force",
                         "execute @s[ry=22,rym=-22] ~ ~ ~ /particle splash ~-0.4 ~0.3 ~ 0.1 0.1 0.1 0 300 force",
                         "execute @s[ry=67,rym=23] ~ ~ ~ /particle splash ~0.3 ~0.3 ~0.3 0.1 0.1 0.1 0 300 force",
                         "execute @s[ry=67,rym=23] ~ ~ ~ /particle splash ~-0.3 ~0.3 ~-0.3 0.1 0.1 0.1 0 300 force",
                         "execute @s[ry=112,rym=68] ~ ~ ~ /particle splash ~ ~0.3 ~-0.4 0.1 0.1 0.1 0 300 force",
                         "execute @s[ry=112,rym=68] ~ ~ ~ /particle splash ~ ~0.3 ~0.4 0.1 0.1 0.1 0 300 force",
                         "execute @s[ry=157,rym=113] ~ ~ ~ /particle splash ~-0.3 ~0.3 ~0.3 0.1 0.1 0.1 0 300 force",
                         "execute @s[ry=157,rym=113] ~ ~ ~ /particle splash ~0.3 ~0.3 ~-0.3 0.1 0.1 0.1 0 300 force",
                         "execute @s[ry=-158,rym=158] ~ ~ ~ /particle splash ~0.4 ~0.3 ~ 0.1 0.1 0.1 0.1 0 300 force",
                         "execute @s[ry=-158,rym=158] ~ ~ ~ /particle splash ~-0.4 ~0.3 ~ 0.1 0.1 0.1 0 300 force",
                         "execute @s[ry=-113,rym=-157] ~ ~ ~ /particle splash ~-0.3 ~0.3 ~-0.3 0.1 0.1 0.1 0 300 force",
                         "execute @s[ry=-113,rym=-157] ~ ~ ~ /particle splash ~0.3 ~0.3 ~0.3 0.1 0.1 0.1 0 300 force",
                         "execute @s[ry=-68,rym=-112] ~ ~ ~ /particle splash ~ ~0.3 ~0.4 0.1 0.1 0.1 0 300 force",
                         "execute @s[ry=-68,rym=-112] ~ ~ ~ /particle splash ~ ~0.3 ~-0.4 0.1 0.1 0.1 0 300 force",
                         "execute @s[ry=-23,rym=-67] ~ ~ ~ /particle splash ~0.3 ~0.3 ~-0.3 0.1 0.1 0.1 0 300 force",
                         "execute @s[ry=-23,rym=-67] ~ ~ ~ /particle splash ~-0.3 ~0.3 ~0.3 0.1 0.1 0.1 0 300 force"]
		},
		"WaterBeam": {
			"ability": "lucraftcore:energy_blast",
			"cooldown": 10,
			"show_in_bar": true,
			"color": [3, 61, 252],
			"damage": 5,
			"title": {"translate":"Water Pump"},
			"bar_color": "red",
			"conditions": [{"type": "lucraftcore:not", 
			        "conditions": [{
						"type": "lucraftcore:scoreboard_tag", 
						"tag": "NoWater"}]}],
			"icon": {"type": "texture", "texture": "albedo:textures/gui/abilities/water_shot.png"}
		},
		"bubble_shot":{
            "ability": "lucraftcore:command",
            "show_in_bar": true,
			"bar_color": "red",
			"conditions": [{"type": "lucraftcore:not", 
			        "conditions": [{
						"type": "lucraftcore:scoreboard_tag", 
						"tag": "NoWater"}]}],
            "title": {"text":"Bubble Shot"},
            "icon": {"type": "texture", "texture": "albedo:textures/gui/abilities/bubbles.png"},
            "commands": ["cast ebwizardry:bubble @p"]
		},
		"extinguish_fires": {	
	        "ability": "lucraftcore:command",
            "show_in_bar": true,	
            "title": {"text":"Extinguishing Wave"},
			"icon": {"type": "texture", "texture": "albedo:textures/gui/abilities/water_bucket.png"},
            "bar_color": "red",
			"conditions": [{"type": "lucraftcore:not", 
			        "conditions": [{
						"type": "lucraftcore:scoreboard_tag", 
						"tag": "NoWater"}]}],				
			"commands": ["particle splash ~-3 ~ ~-3 3 3 3 0 7000", "/fill ~-3 ~ ~-3 ~3 ~ ~3 air 0 replace fire"]
		},
		"death_state":{
			"ability": "lucraftcore:command_loop",
			"show_in_bar": false,
			"title": {"text":"Death State"},			
			"icon": {"type": "texture",
				"texture": "albedo:textures/gui/omnitrix_timeout.png"},
			"commands": ["execute @s[score_Health=0,score_Health_min=0,tag=af] ~ ~ ~ /superpower @s albedo:recalibratedomnitrix",
			"execute @s[score_Health=0,score_Health_min=0,tag=ua] ~ ~ ~ /superpower @s albedo:ultimatrix",
            "scoreboard players tag @s[score_Sneak=1,score_Sneak_min=1] add Sneaking",
            "scoreboard players tag @s[score_Sneak=0,score_Sneak_min=0] remove Sneaking",
			"scoreboard players set @s[score_Sneak_min=1] Sneak 0",
			"execute @s[tag=Air] ~ ~ ~ scoreboard players tag @s remove Air",
			"execute @s ~ ~ ~ detect ~ ~-1 ~ water 0 scoreboard players tag @s add Air",
			"execute @s ~ ~ ~ detect ~ ~-1 ~ air 0 scoreboard players tag @s add Air"]
		},
		"timer":{
			"ability": "lucraftcore:command_loop",
			"show_in_bar": false,
			"title": {"text":"Timer"},			
			"icon": {"type": "texture","texture": "albedo:textures/gui/omnitrix_timeout.png"},
			"conditions": [{"type": "lucraftcore:not", 
			            "conditions": [{
						"type": "lucraftcore:scoreboard_tag", 
						"tag": "Master"}]}],
			"commands": ["scoreboard players remove @s Timer 1",
			"scoreboard players set @s[score_Timer=-1,score_Timer_min=-1000000] Timer 1",
			"execute @s[score_Timer=1,score_Timer_min=1,tag=af] ~ ~ ~ /playsound minecraft:custom.recalibratedhuman master @a ~ ~ ~",
			"execute @s[score_Timer=0,score_Timer_min=0,tag=ua] ~ ~ ~ /playsound minecraft:custom.ultimatrixhuman master @a ~ ~ ~",
			"execute @s[score_Timer=0,score_Timer_min=0] ~ ~ ~ /superpower @s albedo:transform_human",
			"superpowerxp 1 @s[tag=0]",
			"superpowerxp 4 @s[tag=20]",
			"superpowerxp 6 @s[tag=35]"]
		},
		"base": {	
	        "ability": "lucraftcore:command",		
            "show_in_bar": true,	
            "title": {"text":"Base Form"},
			"icon": {"type": "texture", "texture": "albedo:textures/gui/omnitrix_red.png"},
            "bar_color": "red",
			"conditions": [{
						"type": "lucraftcore:scoreboard_tag", 
						"tag": "Sneaking"}],
			"commands": ["superpower @s albedo:transform_human", 
			"execute @s[tag=af] ~ ~ ~ /playsound minecraft:custom.recalibratedhuman master @a ~ ~ ~",
			"execute @s[tag=ua] ~ ~ ~ /playsound minecraft:custom.ultimatrixhuman master @a ~ ~ ~"]
		}
	}
}