{
	"name": {
		"text": "Oryctini"
	},

	"icon": {
		"type": "texture",
		"texture": "albedo:textures/gui/recal/oryctini.png"
	},

	"creative_tab": "albedo",
	
	"max_level": 40,
	
	"capsule_color": 3080117,
	
    "effects": [
        {
        "type": "skin_change",
        "texture": "albedo:textures/models/albedo/oryctini.png"
        },
		{
            "type": "skin_overlay",
            "texture": "albedo:textures/overlays/glow/oryctini_glow.png",
            "size": 0,
            "glow": true,
            "conditions": [
            	{
            		"type": "always"
            	}
            ]
        }
    ],
	
	"abilities": {
		"radiation_protection": {
            "ability": "the-fifth-world:potion_immunity",
            "show_in_bar": false,
            "title": {"text":"Radiation Protection"},
            "icon": { "type": "internal" },
            "potion": "lucraftcore:radiation"
        },		
		"size": {
			"ability": "lucraftcore:command_loop",
			"show_in_bar": false,
			"title": {"text": "Big size"},
			"icon": { "type": "internal" },
			"bar_color": "red",
		    "commands": ["sizechange @s 1.2","execute @e[type=lucraftcore:energy_blast] ~ ~ ~ particle totem ~ ~ ~ 0.2 0.2 0.2 0 100 force"]
		},	
		"health": {		
			"ability": "lucraftcore:health",			
            "show_in_bar": false,		
            "title": {"text":"Health"},					
			"amount": 7,
			"operation": 0		
		},
		"sprint": {
			"ability": "lucraftcore:sprint",			
            "show_in_bar": false,		
            "title": {"text":"Speed"},										
			"amount": 0.9,
			"operation": 0							
		},
		"fall_resistance": {
			"ability": "lucraftcore:fall_resistance",
			"show_in_bar": false,
			"title": {"text":"Fall Resistance"},
			"amount": 8,
			"operation": 0
		},
		"strength": {	
			"ability": "lucraftcore:strength",				
            "show_in_bar": false,		
            "title": {"text":"Strength"},							
			"amount": 10,
			"operation": 0			
		},
		"defense": {
			"ability": "lucraftcore:resistance",			
            "show_in_bar": false,		
            "title": {"text":"Resistance"},						
			"amount": 10,
			"operation": 0
		},
		"eat_block": {
			"ability": "heroesexpansion:grab_entity",
			"show_in_bar": true,
			"cooldown": 5,
			"title": {"text": "Eat Block"},
			"bar_color": "red",
			"icon": {"type": "texture", "texture": "albedo:textures/gui/abilities/eatblock.png"}
		},
		"eat_command": {
			"ability": "lucraftcore:command_loop",
			"show_in_bar": false,
           	"parent_ability": "eat_block",
			"title": {"text": "Eat Command"},
			"icon": { "type": "internal" },
			"bar_color": "red",
			"commands": ["/tp @e[type=heroesexpansion:grabbed_block,r=10] @s",
			"/execute @e[type=heroesexpansion:grabbed_block,r=1] ~ ~ ~ scoreboard players add @p[r=1] Blocks 1",
			"kill @e[type=heroesexpansion:grabbed_block,r=1]",
			"superpowerxp 2 @s"]
		},
		"eat_par": {
			"ability": "lucraftcore:command_loop",
			"show_in_bar": false,
           	"parent_ability": "eat_block",
			"title": {"text": "Eat Command"},
			"icon": { "type": "internal" },
			"bar_color": "red",
			"commands": ["/tp @e[type=heroesexpansion:grabbed_block,r=10] @s",
			"/execute @e[type=heroesexpansion:grabbed_block,r=1] ~ ~ ~ scoreboard players add @p[r=1] Blocks 1",
			"kill @e[type=heroesexpansion:grabbed_block,r=1]",
			"superpowerxp 2 @s"]
		},
		"beam_attack": {
			"ability": "lucraftcore:energy_blast",
			"cooldown": 15,
			"show_in_bar": true,
			"color": [0, 255, 0],
			"damage": 5,
			"title": {"translate":"Beam Attack"},
			"bar_color": "red",
			"icon": {"type": "texture", "texture": "albedo:textures/gui/abilities/gourmand_bellyblast.png"}
		},
		"blast_commands": {
			"ability": "lucraftcore:command",
			"cooldown": 0,
			"parent_ability": "beam_attack",
			"show_in_bar": false,
			"title": {"text":"Upchuck Blocks"},
			"icon": {"type": "texture", "texture": "albedo:textures/gui/abilities/gourmand_bellyblast.png"},
			"bar_color": "red",
			"commands": [
			"execute @s[score_Blocks_min=1] ~ ~ ~ /scoreboard players remove @s Blocks 1",
			"execute @s[score_Blocks=0,score_Blocks_min=0] ~ ~ ~ /tellraw @s {\"text\":\"You need to eat something first!\"}",
			"execute @s[score_Blocks=0,score_Blocks_min=0] ~ ~ ~ kill @e[type=lucraftcore:energy_blast,r=3]"]
		},
		"death_state":{
			"ability": "lucraftcore:command_loop",
			"show_in_bar": false,
			"title": {"text":"Death State"},			
			"icon": {"type": "texture",
				"texture": "albedo:textures/gui/omnitrix_timeout.png"},
			"commands": ["execute @s[score_Health=0,score_Health_min=0,tag=af] ~ ~ ~ /superpower @s albedo:recalibratedomnitrix",
			"execute @s[score_Health=0,score_Health_min=0,tag=ua] ~ ~ ~ /superpower @s albedo:ultimatrix",
            "scoreboard players tag @s[score_Sneak=1,score_Sneak_min=1] add Sneaking",
            "scoreboard players tag @s[score_Sneak=0,score_Sneak_min=0] remove Sneaking",
			"scoreboard players set @s[score_Sneak_min=1] Sneak 0",
			"execute @s[tag=Air] ~ ~ ~ scoreboard players tag @s remove Air",
			"execute @s ~ ~ ~ detect ~ ~-1 ~ water 0 scoreboard players tag @s add Air",
			"execute @s ~ ~ ~ detect ~ ~-1 ~ air 0 scoreboard players tag @s add Air"]
		},
		"timer":{
			"ability": "lucraftcore:command_loop",
			"show_in_bar": false,
			"title": {"text":"Timer"},			
			"icon": {"type": "texture","texture": "albedo:textures/gui/omnitrix_timeout.png"},
			"conditions": [{"type": "lucraftcore:not", 
			            "conditions": [{
						"type": "lucraftcore:scoreboard_tag", 
						"tag": "Master"}]}],
			"commands": ["scoreboard players remove @s Timer 1",
			"scoreboard players set @s[score_Timer=-1,score_Timer_min=-1000000] Timer 1",
			"execute @s[score_Timer=1,score_Timer_min=1,tag=af] ~ ~ ~ /playsound minecraft:custom.recalibratedhuman master @a ~ ~ ~",
			"execute @s[score_Timer=0,score_Timer_min=0,tag=ua] ~ ~ ~ /playsound minecraft:custom.ultimatrixhuman master @a ~ ~ ~",
			"execute @s[score_Timer=0,score_Timer_min=0] ~ ~ ~ /superpower @s albedo:transform_human",
			"superpowerxp 1 @s[tag=0]",
			"superpowerxp 4 @s[tag=20]",
			"superpowerxp 6 @s[tag=35]"]
		},
		"base": {	
	        "ability": "lucraftcore:command",		
            "show_in_bar": true,	
            "title": {"text":"Base Form"},
			"icon": {"type": "texture", "texture": "albedo:textures/gui/omnitrix_red.png"},
            "bar_color": "red",
			"conditions": [{
						"type": "lucraftcore:scoreboard_tag", 
						"tag": "Sneaking"}],
			"commands": ["superpower @s albedo:transform_human", 
			"execute @s[tag=af] ~ ~ ~ /playsound minecraft:custom.recalibratedhuman master @a ~ ~ ~",
			"execute @s[tag=ua] ~ ~ ~ /playsound minecraft:custom.ultimatrixhuman master @a ~ ~ ~"]
		}
	}
}