{
	"name": {"text": "Perk Gourmand"},
	
	"icon": {"type": "texture","texture": "albedo:textures/gui/recal/gourmand.png"},
	
	"creative_tab": "albedo",
	
	"max_level": 40,	
	
	"capsule_color": 3080117,
	
    "effects": [
        {"type": "skin_change",
		         "texture": "albedo:textures/models/albedo/perk_gourmand.png"
		},
		{
            "type": "skin_overlay",
            "texture": "albedo:textures/overlays/glow/perk_gourmand_glow.png",
            "size": 0,
            "glow": true
        },
		{"type": "skin_change",
		         "texture": "albedo:textures/models/albedo/perk_gourmand_full.png",
				 "conditions": [{"type": "ability_enabled",
				 "ability": "heroesexpansion:precision"}]
		},
		{"type": "skin_overlay",
		         "texture": "albedo:textures/overlays/glow/perk_gourmand_full_glow.png",
				 "size": 0,
				 "glow": true,
				 "conditions": [{"type": "ability_enabled",
				                 "ability": "heroesexpansion:precision"}]
		}		
    ],
	
	"abilities": {
		"eat": {
            "ability": "heroesexpansion:precision",
            "show_in_bar": false,
            "title": {"text":"Eat"},
            "icon": {"type": "internal"},
			"conditions": [{
			    "type": "lucraftcore:scoreboard_tag",
				"tag": "Eat"}]
       },
		"radiation_protection": {
            "ability": "the-fifth-world:potion_immunity",
            "show_in_bar": false,
            "title": {"text":"Radiation Protection"},
            "icon": {"type": "internal"},
            "potion": "lucraftcore:radiation"
        },
		"strength": {	
			"ability": "lucraftcore:strength",				
            "show_in_bar": false,		
            "title": {"text":"Strength"},							
			"amount": 3			
		},
		"defense": {
			"ability": "lucraftcore:resistance",			
            "show_in_bar": false,		
            "title": {"text":"Resistance"},						
			"amount": 10			
		},
		"fall_resistance": {
			"ability": "lucraftcore:fall_resistance",
			"show_in_bar": false,
			"title": {"text":"Fall Resistance"},
			"amount": 8
		},
        "tough_lungs": {
            "ability": "lucraftcore:tough_lungs",
            "show_in_bar": false,
            "title": {"translate":"lucraftcore.abilities.tough_lungs.name"},
            "icon": {"type": "internal"},
            "bar_color": "red"
        },
		"fall_resistance": {
			"ability": "lucraftcore:fall_resistance",
			"show_in_bar": false,
			"title": {"text":"Fall Resistance"},
			"amount": 20
		},
		"death_state_perk":{
			"ability": "lucraftcore:command_loop",
			"show_in_bar": false,
			"title": {"text":"Death State"},			
			"icon": {"type": "texture",
				"texture": "albedo:textures/gui/placeholder.png"},
			"commands": [
			             "sizechange @s 0.7 lucraftcore:default",
			             "execute @e[tag=UpChuck] ~ ~ ~ /particle totem ~ ~ ~ 0.1 0.1 0.1 0 500 force",	
                         "execute @e[name=Grumtnt] ~ ~ ~ /particle totem ~ ~ ~ 0.2 0.2 0.2 0 100 force",				 
			             "execute @s[score_Blocks=0,score_Blocks_min=0] ~ ~ ~ scoreboard players tag @s remove Eat",
						 "execute @s[score_Blocks=3,score_Blocks_min=0] ~ ~ ~ scoreboard players tag @s remove Eat2",						 
						 "scoreboard players set @s[ry=22,rym=-22] Facing 1", 
			             "scoreboard players set @s[ry=112,rym=68] Facing 2", 
			             "scoreboard players set @s[ry=-68,rym=-112] Facing 3",
						 "scoreboard players set @s[ry=67,rym=23] Facing 4",
						 "scoreboard players set @s[ry=157,rym=113] Facing 5", 
			             "scoreboard players set @s[ry=-158,rym=158] Facing 6", 
			             "scoreboard players set @s[ry=-113,rym=-157] Facing 7",
						 "scoreboard players set @s[ry=-23,rym=-67] Facing 8",
						 "scoreboard players set @s[rx=-10,rxm=-90] Facing 9", 
			             "scoreboard players set @s[rx=90,rxm=10] Facing 10",						
						 "tp @e[type=heroesexpansion:grabbed_block,r=10] @s",
			             "execute @e[type=heroesexpansion:grabbed_block,r=1] ~ ~ ~ scoreboard players add @p[r=1] Blocks 1",
			             "execute @s[score_Blocks_min=1] ~ ~ ~ scoreboard players tag @s add Eat",
			             "execute @s[score_Blocks_min=3] ~ ~ ~ scoreboard players tag @s add Eat2",
			             "kill @e[type=heroesexpansion:grabbed_block,r=1]",
						 "execute @s[score_Blocks=101,score_Blocks_min=101] ~ ~ ~ scoreboard players set @s Blocks 100 ",
						 "execute @s[score_Blocks=100,score_Blocks_min=0] ~ ~ ~ /title @s actionbar [{\"text\":\"<\",\"color\":\"black\"},{\"text\":\"Upchuck\",\"color\":\"green\"},{\"text\":\">\",\"color\":\"black\"},{\"text\":\"<\",\"color\":\"black\"},{\"score\":{\"name\":\"@s\",\"objective\":\"Blocks\"},\"color\":\"yellow\"},{\"text\":\">\",\"color\":\"black\"}]",						 
						 "execute @s[score_Health=0,score_Health_min=0,tag=os] ~ ~ ~ /superpower @s albedo:prototypeomnitrix",
			             "execute @s[score_Health=0,score_Health_min=0,tag=af] ~ ~ ~ /superpower @s albedo:recalibratedomnitrix",
			             "execute @s[score_Health=0,score_Health_min=0,tag=ua] ~ ~ ~ /superpower @s albedo:ultimatrix",
			             "execute @s[score_Health=0,score_Health_min=0,tag=ov] ~ ~ ~ /superpower @s albedo:completedomnitrix",
                         "scoreboard players tag @s[score_Sneak=1,score_Sneak_min=1] add Sneaking",
                         "scoreboard players tag @s[score_Sneak=0,score_Sneak_min=0] remove Sneaking",
			             "scoreboard players set @s[score_Sneak_min=1] Sneak 0"]
		},
		"eat_block": {
			"ability": "heroesexpansion:grab_entity",
			"show_in_bar": true,
			"cooldown": 40,
			"title": {"text": "Eat Block"},
			"bar_color": "red",
			"icon": {"type": "texture", "texture": "albedo:textures/gui/abilities/eatblock.png"}
		},
		"eat_sound": {
			"ability": "lucraftcore:command",
			"show_in_bar": false,
           	"parent_ability": "eat_block",
			"title": {"text": "Eat Blocks"},
			"commands": ["/playsound minecraft:entity.shulker.ambient master @s ~ ~ ~","superpowerxp 2 @s"]
		},
		"blast": {
			"ability": "lucraftcore:energy_blast",	
			"cooldown": 10,
			"conditions": [{
						"type": "lucraftcore:scoreboard_tag", 
						"tag": "Eat"}],
			"show_in_bar": true,
			"color": [0, 255, 0],
			"damage": 10,
			"title": {"translate":"Upchuck"},
			"bar_color": "red",
			"icon": {"type": "texture", "texture": "albedo:textures/gui/abilities/gourmand_bellyblast.png"}
		},
		"upchuck": {
			"ability": "lucraftcore:command",
			"parent_ability": "blast",
			"show_in_bar": false,
			"title": {"text":"Upchuck Blocks"},
			"icon": {"type": "texture", "texture": "albedo:textures/gui/abilities/gourmand_bellyblast.png"},
			"bar_color": "red",
			"commands": [
			"/scoreboard players tag @e[type=lucraftcore:energy_blast] add UpChuck",
			"execute @s[score_Blocks_min=1] ~ ~ ~ /scoreboard players remove @s Blocks 1"]
		},
		"boom_upchuck": {
			"ability": "lucraftcore:command",
			"conditions": [{
						"type": "lucraftcore:scoreboard_tag", 
						"tag": "Eat2"}],
			"cooldown": 60,
			"required_level": 15,
			"show_in_bar": true,
			"title": {"translate":"UpChuck Explosion"},
			"bar_color": "red",
			"icon": {"type": "texture", "texture": "albedo:textures/gui/abilities/polymorphphasing.png"},
			"commands": ["execute @s[score_Blocks_min=3] ~ ~ ~ /scoreboard players remove @s Blocks 3",
			             "execute @s[score_Facing=1,score_Facing_min=1] ~ ~ ~ /summon tnt ~ ~2 ~ {CustomName:\"Grumtnt\",Fuse:10,Motion:[0.0d,0.0d,2d]}",
                         "execute @s[score_Facing=2,score_Facing_min=2] ~ ~ ~ /summon tnt ~ ~2 ~ {CustomName:\"Grumtnt\",Fuse:10,Motion:[-2d,0.0d,-0.0d]}",
                         "execute @s[score_Facing=3,score_Facing_min=3] ~ ~ ~ /summon tnt ~ ~2 ~ {CustomName:\"Grumtnt\",Fuse:10,Motion:[2d,0.0d,-0.0d]}",
                         "execute @s[score_Facing=4,score_Facing_min=4] ~ ~ ~ /summon tnt ~ ~2 ~ {CustomName:\"Grumtnt\",Fuse:10,Motion:[-2d,0.0d,2d]}",
                         "execute @s[score_Facing=5,score_Facing_min=5] ~ ~ ~ /summon tnt ~ ~2 ~ {CustomName:\"Grumtnt\",Fuse:10,Motion:[-2d,0.0d,-2d]}",
                         "execute @s[score_Facing=6,score_Facing_min=6] ~ ~ ~ /summon tnt ~ ~2 ~ {CustomName:\"Grumtnt\",Fuse:10,Motion:[0.0d,0.0d,-2d]}",
                         "execute @s[score_Facing=7,score_Facing_min=7] ~ ~ ~ /summon tnt ~ ~2 ~ {CustomName:\"Grumtnt\",Fuse:10,Motion:[2d,0.0d,-2d]}",
                         "execute @s[score_Facing=8,score_Facing_min=8] ~ ~ ~ /summon tnt ~ ~2 ~ {CustomName:\"Grumtnt\",Fuse:10,Motion:[2.0d,0.0d,2d]}",
						 "execute @s[score_Facing=9,score_Facing_min=9] ~ ~ ~ /summon tnt ~ ~2 ~ {CustomName:\"Grumtnt\",Fuse:10,Motion:[0.0d,2d,0.0d]}",
                         "execute @s[score_Facing=10,score_Facing_min=10] ~ ~ ~ /summon tnt ~ ~ ~ {CustomName:\"Grumtnt\",Fuse:2}",
						 "execute @s[score_Facing=10,score_Facing_min=10] ~ ~ ~ /effect @s minecraft:levitation 1 15 true",
					     "execute @s[score_Facing=10,score_Facing_min=10] ~ ~ ~ /effect @s minecraft:resistance 1 10 true"]
        },
		"timer":{
			"ability": "lucraftcore:command_loop",
			"show_in_bar": false,
			"title": {"text":"Timer"},			
			"icon": {"type": "texture","texture": "albedo:textures/gui/omnitrix_timeout.png"},
			"conditions": [{"type": "lucraftcore:not", 
			            "conditions": [{
						"type": "lucraftcore:scoreboard_tag", 
						"tag": "Master"}]}],
			"commands": ["scoreboard players remove @s Timer 1",
			"scoreboard players set @s[score_Timer=-1,score_Timer_min=-1000000] Timer 1",
			"execute @s[score_Timer=1,score_Timer_min=1,tag=af] ~ ~ ~ /playsound minecraft:custom.recalibratedhuman master @a ~ ~ ~",
			"execute @s[score_Timer=0,score_Timer_min=0,tag=ua] ~ ~ ~ /playsound minecraft:custom.ultimatrixhuman master @a ~ ~ ~",
			"execute @s[score_Timer=0,score_Timer_min=0] ~ ~ ~ /superpower @s albedo:transform_human",
			"superpowerxp 1 @s[tag=0]",
			"superpowerxp 4 @s[tag=20]",
			"superpowerxp 6 @s[tag=35]"]
		},
		"base": {	
	        "ability": "lucraftcore:command",		
            "show_in_bar": true,	
            "title": {"text":"Base Form"},
			"icon": {"type": "texture", "texture": "albedo:textures/gui/omnitrix_red.png"},
            "bar_color": "red",
			"conditions": [{
						"type": "lucraftcore:scoreboard_tag", 
						"tag": "Sneaking"}],
			"commands": ["superpower @s albedo:transform_human", 
			"execute @s[tag=af] ~ ~ ~ /playsound minecraft:custom.recalibratedhuman master @a ~ ~ ~",
			"execute @s[tag=ua] ~ ~ ~ /playsound minecraft:custom.ultimatrixhuman master @a ~ ~ ~"]
		}
	}
}