{
	"name": {
		"text": "Piscciss Volan"
	},

	"icon": {
		"type": "texture",
		"texture": "albedo:textures/gui/recal/piscciss_volan.png"
	},

	"creative_tab": "albedo",
	
	"max_level": 40,
	
	"capsule_color": 3080117,
	
    "effects": [
        {
            "type": "skin_change",
            "texture": "albedo:textures/models/albedo/piscciss_volan.png"
       },
		{
            "type": "skin_change",
            "texture": "albedo:textures/models/albedo/piscciss_volan_water.png",
			"conditions": [
            	{
            		"type": "ability_enabled",
					"ability": "lucraftcore:flight"
            	}
            ]
		},
		{
            "type": "skin_overlay",
            "texture": "albedo:textures/overlays/glow/piscciss_volan_glow.png",
            "size": 0,
            "glow": true,
            "conditions": [
            	{
            		"type": "always"
            	}
            ]
       }
    ],
	
	"abilities": {
		"radiation_protection": {
            "ability": "the-fifth-world:potion_immunity",
            "show_in_bar": false,
            "title": {"text":"Radiation Protection"},
            "icon": {"type": "internal"},
            "potion": "lucraftcore:radiation"
       },
		"size": {
			"ability": "lucraftcore:command_loop",
			"show_in_bar": false,
			"title": {"text": "Large size"},
			"icon": {"type": "internal"},
			"commands": ["sizechange @s 1.1 lucraftcore:default"]
		},
		"strength": {	
			"ability": "lucraftcore:strength",				
            "show_in_bar": false,		
            "title": {"text":"Strength"},							
			"amount": 15,
			"operation": 0			
		},
		"defense": {
			"ability": "lucraftcore:resistance",			
            "show_in_bar": false,		
            "title": {"text":"Resistance"},						
			"amount": 8,
			"operation": 0			
		},
		"fall_resistance": {
			"ability": "lucraftcore:fall_resistance",
			"show_in_bar": false,
			"title": {"text":"Fall Resistance"},
			"amount": 8,
			"operation": 0
		},
		"fatigue_immunity": {
            "ability": "the-fifth-world:potion_immunity",
            "show_in_bar": false,
            "title": {"text":"Fatigue Protection"},
            "icon": { "type": "internal" },
            "potion": "minecraft:mining_fatigue"
        },		
		"aquatic_lifeform": {
			"ability": "lucraftcore:command_loop",
            "show_in_bar": false,				
			"title": {"text":"Aquatic Lifeform"},
			"icon": {"type": "texture",
				"texture": "albedo:textures/gui/abilities/swim.png"},
			"commands": [ 
			"effect @s minecraft:night_vision 10 0 true", 
			"effect @s minecraft:water_breathing 10 0 true",
			"execute @s ~ ~ ~ detect ~ ~1 ~ air 0 scoreboard players add @s Breath 1",
			"execute @s[score_Breath_min=600] ~ ~ ~ detect ~ ~1 ~ air 0 effect @s minecraft:wither 1 1 false", 
			"execute @s ~ ~ ~ detect ~ ~1 ~ water 0 scoreboard players set @s Breath 0",
			"execute @s[tag=!Water] ~ ~ ~ detect ~ ~1 ~ water 0 scoreboard players tag @s add Water", 
			"execute @s ~ ~ ~ detect ~ ~1 ~ water 0 effect @s minecraft:haste 1 1 false", 
			"execute @s ~ ~ ~ detect ~ ~1 ~ water 0 effect @s minecraft:speed 1 2 false", 
			"execute @s[tag=Water] ~ ~ ~ detect ~ ~1 ~ air 0 scoreboard players tag @s remove Water"],
			"icon": {"type": "internal"}
		},
		"swim": {			
			"ability": "lucraftcore:flight",
			"icon": {"type": "texture",
				"texture": "albedo:textures/gui/abilities/swim.png"},
            "cooldown": 0,			
            "show_in_bar": true,
            "title": {"text":"Swim"},	
            "bar_color": "red",
			"conditions": [
			    {"type": "lucraftcore:scoreboard_tag", 
			    "tag": "Water"}
						],				
			"speed": 1,
            "sprint_speed": 1.5,
			"rotate_arms": false
		},
		"swim_xp": {
            "ability": "lucraftcore:command_toggle",
            "cooldown": 0,
			"parent_ability": "swim",
            "show_in_bar": false,
            "title": {"text":"Swim XP"},
			"icon": {"type": "texture",
				"texture": "albedo:textures/gui/abilities/swim.png"},
            "conditions": [{
			    "type": "ability_enabled",
				"ability": "lucraftcore:flight"}],
		    "commands": ["/superpowerxp 1 @s"]
		},
		"death_state":{
			"ability": "lucraftcore:command_loop",
			"show_in_bar": false,
			"title": {"text":"Death State"},			
			"icon": {"type": "texture",
				"texture": "albedo:textures/gui/omnitrix_timeout.png"},
			"commands": ["execute @s[score_Health=0,score_Health_min=0,tag=af] ~ ~ ~ /superpower @s albedo:recalibratedomnitrix",
			"execute @s[score_Health=0,score_Health_min=0,tag=ua] ~ ~ ~ /superpower @s albedo:ultimatrix",
			"execute @s[score_Health=0,score_Health_min=0] ~ ~ ~ /scoreboard players set @s Breath 0",
            "scoreboard players tag @s[score_Sneak=1,score_Sneak_min=1] add Sneaking",
            "scoreboard players tag @s[score_Sneak=0,score_Sneak_min=0] remove Sneaking",
			"scoreboard players set @s[score_Sneak_min=1] Sneak 0",
			"execute @s[tag=Air] ~ ~ ~ scoreboard players tag @s remove Air",
			"execute @s ~ ~ ~ detect ~ ~-1 ~ water 0 scoreboard players tag @s add Air",
			"execute @s ~ ~ ~ detect ~ ~-1 ~ air 0 scoreboard players tag @s add Air"]
		},
		"timer":{
			"ability": "lucraftcore:command_loop",
			"show_in_bar": false,
			"title": {"text":"Timer"},			
			"icon": {"type": "texture","texture": "albedo:textures/gui/omnitrix_timeout.png"},
			"conditions": [{"type": "lucraftcore:not", 
			            "conditions": [{
						"type": "lucraftcore:scoreboard_tag", 
						"tag": "Master"}]}],
			"commands": ["scoreboard players remove @s Timer 1",
			"scoreboard players set @s[score_Timer=-1,score_Timer_min=-1000000] Timer 1",
			"execute @s[score_Timer=1,score_Timer_min=1,tag=af] ~ ~ ~ /playsound minecraft:custom.recalibratedhuman master @a ~ ~ ~",
			"execute @s[score_Timer=0,score_Timer_min=0,tag=ua] ~ ~ ~ /playsound minecraft:custom.ultimatrixhuman master @a ~ ~ ~",
			"execute @s[score_Timer=0,score_Timer_min=0] ~ ~ ~ /superpower @s albedo:transform_human",
			"execute @s[score_Timer=0,score_Timer_min=0] ~ ~ ~ /scoreboard players set @s Breath 0",
			"superpowerxp 1 @s[tag=0]",
			"superpowerxp 4 @s[tag=20]",
			"superpowerxp 6 @s[tag=35]"]
		},
		"base": {	
	        "ability": "lucraftcore:command",		
            "show_in_bar": true,	
            "title": {"text":"Base Form"},
			"icon": {"type": "texture", "texture": "albedo:textures/gui/omnitrix_red.png"},
            "bar_color": "red",
			"conditions": [{
						"type": "lucraftcore:scoreboard_tag", 
						"tag": "Sneaking"}],
			"commands": ["superpower @s albedo:transform_human", 
			"execute @s[tag=af] ~ ~ ~ /playsound minecraft:custom.recalibratedhuman master @a ~ ~ ~",
			"execute @s[tag=ua] ~ ~ ~ /playsound minecraft:custom.ultimatrixhuman master @a ~ ~ ~"]
		}
	}
}