{
	"name": {
		"text": "Polar Manzardill"
	},

	"icon": {
		"type": "texture",
		"texture": "albedo:textures/gui/recal/polar_manzardill.png"
	},

	"creative_tab": "albedo",
	
	"max_level": 40,
	
	"capsule_color": 3080117,
	
    "effects": [
        {
        "type": "skin_change",
        "texture": "albedo:textures/models/albedo/polar_manzardill.png"
       },
		{
            "type": "skin_overlay",
            "texture": "albedo:textures/overlays/glow/polar_manzardill_glow.png",
            "size": 0,
            "glow": true
       }
    ],
	
	"abilities": {		
		"size": {
			"ability": "lucraftcore:command_loop",
			"show_in_bar": false,
			"title": {"text": "Size"},
			"icon": {"type": "texture", "texture": "albedo:textures/gui/recal/recal_omnitrix.png"},
			"commands": ["sizechange @s 1 lucraftcore:default"]
        },
		"radiation_protection": {
            "ability": "the-fifth-world:potion_immunity",
            "show_in_bar": false,
            "title": {"text":"Radiation Protection"},
            "icon": {"type": "internal"},
            "potion": "lucraftcore:radiation"
        },
		"health": {		
			"ability": "lucraftcore:health",			
            "show_in_bar": false,		
            "title": {"text":"Health"},					
			"amount": 10,
			"operation": 0		
		},
		"strength": {	
			"ability": "lucraftcore:strength",				
            "show_in_bar": false,		
            "title": {"text":"Strength"},							
			"amount": 5,
			"operation": 0			
		},
		"defense": {
			"ability": "lucraftcore:resistance",			
            "show_in_bar": false,		
            "title": {"text":"Resistance"},						
			"amount": 5,
			"operation": 0			
		},
		"freezebreath":{
			"ability": "lucraftcore:command",
            "cooldown": 100,
			"title": {"text": "Freezebreath"},	
            "bar_color": "red",			
			"icon": {"type": "texture", "texture": "albedo:textures/gui/abilities/freezebreath.png"},
            "bar_color": "red", 
			"commands": ["cast ebwizardry:frost_ray @p 5", "/superpowerxp 20 @s"]			
		},
		"ice_ball":{
			"ability": "lucraftcore:command",
            "cooldown": 40,
			"title": {"text": "Ice Ball"},	
            "bar_color": "red",			
			"icon": {"type": "texture", "texture": "albedo:textures/gui/abilities/iceball.png"},
            "bar_color": "red", 
			"commands": ["cast ebwizardry:ice_charge @s", "/superpowerxp 5 @s"]			
		},
		"freeze_aura":{
			"ability": "lucraftcore:command",
            "cooldown": 400,
			"title": {"text": "Freezing Aura"},
			"required_level": 15,	
            "bar_color": "red",			
			"icon": {"type": "texture",	"texture": "albedo:textures/gui/abilities/freezing_aura.png"},
            "bar_color": "red", 
			"commands": ["particle snowballpoof ~ ~ ~ 6 6 6 0.5 5000",
			"execute @s ~ ~ ~ /execute @e[rm=1,r=6] ~ ~ ~ effect @s heroesexpansion:frozen 5 5",
			"superpowerxp 5 @s"]			
		},
		"frost_wall":{
            "ability": "lucraftcore:command",
			"required_level": 18,
            "show_in_bar": true,
			"bar_color": "red",
            "cooldown": 150,
            "title": {"text":"Frost Wall"},
            "icon": {"type": "texture", "texture": "albedo:textures/gui/abilities/frostwall.png"},
            "commands": ["/cast ebwizardry:wall_of_frost @p 5", "/superpowerxp 10 @s"]
	    },
		"icy_body":{
			"ability": "lucraftcore:command_loop",
            "show_in_bar": false,			
			"title": {"text": "Icy Body"},	
			"icon": {"type": "texture",	"texture": "albedo:textures/gui/abilities/freezing_aura.png"},
            "bar_color": "red", 
			"commands": ["effect @s ebwizardry:ice_shroud 1 1"]			
		},	
		"freezing_immunity":{
			"ability": "the-fifth-world:potion_immunity",
			"show_in_bar": false,
			"potion": "heroesexpansion:frozen",
			"title": {"text":"Freezing Immunity"},
			"icon": {"type": "texture", "texture": "albedo:textures/gui/abilities/blaze.png"}
		},
		"death_state":{
			"ability": "lucraftcore:command_loop",
			"show_in_bar": false,
			"title": {"text":"Death State"},			
			"icon": {"type": "texture",
				"texture": "albedo:textures/gui/omnitrix_timeout.png"},
			"commands": ["execute @s[score_Health=0,score_Health_min=0,tag=af] ~ ~ ~ /superpower @s albedo:recalibratedomnitrix",
			"execute @s[score_Health=0,score_Health_min=0,tag=ua] ~ ~ ~ /superpower @s albedo:ultimatrix",
            "scoreboard players tag @s[score_Sneak=1,score_Sneak_min=1] add Sneaking",
            "scoreboard players tag @s[score_Sneak=0,score_Sneak_min=0] remove Sneaking",
			"scoreboard players set @s[score_Sneak_min=1] Sneak 0",
			"execute @s[tag=Air] ~ ~ ~ scoreboard players tag @s remove Air",
			"execute @s ~ ~ ~ detect ~ ~-1 ~ water 0 scoreboard players tag @s add Air",
			"execute @s ~ ~ ~ detect ~ ~-1 ~ air 0 scoreboard players tag @s add Air"]
		},
		"timer":{
			"ability": "lucraftcore:command_loop",
			"show_in_bar": false,
			"title": {"text":"Timer"},			
			"icon": {"type": "texture","texture": "albedo:textures/gui/omnitrix_timeout.png"},
			"conditions": [{"type": "lucraftcore:not", 
			            "conditions": [{
						"type": "lucraftcore:scoreboard_tag", 
						"tag": "Master"}]}],
			"commands": ["scoreboard players remove @s Timer 1",
			"scoreboard players set @s[score_Timer=-1,score_Timer_min=-1000000] Timer 1",
			"execute @s[score_Timer=1,score_Timer_min=1,tag=af] ~ ~ ~ /playsound minecraft:custom.recalibratedhuman master @a ~ ~ ~",
			"execute @s[score_Timer=0,score_Timer_min=0,tag=ua] ~ ~ ~ /playsound minecraft:custom.ultimatrixhuman master @a ~ ~ ~",
			"execute @s[score_Timer=0,score_Timer_min=0] ~ ~ ~ /superpower @s albedo:transform_human",
			"superpowerxp 1 @s[tag=0]",
			"superpowerxp 4 @s[tag=20]",
			"superpowerxp 6 @s[tag=35]"]
		},
		"base": {	
	        "ability": "lucraftcore:command",		
            "show_in_bar": true,	
            "title": {"text":"Base Form"},
			"icon": {"type": "texture", "texture": "albedo:textures/gui/omnitrix_red.png"},
            "bar_color": "red",
			"conditions": [{
						"type": "lucraftcore:scoreboard_tag", 
						"tag": "Sneaking"}],
			"commands": ["superpower @s albedo:transform_human", 
			"execute @s[tag=af] ~ ~ ~ /playsound minecraft:custom.recalibratedhuman master @a ~ ~ ~",
			"execute @s[tag=ua] ~ ~ ~ /playsound minecraft:custom.ultimatrixhuman master @a ~ ~ ~"]
		}
	}
}