{
	"name": {
		"text": "Prypatosian-B (Suit)"
	},

	"icon": {
		"type": "texture",
		"texture": "albedo:textures/gui/recal/prypiatosian_b.png"
	},

	"creative_tab": "ben10",
	
	"max_level": 40,
	
	"capsule_color": 3080117,
	
    "effects": [
        {
        "type": "skin_change",
        "texture": "albedo:textures/models/albedo/prypiatosianb_suit.png"
       },
		{
            "type": "skin_overlay",
            "texture": "albedo:textures/overlays/glow/prypiatosianb_suit_glow.png",
            "size": 0,
            "glow": true,
            "conditions": [
            	{
            		"type": "always"
        		}
        	]
       },
        {
            "type": "skin_overlay",
            "texture": "albedo:textures/overlays/glow/prypiatosianb_hands.png",
            "size": 0,
            "glow": true,
            "conditions": [
            	{
            		"type": "ability_enabled",
            		"ability": "lucraftcore:fire_punch"
            	}
            ]
       }
    ],
	
	"abilities": {		
	   "gain": {
            "ability": "lucraftcore:command_on_gain",
            "show_in_bar": false,
            "title": {"translate":"lucraftcore.abilities.command_on_gain.name"},
            "icon": {"type": "internal"},
            "commands": ["/scoreboard players tag @s add Suit"]
       },
	   "escape_suit": {
			"ability": "lucraftcore:command",	
			"show_in_bar": true,
			"title": {"text": "Escape Suit"},
			"icon": {"type": "texture", "texture": "albedo:textures/gui/abilities/escapesuit.png"},
			"bar_color": "black",
			"commands": ["execute @s[ry=22,rym=-22] ~ ~ ~ summon armor_stand ~ ~-0.3 ~ {CustomName:\"Suit\",Invisible:1b,Invulnerable:1b,NoBasePlate:1b,ShowArms:1b,Pose:{Body:[15f,0f,0f],Head:[285f,26f,0f],LeftLeg:[271f,349f,0f],RightLeg:[276f,35f,6f],LeftArm:[0f,0f,329f],RightArm:[0f,0f,20f]}}",
			             "execute @s[ry=67,rym=23] ~ ~ ~ summon armor_stand ~ ~-0.3 ~ {CustomName:\"Suit\",Invisible:1b,Rotation:[58f],Invulnerable:1b,NoBasePlate:1b,ShowArms:1b,Pose:{Body:[15f,0f,0f],Head:[285f,26f,0f],LeftLeg:[271f,349f,0f],RightLeg:[276f,35f,6f],LeftArm:[0f,0f,329f],RightArm:[0f,0f,20f]}}",
						 "execute @s[ry=112,rym=68] ~ ~ ~ summon armor_stand ~ ~-0.3 ~ {CustomName:\"Suit\",Invisible:1b,Rotation:[95f],Invulnerable:1b,NoBasePlate:1b,ShowArms:1b,Pose:{Body:[15f,0f,0f],Head:[285f,26f,0f],LeftLeg:[271f,349f,0f],RightLeg:[276f,35f,6f],LeftArm:[0f,0f,329f],RightArm:[0f,0f,20f]}}",
						 "execute @s[ry=157,rym=113] ~ ~ ~ summon armor_stand ~ ~-0.3 ~ {CustomName:\"Suit\",Invisible:1b,Rotation:[128f],Invulnerable:1b,NoBasePlate:1b,ShowArms:1b,Pose:{Body:[15f,0f,0f],Head:[285f,26f,0f],LeftLeg:[271f,349f,0f],RightLeg:[276f,35f,6f],LeftArm:[0f,0f,329f],RightArm:[0f,0f,20f]}}",
						 "execute @s[ry=-158,rym=158] ~ ~ ~ summon armor_stand ~ ~-0.3 ~ {CustomName:\"Suit\",Invisible:1b,Rotation:[178f],Invulnerable:1b,NoBasePlate:1b,ShowArms:1b,Pose:{Body:[15f,0f,0f],Head:[285f,26f,0f],LeftLeg:[271f,349f,0f],RightLeg:[276f,35f,6f],LeftArm:[0f,0f,329f],RightArm:[0f,0f,20f]}}",
						 "execute @s[ry=-113,rym=-157] ~ ~ ~ summon armor_stand ~ ~-0.3 ~ {CustomName:\"Suit\",Invisible:1b,Rotation:[231f],Invulnerable:1b,NoBasePlate:1b,ShowArms:1b,Pose:{Body:[15f,0f,0f],Head:[285f,26f,0f],LeftLeg:[271f,349f,0f],RightLeg:[276f,35f,6f],LeftArm:[0f,0f,329f],RightArm:[0f,0f,20f]}}",
						 "execute @s[ry=-68,rym=-112] ~ ~ ~ summon armor_stand ~ ~-0.3 ~ {CustomName:\"Suit\",Invisible:1b,Rotation:[281f],Invulnerable:1b,NoBasePlate:1b,ShowArms:1b,Pose:{Body:[15f,0f,0f],Head:[285f,26f,0f],LeftLeg:[271f,349f,0f],RightLeg:[276f,35f,6f],LeftArm:[0f,0f,329f],RightArm:[0f,0f,20f]}}",
						 "execute @s[ry=-23,rym=-67] ~ ~ ~  summon armor_stand ~ ~-0.3 ~ {CustomName:\"Suit\",Invisible:1b,Rotation:[320f],Invulnerable:1b,NoBasePlate:1b,ShowArms:1b,Pose:{Body:[15f,0f,0f],Head:[285f,26f,0f],LeftLeg:[271f,349f,0f],RightLeg:[276f,35f,6f],LeftArm:[0f,0f,329f],RightArm:[0f,0f,20f]}}",
						 "replaceitem entity @e[name=Suit,r=2] slot.armor.chest ben_ten:open_suit_chest","/scoreboard players tag @s remove Suit ","/particle sweepAttack ~ ~ ~ 1 1 1 5 10","/particle hugeexplosion ~ ~ ~ 0.2 0.2 0.2 0 1",
						 "/superpower @s albedo:prypiatosian_b ",
                         "playsound minecraft:block.anvil.destroy master @s ~ ~ ~ "]			 
		},
		"laser_eyes":{
            "ability": "heroesexpansion:heat_vision",
            "icon": {"type": "texture", "texture": "albedo:textures/gui/abilities/radioactive_beam.png"},
            "show_in_bar": true,
			"bar_color": "red",
            "cooldown": 0,
            "color": [255, 130, 0],
            "title": {"text":"Radioactive Beam"}
		},
		"fire_punch": {
            "ability": "lucraftcore:fire_punch",
            "cooldown": 0,
            "show_in_bar": true,
            "title": {"text":"Radioactive Punch"},
            "icon": {"type": "texture", "texture": "albedo:textures/gui/abilities/radioactive_punch.png"},
            "bar_color": "red",
            "duration": 100
		},
		"smelt_items": {
			"ability": "lucraftcore:command",	
			"parent_ability": "fire_punch",
			"show_in_bar": true,
			"title": {"text": "Smelt Items"},
			"icon": {"type": "texture", "texture": "albedo:textures/gui/abilities/toast_items.png"},
			"bar_color": "red",
			"commands": ["/cast ebwizardry:pocket_furnace @s"]			 
		},	
        "ground_burn": {
			"ability": "lucraftcore:command",
			"cooldown": 150,
            "show_in_bar": true,
			"bar_color": "red",
            "title": {"text":"Scorch Ground"},
            "icon": {"type": "texture", "texture": "ben_ten:textures/gui/abilities/scorch_ground.png"},
            "commands": ["execute @s ~ ~ ~ effect @e[type=zombie,rm=1,r=5] minecraft:instant_health 1 1 true",
			             "execute @s ~ ~ ~ effect @e[type=zombie_horse,rm=1,r=5] minecraft:instant_health 1 1 true",
						 "execute @s ~ ~ ~ effect @e[type=zombie_villager,rm=1,r=5] minecraft:instant_health 1 1 true",
						 "execute @s ~ ~ ~ effect @e[type=skeleton,rm=1,r=5] minecraft:instant_health 1 1 true",
						 "execute @s ~ ~ ~ effect @e[type=skeleton_horse,rm=1,r=5] minecraft:instant_health 1 1 true",
						 "execute @s ~ ~ ~ effect @e[type=husk,rm=1,r=5] minecraft:instant_health 1 1 true",
						 "execute @s ~ ~ ~ effect @e[type=zombie_pigman,rm=1,r=5] minecraft:instant_health 1 1 true",
						 "execute @s ~ ~ ~ effect @e[type=wither_skeleton,rm=1,r=5] minecraft:instant_health 1 1 true",
						 "execute @s ~ ~ ~ effect @e[type=wither,rm=1,r=5] minecraft:instant_health 1 1 true",
						 "execute @s ~ ~ ~ effect @e[rm=1,r=5] minecraft:instant_damage 1 0 true",
						 "/fill ~3 ~2 ~3 ~-3 ~-1 ~-3 magma 0 replace grass 0",
			             "/fill ~3 ~2 ~3 ~-3 ~-1 ~-3 glass 0 replace sand 0",
						 "/fill ~3 ~2 ~3 ~-3 ~-1 ~-3 magma 0 replace dirt 0",
						 "/fill ~3 ~2 ~3 ~-3 ~-1 ~-3 air 0 replace water 0 ",
						 "/playsound minecraft:block.fire.extinguish master @e[r=10]",
						 "/particle largesmoke ~ ~ ~ 5 1 5 0 2000 force @a"]
		},
	   "size": {	
	        "ability": "lucraftcore:command_loop",
            "show_in_bar": false,	
            "title": {"text":"Size"},
			"icon": {"type": "texture", "texture": "albedo:textures/gui/recal/recal_omnitrix.png"},
			"commands": ["/execute @s[tag=Suit] ~ ~ ~ sizechange @s 1.2 lucraftcore:default","/execute @s[tag=Suit] ~ ~ ~ effect @s minecraft:slowness 1 3 true"]
		},
	    "healing": {
            "ability": "lucraftcore:healing",
            "show_in_bar": false,
            "title": {"translate":"lucraftcore.abilities.healing.name"},
            "icon": {"type": "internal"},
            "frequency": 30
        },
		"radiation_protection": {
            "ability": "the-fifth-world:potion_immunity",
            "show_in_bar": false,
            "title": {"text":"Radiation Protection"},
            "icon": {"type": "internal"},
            "potion": "lucraftcore:radiation"
       },
		"health": {		
			"ability": "lucraftcore:health",			
            "show_in_bar": false,		
            "title": {"text":"Health"},					
			"amount": 10,
			"operation": 0		
		},
		"strength": {	
			"ability": "lucraftcore:strength",				
            "show_in_bar": false,		
            "title": {"text":"Strength"},							
			"amount": 12,
			"operation": 0			
		},
		"defense": {
			"ability": "lucraftcore:resistance",			
            "show_in_bar": false,		
            "title": {"text":"Resistance"},						
			"amount": 20,
			"operation": 0			
		},
		"fall_resistance": {
			"ability": "lucraftcore:fall_resistance",
			"show_in_bar": false,
			"title": {"text":"Fall Resistance"},
			"amount": 2000,
			"operation": 0
		},
		"fire_resistance": {
			"ability": "lucraftcore:fire_resistance",			
            "show_in_bar": false,		
            "title": {"text":"Fire Resistance"},						
			"operation": 0			
		},
		"tough_lungs": {
			"ability": "lucraftcore:tough_lungs"

		},
		"water_breathing": {
			"ability": "lucraftcore:water_breathing"				
		},
		"freezing_immunity":{
			"ability": "the-fifth-world:potion_immunity",
			"show_in_bar": false,
			"potion": "heroesexpansion:frozen",
			"title": {"text":"Freezing Immunity"},
			"icon": {"type": "texture", "texture": "albedo:textures/gui/abilities/blaze.png"}
		},
		"death_state":{
			"ability": "lucraftcore:command_loop",
			"show_in_bar": false,
			"title": {"text":"Death State"},			
			"icon": {"type": "texture",
				"texture": "albedo:textures/gui/omnitrix_timeout.png"},
			"commands": ["execute @s[score_Health=0,score_Health_min=0,tag=af] ~ ~ ~ /superpower @s albedo:recalibratedomnitrix",
			"execute @s[score_Health=0,score_Health_min=0,tag=ua] ~ ~ ~ /superpower @s albedo:ultimatrix",
            "scoreboard players tag @s[score_Sneak=1,score_Sneak_min=1] add Sneaking",
            "scoreboard players tag @s[score_Sneak=0,score_Sneak_min=0] remove Sneaking",
			"scoreboard players set @s[score_Sneak_min=1] Sneak 0",
			"execute @s[tag=Air] ~ ~ ~ scoreboard players tag @s remove Air",
			"execute @s ~ ~ ~ detect ~ ~-1 ~ water 0 scoreboard players tag @s add Air",
			"execute @s ~ ~ ~ detect ~ ~-1 ~ air 0 scoreboard players tag @s add Air"]
		},
		"timer":{
			"ability": "lucraftcore:command_loop",
			"show_in_bar": false,
			"title": {"text":"Timer"},			
			"icon": {"type": "texture","texture": "albedo:textures/gui/omnitrix_timeout.png"},
			"conditions": [{"type": "lucraftcore:not", 
			            "conditions": [{
						"type": "lucraftcore:scoreboard_tag", 
						"tag": "Master"}]}],
			"commands": ["scoreboard players remove @s Timer 1",
			"scoreboard players set @s[score_Timer=-1,score_Timer_min=-1000000] Timer 1",
			"execute @s[score_Timer=1,score_Timer_min=1,tag=af] ~ ~ ~ /playsound minecraft:custom.recalibratedhuman master @a ~ ~ ~",
			"execute @s[score_Timer=0,score_Timer_min=0,tag=ua] ~ ~ ~ /playsound minecraft:custom.ultimatrixhuman master @a ~ ~ ~",
			"execute @s[score_Timer=0,score_Timer_min=0] ~ ~ ~ /superpower @s albedo:transform_human",
			"superpowerxp 1 @s[tag=0]",
			"superpowerxp 4 @s[tag=20]",
			"superpowerxp 6 @s[tag=35]"]
		},
		"base": {	
	        "ability": "lucraftcore:command",		
            "show_in_bar": true,	
            "title": {"text":"Base Form"},
			"icon": {"type": "texture", "texture": "albedo:textures/gui/omnitrix_red.png"},
            "bar_color": "red",
			"conditions": [{
						"type": "lucraftcore:scoreboard_tag", 
						"tag": "Sneaking"}],
			"commands": ["superpower @s albedo:transform_human", 
			"execute @s[tag=af] ~ ~ ~ /playsound minecraft:custom.recalibratedhuman master @a ~ ~ ~",
			"execute @s[tag=ua] ~ ~ ~ /playsound minecraft:custom.ultimatrixhuman master @a ~ ~ ~"]
		}
	}
}
