{
	"name": {
		"text": "Prypiatosian B"
	},

	"icon": {
		"type": "texture",
		"texture": "albedo:textures/gui/recal/prypiatosian_b.png"
	},

	"creative_tab": "ben10",
	
	"max_level": 40,
	
	"capsule_color": 3080117,
	
    "effects": [

        {
        "type": "skin_change",
        "texture": "albedo:textures/models/albedo/prypiatosianb.png"
       },
		{
            "type": "skin_overlay",
            "texture": "albedo:textures/overlays/glow/prypiatosianb_glow.png",
            "size": 0,
            "glow": true,
            "conditions": [
            	{
            		"type": "always"
            	}
            ]
       }
    ],
	
	"abilities": {		
		"size": {	
	        "ability": "lucraftcore:command_loop",
            "show_in_bar": false,	
            "title": {"text":"Size"},
			"icon": {"type": "texture", "texture": "albedo:textures/gui/recal/recal_omnitrix.png"},
			"commands": ["sizechange @s 1.2 lucraftcore:default"]
		},
		"return_suit": {	
	        "ability": "lucraftcore:command",
            "show_in_bar": true,	
            "title": {"text":"Return to Suit"},
			"icon": {"type": "texture", "texture": "albedo:textures/gui/abilities/escapesuit.png"},
            "bar_color": "black",
			            "conditions": [{
						"type": "lucraftcore:scoreboard_tag", 
						"tag": "SuitR"}],			
			"commands": ["/scoreboard players tag @s add Suit ",
			             "/scoreboard players tag @s remove SuitR ",
						 "playsound minecraft:block.anvil.destroy master @s ~ ~ ~ ",
						 "execute @e[name=Suit,r=2] ~ ~ ~ /kill @s @e[name=Suit,r=2]",
					     "/superpower @s albedo:prypiatosian_b_suit "]
		},
		"flight": {			
			"ability": "lucraftcore:flight",
			"icon": {"type": "internal"},
            "cooldown": 0,			
            "show_in_bar": true,
            "title": {"text":"Flight"},	
            "bar_color": "red",				
			"speed": 1.0,
            "sprint_speed": 2.5,
			"rotate_arms": false
		},
		"energy_beam": {
			"ability": "heroesexpansion:photon_blast",					
            "cooldown": 200,
            "show_in_bar": true,
            "title": {"text":"Radiation Beam"},
			"icon": {"type": "texture",
				"texture": "albedo:textures/gui/abilities/heat_ray.png"},
            "bar_color": "red",				
            "color": [255, 130, 0]	
		},
		"fireball":{
            "ability": "lucraftcore:command",
            "show_in_bar": true,
			"bar_color": "red",
            "cooldown": 80,
            "title": {"text":"Throw Fireball"},
            "icon": {"type": "texture", "texture": "albedo:textures/gui/abilities/throw_fireball.png"},
            "commands": ["/cast ebwizardry:greater_fireball @p", "/superpowerxp 50 @s"]	
		},
		"eat_uranium": {
			"ability": "the-fifth-world:eat_block",
			"cooldown": 0,
			"show_in_bar": true,
			"title": {"text":"Eat Uranium"},
			"icon": {"type": "texture", "texture": "albedo:textures/gui/abilities/radioactive_icon.png"},
			"bar_color": "red",
			"saturation": 10.0,
			"food": 10,
			"from": "lucraftcore:ore_uranium",
			"to": "minecraft:air"
		},
		"eat_uranium_block": {
			"ability": "the-fifth-world:eat_block",
			"parent_ability": "eat_uranium",
			"cooldown": 0,
			"show_in_bar": false,
			"title": {"translate":"the-fifth-world.abilities.eat_block.name"},
			"icon": {"type": "texture", "texture": "albedo:textures/gui/abilities/radioactive_icon.png"},
			"bar_color": "red",
			"saturation": 10.0,
			"food": 10,
			"from": "lucraftcore:block_uranium",
			"to": "minecraft:air"
		},	
		"health": {		
			"ability": "lucraftcore:health",			
            "show_in_bar": false,		
            "title": {"text":"Health"},					
			"amount": 10,
			"operation": 0		
		},
		"strength": {	
			"ability": "lucraftcore:strength",				
            "show_in_bar": false,		
            "title": {"text":"Strength"},							
			"amount": 12,
			"operation": 0			
		},
		"defense": {
			"ability": "lucraftcore:resistance",			
            "show_in_bar": false,		
            "title": {"text":"Resistance"},						
			"amount": 3,
			"operation": 0			
		},
		"fall_resistance": {
			"ability": "lucraftcore:fall_resistance",
			"show_in_bar": false,
			"title": {"text":"Fall Resistance"},
			"amount": 2000,
			"operation": 0
		},
		"fire_resistance": {
			"ability": "lucraftcore:fire_resistance",			
            "show_in_bar": false,		
            "title": {"text":"Fire Resistance"},						
			"operation": 0	

		},
		"tough_lungs": {
			"ability": "lucraftcore:tough_lungs"

		},
		"water_breathing": {
			"ability": "lucraftcore:water_breathing"				
		},		
		"radiation": {	
	        "ability": "lucraftcore:command_loop",
            "show_in_bar": false,	
            "title": {"text":"Radioactivity"},
			"icon": {"type": "texture", "texture": "albedo:textures/gui/abilities/radioactive_icon.png"},
            "bar_color": "red",				
			"commands": ["effect give @e[rm=1,r=25] lucraftcore:radiation 10 1 true", "particle reddust ~ ~ ~ 1 1 1 0 10"]
		},
		"radiation_immunity":{
			"ability": "the-fifth-world:potion_immunity",
			"potion": "lucraftcore:radiation",
			"title": {"text":"Radiation Immunity"}		
		},
		"freezing_immunity":{
			"ability": "the-fifth-world:potion_immunity",
			"show_in_bar": false,
			"potion": "heroesexpansion:frozen",
			"title": {"text":"Freezing Immunity"},
			"icon": {"type": "texture", "texture": "albedo:textures/gui/abilities/blaze.png"}
		},
		"death_state":{
			"ability": "lucraftcore:command_loop",
			"show_in_bar": false,
			"title": {"text":"Death State"},			
			"icon": {"type": "texture",
				"texture": "albedo:textures/gui/omnitrix_timeout.png"},
			"commands": [
			"execute @s[score_Health=0,score_Health_min=0] ~ ~ ~ /kill @e[name=Suit]",
			"execute @s[score_Health=0,score_Health_min=0,tag=af] ~ ~ ~ /superpower @s albedo:recalibratedomnitrix",
			"execute @s[score_Health=0,score_Health_min=0,tag=ua] ~ ~ ~ /superpower @s albedo:ultimatrix",
            "scoreboard players tag @s[score_Sneak=1,score_Sneak_min=1] add Sneaking",
            "scoreboard players tag @s[score_Sneak=0,score_Sneak_min=0] remove Sneaking",
			"scoreboard players set @s[score_Sneak_min=1] Sneak 0",
			"execute @s[tag=Air] ~ ~ ~ scoreboard players tag @s remove Air",
			"execute @s ~ ~ ~ detect ~ ~-1 ~ water 0 scoreboard players tag @s add Air",
			"execute @s ~ ~ ~ detect ~ ~-1 ~ air 0 scoreboard players tag @s add Air"]
		},
		"timer":{
			"ability": "lucraftcore:command_loop",
			"show_in_bar": false,
			"title": {"text":"Timer"},			
			"icon": {"type": "texture","texture": "albedo:textures/gui/omnitrix_timeout.png"},
			"conditions": [{"type": "lucraftcore:not", 
			            "conditions": [{
						"type": "lucraftcore:scoreboard_tag", 
						"tag": "Master"}]}],
			"commands": ["scoreboard players remove @s Timer 1",
			"scoreboard players set @s[score_Timer=-1,score_Timer_min=-1000000] Timer 1",
			"execute @s[score_Timer=1,score_Timer_min=1,tag=af] ~ ~ ~ /playsound minecraft:custom.recalibratedhuman master @a ~ ~ ~",
			"execute @s[score_Timer=0,score_Timer_min=0,tag=ua] ~ ~ ~ /playsound minecraft:custom.ultimatrixhuman master @a ~ ~ ~",
			"execute @s[score_Timer=0,score_Timer_min=0] ~ ~ ~ /kill @e[name=Suit]",
			"execute @s[score_Timer=0,score_Timer_min=0] ~ ~ ~ /superpower @s albedo:transform_human",
			"superpowerxp 1 @s[tag=0]",
			"superpowerxp 4 @s[tag=20]",
			"superpowerxp 6 @s[tag=35]"]
		}
	}
}	
