{
	"name" : {
		"text": "Scan Mode"
	},

	"icon": {
		"type": "texture",
		"texture": "ben_ten:textures/gui/placeholder_scan.png"
	},
	
	"creative_tab": "albedo",
	
	"max_level": 40,
	
	"capsule_color" : 65280,
	
	"effects": [
        {
            "type": "skin_overlay",
            "texture": "albedo:textures/overlays/ultimatrix/ultimatrix_scan.png",
            "size": 0,
            "glow": false
	    },
		{
            "type": "skin_overlay",
            "texture": "albedo:textures/overlays/ultimatrix/ultimatrix_scan_glow.png",
            "size": 0,
            "glow": true
        }	
    ],

	"abilities": {
	   "scanning": {
			"hidden": true,
			"ability": "lucraftcore:command_loop",
			"show_in_bar": false,
			"title": {"text": "Scanning"},
			"icon": {"type": "texture",
				"texture": "albedo:textures/gui/placeholder_scan.png"},
			"commands": ["scoreboard players add @s Scan 1", 
			"sizechange @s 1 lucraftcore:default",  
			"execute @e[type=creeper,r=5] ~ ~ ~ /scoreboard players tag @p[tag=!Creeper] add Creeper",  
			"execute @e[type=enderman,r=5] ~ ~ ~ /scoreboard players tag @p[tag=!Enderman] add Enderman",  
			"execute @e[type=villager_golem,r=5] ~ ~ ~ /scoreboard players tag @p[tag=!Golem] add Golem",  
			"execute @e[type=heroesexpansion:mjolnir,r=5] ~ ~ ~ /scoreboard players tag @p[tag=!Asgard] add Asgard",  
			"execute @e[type=heroesexpansion:kree,r=5] ~ ~ ~ /scoreboard players tag @p[tag=!Kree] add Kree",  
			"execute @e[type=bat,r=5] ~ ~ ~ /scoreboard players tag @p[tag=!Vladat] add Vladat",  
			"execute @e[type=wolf,r=5] ~ ~ ~ /scoreboard players tag @p[tag=!Loboan] add Loboan",  
			"execute @e[type=husk,r=5] ~ ~ ~ /scoreboard players tag @p[tag=!Khufan] add Khufan",			  
			"execute @e[type=zombie_villager,r=5] ~ ~ ~ /scoreboard players tag @p[tag=!Transylian] add Transylian"]
		}, 
	   "end_scan": {
			"hidden": true,
			"ability": "lucraftcore:command_loop",
			"show_in_bar": false,
			"title": {"text": "Scanning"},
			"icon": {"type": "texture",
				"texture": "albedo:textures/gui/placeholder_scan.png"},
			"commands": ["execute @s[score_Scan=30,score_Scan_min=30,tag=ov] ~ ~ ~ /playsound minecraft:custom.ov_playlist master @a ~ ~ ~",
			"execute @s[score_Scan=30,score_Scan_min=30,tag=os] ~ ~ ~ /playsound minecraft:custom.omnitrixactivate master @a ~ ~ ~", 
			"execute @s[score_Scan=30,score_Scan_min=30,tag=ua] ~ ~ ~ /playsound minecraft:custom.ultimatrix_switch master @a ~ ~ ~",			
			"execute @s[score_Scan=30,score_Scan_min=30,tag=os] ~ ~ ~ /superpower @s albedo:prototypeomnitrix",			
			"execute @s[score_Scan=30,score_Scan_min=30,tag=ua] ~ ~ ~ /superpower @s albedo:ultimatrix",			
			"execute @s[score_Scan=30,score_Scan_min=30,tag=ov] ~ ~ ~ /superpower @s albedo:completedomnitrix",
			"execute @s[score_Scan=30,score_Scan_min=30] ~ ~ ~ /scoreboard players set @s Scan 0"]
		}, 
		"krypton": {
			"hidden": true,
			"ability": "lucraftcore:command_loop",
			"show_in_bar": false,
			"title": {"text": "Scanning"},
			"icon": {"type": "texture",
				"texture": "albedo:textures/gui/placeholder_scan.png"},
			"conditions": [{"type": "lucraftcore:scoreboard_tag",
			                "tag": "Krypton"},
						    {"type": "lucraftcore:not", 
			                    "conditions": [{
						         "type": "lucraftcore:scoreboard_tag", 
						         "tag": "Scanned"}]}],
			"commands": ["sizechange @s 1 lucraftcore:default",			
			"execute @s[score_Scan=30,score_Scan_min=30,tag=ua] ~ ~ ~ /playsound minecraft:custom.ultimatrix_switch master @a ~ ~ ~",			
			"execute @s[score_Scan=30,score_Scan_min=30,tag=ua] ~ ~ ~ /superpower @s albedo:ultimatrix",
			"execute @s[score_Scan=30,score_Scan_min=30,tag=ua] ~ ~ ~ /scoreboard players set @s Scan 0",
			"execute @s[score_Scan=30,score_Scan_min=30,tag=ua] ~ ~ ~ /scoreboard players tag @s add Scanned"]
		}
	}
}