{
	"name": {
		"text": "Tetramand"
	},

	"icon": {
		"type": "texture",
		"texture": "albedo:textures/gui/recal/tetramand.png"
	},

	"creative_tab": "albedo",
	
	"max_level": 40,
	
	"capsule_color": 3080117,
	
    "effects": [
        {
        "type": "skin_change",
        "texture": "albedo:textures/models/albedo/tetramand.png"
       },
		{
            "type": "skin_overlay",
            "texture": "albedo:textures/overlays/glow/tetramand_glow.png",
            "size": 0,
            "glow": true,
            "conditions": [
            	{
            		"type": "always"
            	}
            ]
       }
    ],
	
	"abilities": {
		"big_size": {
			"ability": "lucraftcore:command_loop",
			"show_in_bar": false,
			"title": {"text": "Big Size"},
			"icon": {"type": "internal"},
			"commands": ["sizechange @s 2 lucraftcore:default"]
       },
		"health": {		
			"ability": "lucraftcore:health",			
            "show_in_bar": false,		
            "title": {"text":"Health"},					
			"amount": 10,
			"operation": 0		
		},
		"strength": {	
			"ability": "lucraftcore:strength",				
            "show_in_bar": false,		
            "title": {"text":"Strength"},							
			"amount": 25,
			"operation": 0			
		},
		"defense": {
			"ability": "lucraftcore:resistance",			
            "show_in_bar": false,		
            "title": {"text":"Resistance"},						
			"amount": 14,
			"operation": 0			
		},
		"fall_resistance": {
			"ability": "lucraftcore:fall_resistance",
			"show_in_bar": false,
			"title": {"text":"Fall Resistance"},
			"amount": 200,
			"operation": 0
		},
		"radiation_protection": {
            "ability": "the-fifth-world:potion_immunity",
            "show_in_bar": false,
            "title": {"text":"Radiation Protection"},
            "icon": {"type": "internal"},
            "potion": "lucraftcore:radiation"
       },
		"toggle_jump": {
            "ability": "lucraftcore:toggle_power",
			"required_level": 10,
            "cooldown": 0,
            "show_in_bar": true,
            "title": {"text":"Toggle Jump"},
            "icon": {"type": "texture", "texture": "albedo:textures/gui/abilities/jump.png"},
            "bar_color": "red"
       },
		"jump_boost": {
            "ability": "lucraftcore:jump_boost",
            "show_in_bar": false,
			"required_ability": "toggle_jump",
            "title": {"translate":"lucraftcore.abilities.jump_boost.name"},
            "icon": {"type": "internal"},
            "amount": 12.0,
            "operation": 0
       },
		"wall_crawling": {
            "ability": "heroesexpansion:wall_crawling",
            "cooldown": 0,
            "show_in_bar": true,
            "title": {"translate":"heroesexpansion.abilities.wall_crawling.name"},
            "icon": {"type": "internal"},
            "bar_color": "red"
       },
		"wall_crawling_xp": {
            "ability": "lucraftcore:command",
            "cooldown": 0,
			"parent_ability": "wall_crawling",
            "show_in_bar": false,
            "title": {"text":"Wall Crawling XP"},
            "icon": {"type": "internal"},
            "conditions": [{
			    "type": "ability_enabled",
				"ability": "heroesexpansion:wall_crawling"}],
		    "commands": ["/superpowerxp 50 @s"]
		},
		"tetramand_punch": {
			"ability": "lucraftcore:set_punch",
			"required_level": 5,
			"icon": {"type": "texture", "texture": "albedo:textures/gui/abilities/tetramandbig_punch.png"},
			"cooldown": 75,
			"damage": 45,
            "reach_distance": 6.0,
            "arm": 0,			
            "show_in_bar": true,
            "title": {"text":"Power Punch"},
            "bar_color": "red"
		},
		"tetramand_punch_xp": {
            "ability": "lucraftcore:command",
            "cooldown": 0,
			"parent_ability": "tetramand_punch",
            "show_in_bar": false,
            "title": {"text":"Big Punch XP"},
            "icon": {"type": "internal"},
            "conditions": [{
			    "type": "ability_enabled",
				"ability": "lucraftcore:set_punch"}],
		    "commands": ["/superpowerxp 50 @s"]
		},
		"throw_boulder":{
            "ability": "lucraftcore:command",
            "show_in_bar": true,
			"bar_color": "red",
            "cooldown": 400,
            "title": {"text":"Throw Boulder"},
            "icon": {"type": "texture", "texture": "albedo:textures/gui/abilities/boulder_throw.png"},
            "commands": ["/cast ebwizardry:boulder @p", "/stopsound @s player ebwizardry:spell.boulder", "/superpowerxp 50 @s"],
            "conditions": [{"type": "lucraftcore:not", 
			            "conditions": [{
						"type": "lucraftcore:scoreboard_tag", 
						"tag": "Air"}]}]
		},
		"shockwave":{
            "ability": "lucraftcore:command",
			"required_level": 10,
            "cooldown": 200,
            "show_in_bar": true,
			"bar_color": "red",
            "title": {"text":"Shockwave"},
            "icon": {"type": "texture", "texture": "albedo:textures/gui/abilities/tetramandgroundslam.png"},
            "commands": ["/cast ebwizardry:shockwave @p", "/superpowerxp 50 @s"],
			"conditions": [{
						"type": "lucraftcore:scoreboard_tag", 
						"tag": "Sneaking"}]
		},
		"thunderclap": {	
	        "ability": "the-fifth-world:screech",
			"cooldown": 10,
			"required_level": 15,		
            "show_in_bar": true,	
            "title": {"text":"Thunderclap"},
			"icon": {"type": "texture", "texture": "albedo:textures/gui/abilities/tetramand_thunderclap.png"},
            "bar_color": "red",
            "damage": 10.0,
			"conditions": [{"type": "lucraftcore:not", 
			            "conditions": [{
						"type": "lucraftcore:scoreboard_tag", 
						"tag": "Sneaking"}]}]
		},
		"thunderclap_effect": {	
	        "ability": "lucraftcore:command",
			"parent_ability": "thunderclap",
			"cooldown": 0,
            "show_in_bar": false,	
            "title": {"text":"Thunderclap"},
			"icon": {"type": "texture", "texture": "albedo:textures/gui/abilities/tetramand_thunderclap.png"},
            "bar_color": "red",				
			"commands": ["/superpowerxp 20 @s", "/playsound ebwizardry:spell.shockwave master @a[r=20] ~ ~ ~"]
		},
		"earthquake": {	
	        "ability": "lucraftcore:command",
			"required_level": 35,		
			"cooldown": 500,
            "show_in_bar": true,	
            "title": {"text":"Earthquake"},
			"icon": {"type": "texture", "texture": "albedo:textures/gui/abilities/earthquake.png"},
            "bar_color": "red",				
			"commands": ["/cast ebwizardry:earthquake @p", "/superpowerxp 150 @s"]
		},
		"death_state":{
			"ability": "lucraftcore:command_loop",
			"show_in_bar": false,
			"title": {"text":"Death State"},			
			"icon": {"type": "texture",
				"texture": "albedo:textures/gui/omnitrix_timeout.png"},
			"commands": ["execute @s[score_Health=0,score_Health_min=0,tag=af] ~ ~ ~ /superpower @s albedo:recalibratedomnitrix",
			"execute @s[score_Health=0,score_Health_min=0,tag=ua] ~ ~ ~ /superpower @s albedo:ultimatrix",
            "scoreboard players tag @s[score_Sneak=1,score_Sneak_min=1] add Sneaking",
            "scoreboard players tag @s[score_Sneak=0,score_Sneak_min=0] remove Sneaking",
			"scoreboard players set @s[score_Sneak_min=1] Sneak 0",
			"execute @s[tag=Air] ~ ~ ~ scoreboard players tag @s remove Air",
			"execute @s ~ ~ ~ detect ~ ~-1 ~ water 0 scoreboard players tag @s add Air",
			"execute @s ~ ~ ~ detect ~ ~-1 ~ air 0 scoreboard players tag @s add Air"]
		},
		"timer":{
			"ability": "lucraftcore:command_loop",
			"show_in_bar": false,
			"title": {"text":"Timer"},			
			"icon": {"type": "texture","texture": "albedo:textures/gui/omnitrix_timeout.png"},
			"conditions": [{"type": "lucraftcore:not", 
			            "conditions": [{
						"type": "lucraftcore:scoreboard_tag", 
						"tag": "Master"}]}],
			"commands": ["scoreboard players remove @s Timer 1",
			"scoreboard players set @s[score_Timer=-1,score_Timer_min=-1000000] Timer 1",
			"execute @s[score_Timer=1,score_Timer_min=1,tag=af] ~ ~ ~ /playsound minecraft:custom.recalibratedhuman master @a ~ ~ ~",
			"execute @s[score_Timer=0,score_Timer_min=0,tag=ua] ~ ~ ~ /playsound minecraft:custom.ultimatrixhuman master @a ~ ~ ~",
			"execute @s[score_Timer=0,score_Timer_min=0] ~ ~ ~ /superpower @s albedo:transform_human",
			"superpowerxp 1 @s[tag=0]",
			"superpowerxp 4 @s[tag=20]",
			"superpowerxp 6 @s[tag=35]"]
		},
		"base": {	
	        "ability": "lucraftcore:command",		
            "show_in_bar": true,	
            "title": {"text":"Base Form"},
			"icon": {"type": "texture", "texture": "albedo:textures/gui/omnitrix_red.png"},
            "bar_color": "red",
			"conditions": [{
						"type": "lucraftcore:scoreboard_tag", 
						"tag": "Sneaking"}],
			"commands": ["superpower @s albedo:transform_human", 
			"execute @s[tag=af] ~ ~ ~ /playsound minecraft:custom.recalibratedhuman master @a ~ ~ ~",
			"execute @s[tag=ua] ~ ~ ~ /playsound minecraft:custom.ultimatrixhuman master @a ~ ~ ~"]
		}
	}
}