{
	"name": {
		"text": "Thep Khufan"
	},

	"icon": {
		"type": "texture",
		"texture": "albedo:textures/gui/recal/thep_khufan.png"
		
	},

	"creative_tab": "ben10",
	
	"max_level": 40,
	
	"capsule_color": 3080117,
	
    "effects": [
        {
            "type": "skin_change",
            "texture": "albedo:textures/models/albedo/thep_khufan.png"
       },
		{
            "type": "skin_overlay",
            "texture": "albedo:textures/overlays/glow/thep_khufan_glow.png",
            "size": 0,
            "glow": true,
            "conditions": [
            	{
            		"type": "always"
            	}
            ]
       }
    ],
	
	"abilities": {
	   	"gain": {
            "ability": "lucraftcore:command_on_gain",
            "show_in_bar": false,
            "title": {"translate":"lucraftcore.abilities.command_on_gain.name"},
            "icon": {"type": "internal"},
            "commands": ["scoreboard objectives add BrakeB dummy"]
        },
		"lose": {
            "ability": "lucraftcore:command_on_lose",
            "show_in_bar": false,
            "title": {"translate":"lucraftcore.abilities.command_on_lose.name"},
            "icon": {"type": "internal"},
            "commands": ["scoreboard objectives remove BrakeB dummy"]
	    },
		"size": {
			"ability": "lucraftcore:command_loop",
			"show_in_bar": false,
			"title": {"text": "Size"},
			"icon": {"type": "texture", "texture": "albedo:textures/gui/prototype/omnitrix.png"},
			"commands": ["sizechange @s 1.4",
			"effect @s minecraft:night_vision 1000000 1 true",
			"/execute @e[tag=thepPunch] ~ ~ ~ particle fallingdust ~ ~0 ~ 0.1 0.1 0.1 0 50 force @p 5 ",
			"/execute @e[tag=thepPunch] ~ ~ ~ particle fallingdust ~ ~0 ~ 0.1 0.1 0.1 0 50 force @p ",
			"/execute @e[tag=thepPunch,rm=9,r=10] ~ ~ ~ kill @e[tag=thepPunch]"]
        },
		"health": {		
			"ability": "lucraftcore:health",			
            "show_in_bar": false,		
            "title": {"text":"Health"},					
			"amount": 10		
		},
		"strength": {	
			"ability": "lucraftcore:strength",				
            "show_in_bar": false,		
            "title": {"text":"Strength"},							
			"amount": 10			
		},
		"fall_resistance": {
			"ability": "lucraftcore:fall_resistance",
			"show_in_bar": false,
			"title": {"text":"Fall Resistance"},
			"amount": 2000
		},
		"jump": {
			"ability": "lucraftcore:jump_boost",			
            "show_in_bar": false,		
            "title": {"text":"Jump Boost"},									
			"amount": 3	
		},
		"defense": {
			"ability": "lucraftcore:resistance",			
            "show_in_bar": false,		
            "title": {"text":"Resistance"},						
			"amount": 12			
		},
		"radiation_protection": {
            "ability": "the-fifth-world:potion_immunity",
            "show_in_bar": false,
            "title": {"text":"Radiation Protection"},
            "icon": {"type": "internal"},
            "potion": "lucraftcore:radiation"
        },
        "tough_lungs": {
            "ability": "lucraftcore:tough_lungs",
            "show_in_bar": false,
            "title": {"translate":"lucraftcore.abilities.tough_lungs.name"},
            "icon": {"type": "internal"}
        },
		"long_range_punch": {
			"ability": "lucraftcore:set_punch",
			"cooldown": 20,
			"show_in_bar": true,
			"title": {"translate":"lucraftcore.abilities.set_punch.name"},
			"icon": {"type": "texture",
				"texture": "albedo:textures/gui/abilities/thep_khufan_punch.png"},
			"bar_color": "red",
			"arm":0,
			"reach_distance": 10.0,
			"damage": 14.0
		},
		"blastkhu": {
			"ability": "lucraftcore:energy_blast",	
			"parent_ability": "long_range_punch",
			"show_in_bar": false,
			"color": [0, 255, 0],
			"damage": 0,
			"play_sound": false,
			"invisible": true,
			"title": {"translate":"particles"},
			"bar_color": "red",
			"icon": {"type": "internal"}
		},
		"long_range_punch_xp": {
            "ability": "lucraftcore:command",
			"parent_ability": "long_range_punch",
            "title": {"text":"Long Range Punch XP"},
			"icon": {"type": "texture",
				"texture": "albedo:textures/gui/abilities/webbing.png"},
			"bar_color": "red",
			"show_in_bar": false,
            "conditions": [{
			    "type": "ability_enabled",
				"ability": "lucraftcore:set_punch"}],
		    "commands": ["superpowerxp 50 @s","/scoreboard players tag @e[type=lucraftcore:energy_blast] add thepPunch "]
		},
		"bind_punch": {
			"ability": "lucraftcore:set_punch",
			"cooldown": 200,
			"show_in_bar": true,
			"title": {"text":"Bind"},
			"icon": {"type": "texture",
				"texture": "albedo:textures/gui/abilities/bind.png"},
			"bar_color": "red",
			"arm": 3,
			"reach_distance": 1.0,
			"damage": 0.0
		},
		"bind_attack": {
            "ability": "lucraftcore:command",
			"parent_ability": "bind_punch",
			"cooldown": 300,
            "show_in_bar": false,
			"title": {"text":"Binding Trap"},
			"icon": {"type": "texture",
				"texture": "albedo:textures/gui/abilities/bind.png"}, 
			"bar_color": "red",
            "commands": ["execute @e[rm=1,r=8] ~ ~ ~ summon armor_stand ~ ~ ~ {CustomName:\"BIND\",Invisible:1,NoGravity:1}",
					     "execute @e[name=BIND] ~ ~ ~ /replaceitem entity @e[name=BIND] slot.armor.head ben_ten:bindings_chest ",
						 "execute @e[name=BIND] ~ ~ ~ /replaceitem entity @e[name=BIND] slot.armor.chest ben_ten:bindings_chest ", 
						 "execute @e[name=BIND] ~ ~1.2 ~ /particle blockcrack ~ ~ ~ 0.4 0.4 0.4 1 400 force @a 012 ", 
						 "/scoreboard players tag @s add Brake",
						 "/scoreboard players set @s BrakeB 1",
                         "superpowerxp 100 @s"]	
		},
		"commands": {
			"ability": "lucraftcore:command_loop",
			"show_in_bar": false,
			"title": {"text":"cm"},
			"icon": { "type": "internal" },
			"commands": [
						 "execute @s[tag=Brake] ~ ~ ~ /scoreboard players add @s BrakeB 1",
						 "execute @s[score_BrakeB=260,score_BrakeB_min=210] ~ ~ ~  /tp @e[name=BIND] ~ ~-0.04 ~",
	                     "execute @e[name=BIND] ~ ~ ~ /effect @e[r=2] minecraft:nausea 10 1 true",
                         "execute @e[name=BIND] ~ ~ ~ /effect @e[r=2] minecraft:mining_fatigue 1 10 true",  
						 "execute @e[name=BIND] ~ ~ ~ /effect @e[r=2] minecraft:slowness 1 20 true",	
			             "execute @p[tag=Brake,score_BrakeB=260,score_BrakeB_min=260] ~ ~ ~ kill @e[name=BIND,r=20]",
			             "execute @p[tag=Brake,score_BrakeB=261,score_BrakeB_min=261] ~ ~ ~ /scoreboard players tag @s remove Brake"]			 
		},
		"radiation": {	
	        "ability": "lucraftcore:toggle_power",
            "show_in_bar": true,	
            "title": {"text":"Release Radiation"},
			"icon": {"type": "texture", "texture": "albedo:textures/gui/abilities/radioactive_icon.png"},
            "bar_color": "red"			
		},
		"radioactive":{
			"ability": "lucraftcore:command_loop",
			"parent_ability": "radiation",
			"title": {"text": "Radioactive"},
			"icon": {"type": "texture",
				"texture": "albedo:textures/gui/abilities/radioactive_icon.png"},
			"commands": ["execute @e[rm=1,r=10] ~ ~ ~ effect @s lucraftcore:radiation 1 3"]
		},
		"death_state":{
			"ability": "lucraftcore:command_loop",
			"show_in_bar": false,
			"title": {"text":"Death State"},			
			"icon": {"type": "texture",
				"texture": "albedo:textures/gui/omnitrix_timeout.png"},
			"commands": [
			"execute @s[score_Health=0,score_Health_min=0] ~ ~ ~ kill @e[name=BIND,r=100]",
			"execute @s[score_Health=0,score_Health_min=0,tag=af] ~ ~ ~ /superpower @s albedo:recalibratedomnitrix",
			"execute @s[score_Health=0,score_Health_min=0,tag=ua] ~ ~ ~ /superpower @s albedo:ultimatrix",
            "scoreboard players tag @s[score_Sneak=1,score_Sneak_min=1] add Sneaking",
            "scoreboard players tag @s[score_Sneak=0,score_Sneak_min=0] remove Sneaking",
			"scoreboard players set @s[score_Sneak_min=1] Sneak 0",
			"execute @s[tag=Air] ~ ~ ~ scoreboard players tag @s remove Air",
			"execute @s ~ ~ ~ detect ~ ~-1 ~ water 0 scoreboard players tag @s add Air",
			"execute @s ~ ~ ~ detect ~ ~-1 ~ air 0 scoreboard players tag @s add Air"]
		},
		"timer":{
			"ability": "lucraftcore:command_loop",
			"show_in_bar": false,
			"title": {"text":"Timer"},			
			"icon": {"type": "texture","texture": "albedo:textures/gui/omnitrix_timeout.png"},
			"conditions": [{"type": "lucraftcore:not", 
			            "conditions": [{
						"type": "lucraftcore:scoreboard_tag", 
						"tag": "Master"}]}],
			"commands": ["scoreboard players remove @s Timer 1",
			"scoreboard players set @s[score_Timer=-1,score_Timer_min=-1000000] Timer 1",
			"execute @s[score_Timer=1,score_Timer_min=1,tag=af] ~ ~ ~ /playsound minecraft:custom.recalibratedhuman master @a ~ ~ ~",
			"execute @s[score_Timer=0,score_Timer_min=0,tag=ua] ~ ~ ~ /playsound minecraft:custom.ultimatrixhuman master @a ~ ~ ~",
			"execute @s[score_Timer=0,score_Timer_min=0] ~ ~ ~ kill @e[name=BIND,r=100]",
			"execute @s[score_Timer=0,score_Timer_min=0] ~ ~ ~ /superpower @s albedo:transform_human",
			"superpowerxp 1 @s[tag=0]",
			"superpowerxp 4 @s[tag=20]",
			"superpowerxp 6 @s[tag=35]"]
		},
		"base": {	
	        "ability": "lucraftcore:command",		
            "show_in_bar": true,	
            "title": {"text":"Base Form"},
			"icon": {"type": "texture", "texture": "albedo:textures/gui/omnitrix_red.png"},
            "bar_color": "red",
			"conditions": [{
						"type": "lucraftcore:scoreboard_tag", 
						"tag": "Sneaking"}],
			"commands": [ 
			"kill @e[name=BIND,r=100]", 
			"superpower @s albedo:transform_human", 
			"execute @s[tag=af] ~ ~ ~ /playsound minecraft:custom.recalibratedhuman master @a ~ ~ ~",
			"execute @s[tag=ua] ~ ~ ~ /playsound minecraft:custom.ultimatrixhuman master @a ~ ~ ~"]
		}
	}
}