{
	"name": {"text": "Transforming"},
	"icon": {"type": "texture","texture": "albedo:textures/gui/omnitrix_red.png"},
	"creative_tab": "albedo",	
    "effects": [
        {"type": "skin_change","texture": "albedo:textures/models/albedo/transform.png"},
        {"type": "glowing_hand","color": [0.80, 0, 0.13],"size": 8},
		{"type": "skin_overlay","texture": "albedo:textures/overlays/glow/failsafe_glow.png","size": 0.11,"glow": true,"conditions": [{"type": "always"}]}
    ],
	
	"abilities": {
		"gain_reset_ua": {
            "ability": "lucraftcore:command_on_gain",
            "show_in_bar": false,
            "title": {"translate":"Background Commands"},
            "icon": { "type": "internal" },
            "commands": ["scoreboard players set @s Transform 0"]
        },
		"lose_reset_ua": {
            "ability": "lucraftcore:command_on_lose",
            "show_in_bar": false,
            "title": {"translate":"Background Commands"},
            "icon": { "type": "internal" },
            "commands": ["scoreboard players set @s Transform 0"]
        },
	    "transformation_size_ua": {
			"ability": "lucraftcore:command_loop",
			"commands": ["scoreboard players add @s Transform 1",
			"execute @s[tag=Chronosapien] ~ ~ ~ /sizechange @s 1.2",
			"execute @s[tag=Geochelone_Aerio] ~ ~ ~ /sizechange @s 1.1",
			"execute @s[tag=Oryctini] ~ ~ ~ /sizechange @s 1.2",
			"execute @s[tag=Planchakule] ~ ~ ~ /sizechange @s 0.5",
			"execute @s[tag=Prypiatosian_B] ~ ~ ~ /sizechange @s 1.2",
			"execute @s[tag=Talpaedan] ~ ~ ~ /sizechange @s 1.7",
			"execute @s[tag=U_Celestialsapien] ~ ~ ~ /sizechange @s 1.5",
			"execute @s[tag=U_Galvanic_Mechamorph] ~ ~ ~ /sizechange @s 1.2"]
		},
	    "transformation_ua_1": {
			"ability": "lucraftcore:command_loop",
			"commands": ["execute @s[score_Transform=25,score_Transform_min=25,tag=Amperi] ~ ~ ~ /superpower @s albedo:amperi",
			"execute @s[score_Transform=25,score_Transform_min=25,tag=Amperi] ~ ~ ~ /scoreboard players tag @s remove Amperi",
			"execute @s[score_Transform=25,score_Transform_min=25,tag=Asgardian] ~ ~ ~ /superpower @s albedo:asgardian",
			"execute @s[score_Transform=25,score_Transform_min=25,tag=Asgardian] ~ ~ ~ /scoreboard players tag @s remove Asgardian",
			"execute @s[score_Transform=25,score_Transform_min=25,tag=Chronosapien] ~ ~ ~ /superpower @s albedo:chronosapien",
			"execute @s[score_Transform=25,score_Transform_min=25,tag=Chronosapien] ~ ~ ~ /scoreboard players tag @s remove Chronosapien",
			"execute @s[score_Transform=25,score_Transform_min=25,tag=Citrakayah] ~ ~ ~ /superpower @s albedo:citrakayah",
			"execute @s[score_Transform=25,score_Transform_min=25,tag=Citrakayah] ~ ~ ~ /scoreboard players tag @s remove Citrakayah",
			"execute @s[score_Transform=25,score_Transform_min=25,tag=Geochelone_Aerio] ~ ~ ~ /superpower @s albedo:geochelone_aerio",
			"execute @s[score_Transform=25,score_Transform_min=25,tag=Geochelone_Aerio] ~ ~ ~ /scoreboard players tag @s remove Geochelone_Aerio",
			"execute @s[score_Transform=25,score_Transform_min=25,tag=KreeT] ~ ~ ~ /superpower @s albedo:kree",
			"execute @s[score_Transform=25,score_Transform_min=25,tag=KreeT] ~ ~ ~ /scoreboard players tag @s remove KreeT",
			"execute @s[score_Transform=25,score_Transform_min=25,tag=Kryptonian] ~ ~ ~ /superpower @s albedo:kryptonian",
			"execute @s[score_Transform=25,score_Transform_min=25,tag=Kryptonian] ~ ~ ~ /scoreboard players tag @s remove Kryptonian",
			"execute @s[score_Transform=25,score_Transform_min=25,tag=Merlinisapien] ~ ~ ~ /superpower @s albedo:merlinisapien",
			"execute @s[score_Transform=25,score_Transform_min=25,tag=Merlinisapien] ~ ~ ~ /scoreboard players tag @s remove Merlinisapien",
			"execute @s[score_Transform=25,score_Transform_min=25,tag=Orishan] ~ ~ ~ /superpower @s albedo:orishan",
			"execute @s[score_Transform=25,score_Transform_min=25,tag=Orishan] ~ ~ ~ /scoreboard players tag @s remove Orishan",
			"execute @s[score_Transform=25,score_Transform_min=25,tag=Oryctini] ~ ~ ~ /superpower @s albedo:oryctini",
			"execute @s[score_Transform=25,score_Transform_min=25,tag=Oryctini] ~ ~ ~ /scoreboard players tag @s remove Oryctini",
			"execute @s[score_Transform=25,score_Transform_min=25,tag=Planchakule] ~ ~ ~ /superpower @s albedo:planchakule",
			"execute @s[score_Transform=25,score_Transform_min=25,tag=Planchakule] ~ ~ ~ /scoreboard players tag @s remove Planchakule",
			"execute @s[score_Transform=25,score_Transform_min=25,tag=Prypiatosian_B] ~ ~ ~ /superpower @s albedo:prypiatosian_b_suit",
			"execute @s[score_Transform=25,score_Transform_min=25,tag=Prypiatosian_B] ~ ~ ~ /scoreboard players tag @s remove Prypiatosian_B",
			"execute @s[score_Transform=25,score_Transform_min=25,tag=Talpaedan] ~ ~ ~ /superpower @s albedo:talpaedan",
			"execute @s[score_Transform=25,score_Transform_min=25,tag=Talpaedan] ~ ~ ~ /scoreboard players tag @s remove Talpaedan",
			"execute @s[score_Transform=25,score_Transform_min=25,tag=U_Celestialsapien] ~ ~ ~ /superpower @s albedo:u_celestialsapien_new",
			"execute @s[score_Transform=25,score_Transform_min=25,tag=U_Celestialsapien] ~ ~ ~ /scoreboard players tag @s remove U_Celestialsapien",
			"execute @s[score_Transform=25,score_Transform_min=25,tag=U_Galvanic_Mechamorph] ~ ~ ~ /superpower @s albedo:u_galvanic_mechamorph",
			"execute @s[score_Transform=25,score_Transform_min=25,tag=U_Galvanic_Mechamorph] ~ ~ ~ /scoreboard players tag @s remove U_Galvanic_Mechamorph"]
		}
	}
}