{
	"name": {"text": "Transforming"},
	"icon": {"type": "texture","texture": "albedo:textures/gui/gui_icon.png"},
	"creative_tab": "albedo",	
    "effects": [
        {"type": "skin_change","texture": "albedo:textures/models/albedo/transform.png"},
        {"type": "glowing_hand","color": [0.80, 0, 0.13],"size": 8},
		{"type": "skin_overlay","texture": "albedo:textures/overlays/glow/failsafe_glow.png","size": 0.11,"glow": true,"conditions": [{"type": "always"}]}
    ],
	
	"abilities": {
		"gain_reset_os": {
            "ability": "lucraftcore:command_on_gain",
            "show_in_bar": false,
            "title": {"translate":"Background Commands"},
            "icon": { "type": "internal" },
            "commands": ["scoreboard players set @s Transform 0"]
        },
		"lose_reset_os": {
            "ability": "lucraftcore:command_on_lose",
            "show_in_bar": false,
            "title": {"translate":"Background Commands"},
            "icon": { "type": "internal" },
            "commands": ["scoreboard players set @s Transform 0"]
        },
	    "transformation_size_os": {
			"ability": "lucraftcore:command_loop",
			"commands": ["scoreboard players add @s Transform 1",
			"execute @s[tag=Arburian_Pelarota] ~ ~ ~ /sizechange @s 1.5",
			"execute @s[tag=ConductoidT] ~ ~ ~ /sizechange @s 1.2",
			"execute @s[tag=FloraunaT] ~ ~ ~ /sizechange @s 1.3",
			"execute @s[tag=Galvan] ~ ~ ~ /sizechange @s 0.3",
			"execute @s[tag=Galvanic_Mechamorph] ~ ~ ~ /sizechange @s 1.2",
			"execute @s[tag=LoboanT] ~ ~ ~ /sizechange @s 1.2",
			"execute @s[tag=NosedeenianT] ~ ~ ~ /sizechange @s 0.4",
			"execute @s[tag=Perk_Gourmand] ~ ~ ~ /sizechange @s 0.7",
			"execute @s[tag=Petrosapien] ~ ~ ~ /sizechange @s 1.3",
			"execute @s[tag=Piscciss_Volan] ~ ~ ~ /sizechange @s 1.1",
			"execute @s[tag=Sphoeroid] ~ ~ ~ /sizechange @s 1.3",
			"execute @s[tag=Splixson] ~ ~ ~ /sizechange @s 0.8",
			"execute @s[tag=Tetramand] ~ ~ ~ /sizechange @s 2",
			"execute @s[tag=Thep_KhufanT] ~ ~ ~ /sizechange @s 1.4",
			"execute @s[tag=Tokustar] ~ ~ ~ /sizechange @s 12",
			"execute @s[tag=TransylianT] ~ ~ ~ /sizechange @s 1.5",
			"execute @s[tag=UArburian_Pelarota] ~ ~ ~ /sizechange @s 1.5",
			"execute @s[tag=UTokustar] ~ ~ ~ /sizechange @s 16",
			"execute @s[tag=UVulpimancer] ~ ~ ~ /sizechange @s 1"]
		},
	    "transformation_os_1": {
			"ability": "lucraftcore:command_loop",
			"commands": ["execute @s[score_Transform=25,score_Transform_min=25,tag=Arburian_Pelarota] ~ ~ ~ /superpower @s albedo:arburian_pelarota",
			"execute @s[score_Transform=25,score_Transform_min=25,tag=Arburian_Pelarota] ~ ~ ~ /scoreboard players tag @s remove Arburian_Pelarota",
			"execute @s[score_Transform=25,score_Transform_min=25,tag=ConductoidT] ~ ~ ~ /superpower @s albedo:conductoid",
			"execute @s[score_Transform=25,score_Transform_min=25,tag=ConductoidT] ~ ~ ~ /scoreboard players tag @s remove ConductoidT",
			"execute @s[score_Transform=25,score_Transform_min=25,tag=Ectonurite] ~ ~ ~ /superpower @s albedo:ectonurite",
			"execute @s[score_Transform=25,score_Transform_min=25,tag=Ectonurite] ~ ~ ~ /scoreboard players tag @s remove Ectonurite",
			"execute @s[score_Transform=25,score_Transform_min=25,tag=FloraunaT] ~ ~ ~ /superpower @s albedo:florauna",
			"execute @s[score_Transform=25,score_Transform_min=25,tag=FloraunaT] ~ ~ ~ /scoreboard players tag @s remove FloraunaT",
			"execute @s[score_Transform=25,score_Transform_min=25,tag=Galvan] ~ ~ ~ /superpower @s albedo:galvan",
			"execute @s[score_Transform=25,score_Transform_min=25,tag=Galvan] ~ ~ ~ /scoreboard players tag @s remove Galvan",
			"execute @s[score_Transform=25,score_Transform_min=25,tag=Galvanic_Mechamorph] ~ ~ ~ /superpower @s albedo:galvanic_mechamorph",
			"execute @s[score_Transform=25,score_Transform_min=25,tag=Galvanic_Mechamorph] ~ ~ ~ /scoreboard players tag @s remove Galvanic_Mechamorph",
			"execute @s[score_Transform=25,score_Transform_min=25,tag=Kineceleran] ~ ~ ~ /superpower @s albedo:kineceleran",
			"execute @s[score_Transform=25,score_Transform_min=25,tag=Kineceleran] ~ ~ ~ /scoreboard players tag @s remove Kineceleran",
			"execute @s[score_Transform=25,score_Transform_min=25,tag=Lepidopterran] ~ ~ ~ /superpower @s albedo:lepidopterran",
			"execute @s[score_Transform=25,score_Transform_min=25,tag=Lepidopterran] ~ ~ ~ /scoreboard players tag @s remove Lepidopterran",
			"execute @s[score_Transform=25,score_Transform_min=25,tag=LoboanT] ~ ~ ~ /superpower @s albedo:loboan",
			"execute @s[score_Transform=25,score_Transform_min=25,tag=LoboanT] ~ ~ ~ /scoreboard players tag @s remove LoboanT",
			"execute @s[score_Transform=25,score_Transform_min=25,tag=NosedeenianT] ~ ~ ~ /superpower @s albedo:nosedeenian",
			"execute @s[score_Transform=25,score_Transform_min=25,tag=NosedeenianT] ~ ~ ~ /scoreboard players tag @s remove NosedeenianT"]
		},
		"transformation_os_2": {
			"ability": "lucraftcore:command_loop",
			"commands": ["execute @s[score_Transform=25,score_Transform_min=25,tag=OpticoidT] ~ ~ ~ /superpower @s albedo:opticoid",
			"execute @s[score_Transform=25,score_Transform_min=25,tag=OpticoidT] ~ ~ ~ /scoreboard players tag @s remove OpticoidT",
			"execute @s[score_Transform=25,score_Transform_min=25,tag=Perk_Gourmand] ~ ~ ~ /superpower @s albedo:perk_gourmand",
			"execute @s[score_Transform=25,score_Transform_min=25,tag=Perk_Gourmand] ~ ~ ~ /scoreboard players tag @s remove Perk_Gourmand",
			"execute @s[score_Transform=25,score_Transform_min=25,tag=Petrosapien] ~ ~ ~ /superpower @s albedo:petrosapien",
			"execute @s[score_Transform=25,score_Transform_min=25,tag=Petrosapien] ~ ~ ~ /scoreboard players tag @s remove Petrosapien",
			"execute @s[score_Transform=25,score_Transform_min=25,tag=Piscciss_Volan] ~ ~ ~ /superpower @s albedo:piscciss_volan",
			"execute @s[score_Transform=25,score_Transform_min=25,tag=Piscciss_Volan] ~ ~ ~ /scoreboard players tag @s remove Piscciss_Volan",
			"execute @s[score_Transform=25,score_Transform_min=25,tag=Polar_Manzardill] ~ ~ ~ /superpower @s albedo:polar_manzardill",
			"execute @s[score_Transform=25,score_Transform_min=25,tag=Polar_Manzardill] ~ ~ ~ /scoreboard players tag @s remove Polar_Manzardill",
			"execute @s[score_Transform=25,score_Transform_min=25,tag=Pyronite] ~ ~ ~ /superpower @s albedo:pyronite",
			"execute @s[score_Transform=25,score_Transform_min=25,tag=Pyronite] ~ ~ ~ /scoreboard players tag @s remove Pyronite",
			"execute @s[score_Transform=25,score_Transform_min=25,tag=SphoeroidT] ~ ~ ~ /superpower @s albedo:sphoeroid",
			"execute @s[score_Transform=25,score_Transform_min=25,tag=SphoeroidT] ~ ~ ~ /scoreboard players tag @s remove SphoeroidT",
			"execute @s[score_Transform=25,score_Transform_min=25,tag=Splixson] ~ ~ ~ /superpower @s albedo:splixson",
			"execute @s[score_Transform=25,score_Transform_min=25,tag=Splixson] ~ ~ ~ /scoreboard players tag @s remove Splixson",
			"execute @s[score_Transform=25,score_Transform_min=25,tag=Tetramand] ~ ~ ~ /superpower @s albedo:tetramand",
			"execute @s[score_Transform=25,score_Transform_min=25,tag=Tetramand] ~ ~ ~ /scoreboard players tag @s remove Tetramand",
			"execute @s[score_Transform=25,score_Transform_min=25,tag=Thep_KhufanT] ~ ~ ~ /superpower @s albedo:thep_khufan",
			"execute @s[score_Transform=25,score_Transform_min=25,tag=Thep_KhufanT] ~ ~ ~ /scoreboard players tag @s remove Thep_KhufanT"]
		},
		"transformation_os_3": {
			"ability": "lucraftcore:command_loop",
			"commands": ["execute @s[score_Transform=25,score_Transform_min=25,tag=Tokustar] ~ ~ ~ /superpower @s albedo:tokustar",
			"execute @s[score_Transform=25,score_Transform_min=25,tag=Tokustar] ~ ~ ~ /scoreboard players tag @s remove Tokustar",
			"execute @s[score_Transform=25,score_Transform_min=25,tag=TransylianT] ~ ~ ~ /superpower @s albedo:transylian",
			"execute @s[score_Transform=25,score_Transform_min=25,tag=TransylianT] ~ ~ ~ /scoreboard players tag @s remove TransylianT",
			"execute @s[score_Transform=25,score_Transform_min=25,tag=Vulpimancer] ~ ~ ~ /superpower @s albedo:vulpimancer",
			"execute @s[score_Transform=25,score_Transform_min=25,tag=Vulpimancer] ~ ~ ~ /scoreboard players tag @s remove Vulpimancer",
			"execute @s[score_Transform=25,score_Transform_min=25,tag=UArburian_Pelarota] ~ ~ ~ /superpower @s albedo:ultimate_arburian_pelarota",
			"execute @s[score_Transform=25,score_Transform_min=25,tag=UTokustar] ~ ~ ~ /superpower @s albedo:ultimate_tokustar",
			"execute @s[score_Transform=25,score_Transform_min=25,tag=UVulpimancer] ~ ~ ~ /superpower @s albedo:ultimate_vulpimancer"]
		}
	}
}