{
	"name": {"text": "Transforming"},
	"icon": {"type": "texture","texture": "albedo:textures/gui/omnitrix_green.png"},
	"creative_tab": "albedo",	
    "effects": [
        {"type": "skin_change","texture": "albedo:textures/models/albedo/transform.png"},
        {"type": "glowing_hand","color": [0.80, 0, 0.13],"size": 8},
		{"type": "skin_overlay","texture": "albedo:textures/overlays/glow/failsafe_glow.png","size": 0.11,"glow": true,"conditions": [{"type": "always"}]}
    ],
	
	"abilities": {
		"gain_reset_human": {
            "ability": "lucraftcore:command_on_gain",
            "show_in_bar": false,
            "title": {"translate":"Background Commands"},
            "icon": { "type": "internal" },
            "commands": ["scoreboard players set @s Transform 0"]
        },
		"lose_reset_human": {
            "ability": "lucraftcore:command_on_lose",
            "show_in_bar": false,
            "title": {"translate":"Background Commands"},
            "icon": { "type": "internal" },
            "commands": ["scoreboard players set @s Transform 0"]
        },
	    "transformation_1": {
			"ability": "lucraftcore:command_loop",
			"commands": ["sizechange @s 1 lucraftcore:default",
			"scoreboard players add @s Transform 1",
			"execute @s[score_Transform=25,score_Transform_min=25,tag=af] ~ ~ ~ /superpower @s albedo:recalibratedomnitrix",
			"execute @s[score_Transform=25,score_Transform_min=25,tag=ua] ~ ~ ~ /superpower @s albedo:ultimatrix"]
		}
	}
}