{
	"name": {
		"text": "Transylian"
	},

	"icon": {
		"type": "texture",
		"texture": "albedo:textures/gui/recal/transylian.png"
	},

	"creative_tab": "albedo",
	
	"max_level": 40,
	
	"capsule_color": 3080117,
	
    "effects": [
        {
        	"type": "trail",
        	"trail_type": "electricity",
        	"color": [0, 1, 0],
        	"use_suit_trail": false,
        	"conditions": [
        		{
        			"type": "always"        			
        		}
        	]
        },
		{
        "type": "skin_change",
        "texture": "albedo:textures/models/albedo/transylian.png"
        },
		{
            "type": "skin_overlay",
            "texture": "albedo:textures/overlays/glow/transylian_glow.png",
            "size": 0,
            "glow": true,
            "conditions": [
            	{
            		"type": "always"
            	}
            ]
        }
    ],
	
	"abilities": {		
		"size": {
			"ability": "lucraftcore:command_loop",
			"show_in_bar": false,
			"title": {"text": "Size"},
			"icon": { "type": "texture", "texture": "albedo:textures/gui/recal/recal_omnitrix.png" },
			"commands": ["sizechange @s 1.5 lucraftcore:default"]
        },
        "tough_lungs": {
            "ability": "lucraftcore:tough_lungs",
            "show_in_bar": false,
            "title": {"translate":"lucraftcore.abilities.tough_lungs.name"},
            "icon": { "type": "internal" },
            "bar_color": "red"
        },
		"health": {		
			"ability": "lucraftcore:health",			
            "show_in_bar": false,		
            "title": {"text":"Health"},					
			"amount": 10,
			"operation": 0		
		},
		"strength": {	
			"ability": "lucraftcore:strength",				
            "show_in_bar": false,		
            "title": {"text":"Strength"},							
			"amount": 17,
			"operation": 0			
		},
		"defense": {
			"ability": "lucraftcore:resistance",			
            "show_in_bar": false,		
            "title": {"text":"Resistance"},						
			"amount": 20,
			"operation": 0			
		},
		"radiation_protection": {
            "ability": "the-fifth-world:potion_immunity",
            "show_in_bar": false,
            "title": {"text":"Radiation Protection"},
            "icon": { "type": "internal" },
            "potion": "lucraftcore:radiation"
        },
		"lightning_throw": {
			"ability": "heroesexpansion:lightning_attack",
			"cooldown": 0,
			"show_in_bar": true,
			"title": {"translate":"heroesexpansion.abilities.lightning_attack.name"},
			"icon": { "type": "internal" },
			"bar_color": "red",
			"damage": 5.0
		},
		"lightning_throw_xp": {
            "ability": "lucraftcore:command",
            "cooldown": 0,
			"parent_ability": "lightning_throw",
            "show_in_bar": false,
            "title": {"text":"Lightning Attack XP"},
            "icon": { "type": "internal" },
            "conditions": [{
			    "type": "ability_enabled",
				"ability": "heroesexpansion:lightning_attack"}],
		    "commands": ["/superpowerxp 50 @s"]
		},
		"chain_lightning":{
            "ability": "lucraftcore:command",
            "show_in_bar": true,
			"bar_color": "red",
            "cooldown": 20,
            "title": {"text":"Chain Lightning"},
            "icon": {"type": "texture", "texture": "albedo:textures/gui/abilities/chainshock.png"},
            "commands": ["/cast ebwizardry:chain_lightning @s", "superpowerxp 10 @s"]
	    },
		"lightning_arrow":{
            "ability": "lucraftcore:command",
            "show_in_bar": true,
			"bar_color": "red",
            "cooldown": 20,
            "title": {"text":"Lightning Arrow"},
            "icon": {"type": "texture", "texture": "albedo:textures/gui/abilities/lightning_arrow.png"},
            "commands": ["/cast ebwizardry:lightning_arrow @s {range:3}", "superpowerxp 10 @s"]
	    },
		"lightning_disc":{
            "ability": "lucraftcore:command",
            "show_in_bar": true,
			"bar_color": "red",
            "cooldown": 40,
            "title": {"text":"Lightning Disc"},
            "icon": {"type": "texture", "texture": "albedo:textures/gui/abilities/lightning_disc.png"},
            "commands": ["/cast ebwizardry:lightning_disc @s", "superpowerxp 10 @s"]
	    },
		"magnetic_body": {
			"ability": "lucraftcore:command_loop",
			"show_in_bar": false,
			"title": {"text": "Magnetic Body"},
			"icon": {"type": "texture",
				"texture": "albedo:textures/gui/recal/recal_omnitrix.png"},
			"commands": ["execute @s[tag=!Magnet] ~ ~ ~ detect ~1 ~ ~ minecraft:iron_block 0 scoreboard players tag @s add Magnet",
			"execute @s[tag=!Magnet] ~ ~ ~ detect ~-1 ~ ~ minecraft:iron_block 0 scoreboard players tag @s add Magnet",
			"execute @s[tag=!Magnet] ~ ~ ~ detect ~ ~ ~1 minecraft:iron_block 0 scoreboard players tag @s add Magnet",
			"execute @s[tag=!Magnet] ~ ~ ~ detect ~ ~ ~-1 minecraft:iron_block 0 scoreboard players tag @s add Magnet",
			"execute @s[tag=Magnet] ~ ~ ~ detect ~2 ~ ~ minecraft:iron_block 0 scoreboard players tag @s remove Magnet",
			"execute @s[tag=Magnet] ~ ~ ~ detect ~-2 ~ ~ minecraft:iron_block 0 scoreboard players tag @s remove Magnet",
			"execute @s[tag=Magnet] ~ ~ ~ detect ~ ~ ~2 minecraft:iron_block 0 scoreboard players tag @s remove Magnet",
			"execute @s[tag=Magnet] ~ ~ ~ detect ~ ~ ~-2 minecraft:iron_block 0 scoreboard players tag @s remove Magnet",
			"execute @s[tag=!Magnet] ~ ~ ~ detect ~1 ~ ~ lucraftcore:block_steel 0 scoreboard players tag @s add Magnet",
			"execute @s[tag=!Magnet] ~ ~ ~ detect ~-1 ~ ~ lucraftcore:block_steel 0 scoreboard players tag @s add Magnet",
			"execute @s[tag=!Magnet] ~ ~ ~ detect ~ ~ ~1 lucraftcore:block_steel 0 scoreboard players tag @s add Magnet",
			"execute @s[tag=!Magnet] ~ ~ ~ detect ~ ~ ~-1 lucraftcore:block_steel 0 scoreboard players tag @s add Magnet",
			"execute @s[tag=Magnet] ~ ~ ~ detect ~2 ~ ~ lucraftcore:block_steel 0 scoreboard players tag @s remove Magnet",
			"execute @s[tag=Magnet] ~ ~ ~ detect ~-2 ~ ~ lucraftcore:block_steel 0 scoreboard players tag @s remove Magnet",
			"execute @s[tag=Magnet] ~ ~ ~ detect ~ ~ ~2 lucraftcore:block_steel 0 scoreboard players tag @s remove Magnet",
			"execute @s[tag=Magnet] ~ ~ ~ detect ~ ~ ~-2 lucraftcore:block_steel 0 scoreboard players tag @s remove Magnet"]
		},
		"magnetic_climb": {
            "ability": "heroesexpansion:wall_crawling",
            "cooldown": 0,
            "show_in_bar": true,
			"bar_color": "red",
            "title": {"text":"Magnetic Climb"},
			"conditions": [{"type": "lucraftcore:scoreboard_tag", 
			                "tag": "Magnet"}],
            "icon": {"type": "internal"}
        },
		"death_state":{
			"ability": "lucraftcore:command_loop",
			"show_in_bar": false,
			"title": {"text":"Death State"},			
			"icon": {"type": "texture",
				"texture": "albedo:textures/gui/omnitrix_timeout.png"},
			"commands": ["execute @s[score_Health=0,score_Health_min=0,tag=af] ~ ~ ~ /superpower @s albedo:recalibratedomnitrix",
			"execute @s[score_Health=0,score_Health_min=0,tag=ua] ~ ~ ~ /superpower @s albedo:ultimatrix",
            "scoreboard players tag @s[score_Sneak=1,score_Sneak_min=1] add Sneaking",
            "scoreboard players tag @s[score_Sneak=0,score_Sneak_min=0] remove Sneaking",
			"scoreboard players set @s[score_Sneak_min=1] Sneak 0",
			"execute @s[tag=Air] ~ ~ ~ scoreboard players tag @s remove Air",
			"execute @s ~ ~ ~ detect ~ ~-1 ~ water 0 scoreboard players tag @s add Air",
			"execute @s ~ ~ ~ detect ~ ~-1 ~ air 0 scoreboard players tag @s add Air"]
		},
		"timer":{
			"ability": "lucraftcore:command_loop",
			"show_in_bar": false,
			"title": {"text":"Timer"},			
			"icon": {"type": "texture","texture": "albedo:textures/gui/omnitrix_timeout.png"},
			"conditions": [{"type": "lucraftcore:not", 
			            "conditions": [{
						"type": "lucraftcore:scoreboard_tag", 
						"tag": "Master"}]}],
			"commands": ["scoreboard players remove @s Timer 1",
			"scoreboard players set @s[score_Timer=-1,score_Timer_min=-1000000] Timer 1",
			"execute @s[score_Timer=1,score_Timer_min=1,tag=af] ~ ~ ~ /playsound minecraft:custom.recalibratedhuman master @a ~ ~ ~",
			"execute @s[score_Timer=0,score_Timer_min=0,tag=ua] ~ ~ ~ /playsound minecraft:custom.ultimatrixhuman master @a ~ ~ ~",
			"execute @s[score_Timer=0,score_Timer_min=0] ~ ~ ~ /superpower @s albedo:transform_human",
			"superpowerxp 1 @s[tag=0]",
			"superpowerxp 4 @s[tag=20]",
			"superpowerxp 6 @s[tag=35]"]
		},
		"base": {	
	        "ability": "lucraftcore:command",		
            "show_in_bar": true,	
            "title": {"text":"Base Form"},
			"icon": {"type": "texture", "texture": "albedo:textures/gui/omnitrix_red.png"},
            "bar_color": "red",
			"conditions": [{
						"type": "lucraftcore:scoreboard_tag", 
						"tag": "Sneaking"}],
			"commands": ["superpower @s albedo:transform_human", 
			"execute @s[tag=af] ~ ~ ~ /playsound minecraft:custom.recalibratedhuman master @a ~ ~ ~",
			"execute @s[tag=ua] ~ ~ ~ /playsound minecraft:custom.ultimatrixhuman master @a ~ ~ ~"]
		}
	}
}