{
	"name": {
		"text": "Celestialsapien"
	},

	"icon": {
		"type": "texture",
		"texture": "albedo:textures/gui/recal/celestialsapien.png"
	},

	"creative_tab": "albedo",
	
	"max_level": 40,
	
	"capsule_color": 3080117,
	
    "effects": [
        {
        	"type": "skin_change",
        	"texture": "albedo:textures/models/albedo/celestialsapien.png"
        },
		{
            "type": "skin_overlay",
            "texture": "albedo:textures/overlays/glow/celestialsapien_glow.png",
            "size": 0,
            "glow": true,
            "conditions": [
            	{
            		"type": "always"
            	}
            ]
        },
        {
        	"type": "hud",
        	"texture": "albedo:textures/hud/bellicus_and_serena.png"
        }
    ],
	
	"abilities": {
		"size": {
			"ability": "lucraftcore:command_loop",
			"show_in_bar": false,
			"title": {"text": "Size"},
			"icon": { "type": "texture", "texture": "albedo:textures/gui/recal/recal_omnitrix.png" },
			"bar_color": "light_gray",
			"commands": ["superpowerxp 1 @s", 
			"sizechange @s 1 lucraftcore:default"]
        },
		"radiation_protection": {
            "ability": "the-fifth-world:potion_immunity",
            "show_in_bar": false,
            "title": {"text":"Radiation Protection"},
            "icon": { "type": "internal" },
            "potion": "lucraftcore:radiation"
        },
        "tough_lungs": {
            "ability": "lucraftcore:tough_lungs",
            "show_in_bar": false,
            "title": {"translate":"lucraftcore.abilities.tough_lungs.name"},
            "icon": { "type": "internal" },
            "bar_color": "red"
        },
		"time_of_decision": {
			"ability": "lucraftcore:command_loop",
			"show_in_bar": false,
			"title": {"text": "Choice Value"},
			"icon": { "type": "texture", "texture": "albedo:textures/gui/abilities/celestialsapien.png" },
			"bar_color": "light_gray",
			"commands": ["scoreboard players add @s Choice 1", 
			"execute @s[score_Choice_min=600,score_Choice=600] ~ ~ ~ /superpower @s albedo:U_celestialsapien_new", 
			"sizechange @s 1 lucraftcore:default"]
        },
		"celestialsapien_resistance": {
			"ability": "lucraftcore:command_loop",
			"show_in_bar": false,
			"title": {"translate":"lucraftcore.abilities.command.name"},
			"icon": { "type": "internal" },
			"bar_color": "light_gray",
			"commands": ["/effect @s resistance 1 255 true"]
		},
		"fall_resistance": {
			"ability": "lucraftcore:fall_resistance",
			"show_in_bar": false,
			"title": {"text":"Fall Resistance"},
			"amount": 2000,
			"operation": 0
		},
		"knockback_resistance": {
            "ability": "lucraftcore:knockback_resistance",
            "show_in_bar": false,
            "title": {"translate":"lucraftcore.abilities.knockback_resistance.name"},
            "icon": { "type": "internal" },
            "amount": 500.0,
            "operation": 0
        },
		"fire_resistance": {
			"ability": "lucraftcore:fire_resistance",			
            "show_in_bar": false,		
            "title": {"text":"Fire Resistance"},						
			"operation": 0			
		},
		"no_moving": {
			"ability": "lucraftcore:command_loop",
			"show_in_bar": false,
			"title": {"translate":"lucraftcore.abilities.command.name"},
			"icon": { "type": "internal" },
			"bar_color": "light_gray",
			"commands": ["/effect @s ebwizardry:paralysis 1 1 true"]
		},
		"inner_world": {
            "ability": "the-fifth-world:deafness",
            "show_in_bar": false,
            "title": {"translate":"the-fifth-world.abilities.deafness.name"},
            "icon": { "type": "internal" },
            "bar_color": "light_gray"
        },
		"water_breathing": {
			"ability": "lucraftcore:water_breathing",
			"show_in_bar": false,
			"title": {"text": "Water Breathing"},
			"icon": { "type": "internal" },
			"bar_color": "red"
		},
		"death_state":{
			"ability": "lucraftcore:command_loop",
			"show_in_bar": false,
			"cooldown": 0,
			"title": {"text":"Death State"},			
			"icon": {"type": "texture",
				"texture": "albedo:textures/gui/recal/recal_timeout.png"},
			"commands": ["execute @s[score_Health=0,score_Health_min=0,tag=ua] ~ ~ ~ /superpower @s albedo:ultimatrix"]
		},
		"time_yourself_out": {
			"ability": "lucraftcore:command",
			"show_in_bar": true,
			"title": {"translate": "albedo.abilities.time_out"},
			"icon": { "type": "texture", "texture": "albedo:textures/gui/recal/recal_omnitrix.png"},
			"bar_color": "red",
			"commands": ["execute @s[score_Ask=0,score_Ask_min=0] ~ ~ ~ /tellraw @s {\"text\":\"You really think we'd just let you leave?\",\"color\":\"green\"}", 
			"/superpower @s[score_Ask_min=1] albedo:transform_human", 
			"execute @s[score_Ask_min=1] ~ ~ ~ /playsound minecraft:custom.ultimatrixhuman master @a ~ ~ ~"]
		}
	}
}