{
	"name": {
		"text": "Galvanic Mechamorph"
	},

	"icon": {
		"type": "texture",
		"texture": "albedo:textures/gui/recal/galvanic_mechamorph.png"
	},

	"creative_tab": "albedo",
	
	"max_level": 40,
	
	"capsule_color": 3080117,
	
    "effects": [
        {
            "type": "skin_change",
            "texture": "albedo:textures/models/albedo/galvanic_mechamorph.png"
        },
		{
            "type": "skin_overlay",
            "texture": "albedo:textures/overlays/glow/galvanic_mechamorph_glow.png",
            "size": 0,
            "glow": true,
            "conditions": [
            	{
            		"type": "always"
            	}
            ]
        }
    ],
	
	"abilities": {
		"size": {
			"ability": "lucraftcore:command_loop",
			"show_in_bar": false,
			"title": {"text": "Size"},
			"icon": { "type": "texture", "texture": "albedo:textures/gui/recal/recal_omnitrix.png" },
			"commands": ["sizechange @s 1.2 lucraftcore:default"]
        },
		"radiation_protection": {
            "ability": "the-fifth-world:potion_immunity",
            "show_in_bar": false,
            "title": {"text":"Radiation Protection"},
            "icon": { "type": "internal" },
            "potion": "lucraftcore:radiation"
        },
        "tough_lungs": {
            "ability": "lucraftcore:tough_lungs",
            "show_in_bar": false,
            "title": {"translate":"lucraftcore.abilities.tough_lungs.name"},
            "icon": { "type": "internal" },
            "bar_color": "red"
        },
		"jump_boost": {
			"ability": "lucraftcore:jump_boost",
			"show_in_bar": false,
			"title": {"text":"Jump Boost"},
			"icon": { "type": "internal" },
			"bar_color": "red",
			"amount": 3,
			"operation": 0
		},
		"fall_resistance": {
			"ability": "lucraftcore:fall_resistance",
			"show_in_bar": false,
			"title": {"text":"Fall Resistance"},
			"amount": 8,
			"operation": 0
		},
		"energy_beam": {
			"ability": "heroesexpansion:photon_blast",
			"cooldown": 0,
			"show_in_bar": true,
			"title": {"text":"Energy Beam"},
			"icon": {"type": "texture", "texture": "albedo:textures/gui/abilities/galvanicmechamorph_laser.png"},
			"bar_color": "red",
			"color": [230, 0, 38]
		},		
		"morph": {
            "ability": "lucraftcore:command",
            "cooldown": 0,
            "show_in_bar": true,
            "title": {"text":"Morph"},
            "icon": {"type": "texture", "texture": "albedo:textures/gui/abilities/upgrade.png"},
            "bar_color": "red",
		    "commands": ["execute @e[type=villager_golem,r=3] ~ ~ ~ /superpower @p albedo:galvanic_mechamorph_golem",
			"execute @e[type=villager_golem,r=3] ~ ~ ~ /tp @e[type=villager_golem,r=3] ~ -100 ~",
			"execute @s ~ ~ ~ detect ~1 ~ ~ furnace 2 superpower @p albedo:galvanic_mechamorph_furnace", 
			"execute @s ~ ~ ~ detect ~-1 ~ ~ furnace 2 superpower @p albedo:galvanic_mechamorph_furnace", 
			"execute @s ~ ~ ~ detect ~1 ~ ~ furnace 3 superpower @p albedo:galvanic_mechamorph_furnace",			 
			"execute @s ~ ~ ~ detect ~-1 ~ ~ furnace 3 superpower @p albedo:galvanic_mechamorph_furnace", 
			"execute @s ~ ~ ~ detect ~1 ~ ~ furnace 4 superpower @p albedo:galvanic_mechamorph_furnace", 
			"execute @s ~ ~ ~ detect ~-1 ~ ~ furnace 4 superpower @p albedo:galvanic_mechamorph_furnace", 
			"execute @s ~ ~ ~ detect ~1 ~ ~ furnace 5 superpower @p albedo:galvanic_mechamorph_furnace", 
			"execute @s ~ ~ ~ detect ~-1 ~ ~ furnace 5 superpower @p albedo:galvanic_mechamorph_furnace", 
			"execute @s ~ ~ ~ detect ~ ~-1 ~ furnace 2 superpower @p albedo:galvanic_mechamorph_furnace",
			"execute @s ~ ~ ~ detect ~ ~-1 ~ furnace 3 superpower @p albedo:galvanic_mechamorph_furnace", 
			"execute @s ~ ~ ~ detect ~ ~-1 ~ furnace 4 superpower @p albedo:galvanic_mechamorph_furnace",
			"execute @s ~ ~ ~ detect ~ ~-1 ~ furnace 5 superpower @p albedo:galvanic_mechamorph_furnace",			
			"execute @s ~ ~ ~ detect ~ ~ ~1 furnace 2 superpower @p albedo:galvanic_mechamorph_furnace", 
			"execute @s ~ ~ ~ detect ~ ~ ~-1 furnace 2 superpower @p albedo:galvanic_mechamorph_furnace", 
			"execute @s ~ ~ ~ detect ~ ~ ~1 furnace 3 superpower @p albedo:galvanic_mechamorph_furnace",			 
			"execute @s ~ ~ ~ detect ~ ~ ~-1 furnace 3 superpower @p albedo:galvanic_mechamorph_furnace", 
			"execute @s ~ ~ ~ detect ~ ~ ~1 furnace 4 superpower @p albedo:galvanic_mechamorph_furnace", 
			"execute @s ~ ~ ~ detect ~ ~ ~-1 furnace 4 superpower @p albedo:galvanic_mechamorph_furnace", 
			"execute @s ~ ~ ~ detect ~ ~ ~1 furnace 5 superpower @p albedo:galvanic_mechamorph_furnace", 
			"execute @s ~ ~ ~ detect ~ ~ ~-1 furnace 5 superpower @p albedo:galvanic_mechamorph_furnace",			
			"execute @s ~ ~ ~ detect ~1 ~ ~ furnace 2 fill ~1 ~ ~ ~1 ~ ~ air 0 replace furnace 2",			
			"execute @s ~ ~ ~ detect ~-1 ~ ~ furnace 2 fill ~-1 ~ ~ ~-1 ~ ~ air 0 replace furnace 2",
			"execute @s ~ ~ ~ detect ~ ~-1 ~ furnace 2 fill ~ ~-1 ~ ~ ~-1 ~ air 0 replace furnace 2",			
			"execute @s ~ ~ ~ detect ~ ~ ~1 furnace 2 fill ~ ~ ~1 ~ ~ ~1 air 0 replace furnace 2",
			"execute @s ~ ~ ~ detect ~ ~ ~-1 furnace 2 fill ~ ~ ~-1 ~ ~ ~-1 air 0 replace furnace 2",			
			"execute @s ~ ~ ~ detect ~1 ~ ~ furnace 3 fill ~1 ~ ~ ~1 ~ ~ air 0 replace furnace 3",			
			"execute @s ~ ~ ~ detect ~-1 ~ ~ furnace 3 fill ~-1 ~ ~ ~-1 ~ ~ air 0 replace furnace 3",
			"execute @s ~ ~ ~ detect ~ ~-1 ~ furnace 3 fill ~ ~-1 ~ ~ ~-1 ~ air 0 replace furnace 3",			
			"execute @s ~ ~ ~ detect ~ ~ ~1 furnace 3 fill ~ ~ ~1 ~ ~ ~1 air 0 replace furnace 3",
			"execute @s ~ ~ ~ detect ~ ~ ~-1 furnace 3 fill ~ ~ ~-1 ~ ~ ~-1 air 0 replace furnace 3",			
			"execute @s ~ ~ ~ detect ~1 ~ ~ furnace 4 fill ~1 ~ ~ ~1 ~ ~ air 0 replace furnace 4",			
			"execute @s ~ ~ ~ detect ~-1 ~ ~ furnace 4 fill ~-1 ~ ~ ~-1 ~ ~ air 0 replace furnace 4",
			"execute @s ~ ~ ~ detect ~ ~-1 ~ furnace 4 fill ~ ~-1 ~ ~ ~-1 ~ air 0 replace furnace 4",			
			"execute @s ~ ~ ~ detect ~ ~ ~1 furnace 4 fill ~ ~ ~1 ~ ~ ~1 air 0 replace furnace 4",
			"execute @s ~ ~ ~ detect ~ ~ ~-1 furnace 4 fill ~ ~ ~-1 ~ ~ ~-1 air 0 replace furnace 4",			
			"execute @s ~ ~ ~ detect ~1 ~ ~ furnace 5 fill ~1 ~ ~ ~1 ~ ~ air 0 replace furnace 5",			
			"execute @s ~ ~ ~ detect ~-1 ~ ~ furnace 5 fill ~-1 ~ ~ ~-1 ~ ~ air 0 replace furnace 5",
			"execute @s ~ ~ ~ detect ~ ~-1 ~ furnace 5 fill ~ ~-1 ~ ~ ~-1 ~ air 0 replace furnace 5",			
			"execute @s ~ ~ ~ detect ~ ~ ~1 furnace 5 fill ~ ~ ~1 ~ ~ ~1 air 0 replace furnace 5", 
			"execute @s ~ ~ ~ detect ~ ~ ~-1 furnace 5 fill ~ ~ ~-1 ~ ~ ~-1 air 0 replace furnace 5",
			"execute @s ~ ~ ~ detect ~1 ~ ~ dispenser 0 superpower @p albedo:galvanic_mechamorph_dispenser", 
			"execute @s ~ ~ ~ detect ~-1 ~ ~ dispenser 0 superpower @p albedo:galvanic_mechamorph_dispenser",
			"execute @s ~ ~ ~ detect ~ ~-1 ~ dispenser 0 superpower @p albedo:galvanic_mechamorph_dispenser",
			"execute @s ~ ~ ~ detect ~ ~ ~1 dispenser 0 superpower @p albedo:galvanic_mechamorph_dispenser", 
			"execute @s ~ ~ ~ detect ~ ~ ~-1 dispenser 0 superpower @p albedo:galvanic_mechamorph_dispenser",			
            "execute @s ~ ~ ~ detect ~1 ~ ~ dispenser 1 superpower @p albedo:galvanic_mechamorph_dispenser", 
			"execute @s ~ ~ ~ detect ~-1 ~ ~ dispenser 1 superpower @p albedo:galvanic_mechamorph_dispenser",
			"execute @s ~ ~ ~ detect ~ ~-1 ~ dispenser 1 superpower @p albedo:galvanic_mechamorph_dispenser",
			"execute @s ~ ~ ~ detect ~ ~ ~1 dispenser 1 superpower @p albedo:galvanic_mechamorph_dispenser", 
			"execute @s ~ ~ ~ detect ~ ~ ~-1 dispenser 1 superpower @p albedo:galvanic_mechamorph_dispenser",			
			"execute @s ~ ~ ~ detect ~1 ~ ~ dispenser 2 superpower @p albedo:galvanic_mechamorph_dispenser", 
			"execute @s ~ ~ ~ detect ~-1 ~ ~ dispenser 2 superpower @p albedo:galvanic_mechamorph_dispenser", 
			"execute @s ~ ~ ~ detect ~1 ~ ~ dispenser 3 superpower @p albedo:galvanic_mechamorph_dispenser",			 
			"execute @s ~ ~ ~ detect ~-1 ~ ~ dispenser 3 superpower @p albedo:galvanic_mechamorph_dispenser", 
			"execute @s ~ ~ ~ detect ~1 ~ ~ dispenser 4 superpower @p albedo:galvanic_mechamorph_dispenser", 
			"execute @s ~ ~ ~ detect ~-1 ~ ~ dispenser 4 superpower @p albedo:galvanic_mechamorph_dispenser", 
			"execute @s ~ ~ ~ detect ~1 ~ ~ dispenser 5 superpower @p albedo:galvanic_mechamorph_dispenser", 
			"execute @s ~ ~ ~ detect ~-1 ~ ~ dispenser 5 superpower @p albedo:galvanic_mechamorph_dispenser",
			"execute @s ~ ~ ~ detect ~ ~-1 ~ dispenser 2 superpower @p albedo:galvanic_mechamorph_dispenser",
			"execute @s ~ ~ ~ detect ~ ~-1 ~ dispenser 3 superpower @p albedo:galvanic_mechamorph_dispenser",
			"execute @s ~ ~ ~ detect ~ ~-1 ~ dispenser 4 superpower @p albedo:galvanic_mechamorph_dispenser",
			"execute @s ~ ~ ~ detect ~ ~-1 ~ dispenser 5 superpower @p albedo:galvanic_mechamorph_dispenser",			
			"execute @s ~ ~ ~ detect ~ ~ ~1 dispenser 2 superpower @p albedo:galvanic_mechamorph_dispenser", 
			"execute @s ~ ~ ~ detect ~ ~ ~-1 dispenser 2 superpower @p albedo:galvanic_mechamorph_dispenser", 
			"execute @s ~ ~ ~ detect ~ ~ ~1 dispenser 3 superpower @p albedo:galvanic_mechamorph_dispenser",			 
			"execute @s ~ ~ ~ detect ~ ~ ~-1 dispenser 3 superpower @p albedo:galvanic_mechamorph_dispenser", 
			"execute @s ~ ~ ~ detect ~ ~ ~1 dispenser 4 superpower @p albedo:galvanic_mechamorph_dispenser", 
			"execute @s ~ ~ ~ detect ~ ~ ~-1 dispenser 4 superpower @p albedo:galvanic_mechamorph_dispenser", 
			"execute @s ~ ~ ~ detect ~ ~ ~1 dispenser 5 superpower @p albedo:galvanic_mechamorph_dispenser", 
			"execute @s ~ ~ ~ detect ~ ~ ~-1 dispenser 5 superpower @p albedo:galvanic_mechamorph_dispenser",			
			"execute @s ~ ~ ~ detect ~1 ~ ~ dispenser 0 fill ~1 ~ ~ ~1 ~ ~ air 0 replace dispenser 0",			
			"execute @s ~ ~ ~ detect ~-1 ~ ~ dispenser 0 fill ~-1 ~ ~ ~-1 ~ ~ air 0 replace dispenser 0",
			"execute @s ~ ~ ~ detect ~ ~-1 ~ dispenser 0 fill ~ ~-1 ~ ~ ~-1 ~ air 0 replace dispenser 0",			
			"execute @s ~ ~ ~ detect ~ ~ ~1 dispenser 0 fill ~ ~ ~1 ~ ~ ~1 air 0 replace dispenser 0",
			"execute @s ~ ~ ~ detect ~ ~ ~-1 dispenser 0 fill ~ ~ ~-1 ~ ~ ~-1 air 0 replace dispenser 0",			
			"execute @s ~ ~ ~ detect ~1 ~ ~ dispenser 1 fill ~1 ~ ~ ~1 ~ ~ air 0 replace dispenser 1",			
			"execute @s ~ ~ ~ detect ~-1 ~ ~ dispenser 1 fill ~-1 ~ ~ ~-1 ~ ~ air 0 replace dispenser 1",
			"execute @s ~ ~ ~ detect ~ ~-1 ~ dispenser 1 fill ~ ~-1 ~ ~ ~-1 ~ air 0 replace dispenser 1",			
			"execute @s ~ ~ ~ detect ~ ~ ~1 dispenser 1 fill ~ ~ ~1 ~ ~ ~1 air 0 replace dispenser 1",
			"execute @s ~ ~ ~ detect ~ ~ ~-1 dispenser 1 fill ~ ~ ~-1 ~ ~ ~-1 air 0 replace dispenser 1",			
			"execute @s ~ ~ ~ detect ~1 ~ ~ dispenser 2 fill ~1 ~ ~ ~1 ~ ~ air 0 replace dispenser 2",			
			"execute @s ~ ~ ~ detect ~-1 ~ ~ dispenser 2 fill ~-1 ~ ~ ~-1 ~ ~ air 0 replace dispenser 2",
			"execute @s ~ ~ ~ detect ~ ~-1 ~ dispenser 2 fill ~ ~-1 ~ ~ ~-1 ~ air 0 replace dispenser 2",			
			"execute @s ~ ~ ~ detect ~ ~ ~1 dispenser 2 fill ~ ~ ~1 ~ ~ ~1 air 0 replace dispenser 2",
			"execute @s ~ ~ ~ detect ~ ~ ~-1 dispenser 2 fill ~ ~ ~-1 ~ ~ ~-1 air 0 replace dispenser 2",			
			"execute @s ~ ~ ~ detect ~1 ~ ~ dispenser 3 fill ~1 ~ ~ ~1 ~ ~ air 0 replace dispenser 3",			
			"execute @s ~ ~ ~ detect ~-1 ~ ~ dispenser 3 fill ~-1 ~ ~ ~-1 ~ ~ air 0 replace dispenser 3",
			"execute @s ~ ~ ~ detect ~ ~-1 ~ dispenser 3 fill ~ ~-1 ~ ~ ~-1 ~ air 0 replace dispenser 3",			
			"execute @s ~ ~ ~ detect ~ ~ ~1 dispenser 3 fill ~ ~ ~1 ~ ~ ~1 air 0 replace dispenser 3",
			"execute @s ~ ~ ~ detect ~ ~ ~-1 dispenser 3 fill ~ ~ ~-1 ~ ~ ~-1 air 0 replace dispenser 3",			
			"execute @s ~ ~ ~ detect ~1 ~ ~ dispenser 4 fill ~1 ~ ~ ~1 ~ ~ air 0 replace dispenser 4",			
			"execute @s ~ ~ ~ detect ~-1 ~ ~ dispenser 4 fill ~-1 ~ ~ ~-1 ~ ~ air 0 replace dispenser 4",
			"execute @s ~ ~ ~ detect ~ ~-1 ~ dispenser 4 fill ~ ~-1 ~ ~ ~-1 ~ air 0 replace dispenser 4",			
			"execute @s ~ ~ ~ detect ~ ~ ~1 dispenser 4 fill ~ ~ ~1 ~ ~ ~1 air 0 replace dispenser 4",
			"execute @s ~ ~ ~ detect ~ ~ ~-1 dispenser 4 fill ~ ~ ~-1 ~ ~ ~-1 air 0 replace dispenser 4",			
			"execute @s ~ ~ ~ detect ~1 ~ ~ dispenser 5 fill ~1 ~ ~ ~1 ~ ~ air 0 replace dispenser 5",			
			"execute @s ~ ~ ~ detect ~-1 ~ ~ dispenser 5 fill ~-1 ~ ~ ~-1 ~ ~ air 0 replace dispenser 5",
			"execute @s ~ ~ ~ detect ~ ~-1 ~ dispenser 5 fill ~ ~-1 ~ ~ ~-1 ~ air 0 replace dispenser 5",			
			"execute @s ~ ~ ~ detect ~ ~ ~1 dispenser 5 fill ~ ~ ~1 ~ ~ ~1 air 0 replace dispenser 5", 
			"execute @s ~ ~ ~ detect ~ ~ ~-1 dispenser 5 fill ~ ~ ~-1 ~ ~ ~-1 air 0 replace dispenser 5",
			"execute @s ~ ~ ~ detect ~1 ~ ~ jukebox 0 superpower @p albedo:galvanic_mechamorph_jukebox", 
			"execute @s ~ ~ ~ detect ~-1 ~ ~ jukebox 0 superpower @p albedo:galvanic_mechamorph_jukebox",
			"execute @s ~ ~ ~ detect ~ ~-1 ~ jukebox 0 superpower @p albedo:galvanic_mechamorph_jukebox",
			"execute @s ~ ~ ~ detect ~ ~ ~1 jukebox 0 superpower @p albedo:galvanic_mechamorph_jukebox", 
			"execute @s ~ ~ ~ detect ~ ~ ~-1 jukebox 0 superpower @p albedo:galvanic_mechamorph_jukebox",			
            "execute @s ~ ~ ~ detect ~1 ~ ~ jukebox 1 superpower @p albedo:galvanic_mechamorph_jukebox", 
			"execute @s ~ ~ ~ detect ~-1 ~ ~ jukebox 1 superpower @p albedo:galvanic_mechamorph_jukebox",
			"execute @s ~ ~ ~ detect ~ ~-1 ~ jukebox 1 superpower @p albedo:galvanic_mechamorph_jukebox",
			"execute @s ~ ~ ~ detect ~ ~ ~1 jukebox 1 superpower @p albedo:galvanic_mechamorph_jukebox", 
			"execute @s ~ ~ ~ detect ~ ~ ~-1 jukebox 1 superpower @p albedo:galvanic_mechamorph_jukebox",			
			"execute @s ~ ~ ~ detect ~1 ~ ~ jukebox 0 fill ~1 ~ ~ ~1 ~ ~ air 0 replace jukebox 0",			
			"execute @s ~ ~ ~ detect ~-1 ~ ~ jukebox 0 fill ~-1 ~ ~ ~-1 ~ ~ air 0 replace jukebox 0",			
			"execute @s ~ ~ ~ detect ~ ~-1 ~ jukebox 0 fill ~ ~-1 ~ ~ ~-1 ~ air 0 replace jukebox 0",			
			"execute @s ~ ~ ~ detect ~ ~ ~1 jukebox 0 fill ~ ~ ~1 ~ ~ ~1 air 0 replace jukebox 0",
			"execute @s ~ ~ ~ detect ~ ~ ~-1 jukebox 0 fill ~ ~ ~-1 ~ ~ ~-1 air 0 replace jukebox 0",			
			"execute @s ~ ~ ~ detect ~1 ~ ~ jukebox 1 fill ~1 ~ ~ ~1 ~ ~ air 0 replace jukebox 1",			
			"execute @s ~ ~ ~ detect ~-1 ~ ~ jukebox 1 fill ~-1 ~ ~ ~-1 ~ ~ air 0 replace jukebox 1",		
			"execute @s ~ ~ ~ detect ~ ~-1 ~ jukebox 1 fill ~ ~-1 ~ ~ ~-1 ~ air 0 replace jukebox 1",			
			"execute @s ~ ~ ~ detect ~ ~ ~1 jukebox 1 fill ~ ~ ~1 ~ ~ ~1 air 0 replace jukebox 1",
			"execute @s ~ ~ ~ detect ~ ~ ~-1 jukebox 1 fill ~ ~ ~-1 ~ ~ ~-1 air 0 replace jukebox 1"]
		},
		"death_state":{
			"ability": "lucraftcore:command_loop",
			"show_in_bar": false,
			"title": {"text":"Death State"},			
			"icon": {"type": "texture",
				"texture": "albedo:textures/gui/omnitrix_timeout.png"},
			"commands": ["execute @s[score_Health=0,score_Health_min=0,tag=ua] ~ ~ ~ /superpower @s albedo:ultimatrix",
            "scoreboard players tag @s[score_Sneak=1,score_Sneak_min=1] add Sneaking",
            "scoreboard players tag @s[score_Sneak=0,score_Sneak_min=0] remove Sneaking",
			"scoreboard players set @s[score_Sneak_min=1] Sneak 0"]
		},
		"timer":{
			"ability": "lucraftcore:command_loop",
			"show_in_bar": false,
			"title": {"text":"Timer"},			
			"icon": {"type": "texture","texture": "albedo:textures/gui/omnitrix_timeout.png"},
			"conditions": [{"type": "lucraftcore:not", 
			            "conditions": [{
						"type": "lucraftcore:scoreboard_tag", 
						"tag": "Master"}]}],
			"commands": ["scoreboard players remove @s Timer 1",
			"scoreboard players set @s[score_Timer=-1,score_Timer_min=-1000000] Timer 1",
			"execute @s[score_Timer=0,score_Timer_min=0,tag=ua] ~ ~ ~ /playsound minecraft:custom.ultimatrixhuman master @a ~ ~ ~",
			"execute @s[score_Timer=0,score_Timer_min=0] ~ ~ ~ /superpower @s albedo:transform_human",
			"superpowerxp 1 @s[tag=0]",
			"superpowerxp 4 @s[tag=20]",
			"superpowerxp 6 @s[tag=35]"]
		},
		"base": {	
	        "ability": "lucraftcore:command",		
            "show_in_bar": true,	
            "title": {"text":"Base Form"},
			"icon": {"type": "texture", "texture": "albedo:textures/gui/omnitrix_red.png"},
            "bar_color": "red",
			"conditions": [{
						"type": "lucraftcore:scoreboard_tag", 
						"tag": "Sneaking"}],
			"commands": ["superpower @s albedo:transform_human",
			"execute @s[tag=ua] ~ ~ ~ /playsound minecraft:custom.ultimatrixhuman master @a ~ ~ ~"]
		}
	}
}