{
	"name" : {
		"text": "Ultimatrix"
	},

	"icon": {
		"type": "texture",
		"texture": "albedo:textures/gui/recal/ultimatrix_1.png"
	},
	
	"creative_tab": "albedo",
	
	"max_level": 40,
	
	"capsule_color" : 65280,
	
	"effects": [
        {
            "type": "skin_overlay",
            "texture": "albedo:textures/overlays/ultimatrix/ultimatrix_active.png",
            "size": 0,
            "glow": false,
            "conditions": [
            	{
            		"type": "always"
				}
			]
	    },
		{
            "type": "skin_overlay",
            "texture": "albedo:textures/overlays/ultimatrix/ultimatrix_active_glow.png",
            "size": 0,
            "glow": true,
            "conditions": [
            	{
            		"type": "always"
            	}
            ]
        }
    ],

	"abilities": {
		"timeout": {
		    "hidden": true,
			"ability": "lucraftcore:command_loop",
			"show_in_bar": false,
			"title": {"text": "Recharge Mode"},
			"icon": { "type": "texture", "texture": "albedo:textures/gui/recal/recal_timeout.png" },
			"commands": ["execute @s[score_Timer=5999,score_Timer_min=-1000000] ~ ~ ~ /scoreboard players add @s Timer 1", 
			"sizechange @s 1 lucraftcore:default"]
        },
        "methanosian": {	
	        "ability": "lucraftcore:command",		
            "show_in_bar": true,	
            "title": {"text":"Methanosian"},
			"icon": { "type": "texture", "texture": "albedo:textures/gui/recal/methanosian.png" },
            "bar_color": "red",				
			"commands": ["execute @s[score_Health_min=20] ~ ~ ~ /effect @s minecraft:instant_health 1 18",
			"scoreboard players tag @s add Methanosian",
			"superpower @s albedo:transform_af",
			"playsound minecraft:custom.ultimatrixtransform master @a ~ ~ ~"] 
		},
		"sonorosian": {	
	        "ability": "lucraftcore:command",		
            "show_in_bar": true,	
            "title": {"text":"Sonorosian"},
			"icon": { "type": "texture", "texture": "albedo:textures/gui/recal/sonorosian.png" },
            "bar_color": "red",				
			"commands": ["execute @s[score_Health_min=20] ~ ~ ~ /effect @s minecraft:instant_health 1 18",
			"scoreboard players tag @s add Sonorosian",
			"superpower @s albedo:transform_af",
			"playsound minecraft:custom.ultimatrixtransform master @a ~ ~ ~"] 
		},
		"vaxasaurian": {
			"ability": "lucraftcore:command",
			"show_in_bar": true,
			"title": {"text":"Vaxasaurian"},
			"icon": { "type": "texture", "texture": "albedo:textures/gui/recal/vaxasaurian.png" },
			"bar_color": "red",
			"commands": ["execute @s[score_Health_min=20] ~ ~ ~ /effect @s minecraft:instant_health 1 18",
			"scoreboard players tag @s add Vaxasaurian",
			"superpower @s albedo:transform_af",
			"playsound minecraft:custom.ultimatrixtransform master @a ~ ~ ~", 
			"sizechange @s 3 lucraftcore:default"] 
		},
		"aerophibian": {	
	        "ability": "lucraftcore:command",		
            "show_in_bar": true,	
            "title": {"text":"Aerophibian"},
			"icon": { "type": "texture", "texture": "albedo:textures/gui/recal/aerophibian.png" },
            "bar_color": "red",				
			"commands": ["execute @s[score_Health_min=20] ~ ~ ~ /effect @s minecraft:instant_health 1 18",
			"scoreboard players tag @s add Aerophibian",
			"superpower @s albedo:transform_af",
			"playsound minecraft:custom.ultimatrixtransform master @a ~ ~ ~"] 
		},
		"necrofriggian": {	
	        "ability": "lucraftcore:command",		
            "show_in_bar": true,	
            "title": {"text":"Necrofriggian"},
			"icon": { "type": "texture", "texture": "albedo:textures/gui/recal/necrofriggian.png" },
            "bar_color": "red",				
			"commands": ["execute @s[score_Health_min=20] ~ ~ ~ /effect @s minecraft:instant_health 1 18",
			"scoreboard players tag @s add Necrofriggian",
			"superpower @s albedo:transform_af",
			"playsound minecraft:custom.ultimatrixtransform master @a ~ ~ ~"] 
		},
		"crystalsapien": {
			"ability": "lucraftcore:command",		
            "show_in_bar": true,	
            "title": {"text":"Crystalsapien"},
			"icon": { "type": "texture", "texture": "albedo:textures/gui/recal/crystalsapien.png" },
            "bar_color": "red",				
			"commands": ["execute @s[score_Health_min=20] ~ ~ ~ /effect @s minecraft:instant_health 1 18",
			"scoreboard players tag @s add Crystalsapien",
			"solarenergy add 150 @s",
			"superpower @s albedo:transform_af",
			"playsound minecraft:custom.ultimatrixtransform master @a ~ ~ ~"]
		},
		"cerebrocrustacean": {	
	        "ability": "lucraftcore:command",		
            "show_in_bar": true,	
            "title": {"text":"Cerebrocrustacean"},
			"icon": { "type": "texture", "texture": "albedo:textures/gui/recal/cerebrocrustacean.png" },
            "bar_color": "red",				
			"commands": ["execute @s[score_Health_min=20] ~ ~ ~ /effect @s minecraft:instant_health 1 18",
			"scoreboard players tag @s add Cerebrocrustacean",
			"superpower @s albedo:transform_af",
			"playsound minecraft:custom.ultimatrixtransform master @a ~ ~ ~"] 
		},
		"arachnichimp": {
			"ability": "lucraftcore:command",
			"show_in_bar": true,
			"title": {"text":"Arachnichimp"},
			"icon": { "type": "texture", "texture": "albedo:textures/gui/recal/arachnichimp.png" },
			"bar_color": "red",
			"commands": ["execute @s[score_Health_min=20] ~ ~ ~ /effect @s minecraft:instant_health 1 18",
			"scoreboard players tag @s add Arachnichimp",
			"superpower @s albedo:transform_af",
			"playsound minecraft:custom.ultimatrixtransform master @a ~ ~ ~"] 
		},
		"polymorph": {	
	        "ability": "lucraftcore:command",		
            "show_in_bar": true,	
            "title": {"text":"Polymorph"},
			"icon": { "type": "texture", "texture": "albedo:textures/gui/recal/polymorph.png" },
            "bar_color": "red",				
			"commands": ["execute @s[score_Health_min=20] ~ ~ ~ /effect @s minecraft:instant_health 1 18",
			"scoreboard players tag @s add Polymorph",
			"superpower @s albedo:transform_af",
			"playsound minecraft:custom.ultimatrixtransform master @a ~ ~ ~"] 
		},			
		"celestialsapien": {	
	        "ability": "lucraftcore:command",            	
            "show_in_bar": true,	
            "title": {"text":"Celestialsapien"},
			"icon": { "type": "texture", "texture": "albedo:textures/gui/recal/celestialsapien.png" },
            "bar_color": "red",			
			"conditions": [{
                "type": "lucraftcore:held_item",
                "item": "albedo:security_key_chest",
                "hand": "main_hand"},
				{
                "type": "lucraftcore:held_item",
                "item": "albedo:security_key_chest",
                "hand": "off_hand"}],				
			"commands": ["scoreboard objectives add Choice dummy",
			"scoreboard players add @s Choice 0", 
			"scoreboard objectives add Ask dummy",
			"scoreboard players add @s Ask 0",
			"execute @s[score_Health_min=20] ~ ~ ~ /effect @s minecraft:instant_health 1 18",
			"scoreboard players tag @s add U_Celestialsapien",
			"superpower @s albedo:transform_ua",
			"playsound minecraft:custom.ultimatrixtransform master @a ~ ~ ~"]
		},
		"next_playlist_2": {	
	        "ability": "lucraftcore:command",
            "show_in_bar": true,	
            "title": {"text":"Next Playlist"},
			"icon": { "type": "texture", "texture": "albedo:textures/gui/recal/ultimatrix_2.png" },
            "bar_color": "red",				
			"commands": ["/superpower @s albedo:ultimatrix_2", 
			"playsound minecraft:custom.switch master @a ~ ~ ~"]
		},
		"main_menu": {	
	        "ability": "lucraftcore:command",
            "show_in_bar": true,	
            "title": {"text":"Playlist Selection"},
			"icon": { "type": "texture", "texture": "albedo:textures/gui/recal/recal_omnitrix.png" },
            "bar_color": "red",				
			"commands": ["/superpower @s albedo:ultimatrix", 
			"playsound minecraft:custom.switch master @a ~ ~ ~"]
		},
		"previous_playlist_5": {	
	        "ability": "lucraftcore:command",
            "show_in_bar": true,	
            "title": {"text":"Previous Playlist"},
			"icon": { "type": "texture", "texture": "albedo:textures/gui/recal/ultimatrix_5.png" },
            "bar_color": "red",				
			"commands": ["/superpower @s albedo:ultimatrix_5", 
			"playsound minecraft:custom.switch master @a ~ ~ ~"]
		},
		"failsafe": {
			"ability": "lucraftcore:command_loop",
			"show_in_bar": false,
			"title": {"text": "Omnitrix Failsafe"},
			"icon": {"type": "texture",
				"texture": "albedo:textures/gui/recal/recal_timeout.png"},
			"commands": ["execute @s[score_Failsafe=12000,score_Failsafe_min=12000] ~ ~ ~ /scoreboard players tag @s remove Explode",
			"execute @s[score_Failsafe=11999,score_Failsafe_min=0] ~ ~ ~ /scoreboard players add @s Failsafe 1",
			"execute @s[score_Health=6,score_Health_min=1,tag=Failsafe,tag=!Explode] ~ ~ ~ /playsound minecraft:custom.failsafe master @a ~ ~ ~",
			"effect @s[score_Health=6,score_Health_min=1,tag=Failsafe,tag=!Explode] minecraft:resistance 3 255 true",
			"execute @s[score_Health=6,score_Health_min=1,tag=Failsafe,tag=!Explode] ~ ~ ~ /superpower @s albedo:omnitrix_failsafe"]
		}
	}
}
