{
	"name": {
		"text": "Ultimate Sonorosian"
	},

	"icon": {
		"type": "texture",
		"texture": "albedo:textures/gui/recal/ultimatrix.png"
	},

	"creative_tab": "albedo",
	
	"max_level": 40,
	
	"capsule_color": 3080117,
	
    "effects": [

        {
        "type": "skin_change",
        "texture": "albedo:textures/models/albedo/ultimates/ult_sonorosian.png"
       },
		{
            "type": "skin_overlay",
            "texture": "albedo:textures/overlays/glow/ultimates/ult_sonorosian_glow.png",
            "size": 0,
            "glow": true,
            "conditions": [
            	{
            		"type": "always"
            	}
            ]
       }
    ],
	
	"abilities": {
		"radiation_protection": {
            "ability": "the-fifth-world:potion_immunity",
            "show_in_bar": false,
            "title": {"text":"Radiation Protection"},
            "icon": {"type": "internal"},
            "potion": "lucraftcore:radiation"
       },	
        "tough_lungs": {
            "ability": "lucraftcore:tough_lungs",
            "show_in_bar": false,
            "title": {"translate":"lucraftcore.abilities.tough_lungs.name"},
            "icon": {"type": "internal"},
            "bar_color": "red"
       },	
		"scream": {
			"ability": "the-fifth-world:screech",
			"cooldown": 50,
            "show_in_bar": true,
            "bar_color": "red",			
            "title": {"text":"Sonic Cry"},			
			"icon": {"type": "texture",	"texture": "albedo:textures/gui/abilities/u_sonic_cry.png"},
            "damage": 60.0			
		},
		"scream_sfx": {
            "ability": "lucraftcore:command",
            "cooldown": 0,
			"parent_ability": "scream",
            "show_in_bar": false,
            "title": {"text":"Sonic Cry SFX"},			
			"icon": {"type": "texture",	"texture": "albedo:textures/gui/abilities/u_sonic_cry.png"},
            "conditions": [{
			    "type": "ability_enabled",
				"ability": "the-fifth-world:screech"}],
		    "commands": ["playsound minecraft:custom.ultimate_sonorosian master @a[r=10] ~ ~ ~"]
		},		
		"echolocation": {
            "ability": "heroesexpansion:x_ray",
            "cooldown": 10,
            "show_in_bar": true,
            "title": {"text":"Echolocation"},
            "icon": {"type": "internal"},
            "bar_color": "red"
       },
		"flight": {			
			"ability": "lucraftcore:flight",
			"icon": {"type": "internal"},
            "cooldown": 0,			
            "show_in_bar": true,
            "title": {"text":"Flight"},	
            "bar_color": "red",				
			"speed": 1.6,
            "sprint_speed": 1,
			"rotate_arms": false
		},
		"fall_resistance": {
			"ability": "lucraftcore:fall_resistance",
			"show_in_bar": false,
			"title": {"text":"Fall Resistance"},
			"amount": 200,
			"operation": 0
		},
		"death_state":{
			"ability": "lucraftcore:command_loop",
			"show_in_bar": false,
			"title": {"text":"Death State"},			
			"icon": {"type": "texture",
				"texture": "albedo:textures/gui/omnitrix_timeout.png"},
			"commands": ["execute @s[score_Health=0,score_Health_min=0,tag=ua] ~ ~ ~ /superpower @s albedo:ultimatrix",
            "scoreboard players tag @s[score_Sneak=1,score_Sneak_min=1] add Sneaking",
            "scoreboard players tag @s[score_Sneak=0,score_Sneak_min=0] remove Sneaking",
			"scoreboard players set @s[score_Sneak_min=1] Sneak 0",
			"execute @s[tag=Air] ~ ~ ~ scoreboard players tag @s remove Air",
			"execute @s ~ ~ ~ detect ~ ~-1 ~ water 0 scoreboard players tag @s add Air",
			"execute @s ~ ~ ~ detect ~ ~-1 ~ air 0 scoreboard players tag @s add Air"]
		},
		"timer_ult":{
			"ability": "lucraftcore:command_loop",
			"show_in_bar": false,
			"title": {"text":"Timer"},			
			"icon": {"type": "texture","texture": "albedo:textures/gui/omnitrix_timeout.png"},
			"conditions": [{"type": "lucraftcore:not", 
			            "conditions": [{
						"type": "lucraftcore:scoreboard_tag", 
						"tag": "Master"}]}],
			"commands": ["scoreboard players remove @s Timer 3",
			"scoreboard players set @s[score_Timer=-1,score_Timer_min=-1000000] Timer 3",
			"execute @s[score_Timer=0,score_Timer_min=0,tag=ua] ~ ~ ~ /playsound minecraft:custom.ultimatrixhuman master @a ~ ~ ~",
			"execute @s[score_Timer=0,score_Timer_min=0] ~ ~ ~ /superpower @s albedo:transform_human",
			"superpowerxp 1 @s[tag=0]",
			"superpowerxp 4 @s[tag=20]",
			"superpowerxp 6 @s[tag=35]"]
		},
		"devolve": {	
	        "ability": "lucraftcore:command",
            "show_in_bar": true,	
            "title": {"text":"Devolve"},
			"icon": { "type": "texture", "texture": "albedo:textures/gui/recal/ultimatrix.png" },
            "bar_color": "red",				
			"commands": ["scoreboard players tag @s remove USonorosian",
			"scoreboard players tag @s add Sonorosian",
			"superpower @s albedo:transform_af",
			"playsound minecraft:custom.ultimatrixhuman master @a ~ ~ ~" 
			]
		}
	}
}