{
	"name": {
		"text": "Ultimate Arburian Pelarota"
	},

	"icon": {
		"type": "texture",
		"texture": "albedo:textures/gui/recal/ultimatrix.png"
	},

	"creative_tab": "albedo",
	
	"max_level": 40,
	
	"capsule_color": 3080117,
	
    "effects": [
        {
            "type": "skin_change",
            "texture": "albedo:textures/models/albedo/ultimates/ult_arburian_pelarota.png"
        },
		{
            "type": "skin_overlay",
            "texture": "albedo:textures/overlays/glow/ultimates/ult_arburian_pelarota_glow.png",
            "size": 0,
            "glow": true,
            "conditions": [
            	{
            		"type": "always"
            	}
            ]
        }
    ],
	
	"abilities": {
		"radiation_protection": {
            "ability": "the-fifth-world:potion_immunity",
            "show_in_bar": false,
            "title": {"text":"Radiation Protection"},
            "icon": { "type": "internal" },
            "potion": "lucraftcore:radiation"
        },
	    "size": {	
	        "ability": "lucraftcore:command_loop",
            "show_in_bar": false,	
            "title": {"text":"Size"},
			"icon": { "type": "texture", "texture": "albedo:textures/gui/recal/recal_omnitrix.png" },				
			"commands": ["sizechange @s 1.5 lucraftcore:default", "/effect @s minecraft:slowness 1 1 true"]
		},
		"health": {		
			"ability": "lucraftcore:health",			
            "show_in_bar": false,		
            "title": {"text":"Health"},					
			"amount": 10,
			"operation": 0		
		},
		"strength": {	
			"ability": "lucraftcore:strength",				
            "show_in_bar": false,		
            "title": {"text":"Strength"},						
			"amount": 15,
			"operation": 0			
		},
		"defense": {
			"ability": "lucraftcore:resistance",
            "show_in_bar": false,		
            "title": {"text":"Resistance"},
			"amount": 30,
			"operation": 0
		},
		"fall_resistance": {
			"ability": "lucraftcore:fall_resistance",
			"show_in_bar": false,
			"title": {"text":"Fall Resistance"},
			"amount": 200,
			"operation": 0
		},
	    "ball_mode": {	
	        "ability": "lucraftcore:command",
            "show_in_bar": true,	
            "title": {"text":"Ball Form"},
			"icon": { "type": "texture", "texture": "albedo:textures/gui/abilities/u_ball_form.png" },
            "bar_color": "red",				
			"commands": ["/superpower @s albedo:ul_ap_ball_form"]
		},
		"death_state":{
			"ability": "lucraftcore:command_loop",
			"show_in_bar": false,
			"title": {"text":"Death State"},			
			"icon": {"type": "texture",
				"texture": "albedo:textures/gui/omnitrix_timeout.png"},
			"commands": ["execute @s[score_Health=0,score_Health_min=0,tag=ua] ~ ~ ~ /superpower @s albedo:ultimatrix",
            "scoreboard players tag @s[score_Sneak=1,score_Sneak_min=1] add Sneaking",
            "scoreboard players tag @s[score_Sneak=0,score_Sneak_min=0] remove Sneaking",
			"scoreboard players set @s[score_Sneak_min=1] Sneak 0",
			"execute @s[tag=Air] ~ ~ ~ scoreboard players tag @s remove Air",
			"execute @s ~ ~ ~ detect ~ ~-1 ~ water 0 scoreboard players tag @s add Air",
			"execute @s ~ ~ ~ detect ~ ~-1 ~ air 0 scoreboard players tag @s add Air"]
		},
		"timer_ult":{
			"ability": "lucraftcore:command_loop",
			"show_in_bar": false,
			"title": {"text":"Timer"},			
			"icon": {"type": "texture","texture": "albedo:textures/gui/omnitrix_timeout.png"},
			"conditions": [{"type": "lucraftcore:not", 
			            "conditions": [{
						"type": "lucraftcore:scoreboard_tag", 
						"tag": "Master"}]}],
			"commands": ["scoreboard players remove @s Timer 3",
			"scoreboard players set @s[score_Timer=-1,score_Timer_min=-1000000] Timer 3",
			"execute @s[score_Timer=0,score_Timer_min=0,tag=ua] ~ ~ ~ /playsound minecraft:custom.ultimatrixhuman master @a ~ ~ ~",
			"execute @s[score_Timer=0,score_Timer_min=0] ~ ~ ~ /superpower @s albedo:transform_human",
			"superpowerxp 1 @s[tag=0]",
			"superpowerxp 4 @s[tag=20]",
			"superpowerxp 6 @s[tag=35]"]
		},
		"devolve": {	
	        "ability": "lucraftcore:command",
            "show_in_bar": true,	
            "title": {"text":"Devolve"},
			"icon": { "type": "texture", "texture": "albedo:textures/gui/recal/ultimatrix.png" },
            "bar_color": "red",				
			"commands": ["scoreboard players tag @s remove UArburian_Pelarota",
			"scoreboard players tag @s add Arburian_Pelarota",
			"superpower @s albedo:transform_os",
			"playsound minecraft:custom.ultimatrixhuman master @a ~ ~ ~" 
			]
		}
	}
}