{
	"name": {
		"text": "Ultimate Necrofriggian"
	},

	"icon": {
		"type": "texture",
		"texture": "albedo:textures/gui/recal/ultimatrix.png"
	},

	"creative_tab": "albedo",
	
	"max_level": 40,
	
	"capsule_color": 3080117,
	
    "effects": [
        {
        	"type": "skin_change",
        	"texture": "albedo:textures/models/albedo/ultimates/ult_necrofriggian.png"
       },
        {
        	"type": "skin_change",
        	"texture": "albedo:textures/models/albedo/ultimates/ult_necrofriggian_flying.png",
        	"conditions": [
        		{
        			"type": "ability_enabled",
        			"ability": "lucraftcore:flight"
        		}
        	]
       },
        {
        	"type": "skin_change",
        	"texture": "albedo:textures/models/albedo/ultimates/ult_necrofriggian_transparent.png",
        	"conditions": [
        		{
        			"type": "ability_enabled",
        			"ability": "speedsterheroes:phasing"
        		}
        	]
       },
		{
            "type": "skin_overlay",
            "texture": "albedo:textures/overlays/glow/ultimates/ult_necrofriggian_glow.png",
            "size": 0,
            "glow": true,
            "conditions": [
            	{
            		"type": "always"
            	}
            ]
       }		
    ],
	
	"abilities": {
		"size": {
			"ability": "lucraftcore:command_loop",
			"show_in_bar": false,
			"title": {"text": "Size"},
			"icon": {"type": "texture", "texture": "ben_ten:textures/gui/prototype/omnitrix.png"},
			"commands": ["sizechange @s 1 lucraftcore:default",
			             "scoreboard players tag @s add Phasing",
						 "fill ~-3 ~-3 ~-3 ~3 ~3 ~3 air 0 replace barrier 0 "]
       },
		"radiation_protection": {
            "ability": "the-fifth-world:potion_immunity",
            "show_in_bar": false,
            "title": {"text":"Radiation Protection"},
            "icon": {"type": "internal"},
            "potion": "lucraftcore:radiation"
       },
		"health": {		
			"ability": "lucraftcore:health",			
            "show_in_bar": false,		
            "title": {"text":"Health"},					
			"amount": 15,
			"operation": 0		
		},
		"strength": {	
			"ability": "lucraftcore:strength",				
            "show_in_bar": false,		
            "title": {"text":"Strength"},							
			"amount": 13,
			"operation": 0			
		},
		"jump": {
			"ability": "lucraftcore:jump_boost",			
            "show_in_bar": false,		
            "title": {"text":"Jump Boost"},									
			"amount": 4,
			"operation": 0	
		},
		"defense": {
			"ability": "lucraftcore:resistance",			
            "show_in_bar": false,		
            "title": {"text":"Resistance"},						
			"amount": 10,
			"operation": 0			
		},
		"fall_resistance": {
			"ability": "lucraftcore:fall_resistance",
			"show_in_bar": false,
			"title": {"text":"Fall Resistance"},
			"amount": 200,
			"operation": 0
		},
		"fire_resistance": {
			"ability": "lucraftcore:fire_resistance",			
            "show_in_bar": false,		
            "title": {"text":"Fire Resistance"},						
			"operation": 0		
		},
		"flight": {			
			"ability": "lucraftcore:flight",
			"conditions": [{
						"type": "lucraftcore:scoreboard_tag", 
						"tag": "Phasing"}],
			"icon": {"type": "internal"},			
            "show_in_bar": true,
            "title": {"text":"Fly"},	
            "bar_color": "red",				
			"speed": 3.0,
            "sprint_speed": 3,
			"rotate_arms": false
		},
		"flight_xp": {
            "ability": "lucraftcore:command_toggle",
			"parent_ability": "flight",
            "show_in_bar": false,
            "title": {"text":"Flight XP"},
            "icon": {"type": "internal"},
            "conditions": [{
			    "type": "ability_enabled",
				"ability": "lucraftcore:flight"}],
		    "commands": ["superpowerxp 1 @s"]
		},
		"frost_wall":{
            "ability": "lucraftcore:command_held",
            "show_in_bar": true,
			"bar_color": "red",
            "title": {"text":"Frost Wall"},
            "icon": {"type": "texture", "texture": "albedo:textures/gui/abilities/frostwall.png"},
            "commands": ["cast ebwizardry:wall_of_frost @p 1", "superpowerxp @s 2"]
	   },
		"m_p_c": {
            "ability": "lucraftcore:command_held",
            "show_in_bar": true,
            "title": {"text":"Necrofriggian Phasing"},
			"icon": {"type": "texture",	"texture": "albedo:textures/gui/abilities/u_necrofriggian_phasing.png"},
            "bar_color": "red",
		    "commands": [
			             "execute @s ~ ~ ~ /summon armor_stand ~ ~-1 ~ {CustomName:\"Phase\",Invisible:1b,Invulnerable:1b,NoBasePlate:1b}",
						 "execute @e[name=Phase] ~ ~1 ~ /fill ~ ~ ~ ~ ~ ~ barrier 0 replace air 0",
						 "execute @e[name=Phase] ~ ~ ~ /fill ~ ~ ~ ~ ~ ~ barrier 0 replace air 0",
						 "/kill @e[name=Phase]","superpowerxp 1 @s","scoreboard players tag @s remove Phasing",						 
						 "scoreboard players set @s[rx=10,rxm=-10] Facing 0", 
			             "scoreboard players set @s[rx=-10,rxm=-90] Facing 1", 
			             "scoreboard players set @s[rx=90,rxm=10] Facing 2", 
		 	             "execute @s[score_Facing=1,score_Facing_min=1] ~ ~ ~ /tp @s ~ ~0.2 ~ ", 
			             "execute @s[score_Facing=2,score_Facing_min=2] ~ ~ ~ /tp @s ~ ~-0.2 ~ ",
						 "effect @e[rm=0,r=1] heroesexpansion:frozen 5 5"]
		},
		"phasing": {
            "ability": "speedsterheroes:phasing",
			"icon": {"type": "texture", "texture": "albedo:textures/gui/abilities/u_necrofriggianphasing.png"},
			"parent_ability": "m_p_c",
			"show_in_bar": false,
            "frequency": 20,
			"bar_color": "red",
			"title": {"text":"Phasing"}		
		},
		"freezing_flame":{
			"ability": "lucraftcore:command",
			"show_in_bar": true,
			"title": {"text": "Freezing Flame"},			
			"icon": {"type": "texture", "texture": "albedo:textures/gui/abilities/u_necrofriggian_freezing_flame.png"},
			"bar_color": "red",
			"commands": ["particle flame ~ ~ ~ 6 1 6 0.1 7000 force", 
			"execute @p ~ ~ ~ /execute @e[type=!item,rm=1,r=6] ~ ~ ~ /particle snowshovel ~ ~ ~ 1 1 1 0.1 5",
			"execute @s ~ ~ ~ /execute @e[rm=1,r=6] ~ ~ ~ effect @s heroesexpansion:frozen 5 5"]			
		},
		"ice_age":{
            "ability": "lucraftcore:command",
			"required_level": 30,
            "show_in_bar": true,
			"bar_color": "red",
            "cooldown": 300,
            "title": {"text":"Ice Age"},
            "icon": {"type": "texture", "texture": "albedo:textures/gui/abilities/freezing_aura.png"},
            "commands": ["/cast ebwizardry:ice_age @p"]
		},
		"death_state":{
			"ability": "lucraftcore:command_loop",
			"show_in_bar": false,
			"title": {"text":"Death State"},			
			"icon": {"type": "texture",
				"texture": "albedo:textures/gui/omnitrix_timeout.png"},
			"commands": ["execute @s[score_Health=0,score_Health_min=0,tag=ua] ~ ~ ~ /superpower @s albedo:ultimatrix",
            "scoreboard players tag @s[score_Sneak=1,score_Sneak_min=1] add Sneaking",
            "scoreboard players tag @s[score_Sneak=0,score_Sneak_min=0] remove Sneaking",
			"scoreboard players set @s[score_Sneak_min=1] Sneak 0",
			"execute @s[tag=Air] ~ ~ ~ scoreboard players tag @s remove Air",
			"execute @s ~ ~ ~ detect ~ ~-1 ~ water 0 scoreboard players tag @s add Air",
			"execute @s ~ ~ ~ detect ~ ~-1 ~ air 0 scoreboard players tag @s add Air"]
		},
		"timer_ult":{
			"ability": "lucraftcore:command_loop",
			"show_in_bar": false,
			"title": {"text":"Timer"},			
			"icon": {"type": "texture","texture": "albedo:textures/gui/omnitrix_timeout.png"},
			"conditions": [{"type": "lucraftcore:not", 
			            "conditions": [{
						"type": "lucraftcore:scoreboard_tag", 
						"tag": "Master"}]}],
			"commands": ["scoreboard players remove @s Timer 3",
			"scoreboard players set @s[score_Timer=-1,score_Timer_min=-1000000] Timer 3",
			"execute @s[score_Timer=0,score_Timer_min=0,tag=ua] ~ ~ ~ /playsound minecraft:custom.ultimatrixhuman master @a ~ ~ ~",
			"execute @s[score_Timer=0,score_Timer_min=0] ~ ~ ~ /superpower @s albedo:transform_human",
			"superpowerxp 1 @s[tag=0]",
			"superpowerxp 4 @s[tag=20]",
			"superpowerxp 6 @s[tag=35]"]
		},
		"devolve": {	
	        "ability": "lucraftcore:command",
            "show_in_bar": true,	
            "title": {"text":"Devolve"},
			"icon": { "type": "texture", "texture": "albedo:textures/gui/recal/ultimatrix.png" },
            "bar_color": "red",				
			"commands": ["scoreboard players tag @s remove UNecrofriggian",
			"scoreboard players tag @s add Necrofriggian",
			"superpower @s albedo:transform_af",
			"playsound minecraft:custom.ultimatrixhuman master @a ~ ~ ~" 
			]
		}
	}
}