{
	"name": {
		"text": "Ultimate To'kustar"
	},

	"icon": {
		"type": "texture",
		"texture": "albedo:textures/gui/recal/ultimatrix.png"
	},

	"creative_tab": "albedo10",
	
	"max_level": 40,
	
	"capsule_color": 3080117,
	
    "effects": [
        {
            "type": "skin_change",
            "texture": "albedo:textures/models/albedo/ultimates/ult_tokustar.png"
        },
		{
            "type": "skin_overlay",
            "texture": "albedo:textures/overlays/glow/ultimates/ult_tokustar_glow.png",
            "size": 0,
            "glow": true,
            "conditions": [
            	{
            		"type": "always"
            	}
            ]
        }
    ],
	
	"abilities": {
		"radiation_protection": {
            "ability": "the-fifth-world:potion_immunity",
            "show_in_bar": false,
            "title": {"text":"Radiation Protection"},
            "icon": { "type": "internal" },
            "potion": "lucraftcore:radiation"
        },
		"gigantification_2": {
			"ability": "lucraftcore:command_loop",
			"show_in_bar": false,
			"title": {"text": "Gigantification"},
			"icon": {"type": "internal"},
			"commands": ["sizechange @s 16 lucraftcore:default", "/effect @s minecraft:slowness 1 3 true"]
		},		
		"health": {		
			"ability": "lucraftcore:health",			
            "show_in_bar": false,		
            "title": {"text":"Health"},					
			"amount": 55,
			"operation": 0		
		},
		"strength": {	
			"ability": "lucraftcore:strength",				
            "show_in_bar": false,		
            "title": {"text":"Strength"},							
			"amount": 125,
			"operation": 0			
		},	
		"jump": {
			"ability": "lucraftcore:jump_boost",			
            "show_in_bar": false,		
            "title": {"text":"Jump Boost"},									
			"amount": 25,
			"operation": 0	
		},
		"defense": {
			"ability": "lucraftcore:resistance",			
            "show_in_bar": false,		
            "title": {"text":"Resistance"},						
			"amount": 200,
			"operation": 0			
		},
		"fall_resistance": {
			"ability": "lucraftcore:fall_resistance",
			"show_in_bar": false,
			"title": {"text":"Fall Resistance"},
			"amount": 200,
			"operation": 0
		},
		"long_range_punch": {
			"ability": "lucraftcore:set_punch",
			"cooldown": 0,
			"show_in_bar": true,
			"title": {"translate":"lucraftcore.abilities.set_punch.name"},
			"icon": {"type": "texture", "texture": "albedo:textures/gui/abilities/u_tokustarpunch.png"},
			"bar_color": "red",
			"arm": 0,
			"reach_distance": 70.0,
			"damage": 125.0
		},
		"flight": {			
			"ability": "lucraftcore:flight",
			"icon": { "type": "internal" },
            "cooldown": 0,			
            "show_in_bar": true,
            "title": {"text":"Flight"},	
            "bar_color": "red",				
			"speed": 0.3,
            "sprint_speed": 0.6,
			"rotate_arms": true			
		},
		"stomp":{
            "ability": "lucraftcore:command",
            "cooldown": 60,
            "show_in_bar": true,
			"bar_color": "red",
            "title": {"text":"Stomp"},
            "icon": {"type": "texture", "texture": "albedo:textures/gui/abilities/stomp.png"},
            "commands": ["/cast ebwizardry:shockwave @p {blast:5}", "/superpowerxp 50 @s"]
		},
		"earthquake": {	
	        "ability": "lucraftcore:command",
			"required_level": 35,		
			"cooldown": 500,
            "show_in_bar": true,	
            "title": {"text":"Earthquake"},
			"icon": {"type": "texture", "texture": "albedo:textures/gui/abilities/earthquake.png"},
            "bar_color": "red",				
			"commands": ["/cast ebwizardry:earthquake @p {blast:10}", "/superpowerxp 50 @s"]
		},
		"cosmic_beam": {
			"ability": "heroesexpansion:photon_blast",
			"cooldown": 500,
			"show_in_bar": true,
			"title": {"text":"Cosmic Beam"},
			"icon": { "type": "internal" },
			"bar_color": "red",
			"color": [138, 255, 255]
		},
        "tough_lungs": {
            "ability": "lucraftcore:tough_lungs",
            "show_in_bar": false,
            "title": {"translate":"lucraftcore.abilities.tough_lungs.name"},
            "icon": { "type": "internal" },
            "bar_color": "red"
        },
		"death_state":{
			"ability": "lucraftcore:command_loop",
			"show_in_bar": false,
			"title": {"text":"Death State"},			
			"icon": {"type": "texture",
				"texture": "albedo:textures/gui/omnitrix_timeout.png"},
			"commands": ["execute @s[score_Health=0,score_Health_min=0,tag=ua] ~ ~ ~ /superpower @s albedo:ultimatrix",
            "scoreboard players tag @s[score_Sneak=1,score_Sneak_min=1] add Sneaking",
            "scoreboard players tag @s[score_Sneak=0,score_Sneak_min=0] remove Sneaking",
			"scoreboard players set @s[score_Sneak_min=1] Sneak 0",
			"execute @s[tag=Air] ~ ~ ~ scoreboard players tag @s remove Air",
			"execute @s ~ ~ ~ detect ~ ~-1 ~ water 0 scoreboard players tag @s add Air",
			"execute @s ~ ~ ~ detect ~ ~-1 ~ air 0 scoreboard players tag @s add Air"]
		},
		"timer_ult":{
			"ability": "lucraftcore:command_loop",
			"show_in_bar": false,
			"title": {"text":"Timer"},			
			"icon": {"type": "texture","texture": "albedo:textures/gui/omnitrix_timeout.png"},
			"conditions": [{"type": "lucraftcore:not", 
			            "conditions": [{
						"type": "lucraftcore:scoreboard_tag", 
						"tag": "Master"}]}],
			"commands": ["scoreboard players remove @s Timer 3",
			"scoreboard players set @s[score_Timer=-1,score_Timer_min=-1000000] Timer 3",
			"execute @s[score_Timer=0,score_Timer_min=0,tag=ua] ~ ~ ~ /playsound minecraft:custom.ultimatrixhuman master @a ~ ~ ~",
			"execute @s[score_Timer=0,score_Timer_min=0] ~ ~ ~ /superpower @s albedo:transform_human",
			"superpowerxp 1 @s[tag=0]",
			"superpowerxp 4 @s[tag=20]",
			"superpowerxp 6 @s[tag=35]"]
		},
		"devolve": {	
	        "ability": "lucraftcore:command",
            "show_in_bar": true,	
            "title": {"text":"Devolve"},
			"icon": { "type": "texture", "texture": "albedo:textures/gui/recal/ultimatrix.png" },
            "bar_color": "red",				
			"commands": ["scoreboard players tag @s remove UTokustar",
			"scoreboard players tag @s add Tokustar",
			"superpower @s albedo:transform_os",
			"playsound minecraft:custom.ultimatrixhuman master @a ~ ~ ~" 
			]
		}
	}
}