{
	"name" : {
		"text": "Ultimatrix"
	},

	"icon": {
		"type": "texture",
		"texture": "albedo:textures/gui/recal/recal_random.png"
	},
	
	"creative_tab": "albedo",	
    "effects": [
        {"type": "skin_change","texture": "albedo:textures/models/albedo/transform.png"},
        {"type": "glowing_hand","color": [0.80, 0, 0.13],"size": 8},
		{"type": "skin_overlay","texture": "albedo:textures/overlays/glow/failsafe_glow.png","size": 0.11,"glow": true,"conditions": [{"type": "always"}]}
    ],
	
	"abilities": {
	"gain_reset_ua": {
            "ability": "lucraftcore:command_on_gain",
            "show_in_bar": false,
            "title": {"translate":"Background Commands"},
            "icon": { "type": "internal" },
            "commands": ["scoreboard players set @s Transform 0"]
        },
		"lose_reset_ua": {
            "ability": "lucraftcore:command_on_gain",
            "show_in_bar": false,
            "title": {"translate":"Background Commands"},
            "icon": { "type": "internal" },
            "commands": ["scoreboard players set @s Transform 0"]
        },
		"ua_random": {
			"ability": "lucraftcore:command_loop",
			"show_in_bar": false,
			"title": {"text": "Random"},
			"icon": { "type": "texture", 
			          "texture": "albedo:textures/gui/recal/recal_random.png"},
			"commands": ["scoreboard players add @s Transform 1",
			"execute @s[score_Transform=25,score_Transform_min=25,score_Random=1,score_Random_min=1] ~ ~ ~ /superpower @s albedo:necrofriggian",
			"execute @s[score_Transform=25,score_Transform_min=25,score_Random=2,score_Random_min=2] ~ ~ ~ /superpower @s albedo:crystalsapien",
			"execute @s[score_Transform=25,score_Transform_min=25,score_Random=3,score_Random_min=3] ~ ~ ~ /superpower @s albedo:methanosian",
			"execute @s[score_Random=4,score_Random_min=4] ~ ~ ~ /sizechange @s 0.7 lucraftcore:default",
			"execute @s[score_Transform=25,score_Transform_min=25,score_Random=4,score_Random_min=4] ~ ~ ~ /superpower @s albedo:sonorosian",
			"execute @s[score_Random=5,score_Random_min=5] ~ ~ ~ /sizechange @s 3 lucraftcore:default",
			"execute @s[score_Transform=25,score_Transform_min=25,score_Random=5,score_Random_min=5] ~ ~ ~ /superpower @s albedo:vaxasaurian",
			"execute @s[score_Transform=25,score_Transform_min=25,score_Random=6,score_Random_min=6] ~ ~ ~ /superpower @s albedo:aerophibian",
			"execute @s[score_Transform=25,score_Transform_min=25,score_Random=7,score_Random_min=7] ~ ~ ~ /superpower @s albedo:cerebrocrustacean",
			"execute @s[score_Transform=25,score_Transform_min=25,score_Random=8,score_Random_min=8] ~ ~ ~ /superpower @s albedo:arachnichimp",
			"execute @s[score_Transform=25,score_Transform_min=25,score_Random=9,score_Random_min=9] ~ ~ ~ /superpower @s albedo:polymorph",
			"execute @s[score_Transform=25,score_Transform_min=25,score_Random=10,score_Random_min=10] ~ ~ ~ /superpower @s albedo:necrofriggian",			
			"execute @s[score_Transform=25,score_Transform_min=25,score_Random=11,score_Random_min=11] ~ ~ ~ /superpower @s albedo:arburian_pelarota",
			"execute @s[score_Random=12,score_Random_min=12,tag=Murk] ~ ~ ~ /sizechange @s 0.7 lucraftcore:default",
			"execute @s[score_Transform=25,score_Transform_min=25,score_Random=12,score_Random_min=12] ~ ~ ~ /superpower @s albedo:murk_gourmand",
			"execute @s[score_Random=13,score_Random_min=13,tag=Toku] ~ ~ ~ /sizechange @s 12 lucraftcore:default",
			"execute @s[score_Transform=25,score_Transform_min=25,score_Random=13,score_Random_min=13] ~ ~ ~ /superpower @s albedo:tokustar",
			"execute @s[score_Transform=25,score_Transform_min=25,score_Random=14,score_Random_min=14] ~ ~ ~ /superpower @s albedo:biosovortian",
			"execute @s[score_Random=15,score_Random_min=15,tag=Nano] ~ ~ ~ /sizechange @s 0.1 lucraftcore:default",
			"execute @s[score_Transform=25,score_Transform_min=25,score_Random=15,score_Random_min=15] ~ ~ ~ /superpower @s albedo:nanomech",
			"execute @s[score_Transform=25,score_Transform_min=25,score_Random=16,score_Random_min=16] ~ ~ ~ /superpower @s albedo:ectonurite_true",
			"execute @s[score_Transform=25,score_Transform_min=25,score_Random=17,score_Random_min=17] ~ ~ ~ /superpower @s albedo:appoplexian",			
			"execute @s[score_Transform=25,score_Transform_min=25,score_Random=18,score_Random_min=18,tag=Ori] ~ ~ ~ /superpower @s albedo:orishan",
			"execute @s[score_Transform=25,score_Transform_min=25,score_Random=18,score_Random_min=18,tag=!Ori] ~ ~ ~ /superpower @s albedo:necrofriggian",
			"execute @s[score_Transform=25,score_Transform_min=25,score_Random=19,score_Random_min=19,tag=Playlist3] ~ ~ ~ /superpower @s albedo:pyronite",
			"execute @s[score_Transform=25,score_Transform_min=25,score_Random=19,score_Random_min=19,tag=!Playlist3] ~ ~ ~ /superpower @s albedo:crystalsapien",
			"execute @s[score_Transform=25,score_Transform_min=25,score_Random=20,score_Random_min=20,tag=Playlist3] ~ ~ ~ /superpower @s albedo:petrosapien",
			"execute @s[score_Transform=25,score_Transform_min=25,score_Random=20,score_Random_min=20,tag=!Playlist3] ~ ~ ~ /superpower @s albedo:methanosian",
			"execute @s[score_Transform=25,score_Transform_min=25,score_Random=21,score_Random_min=21,tag=Playlist3] ~ ~ ~ /superpower @s albedo:ectonurite_true",
			"execute @s[score_Random=21,score_Random_min=21,tag=!Playlist3] ~ ~ ~ /sizechange @s 0.7 lucraftcore:default",
			"execute @s[score_Transform=25,score_Transform_min=25,score_Random=21,score_Random_min=21,tag=!Playlist3] ~ ~ ~ /superpower @s albedo:sonorosian",
			"execute @s[score_Random=22,score_Random_min=22,tag=Playlist3] ~ ~ ~ /sizechange @s 2 lucraftcore:default",
			"execute @s[score_Transform=25,score_Transform_min=25,score_Random=22,score_Random_min=22,tag=Playlist3] ~ ~ ~ /superpower @s albedo:tetramand",
			"execute @s[score_Random=22,score_Random_min=22,tag=!Playlist3] ~ ~ ~ /sizechange @s 3 lucraftcore:default",
			"execute @s[score_Transform=25,score_Transform_min=25,score_Random=22,score_Random_min=22,tag=!Playlist3] ~ ~ ~ /superpower @s albedo:vaxasaurian",
			"execute @s[score_Transform=25,score_Transform_min=25,score_Random=23,score_Random_min=23,tag=Playlist3] ~ ~ ~ /superpower @s albedo:lepidopterran",
			"execute @s[score_Transform=25,score_Transform_min=25,score_Random=23,score_Random_min=23,tag=!Playlist3] ~ ~ ~ /superpower @s albedo:aerophibian",
			"execute @s[score_Transform=25,score_Transform_min=25,score_Random=24,score_Random_min=24,tag=Playlist3] ~ ~ ~ /superpower @s albedo:kineceleran",
			"execute @s[score_Transform=25,score_Transform_min=25,score_Random=24,score_Random_min=24,tag=!Playlist3] ~ ~ ~ /superpower @s albedo:cerebrocrustacean",
			"execute @s[score_Transform=25,score_Transform_min=25,score_Random=25,score_Random_min=25,tag=Playlist3] ~ ~ ~ /superpower @s albedo:vulpimancer",
			"execute @s[score_Transform=25,score_Transform_min=25,score_Random=25,score_Random_min=25,tag=!Playlist3] ~ ~ ~ /superpower @s albedo:arachnichimp",
			"execute @s[score_Random=26,score_Random_min=26,tag=Playlist3] ~ ~ ~ /sizechange @s 0.3 lucraftcore:default",
			"execute @s[score_Transform=25,score_Transform_min=25,score_Random=26,score_Random_min=26,tag=Playlist3] ~ ~ ~ /superpower @s albedo:galvan",
			"execute @s[score_Transform=25,score_Transform_min=25,score_Random=26,score_Random_min=26,tag=!Playlist3] ~ ~ ~ /superpower @s albedo:polymorph",
			"execute @s[score_Transform=25,score_Transform_min=25,score_Random=27,score_Random_min=27,tag=Playlist3] ~ ~ ~ /superpower @s albedo:piscciss_volan",
			"execute @s[score_Transform=25,score_Transform_min=25,score_Random=27,score_Random_min=27,tag=!Playlist3] ~ ~ ~ /superpower @s albedo:arburian_pelarota",
			"execute @s[score_Transform=25,score_Transform_min=25,score_Random=28,score_Random_min=28,tag=Playlist3] ~ ~ ~ /superpower @s albedo:U_galvanic_mechamorph",
			"execute @s[score_Random=28,score_Random_min=28,tag=!Playlist3] ~ ~ ~ /sizechange @s 0.7 lucraftcore:default",
			"execute @s[score_Transform=25,score_Transform_min=25,score_Random=28,score_Random_min=28,tag=!Playlist3] ~ ~ ~ /superpower @s albedo:murk_gourmand",			
			"execute @s[score_Transform=25,score_Transform_min=25,score_Random=29,score_Random_min=29,tag=Geo] ~ ~ ~ /superpower @s albedo:geochelone_aerio",
			"execute @s[score_Random=29,score_Random_min=29,tag=!Geo] ~ ~ ~ /sizechange @s 12 lucraftcore:default",
			"execute @s[score_Transform=25,score_Transform_min=25,score_Random=29,score_Random_min=29,tag=!Geo] ~ ~ ~ /superpower @s albedo:tokustar",
			"execute @s[score_Transform=25,score_Transform_min=25,score_Random=30,score_Random_min=30,tag=Pryp] ~ ~ ~ /superpower @s albedo:prypiatosian_b",
			"execute @s[score_Transform=25,score_Transform_min=25,score_Random=30,score_Random_min=30,tag=!Pryp] ~ ~ ~ /superpower @s albedo:biosovortian",
			"execute @s[score_Transform=25,score_Transform_min=25,score_Random=31,score_Random_min=31,tag=Playlist4] ~ ~ ~ /superpower @s albedo:splixson",
			"execute @s[score_Random=31,score_Random_min=31,tag=!Playlist4] ~ ~ ~ /sizechange @s 0.1 lucraftcore:default",
			"execute @s[score_Transform=25,score_Transform_min=25,score_Random=31,score_Random_min=31,tag=!Playlist4] ~ ~ ~ /superpower @s albedo:nanomech",
			"execute @s[score_Transform=25,score_Transform_min=25,score_Random=32,score_Random_min=32,tag=Florauna] ~ ~ ~ /superpower @s albedo:florauna",
			"execute @s[score_Transform=25,score_Transform_min=25,score_Random=32,score_Random_min=32,tag=!Florauna] ~ ~ ~ /superpower @s albedo:ectonurite_true",
			"execute @s[score_Transform=25,score_Transform_min=25,score_Random=33,score_Random_min=33,tag=Playlist4] ~ ~ ~ /superpower @s albedo:perk_gourmand",
			"execute @s[score_Transform=25,score_Transform_min=25,score_Random=33,score_Random_min=33,tag=!Playlist4] ~ ~ ~ /superpower @s albedo:appoplexian",
			"execute @s[score_Transform=25,score_Transform_min=25,score_Random=34,score_Random_min=34,tag=Playlist4] ~ ~ ~ /superpower @s albedo:polar_manzardill",
			"execute @s[score_Transform=25,score_Transform_min=25,score_Random=34,score_Random_min=34,tag=!Playlist4] ~ ~ ~ /superpower @s albedo:necrofriggian",
			"execute @s[score_Random=35,score_Random_min=35,tag=Playlist4] ~ ~ ~ /sizechange @s 0.4 lucraftcore:default",
			"execute @s[score_Transform=25,score_Transform_min=25,score_Random=35,score_Random_min=35,tag=Playlist4] ~ ~ ~ /superpower @s albedo:nosedeenian",
			"execute @s[score_Transform=25,score_Transform_min=25,score_Random=35,score_Random_min=35,tag=!Playlist4] ~ ~ ~ /superpower @s albedo:crystalsapien",
			"execute @s[score_Transform=25,score_Transform_min=25,score_Random=36,score_Random_min=36,tag=Playlist4] ~ ~ ~ /superpower @s albedo:sphoeroid",
			"execute @s[score_Transform=25,score_Transform_min=25,score_Random=36,score_Random_min=36,tag=!Playlist4] ~ ~ ~ /superpower @s albedo:methanosian",
			"execute @s[score_Transform=25,score_Transform_min=25,score_Random=37,score_Random_min=37,tag=Playlist4] ~ ~ ~ /superpower @s albedo:opticoid",
			"execute @s[score_Random=37,score_Random_min=37,tag=!Playlist4] ~ ~ ~ /sizechange @s 0.7 lucraftcore:default",
			"execute @s[score_Transform=25,score_Transform_min=25,score_Random=37,score_Random_min=37,tag=!Playlist4] ~ ~ ~ /superpower @s albedo:sonorosian",
			"execute @s[score_Transform=25,score_Transform_min=25,score_Random=38,score_Random_min=38,tag=Loboan] ~ ~ ~ /superpower @s albedo:loboan",
			"execute @s[score_Random=38,score_Random_min=38,tag=!Loboan] ~ ~ ~ /sizechange @s 3 lucraftcore:default",
			"execute @s[score_Transform=25,score_Transform_min=25,score_Random=38,score_Random_min=38,tag=!Loboan] ~ ~ ~ /superpower @s albedo:vaxasaurian",
			"execute @s[score_Random=39,score_Random_min=39,tag=Transylian] ~ ~ ~ /sizechange @s 1.5 lucraftcore:default",
			"execute @s[score_Transform=25,score_Transform_min=25,score_Random=39,score_Random_min=39,tag=Transylian] ~ ~ ~ /superpower @s albedo:transylian",
			"execute @s[score_Transform=25,score_Transform_min=25,score_Random=39,score_Random_min=39,tag=!Transylian] ~ ~ ~ /superpower @s albedo:aerophibian",
			"execute @s[score_Transform=25,score_Transform_min=25,score_Random=40,score_Random_min=40,tag=Khufan] ~ ~ ~ /superpower @s albedo:thep_khufan",
			"execute @s[score_Transform=25,score_Transform_min=25,score_Random=40,score_Random_min=40,tag=!Khufan] ~ ~ ~ /superpower @s albedo:cerebrocrustacean",			
			"execute @s[score_Random=41,score_Random_min=41,tag=Tal] ~ ~ ~ /sizechange @s 1.7 lucraftcore:default",
			"execute @s[score_Transform=25,score_Transform_min=25,score_Random=41,score_Random_min=41,tag=Tal] ~ ~ ~ /superpower @s albedo:talpaedan",
			"execute @s[score_Transform=25,score_Transform_min=25,score_Random=41,score_Random_min=41,tag=!Tal] ~ ~ ~ /superpower @s albedo:arachnichimp",
			"execute @s[score_Transform=25,score_Transform_min=25,score_Random=42,score_Random_min=42,tag=Amp] ~ ~ ~ /superpower @s albedo:amperi",
			"execute @s[score_Transform=25,score_Transform_min=25,score_Random=42,score_Random_min=42,tag=!Amp] ~ ~ ~ /superpower @s albedo:polymorph",
			"execute @s[score_Transform=25,score_Transform_min=25,score_Random=43,score_Random_min=43,tag=Playlist5a] ~ ~ ~ /superpower @s albedo:merlinisapien",
			"execute @s[score_Transform=25,score_Transform_min=25,score_Random=43,score_Random_min=43,tag=!Playlist5a] ~ ~ ~ /superpower @s albedo:arburian_pelarota",
			"execute @s[score_Transform=25,score_Transform_min=25,score_Random=44,score_Random_min=44,tag=Playlist5a] ~ ~ ~ /superpower @s albedo:citrakayah",
			"execute @s[score_Random=44,score_Random_min=44,tag=!Playlist5a] ~ ~ ~ /sizechange @s 0.7 lucraftcore:default",
			"execute @s[score_Transform=25,score_Transform_min=25,score_Random=44,score_Random_min=44,tag=!Playlist5a] ~ ~ ~ /superpower @s albedo:murk_gourmand",
			"execute @s[score_Transform=25,score_Transform_min=25,score_Random=45,score_Random_min=45,tag=Playlist5a] ~ ~ ~ /superpower @s albedo:oryctini",
			"execute @s[score_Random=45,score_Random_min=45,tag=!Playlist5a] ~ ~ ~ /sizechange @s 12 lucraftcore:default",
			"execute @s[score_Transform=25,score_Transform_min=25,score_Random=45,score_Random_min=45,tag=!Playlist5a] ~ ~ ~ /superpower @s albedo:tokustar",
			"execute @s[score_Random=46,score_Random_min=46,tag=!Playlist5b] ~ ~ ~ /sizechange @s 0.5 lucraftcore:default",
			"execute @s[score_Transform=25,score_Transform_min=25,score_Random=46,score_Random_min=46,tag=Playlist5b] ~ ~ ~ /superpower @s albedo:planchakule",
			"execute @s[score_Transform=25,score_Transform_min=25,score_Random=46,score_Random_min=46,tag=!Playlist5b] ~ ~ ~ /superpower @s albedo:biosovortian",
			"execute @s[score_Transform=25,score_Transform_min=25,score_Random=47,score_Random_min=47,tag=Playlist5b] ~ ~ ~ /superpower @s albedo:chronosapien",
			"execute @s[score_Random=47,score_Random_min=47,tag=!Playlist5b] ~ ~ ~ /sizechange @s 0.1 lucraftcore:default",
			"execute @s[score_Transform=25,score_Transform_min=25,score_Random=47,score_Random_min=47,tag=!Playlist5b] ~ ~ ~ /superpower @s albedo:nanomech",
			"execute @s[score_Transform=25,score_Transform_min=25,score_Random=48,score_Random_min=48,tag=Asgard] ~ ~ ~ /superpower @s albedo:asgardian",
			"execute @s[score_Transform=25,score_Transform_min=25,score_Random=48,score_Random_min=48,tag=!Asgard] ~ ~ ~ /superpower @s albedo:ectonurite_true",
			"execute @s[score_Transform=25,score_Transform_min=25,score_Random=49,score_Random_min=49,tag=Kree] ~ ~ ~ /superpower @s albedo:kree",
			"execute @s[score_Transform=25,score_Transform_min=25,score_Random=49,score_Random_min=49,tag=!Kree] ~ ~ ~ /superpower @s albedo:appoplexian",
			"execute @s[score_Transform=25,score_Transform_min=25,score_Random=50,score_Random_min=50,tag=Krypton] ~ ~ ~ /superpower @s albedo:kryptonian",
			"execute @s[score_Transform=25,score_Transform_min=25,score_Random=50,score_Random_min=50,tag=!Krypton] ~ ~ ~ /superpower @s albedo:necrofriggian"
			]
			
        }
	}
}