{
	"name" : {
		"text": "Ultimatrix"
	},

	"icon": {
		"type": "texture",
		"texture": "albedo:textures/gui/recal/recal_omnitrix.png"
	},
	
	"creative_tab": "albedo",
	
	"max_level": 40,
	
	"capsule_color" : 65280,
	
	"effects": [
        {
            "type": "skin_overlay",
            "texture": "albedo:textures/overlays/ultimatrix/ultimatrix.png",
            "size": 0,
            "glow": false,
            "conditions": [
            	{
            		"type": "always"
				}
			]
	    },
		{
            "type": "skin_overlay",
            "texture": "albedo:textures/overlays/ultimatrix/ultimatrix_glow.png",
            "size": 0,
            "glow": true,
            "conditions": [
            	{
            		"type": "always"
            	}
            ]
        }
    ],

	"abilities": {
		"command_on_gain": {
            "ability": "lucraftcore:command_on_gain",
            "show_in_bar": false,
            "title": {"translate":"lucraftcore.abilities.command_on_gain.name"},
            "icon": { "type": "internal" },
            "commands": ["scoreboard players set @s[score_Timer=-1,score_Timer_min=-1000000] Timer 0"]
        },
		"level_removal": {
			"ability": "lucraftcore:command_loop",
			"show_in_bar": false,
			"title": {"text": "Levels"},
			"icon": {"type": "texture",
				"texture": "albedo:textures/gui/recal/recal_omnitrix.png"},
			"commands": ["superpowerxp -40L @s[tag=os]",
			             "superpowerxp -40L @s[tag=af]",
			             "superpowerxp -40L @s[tag=ov]"]
		},
		"levelling_0": {
			"ability": "lucraftcore:command_loop",
			"show_in_bar": false,
			"title": {"text": "Novice User"},
			"icon": {"type": "texture",
				"texture": "albedo:textures/gui/recal/recal_omnitrix.png"},
			"commands": ["scoreboard players tag @s[tag=!20] add 0"]
		},
		"levelling_20": {
			"ability": "lucraftcore:command_loop",
			"required_level": 20,
			"show_in_bar": false,
			"title": {"text": "Moderate User"},
			"icon": {"type": "texture",
				"texture": "albedo:textures/gui/recal/recal_omnitrix.png"},
			"commands": ["scoreboard players tag @s remove 0",
			             "scoreboard players tag @s add 20",
			             "scoreboard players tag @s add Playlist3",
			             "scoreboard players tag @s add Ori"]
		},
		"geochelone_unlock": {
			"ability": "lucraftcore:command_loop",
			"required_level": 23,
			"show_in_bar": false,
			"title": {"text": "Moderate User"},
			"icon": {"type": "texture",
				"texture": "albedo:textures/gui/recal/recal_omnitrix.png"},
			"commands": ["scoreboard players tag @s add Geo"]
		},
		"prypiatosian_unlock": {
			"ability": "lucraftcore:command_loop",
			"required_level": 25,
			"show_in_bar": false,
			"title": {"text": "Moderate User"},
			"icon": {"type": "texture",
				"texture": "albedo:textures/gui/recal/recal_omnitrix.png"},
			"commands": ["scoreboard players tag @s add Pryp"]
		},
		"talpaedan_unlock": {
			"ability": "lucraftcore:command_loop",
			"required_level": 28,
			"show_in_bar": false,
			"title": {"text": "Moderate User"},
			"icon": {"type": "texture",
				"texture": "albedo:textures/gui/recal/recal_omnitrix.png"},
			"commands": ["scoreboard players tag @s add Tal"]
		},
		"amperi_unlock": {
			"ability": "lucraftcore:command_loop",
			"required_level": 30,
			"show_in_bar": false,
			"title": {"text": "Moderate User"},
			"icon": {"type": "texture",
				"texture": "albedo:textures/gui/recal/recal_omnitrix.png"},
			"commands": ["scoreboard players tag @s add Amp"]
		},
		"playlist4": {
			"ability": "lucraftcore:command_loop",
			"required_level": 25,
			"show_in_bar": false,
			"title": {"text": "Moderate User"},
			"icon": {"type": "texture",
				"texture": "albedo:textures/gui/recal/recal_omnitrix.png"},
			"commands": ["scoreboard players tag @s add Playlist4"]
		},
		"levelling_35": {
			"ability": "lucraftcore:command_loop",
			"required_level": 35,
			"title": {"text": "Experienced User"},
			"icon": {"type": "texture",
				"texture": "albedo:textures/gui/recal/recal_omnitrix.png"},
			"commands": ["scoreboard players tag @s remove 0",
			             "scoreboard players tag @s remove 20",
			             "scoreboard players tag @s add 35",
			             "scoreboard players tag @s add playlist5a"]
		},
		"levelling_36": {
			"ability": "lucraftcore:command_loop",
			"required_level": 36,
			"title": {"text": "Experienced User"},
			"icon": {"type": "texture",
				"texture": "albedo:textures/gui/recal/recal_omnitrix.png"},
			"commands": ["scoreboard players tag @s add playlist5b"]
		},	
		"levelling_40": {
			"ability": "lucraftcore:command_loop",
			"required_level": 40,
			"title": {"text": "Master User"},
			"icon": {"type": "texture",
				"texture": "albedo:textures/gui/recal/recal_omnitrix.png"},
			"commands": ["scoreboard players tag @s remove 0",
			             "scoreboard players tag @s remove 20",
			             "scoreboard players tag @s remove 35",
			             "scoreboard players tag @s add 40"]
		},
		"timeout_albedo_ua": {
			"ability": "lucraftcore:command_loop",
			"show_in_bar": false,
			"title": {"text": "Recharge Mode"},
			"icon": { "type": "texture", "texture": "albedo:textures/gui/recal/recal_timeout.png" },
			"commands": ["execute @s[score_Timer=5999,score_Timer_min=-1000000] ~ ~ ~ /scoreboard players add @s Timer 1", 
			"sizechange @s 1 lucraftcore:default",
            "scoreboard players tag @s[score_Sneak=1,score_Sneak_min=1] add Sneaking",
            "scoreboard players tag @s[score_Sneak=0,score_Sneak_min=0] remove Sneaking",
			"scoreboard players set @s[score_Sneak_min=1] Sneak 0",
			"execute @s[score_Health=20,score_Health_min=7] ~ ~ ~ /scoreboard players tag @s remove Explode"]
        },
		"scan_ua": {
			"ability": "lucraftcore:command_loop",
			"show_in_bar": false,
			"title": {"text": "Scan Function"},
			"icon": {"type": "texture",
				"texture": "albedo:textures/gui/recal/recal_scan.png"},
			"commands": ["execute @e[type=wolf,r=5] ~ ~ ~ /superpower @p[tag=!Loboan,r=5] albedo:scan_mode",
			"execute @e[type=wolf,r=5] ~ ~ ~ /playsound minecraft:custom.destruct master @a[tag=!Loboan,r=5] ~ ~ ~",
			"execute @e[type=husk,r=5] ~ ~ ~ /superpower @p[tag=!Khufan,r=5] albedo:scan_mode",
			"execute @e[type=husk,r=5] ~ ~ ~ /playsound minecraft:custom.destruct master @a[tag=!Khufan,r=5] ~ ~ ~",
			"execute @e[type=zombie_villager,r=5] ~ ~ ~ /superpower @p[tag=!Transylian,r=5] albedo:scan_mode",
			"execute @e[type=zombie_villager,r=5] ~ ~ ~ /playsound minecraft:custom.destruct master @a[tag=!Transylian,r=5] ~ ~ ~",
			"execute @s[tag=!Florauna] ~ ~ ~ detect ~3 ~ ~ minecraft:mycelium 0 superpower @s[tag=!Florauna] albedo:scan_mode",
			"execute @s[tag=!Florauna] ~ ~ ~ detect ~3 ~ ~ minecraft:mycelium 0 playsound minecraft:custom.destruct master @a[r=5] ~ ~ ~",			
			"execute @s[tag=!Florauna] ~ ~ ~ detect ~-3 ~ ~ minecraft:mycelium 0 superpower @s[tag=!Florauna] albedo:scan_mode",
			"execute @s[tag=!Florauna] ~ ~ ~ detect ~-3 ~ ~ minecraft:mycelium 0 playsound minecraft:custom.destruct master @a[r=5] ~ ~ ~",			
			"execute @s[tag=!Florauna] ~ ~ ~ detect ~ ~-1 ~ minecraft:mycelium 0 superpower @s[tag=!Florauna] albedo:scan_mode",
			"execute @s[tag=!Florauna] ~ ~ ~ detect ~ ~-1 ~ minecraft:mycelium 0 playsound minecraft:custom.destruct master @a[r=5] ~ ~ ~",			
			"execute @s[tag=!Florauna] ~ ~ ~ detect ~ ~ ~3 minecraft:mycelium 0 superpower @s[tag=!Florauna] albedo:scan_mode",
			"execute @s[tag=!Florauna] ~ ~ ~ detect ~ ~ ~3 minecraft:mycelium 0 playsound minecraft:custom.destruct master @a[r=5] ~ ~ ~",			
			"execute @s[tag=!Florauna] ~ ~ ~ detect ~ ~ ~-3 minecraft:mycelium 0 superpower @s[tag=!Florauna] albedo:scan_mode",
			"execute @s[tag=!Florauna] ~ ~ ~ detect ~ ~ ~-3 minecraft:mycelium 0 playsound minecraft:custom.destruct master @a[r=5] ~ ~ ~",			
			"execute @s[tag=!Florauna] ~ ~ ~ detect ~3 ~ ~ minecraft:brown_mushroom_block 10 superpower @s[tag=!Florauna] albedo:scan_mode",
			"execute @s[tag=!Florauna] ~ ~ ~ detect ~3 ~ ~ minecraft:brown_mushroom_block 10 playsound minecraft:custom.destruct master @a[r=5] ~ ~ ~",			
			"execute @s[tag=!Florauna] ~ ~ ~ detect ~3 ~ ~ minecraft:red_mushroom_block 10 superpower @s[tag=!Florauna] albedo:scan_mode",
			"execute @s[tag=!Florauna] ~ ~ ~ detect ~3 ~ ~ minecraft:red_mushroom_block 10 playsound minecraft:custom.destruct master @a[r=5] ~ ~ ~",			
			"execute @s[tag=!Florauna] ~ ~ ~ detect ~-3 ~ ~ minecraft:brown_mushroom_block 10 superpower @s[tag=!Florauna] albedo:scan_mode",
			"execute @s[tag=!Florauna] ~ ~ ~ detect ~-3 ~ ~ minecraft:brown_mushroom_block 10 playsound minecraft:custom.destruct master @a[r=5] ~ ~ ~",			
			"execute @s[tag=!Florauna] ~ ~ ~ detect ~-3 ~ ~ minecraft:red_mushroom_block 10 superpower @s[tag=!Florauna] albedo:scan_mode",
			"execute @s[tag=!Florauna] ~ ~ ~ detect ~-3 ~ ~ minecraft:red_mushroom_block 10 playsound minecraft:custom.destruct master @a[r=5] ~ ~ ~",			
			"execute @s[tag=!Florauna] ~ ~ ~ detect ~ ~-1 ~ minecraft:brown_mushroom_block 10 superpower @s[tag=!Florauna] albedo:scan_mode",
			"execute @s[tag=!Florauna] ~ ~ ~ detect ~ ~-1 ~ minecraft:brown_mushroom_block 10 playsound minecraft:custom.destruct master @a[r=5] ~ ~ ~",			
			"execute @s[tag=!Florauna] ~ ~ ~ detect ~ ~-1 ~ minecraft:red_mushroom_block 10 superpower @s[tag=!Florauna] albedo:scan_mode",
			"execute @s[tag=!Florauna] ~ ~ ~ detect ~ ~-1 ~ minecraft:red_mushroom_block 10 playsound minecraft:custom.destruct master @a[r=5] ~ ~ ~",			
			"execute @s[tag=!Florauna] ~ ~ ~ detect ~ ~ ~3 minecraft:brown_mushroom_block 10 superpower @s[tag=!Florauna] albedo:scan_mode",
			"execute @s[tag=!Florauna] ~ ~ ~ detect ~ ~ ~3 minecraft:brown_mushroom_block 10 playsound minecraft:custom.destruct master @a[r=5] ~ ~ ~",		
			"execute @s[tag=!Florauna] ~ ~ ~ detect ~ ~ ~3 minecraft:red_mushroom_block 10 superpower @s[tag=!Florauna] albedo:scan_mode",
			"execute @s[tag=!Florauna] ~ ~ ~ detect ~ ~ ~3 minecraft:red_mushroom_block 10 playsound minecraft:custom.destruct master @a[r=5] ~ ~ ~",			
			"execute @s[tag=!Florauna] ~ ~ ~ detect ~ ~ ~-3 minecraft:brown_mushroom_block 10 superpower @s[tag=!Florauna] albedo:scan_mode",
			"execute @s[tag=!Florauna] ~ ~ ~ detect ~ ~ ~-3 minecraft:brown_mushroom_block 10 playsound minecraft:custom.destruct master @a[r=5] ~ ~ ~",			
			"execute @s[tag=!Florauna] ~ ~ ~ detect ~ ~ ~-3 minecraft:red_mushroom_block 10 superpower @s[tag=!Florauna] albedo:scan_mode",
			"execute @s[tag=!Florauna] ~ ~ ~ detect ~ ~ ~-3 minecraft:red_mushroom_block 10 playsound minecraft:custom.destruct master @a[r=5] ~ ~ ~"]
		},
		"failsafe": {
			"ability": "lucraftcore:command_loop",
			"show_in_bar": false,
			"title": {"text": "Omnitrix Failsafe"},
			"icon": {"type": "texture",
				"texture": "albedo:textures/gui/recal/recal_timeout.png"},
			"commands": ["execute @s[score_Failsafe=12000,score_Failsafe_min=12000] ~ ~ ~ /scoreboard players tag @s remove Explode",
			"execute @s[score_Failsafe=11999,score_Failsafe_min=0] ~ ~ ~ /scoreboard players add @s Failsafe 1",
			"execute @s[score_Health=6,score_Health_min=1,tag=Failsafe,tag=!Explode] ~ ~ ~ /playsound minecraft:custom.failsafe master @a ~ ~ ~",
			"effect @s[score_Health=6,score_Health_min=1,tag=Failsafe,tag=!Explode] minecraft:resistance 3 255 true",
			"execute @s[score_Health=6,score_Health_min=1,tag=Failsafe,tag=!Explode] ~ ~ ~ /superpower @s albedo:omnitrix_failsafe"]
		},	
		"playlist_1": {	
	        "ability": "lucraftcore:command",
            "show_in_bar": true,	
            "title": {"text":"Playlist 1"},
			"icon": { "type": "texture", "texture": "albedo:textures/gui/recal/ultimatrix_1.png" },
            "bar_color": "red",				
			"commands": ["/superpower @s albedo:ultimatrix_1", 
			"playsound minecraft:custom.ultimatrix_switch master @a ~ ~ ~",
			"scoreboard players tag @s[tag=af] remove af",
			"scoreboard players tag @s[tag=os] remove os",
			"scoreboard players tag @s[tag=ov] remove ov"]
		},
		"playlist_2": {	
	        "ability": "lucraftcore:command",
            "show_in_bar": true,
            "title": {"text":"Playlist 2"},
			"icon": { "type": "texture", "texture": "albedo:textures/gui/recal/ultimatrix_2.png" },
            "bar_color": "red",				
			"commands": ["/superpower @s albedo:ultimatrix_2",
			"playsound minecraft:custom.ultimatrix_switch master @a ~ ~ ~",
			"scoreboard players tag @s[tag=af] remove af",
			"scoreboard players tag @s[tag=os] remove os",
			"scoreboard players tag @s[tag=ov] remove ov"]
		},
		"playlist_3": {	
	        "ability": "lucraftcore:command",
            "required_level": 20,
            "show_in_bar": true,
            "title": {"text":"Playlist 3"},
			"icon": { "type": "texture", "texture": "albedo:textures/gui/recal/ultimatrix_3.png" },
            "bar_color": "red",				
			"commands": ["/superpower @s albedo:ultimatrix_3",
			"playsound minecraft:custom.ultimatrix_switch master @a ~ ~ ~",
			"scoreboard players tag @s[tag=af] remove af",
			"scoreboard players tag @s[tag=os] remove os",
			"scoreboard players tag @s[tag=ov] remove ov"]
		},
		"playlist_4": {	
	        "ability": "lucraftcore:command",
            "required_level": 25,
            "show_in_bar": true,
            "title": {"text":"Playlist 4"},
			"icon": { "type": "texture", "texture": "albedo:textures/gui/recal/ultimatrix_4.png" },
            "bar_color": "red",				
			"commands": ["/superpower @s albedo:ultimatrix_4",
			"playsound minecraft:custom.ultimatrix_switch master @a ~ ~ ~",
			"scoreboard players tag @s[tag=af] remove af",
			"scoreboard players tag @s[tag=os] remove os",
			"scoreboard players tag @s[tag=ov] remove ov"]
		},
		"playlist_5": {	
	        "ability": "lucraftcore:command",
            "show_in_bar": true,
            "title": {"text":"Playlist 5"},
			"icon": { "type": "texture", "texture": "albedo:textures/gui/recal/ultimatrix_5.png" },
            "bar_color": "red",				
			"commands": ["/superpower @s albedo:ultimatrix_5",
			"playsound minecraft:custom.ultimatrix_switch master @a ~ ~ ~",
			"scoreboard players tag @s[tag=af] remove af",
			"scoreboard players tag @s[tag=os] remove os",
			"scoreboard players tag @s[tag=ov] remove ov"]
		},	
		"randomiser_ua": {
			"ability": "lucraftcore:command_loop",
			"show_in_bar": false,
			"title": {"text": "Randomiser"},
			"icon": {"type": "texture", 
			         "texture": "albedo:textures/gui/recal/recal_random.png"},
			"conditions": [{
						"type": "lucraftcore:scoreboard_tag", 
						"tag": "Sneaking"}],
			"commands": ["scoreboard players add @s Random 1", 
			"scoreboard players set @s[score_Random_min=50] Random 1"]
        },
		"random": {	
	        "ability": "lucraftcore:command",            
			"show_in_bar": true,	
            "title": {"text":"Random Alien"},
			"icon": { "type": "texture", "texture": "albedo:textures/gui/recal/recal_random.png" },
            "bar_color": "red",
			"conditions": [{
						"type": "lucraftcore:scoreboard_tag", 
						"tag": "Sneaking"}],				
			"commands": ["playsound minecraft:custom.ultimatrixtransform master @a ~ ~ ~",
			    "superpower @s albedo:ultimatrix_r",
			    "scoreboard players tag @s[tag=af] remove af"]
		},		
		"sub": {	
	        "ability": "lucraftcore:command",            
			"show_in_bar": true,	
            "title": {"text":"Sub-Menu"},
			"icon": { "type": "texture", "texture": "albedo:textures/gui/recal/recal_omnitrix.png" },
            "bar_color": "red",				
			"commands": ["/superpower @s albedo:ultimatrix_sub",			
			"title @s actionbar [{\"text\":\"<\",\"color\":\"black\"},{\"text\":\"Code\",\"color\":\"green\"},{\"text\":\">\",\"color\":\"black\"},{\"text\":\"<\",\"color\":\"black\"},{\"score\":{\"name\":\"@s\",\"objective\":\"Code\"},\"color\":\"green\"},{\"text\":\">\",\"color\":\"black\"}]",
			"playsound minecraft:custom.switch master @a ~ ~ ~",
			"scoreboard players tag @s[tag=af] remove af",
			"scoreboard players tag @s[tag=os] remove os",
			"scoreboard players tag @s[tag=ov] remove ov"]
		}
	}
}