{
        "custom.transform": {
		"sounds": [
			"custom/transform"
		]
	},
        "custom.recaltransform": {
		"sounds": [
			"custom/recaltransform"
		]
	},
	    "custom.omnitrixactivate": {
		"sounds": [
			"custom/omnitrixactivate"
		]
	},
		"custom.recalibratedhuman": {
		"sounds": [
			"custom/recalibratedhuman"
		]
	},
	    "custom.ultimatrixtransform": {
		"sounds": [
			"custom/ultimatrixtransform"
		]
	},
	    "custom.ultimatrixhuman": {
		"sounds": [
			"custom/ultimatrixhuman"
		]
	},
	    "custom.loboan": {
		"sounds": [
			"custom/loboan"
		]
	},
	    "custom.recalibratedactivate": {
		"sounds": [
			"custom/recalibratedactivate"
		]
	},
	    "custom.kineceleran": {
		"sounds": [
			"custom/kineceleran"
		]
	},
	    "custom.timeout": {
		"sounds": [
			"custom/timeout"
		]
	},	
	    "custom.ultimatrix_switch": {
		"sounds": [
			"custom/ultimatrix_switch"
		]
	},
		"custom.ov_activated": {
		"sounds": [
			"custom/ov_activated"
		]
	},
		"custom.ov_human": {
		"sounds": [
			"custom/ov_human"
		]
	},
		"custom.ov_playlist": {
		"sounds": [
			"custom/ov_playlist"
		]
	},
		"custom.ov_timer": {
		"sounds": [
			"custom/ov_timer"
		]
	},
		"custom.ov_transform": {
		"sounds": [
			"custom/ov_transform"
		]
	},
		"custom.ov_wait": {
		"sounds": [
			"custom/ov_wait"
		]
	},
		"custom.ov_randomise": {
		"sounds": [
			"custom/ov_randomise"
		]
	},		
		"custom.sonorosian": {
		"sounds": [
			"custom/sonorosian"
		]
	},		
		"custom.ultimate_sonorosian": {
		"sounds": [
			"custom/ultimate_sonorosian"
		]
	},		
		"custom.destruct": {
		"sounds": [
			"custom/destruct"
		]
	},		
		"custom.recal_destruct": {
		"sounds": [
			"custom/recal_destruct"
		]
	},		
		"custom.recharge": {
		"sounds": [
			"custom/recharge"
		]
	},	
		"custom.diss": {
		"sounds": [
			"custom/rath_diss"
		]
	},		
		"custom.charge": {
		"sounds": [
			"custom/charge"
		]
	},		
		"custom.juke": {
		"sounds": [
			"custom/harsh_1", 
			"custom/harsh_2", 
			"custom/harsh_3", 
			"custom/harsh_4", 
			"custom/roll" 
		]
	},		
		"custom.radiation": {
		"sounds": [
			"custom/radiation"
		]
	},		
		"custom.switch": {
		"sounds": [
			"custom/switch"
		]
	},		
		"custom.fiddle": {
		"sounds": [
			"custom/fiddle_1", 
			"custom/fiddle_2", 
			"custom/fiddle_3", 
			"custom/fiddle_4" 
		]
	},		
		"custom.chromastone": {
		"sounds": [
			"custom/chromastone_1", 
			"custom/chromastone_2", 
			"custom/chromastone_3" 
		]
	},		
		"custom.brainstorm": {
		"sounds": [
			"custom/brainstorm"
		]
	},		
		"custom.failsafe": {
		"sounds": [
			"custom/failsafe"
		]
	},		
		"custom.ultimate": {
		"sounds": [
			"custom/ultimate"
		]
	},		
		"custom.osmosian_material": {
		"sounds": [
			"custom/osmosian_material"
		]
	}
}


