{
	"modelId": "modelname",
	"modelName": "modelname",
	"hide": ["model_all", "feature_all"],
	"skeleton": {},
	"bones": [
		{
			"id": "head_cpm_dummy",
			"position": [0.26598, -7.49753, -12.18131]
		},
		{
			"id": "head",
			"texture": "texturename",
			"parent": "head_cpm_dummy",
			"position": [0.28131, -2.40247, -1.83402],
			"rotation": [90, 0, 0],
			"boxes": []
		},
		{
			"id": "head_head_wrapper_bone",
			"parent": "head",
			"position": [-5.3, -2.3, 2.1],
			"boxes": []
		},
		{
			"id": "head_head_wrapper_bone_pivot_point",
			"parent": "head_head_wrapper_bone",
			"rotation": [0, 0, 0],
			"boxes": [
				{
					"textureOffset": [0, 0],
					"coordinates": [0, 2.5, 2.2, 5.2, 3, 5]
				}
			]
		},
		{
			"id": "head_head_wrapper_bone_2",
			"parent": "head",
			"position": [-5.3, -2.3, 2.1],
			"boxes": []
		},
		{
			"id": "head_head_wrapper_bone_2_pivot_point",
			"parent": "head_head_wrapper_bone_2",
			"rotation": [0, 0, 0],
			"boxes": [
				{
					"textureOffset": [0, 0],
					"coordinates": [-0.1, 2.5, 2.4, 4.9, 0.5, 5.3]
				}
			]
		},
		{
			"id": "head_head_wrapper_bone_3",
			"parent": "head",
			"position": [-5.80792, 0.82429, 2.1],
			"boxes": []
		},
		{
			"id": "head_head_wrapper_bone_3_pivot_point",
			"parent": "head_head_wrapper_bone_3",
			"rotation": [0, 0, -27.5],
			"boxes": [
				{
					"textureOffset": [0, 0],
					"coordinates": [-0.64645, 2.34182, 2.2, 5, 3.4, 5]
				}
			]
		},
		{
			"id": "head_head_wrapper_bone_4",
			"parent": "head",
			"position": [-5.78435, 0.97398, 2.1],
			"boxes": []
		},
		{
			"id": "head_head_wrapper_bone_4_pivot_point",
			"parent": "head_head_wrapper_bone_4",
			"rotation": [0, 0, -60],
			"boxes": [
				{
					"textureOffset": [0, 0],
					"coordinates": [-3.51244, 4.4, 2.2, 5, 3.4, 5]
				}
			]
		},
		{
			"id": "head_head_wrapper_bone_5",
			"parent": "head",
			"position": [-5.80792, 0.82429, 2.1],
			"boxes": []
		},
		{
			"id": "head_head_wrapper_bone_5_pivot_point",
			"parent": "head_head_wrapper_bone_5",
			"rotation": [0, 0, -47.5],
			"boxes": [
				{
					"textureOffset": [0, 0],
					"coordinates": [-2.03219, 3.74583, 2.2, 6.9, 3.2, 5]
				}
			]
		},
		{
			"id": "head_head_wrapper_bone_6",
			"parent": "head",
			"position": [-5.80792, 0.82429, 2.1],
			"boxes": []
		},
		{
			"id": "head_head_wrapper_bone_6_pivot_point",
			"parent": "head_head_wrapper_bone_6",
			"rotation": [0, 0, -72.5],
			"boxes": [
				{
					"textureOffset": [0, 0],
					"coordinates": [-4.5352, 4.92099, 2.2, 6.4, 3, 5]
				}
			]
		},
		{
			"id": "head_head_wrapper_bone_7",
			"parent": "head",
			"position": [-6.03467, 1.18509, 2.1],
			"boxes": []
		},
		{
			"id": "head_head_wrapper_bone_7_pivot_point",
			"parent": "head_head_wrapper_bone_7",
			"rotation": [0, 0, -82.5],
			"boxes": [
				{
					"textureOffset": [0, 0],
					"coordinates": [-5.98802, 6.08274, 2.2, 6.8, 4, 5]
				}
			]
		},
		{
			"id": "head_head_wrapper_bone_8",
			"parent": "head",
			"position": [-6.03467, 1.18509, 2.1],
			"boxes": []
		},
		{
			"id": "head_head_wrapper_bone_8_pivot_point",
			"parent": "head_head_wrapper_bone_8",
			"rotation": [0, 0, -87.5],
			"boxes": [
				{
					"textureOffset": [0, 0],
					"coordinates": [-6.89867, 7.56107, 2.2, 6.8, 4, 5]
				}
			]
		},
		{
			"id": "head_head_wrapper_bone_9",
			"parent": "head",
			"position": [-6.03467, 1.18509, 2.1],
			"boxes": []
		},
		{
			"id": "head_head_wrapper_bone_9_pivot_point",
			"parent": "head_head_wrapper_bone_9",
			"rotation": [0, 0, -87.5],
			"boxes": [
				{
					"textureOffset": [0, 0],
					"coordinates": [-7.59867, 9.46107, 2.8, 7.8, 6, 6]
				}
			]
		},
		{
			"id": "head_head_wrapper_bone_10",
			"parent": "head",
			"position": [-5.3, -4.5, 2.1],
			"boxes": []
		},
		{
			"id": "head_head_wrapper_bone_10_pivot_point",
			"parent": "head_head_wrapper_bone_10",
			"rotation": [0, 7.5, 1],
			"boxes": [
				{
					"textureOffset": [0, 0],
					"coordinates": [0.12443, 4.22676, -1.1344, 0.6, 0.8, 0.6]
				}
			]
		},
		{
			"id": "head_head_wrapper_bone_11",
			"parent": "head",
			"position": [-5.3, -4.5, 2.1],
			"boxes": []
		},
		{
			"id": "head_head_wrapper_bone_11_pivot_point",
			"parent": "head_head_wrapper_bone_11",
			"rotation": [0, -5, 0],
			"boxes": [
				{
					"textureOffset": [0, 0],
					"coordinates": [0.1, 4.16898, 1.47037, 0.6, 0.8, 0.6]
				}
			]
		},
		{
			"id": "head_head_wrapper_bone_12",
			"parent": "head",
			"position": [-5.3, -4.5, 2.1],
			"boxes": []
		},
		{
			"id": "head_head_wrapper_bone_12_pivot_point",
			"parent": "head_head_wrapper_bone_12",
			"rotation": [0, 0, 0],
			"boxes": [
				{
					"textureOffset": [0, 0],
					"coordinates": [0.1, 4.1, 1.3, 0.6, 0.7, 0.6]
				}
			]
		},
		{
			"id": "head_head_wrapper_bone_13",
			"parent": "head",
			"position": [-5.3, -4.5, 2.1],
			"boxes": []
		},
		{
			"id": "head_head_wrapper_bone_13_pivot_point",
			"parent": "head_head_wrapper_bone_13",
			"rotation": [0, 0, 0],
			"boxes": [
				{
					"textureOffset": [0, 0],
					"coordinates": [0.1, 4.1, 0.7, 0.6, 0.7, 0.6]
				}
			]
		},
		{
			"id": "head_head_wrapper_bone_14",
			"parent": "head",
			"position": [-5.3, -4.5, 2.1],
			"boxes": []
		},
		{
			"id": "head_head_wrapper_bone_14_pivot_point",
			"parent": "head_head_wrapper_bone_14",
			"rotation": [0, 0, 0],
			"boxes": [
				{
					"textureOffset": [0, 0],
					"coordinates": [0.1, 4.1, 0.1, 0.6, 0.7, 0.6]
				}
			]
		},
		{
			"id": "head_head_wrapper_bone_15",
			"parent": "head",
			"position": [-5.3, -4.5, 2.1],
			"boxes": []
		},
		{
			"id": "head_head_wrapper_bone_15_pivot_point",
			"parent": "head_head_wrapper_bone_15",
			"rotation": [0, 0, 0],
			"boxes": [
				{
					"textureOffset": [0, 0],
					"coordinates": [0.1, 4.1, -0.5, 0.6, 0.7, 0.6]
				}
			]
		},
		{
			"id": "head_head_wrapper_bone_16",
			"parent": "head",
			"position": [-5.3, -4.5, 2.1],
			"boxes": []
		},
		{
			"id": "head_head_wrapper_bone_16_pivot_point",
			"parent": "head_head_wrapper_bone_16",
			"rotation": [0, 0, 0],
			"boxes": [
				{
					"textureOffset": [0, 0],
					"coordinates": [0.1, 4.1, -1.1, 0.6, 0.7, 0.7]
				}
			]
		},
		{
			"id": "head_head_wrapper_bone_17",
			"parent": "head",
			"position": [-5.3, -4.5, 2.1],
			"boxes": []
		},
		{
			"id": "head_head_wrapper_bone_17_pivot_point",
			"parent": "head_head_wrapper_bone_17",
			"rotation": [0, 5, -10],
			"boxes": [
				{
					"textureOffset": [0, 0],
					"coordinates": [5.55689, 7.19917, 3.11255, 0.2, 1.7, 0.1]
				}
			]
		},
		{
			"id": "head_head_wrapper_bone_18",
			"parent": "head",
			"position": [-5.3, -4.5, 2.1],
			"boxes": []
		},
		{
			"id": "head_head_wrapper_bone_18_pivot_point",
			"parent": "head_head_wrapper_bone_18",
			"rotation": [0, 5, -10],
			"boxes": [
				{
					"textureOffset": [0, 0],
					"coordinates": [5.65689, 7.69917, 3.11255, 0.2, 1.7, 0.1]
				}
			]
		},
		{
			"id": "head_head_wrapper_bone_19",
			"parent": "head",
			"position": [-5.3, -4.5, 2.1],
			"boxes": []
		},
		{
			"id": "head_head_wrapper_bone_19_pivot_point",
			"parent": "head_head_wrapper_bone_19",
			"rotation": [0, 5, -10],
			"boxes": [
				{
					"textureOffset": [0, 0],
					"coordinates": [6.05689, 7.19917, 3.11255, 0.2, 1.7, 0.1]
				}
			]
		},
		{
			"id": "head_head_wrapper_bone_20",
			"parent": "head",
			"position": [-5.3, -4.5, 2.1],
			"boxes": []
		},
		{
			"id": "head_head_wrapper_bone_20_pivot_point",
			"parent": "head_head_wrapper_bone_20",
			"rotation": [0, 5, -10],
			"boxes": [
				{
					"textureOffset": [0, 0],
					"coordinates": [6.15689, 7.69917, 3.11255, 0.2, 1.7, 0.1]
				}
			]
		},
		{
			"id": "head_head_wrapper_bone_21",
			"parent": "head",
			"position": [-5.3, -4.5, 2.1],
			"boxes": []
		},
		{
			"id": "head_head_wrapper_bone_21_pivot_point",
			"parent": "head_head_wrapper_bone_21",
			"rotation": [0, 5, -10],
			"boxes": [
				{
					"textureOffset": [0, 0],
					"coordinates": [6.55689, 7.19917, 3.11255, 0.2, 1.7, 0.1]
				}
			]
		},
		{
			"id": "head_head_wrapper_bone_22",
			"parent": "head",
			"position": [-5.3, -4.5, 2.1],
			"boxes": []
		},
		{
			"id": "head_head_wrapper_bone_22_pivot_point",
			"parent": "head_head_wrapper_bone_22",
			"rotation": [0, 5, -10],
			"boxes": [
				{
					"textureOffset": [0, 0],
					"coordinates": [6.65689, 7.69917, 3.11255, 0.2, 1.7, 0.1]
				}
			]
		},
		{
			"id": "head_head_wrapper_bone_23",
			"parent": "head",
			"position": [-5.3, -4.5, 2.1],
			"boxes": []
		},
		{
			"id": "head_head_wrapper_bone_23_pivot_point",
			"parent": "head_head_wrapper_bone_23",
			"rotation": [0, 5, -10],
			"boxes": [
				{
					"textureOffset": [0, 0],
					"coordinates": [5.25689, 8.09917, -2.08745, 0.2, 1.8, 0.1]
				}
			]
		},
		{
			"id": "head_head_wrapper_bone_24",
			"parent": "head",
			"position": [-5.3, -4.5, 2.1],
			"boxes": []
		},
		{
			"id": "head_head_wrapper_bone_24_pivot_point",
			"parent": "head_head_wrapper_bone_24",
			"rotation": [0, 5, -10],
			"boxes": [
				{
					"textureOffset": [0, 0],
					"coordinates": [5.15689, 7.59917, -2.08745, 0.2, 1.8, 0.1]
				}
			]
		},
		{
			"id": "head_head_wrapper_bone_25",
			"parent": "head",
			"position": [-5.3, -4.5, 2.1],
			"boxes": []
		},
		{
			"id": "head_head_wrapper_bone_25_pivot_point",
			"parent": "head_head_wrapper_bone_25",
			"rotation": [0, 5, -10],
			"boxes": [
				{
					"textureOffset": [0, 0],
					"coordinates": [5.75689, 8.09917, -2.08745, 0.2, 1.8, 0.1]
				}
			]
		},
		{
			"id": "head_head_wrapper_bone_26",
			"parent": "head",
			"position": [-5.3, -4.5, 2.1],
			"boxes": []
		},
		{
			"id": "head_head_wrapper_bone_26_pivot_point",
			"parent": "head_head_wrapper_bone_26",
			"rotation": [0, 5, -10],
			"boxes": [
				{
					"textureOffset": [0, 0],
					"coordinates": [5.65689, 7.59917, -2.08745, 0.2, 1.8, 0.1]
				}
			]
		},
		{
			"id": "head_head_wrapper_bone_27",
			"parent": "head",
			"position": [-5.3, -4.5, 2.1],
			"boxes": []
		},
		{
			"id": "head_head_wrapper_bone_27_pivot_point",
			"parent": "head_head_wrapper_bone_27",
			"rotation": [0, 5, -10],
			"boxes": [
				{
					"textureOffset": [0, 0],
					"coordinates": [6.25689, 8.09917, -2.08745, 0.2, 1.8, 0.1]
				}
			]
		},
		{
			"id": "head_head_wrapper_bone_28",
			"parent": "head",
			"position": [-5.3, -4.5, 2.1],
			"boxes": []
		},
		{
			"id": "head_head_wrapper_bone_28_pivot_point",
			"parent": "head_head_wrapper_bone_28",
			"rotation": [0, 5, -10],
			"boxes": [
				{
					"textureOffset": [0, 0],
					"coordinates": [6.15689, 7.59917, -2.08745, 0.2, 1.8, 0.1]
				}
			]
		},
		{
			"id": "bone",
			"parent": "head",
			"rotation": [0, 0, -33.5],
			"boxes": []
		},
		{
			"id": "bone_cube_wrapper_bone",
			"parent": "bone",
			"position": [13.69505, -0.07429, 0],
			"boxes": []
		},
		{
			"id": "bone_cube_wrapper_bone_pivot_point",
			"parent": "bone_cube_wrapper_bone",
			"rotation": [0, 0, 45],
			"boxes": [
				{
					"textureOffset": [0, 0],
					"coordinates": [-15.59958, 10.13478, 4.5, 6, 0.5, 0.4]
				}
			]
		},
		{
			"id": "bone_cube_wrapper_bone_2",
			"parent": "bone",
			"position": [13.69505, -0.07429, 0],
			"boxes": []
		},
		{
			"id": "bone_cube_wrapper_bone_2_pivot_point",
			"parent": "bone_cube_wrapper_bone_2",
			"rotation": [0, 0, 45],
			"boxes": [
				{
					"textureOffset": [0, 0],
					"coordinates": [-15.59958, 10.13478, 4.5, 0.4, 0.5, 5.3]
				}
			]
		},
		{
			"id": "bone_cube_wrapper_bone_3",
			"parent": "bone",
			"position": [13.69505, -0.07429, 0],
			"boxes": []
		},
		{
			"id": "bone_cube_wrapper_bone_3_pivot_point",
			"parent": "bone_cube_wrapper_bone_3",
			"rotation": [0, 0, 45],
			"boxes": [
				{
					"textureOffset": [0, 0],
					"coordinates": [-15.59958, 10.13478, -0.5, 5.9, 0.5, 0.3]
				}
			]
		},
		{
			"id": "bone_cube_wrapper_bone_4",
			"parent": "bone",
			"position": [13.69505, -0.07429, 0],
			"boxes": []
		},
		{
			"id": "bone_cube_wrapper_bone_4_pivot_point",
			"parent": "bone_cube_wrapper_bone_4",
			"rotation": [0, 0, 45],
			"boxes": [
				{
					"textureOffset": [0, 0],
					"coordinates": [-15.39958, 9.33478, 4.4, 6, 0.8, 5.1]
				}
			]
		},
		{
			"id": "bone_cube_wrapper_bone_5",
			"parent": "bone",
			"position": [13.69505, -0.07429, 0],
			"boxes": []
		},
		{
			"id": "bone_cube_wrapper_bone_5_pivot_point",
			"parent": "bone_cube_wrapper_bone_5",
			"rotation": [0, 0, 45],
			"boxes": [
				{
					"textureOffset": [0, 0],
					"coordinates": [-15.39958, 10.23478, 4.4, 5.6, 0.1, 5.1]
				}
			]
		},
		{
			"id": "bone_cube_wrapper_bone_6",
			"parent": "bone",
			"position": [8.99505, -5.97429, 2.1],
			"boxes": []
		},
		{
			"id": "bone_cube_wrapper_bone_6_pivot_point",
			"parent": "bone_cube_wrapper_bone_6",
			"rotation": [1.62599, -4.72886, 46.43286],
			"boxes": [
				{
					"textureOffset": [0, 0],
					"coordinates": [-7.66971, 11.23749, -2.72428, 0.7, 1, 0.7]
				}
			]
		},
		{
			"id": "bone_cube_wrapper_bone_7",
			"parent": "bone",
			"position": [8.99505, -5.97429, 2.1],
			"boxes": []
		},
		{
			"id": "bone_cube_wrapper_bone_7_pivot_point",
			"parent": "bone_cube_wrapper_bone_7",
			"rotation": [1.62599, -4.72886, 46.43286],
			"boxes": [
				{
					"textureOffset": [0, 0],
					"coordinates": [-6.96971, 11.03749, -2.72428, 0.7, 1, 0.7]
				}
			]
		},
		{
			"id": "bone_cube_wrapper_bone_8",
			"parent": "bone",
			"position": [8.99505, -5.97429, 2.1],
			"boxes": []
		},
		{
			"id": "bone_cube_wrapper_bone_8_pivot_point",
			"parent": "bone_cube_wrapper_bone_8",
			"rotation": [1.62599, -4.72886, 46.43286],
			"boxes": [
				{
					"textureOffset": [0, 0],
					"coordinates": [-6.46971, 11.23749, -2.72428, 0.7, 1, 0.7]
				}
			]
		},
		{
			"id": "bone_cube_wrapper_bone_9",
			"parent": "bone",
			"position": [8.99505, -5.97429, 2.1],
			"boxes": []
		},
		{
			"id": "bone_cube_wrapper_bone_9_pivot_point",
			"parent": "bone_cube_wrapper_bone_9",
			"rotation": [1.62599, 5.27114, 46.43286],
			"boxes": [
				{
					"textureOffset": [0, 0],
					"coordinates": [-7.66971, 11.23091, 3.37146, 0.7, 1, 0.7]
				}
			]
		},
		{
			"id": "bone_cube_wrapper_bone_10",
			"parent": "bone",
			"position": [8.99505, -5.97429, 2.1],
			"boxes": []
		},
		{
			"id": "bone_cube_wrapper_bone_10_pivot_point",
			"parent": "bone_cube_wrapper_bone_10",
			"rotation": [1.62599, 5.27114, 46.43286],
			"boxes": [
				{
					"textureOffset": [0, 0],
					"coordinates": [-7.06971, 11.03091, 3.37146, 0.7, 1, 0.7]
				}
			]
		},
		{
			"id": "bone_cube_wrapper_bone_11",
			"parent": "bone",
			"position": [8.99505, -5.97429, 2.1],
			"boxes": []
		},
		{
			"id": "bone_cube_wrapper_bone_11_pivot_point",
			"parent": "bone_cube_wrapper_bone_11",
			"rotation": [1.62599, 5.27114, 46.43286],
			"boxes": [
				{
					"textureOffset": [0, 0],
					"coordinates": [-6.56971, 11.23091, 3.37146, 0.7, 1, 0.7]
				}
			]
		},
		{
			"id": "bone_cube_wrapper_bone_12",
			"parent": "bone",
			"position": [8.99505, -5.97429, 2.1],
			"boxes": []
		},
		{
			"id": "bone_cube_wrapper_bone_12_pivot_point",
			"parent": "bone_cube_wrapper_bone_12",
			"rotation": [1.62599, 37.77114, 46.43286],
			"boxes": [
				{
					"textureOffset": [0, 0],
					"coordinates": [-7.66971, 8.40827, 9.3711, 0.7, 0.5, 0.5]
				}
			]
		},
		{
			"id": "bone_cube_wrapper_bone_13",
			"parent": "bone",
			"position": [8.99505, -5.97429, 2.1],
			"boxes": []
		},
		{
			"id": "bone_cube_wrapper_bone_13_pivot_point",
			"parent": "bone_cube_wrapper_bone_13",
			"rotation": [1.62599, 37.77114, 46.43286],
			"boxes": [
				{
					"textureOffset": [0, 0],
					"coordinates": [-7.66971, 10.80827, 6.2711, 0.7, 0.5, 0.5]
				}
			]
		},
		{
			"id": "bone_cube_wrapper_bone_14",
			"parent": "bone",
			"position": [8.99505, -5.97429, 2.1],
			"boxes": []
		},
		{
			"id": "bone_cube_wrapper_bone_14_pivot_point",
			"parent": "bone_cube_wrapper_bone_14",
			"rotation": [1.62599, -2.22886, 46.43286],
			"boxes": [
				{
					"textureOffset": [0, 0],
					"coordinates": [-7.56971, 11.36697, 1.15586, 0.7, 1, 0.7]
				}
			]
		},
		{
			"id": "bone_cube_wrapper_bone_15",
			"parent": "bone",
			"position": [8.99505, -5.97429, 2.1],
			"boxes": []
		},
		{
			"id": "bone_cube_wrapper_bone_15_pivot_point",
			"parent": "bone_cube_wrapper_bone_15",
			"rotation": [1.62599, 0.27114, 46.43286],
			"boxes": [
				{
					"textureOffset": [0, 0],
					"coordinates": [-7.56971, 11.27558, 1.03246, 0.7, 1, 0.7]
				}
			]
		},
		{
			"id": "bone_cube_wrapper_bone_16",
			"parent": "bone",
			"position": [8.99505, -5.97429, 2.1],
			"boxes": []
		},
		{
			"id": "bone_cube_wrapper_bone_16_pivot_point",
			"parent": "bone_cube_wrapper_bone_16",
			"rotation": [1.62599, 5.27114, 46.43286],
			"boxes": [
				{
					"textureOffset": [0, 0],
					"coordinates": [-7.56971, 11.43091, 1.37146, 0.7, 1, 0.7]
				}
			]
		},
		{
			"id": "bone_cube_wrapper_bone_17",
			"parent": "bone",
			"position": [8.99505, -5.97429, 2.1],
			"boxes": []
		},
		{
			"id": "bone_cube_wrapper_bone_17_pivot_point",
			"parent": "bone_cube_wrapper_bone_17",
			"rotation": [1.62599, 5.27114, 46.43286],
			"boxes": [
				{
					"textureOffset": [0, 0],
					"coordinates": [-7.56971, 11.43091, 0.07146, 0.7, 1, 0.7]
				}
			]
		},
		{
			"id": "bone_cube_wrapper_bone_18",
			"parent": "bone",
			"position": [8.99505, -5.97429, 2.1],
			"boxes": []
		},
		{
			"id": "bone_cube_wrapper_bone_18_pivot_point",
			"parent": "bone_cube_wrapper_bone_18",
			"rotation": [1.62599, -4.72886, 46.43286],
			"boxes": [
				{
					"textureOffset": [0, 0],
					"coordinates": [-7.56971, 11.23749, -1.42428, 0.7, 1, 0.7]
				}
			]
		},
		{
			"id": "bone_cube_wrapper_bone_19",
			"parent": "bone",
			"position": [7.5, -10.4, 2.1],
			"boxes": []
		},
		{
			"id": "bone_cube_wrapper_bone_19_pivot_point",
			"parent": "bone_cube_wrapper_bone_19",
			"rotation": [0, 0, 55],
			"boxes": [
				{
					"textureOffset": [0, 0],
					"coordinates": [-1.2, 11.2, 1.8, 0.5, 1.4, 0.5]
				}
			]
		},
		{
			"id": "bone_cube_wrapper_bone_20",
			"parent": "bone",
			"position": [7.5, -10.4, 2.1],
			"boxes": []
		},
		{
			"id": "bone_cube_wrapper_bone_20_pivot_point",
			"parent": "bone_cube_wrapper_bone_20",
			"rotation": [0, 0, 55],
			"boxes": [
				{
					"textureOffset": [0, 0],
					"coordinates": [-1.2, 11.2, -2, 0.5, 1.4, 0.5]
				}
			]
		},
		{
			"id": "bone_cube_wrapper_bone_21",
			"parent": "bone",
			"position": [7.5, -10.4, 2.1],
			"boxes": []
		},
		{
			"id": "bone_cube_wrapper_bone_21_pivot_point",
			"parent": "bone_cube_wrapper_bone_21",
			"rotation": [0, 0, 55],
			"boxes": [
				{
					"textureOffset": [0, 0],
					"coordinates": [-0.9, 11.4, -1.2, 0.5, 1.4, 0.5]
				}
			]
		},
		{
			"id": "bone_cube_wrapper_bone_22",
			"parent": "bone",
			"position": [7.5, -10.4, 2.1],
			"boxes": []
		},
		{
			"id": "bone_cube_wrapper_bone_22_pivot_point",
			"parent": "bone_cube_wrapper_bone_22",
			"rotation": [0, 0, 55],
			"boxes": [
				{
					"textureOffset": [0, 0],
					"coordinates": [-0.9, 11.4, 0.9, 0.5, 1.4, 0.5]
				}
			]
		},
		{
			"id": "bone_cube_wrapper_bone_23",
			"parent": "bone",
			"position": [7.5, -10.4, 2.1],
			"boxes": []
		},
		{
			"id": "bone_cube_wrapper_bone_23_pivot_point",
			"parent": "bone_cube_wrapper_bone_23",
			"rotation": [0, 0, 55],
			"boxes": [
				{
					"textureOffset": [0, 0],
					"coordinates": [0.4, 11.4, 1.3, 0.5, 1.4, 0.5]
				}
			]
		},
		{
			"id": "bone_cube_wrapper_bone_24",
			"parent": "bone",
			"position": [7.5, -10.4, 2.1],
			"boxes": []
		},
		{
			"id": "bone_cube_wrapper_bone_24_pivot_point",
			"parent": "bone_cube_wrapper_bone_24",
			"rotation": [0, 0, 55],
			"boxes": [
				{
					"textureOffset": [0, 0],
					"coordinates": [0.4, 11.4, -1.7, 0.5, 1.4, 0.5]
				}
			]
		},
		{
			"id": "bone_cube_wrapper_bone_25",
			"parent": "bone",
			"position": [7.5, -10.4, 2.1],
			"boxes": []
		},
		{
			"id": "bone_cube_wrapper_bone_25_pivot_point",
			"parent": "bone_cube_wrapper_bone_25",
			"rotation": [0, 0, 55],
			"boxes": [
				{
					"textureOffset": [0, 0],
					"coordinates": [1, 11.4, -0.3, 0.5, 1.4, 0.5]
				}
			]
		},
		{
			"id": "bone_cube_wrapper_bone_26",
			"parent": "bone",
			"position": [7.5, -10.4, 2.1],
			"boxes": []
		},
		{
			"id": "bone_cube_wrapper_bone_26_pivot_point",
			"parent": "bone_cube_wrapper_bone_26",
			"rotation": [0, 0, 55],
			"boxes": [
				{
					"textureOffset": [0, 0],
					"coordinates": [-1.3, 11.4, -0.1, 0.5, 1.4, 0.5]
				}
			]
		},
		{
			"id": "body_cpm_dummy",
			"position": [4, -6.91557, 2.60233]
		},
		{
			"id": "body",
			"texture": "texturename",
			"parent": "body_cpm_dummy",
			"boxes": []
		},
		{
			"id": "body_body_wrapper_bone",
			"parent": "body",
			"position": [-6, -15.68443, -2.60233],
			"boxes": []
		},
		{
			"id": "body_body_wrapper_bone_pivot_point",
			"parent": "body_body_wrapper_bone",
			"rotation": [0, -5, 0],
			"boxes": [
				{
					"textureOffset": [0, 0],
					"coordinates": [-3.4, 13.5, 4.9, 11.1, 8.6, 11]
				}
			]
		},
		{
			"id": "body_body_wrapper_bone_2",
			"parent": "body",
			"position": [-6, -15.68443, -2.60233],
			"boxes": []
		},
		{
			"id": "body_body_wrapper_bone_2_pivot_point",
			"parent": "body_body_wrapper_bone_2",
			"rotation": [0, 30, 0],
			"boxes": [
				{
					"textureOffset": [0, 0],
					"coordinates": [-3.4, 8, 9.6, 11.1, 6.8, 7]
				}
			]
		},
		{
			"id": "body_body_wrapper_bone_3",
			"parent": "body",
			"position": [-6, -6.4075, 10.07597],
			"boxes": []
		},
		{
			"id": "body_body_wrapper_bone_3_pivot_point",
			"parent": "body_body_wrapper_bone_3",
			"rotation": [0, 100, 0],
			"boxes": [
				{
					"textureOffset": [0, 0],
					"coordinates": [-3.4, 6.3, 9.6, 11.1, 8.5, 7]
				}
			]
		},
		{
			"id": "body_body_wrapper_bone_4",
			"parent": "body",
			"position": [-6, -15.68443, -2.60233],
			"boxes": []
		},
		{
			"id": "body_body_wrapper_bone_4_pivot_point",
			"parent": "body_body_wrapper_bone_4",
			"rotation": [0, -17.5, 0],
			"boxes": [
				{
					"textureOffset": [0, 0],
					"coordinates": [-3.1, 12.1, 8.2, 10.4, 10.3, 9.6]
				}
			]
		},
		{
			"id": "body_body_wrapper_bone_5",
			"parent": "body",
			"position": [-6, -15, 5.3],
			"boxes": []
		},
		{
			"id": "body_body_wrapper_bone_5_pivot_point",
			"parent": "body_body_wrapper_bone_5",
			"rotation": [0, -37, 0],
			"boxes": [
				{
					"textureOffset": [0, 0],
					"coordinates": [-3.1, 8.7, 2.1, 10.4, 10.1, 7.7]
				}
			]
		},
		{
			"id": "body_cube_wrapper_bone",
			"parent": "body",
			"position": [-6, -16.4, 5.3],
			"boxes": []
		},
		{
			"id": "body_cube_wrapper_bone_pivot_point",
			"parent": "body_cube_wrapper_bone",
			"rotation": [0, -40, 2.5],
			"boxes": [
				{
					"textureOffset": [0, 0],
					"coordinates": [-1.8, 10.1, -23.2, 0.5, 2.2, 0.6]
				}
			]
		},
		{
			"id": "body_cube_wrapper_bone_2",
			"parent": "body",
			"position": [-6, -16.4, 5.3],
			"boxes": []
		},
		{
			"id": "body_cube_wrapper_bone_2_pivot_point",
			"parent": "body_cube_wrapper_bone_2",
			"rotation": [0, -40, 2.5],
			"boxes": [
				{
					"textureOffset": [0, 0],
					"coordinates": [-0.7, 10.1, -22, 0.5, 2.2, 0.6]
				}
			]
		},
		{
			"id": "body_cube_wrapper_bone_3",
			"parent": "body",
			"position": [-6, -16.4, 5.3],
			"boxes": []
		},
		{
			"id": "body_cube_wrapper_bone_3_pivot_point",
			"parent": "body_cube_wrapper_bone_3",
			"rotation": [0, -40, 2.5],
			"boxes": [
				{
					"textureOffset": [0, 0],
					"coordinates": [0.4, 11.1, -21.4, 0.5, 2.2, 0.6]
				}
			]
		},
		{
			"id": "body_cube_wrapper_bone_4",
			"parent": "body",
			"position": [-6, -16.4, 5.3],
			"boxes": []
		},
		{
			"id": "body_cube_wrapper_bone_4_pivot_point",
			"parent": "body_cube_wrapper_bone_4",
			"rotation": [0, -40, 2.5],
			"boxes": [
				{
					"textureOffset": [0, 0],
					"coordinates": [2, 10.5, -22.7, 0.5, 2.2, 0.6]
				}
			]
		},
		{
			"id": "body_cube_wrapper_bone_5",
			"parent": "body",
			"position": [-6, -16.4, 5.3],
			"boxes": []
		},
		{
			"id": "body_cube_wrapper_bone_5_pivot_point",
			"parent": "body_cube_wrapper_bone_5",
			"rotation": [0, -40, 2.5],
			"boxes": [
				{
					"textureOffset": [0, 0],
					"coordinates": [2.7, 11.2, -20.7, 0.5, 2.2, 0.6]
				}
			]
		},
		{
			"id": "body_cube_wrapper_bone_6",
			"parent": "body",
			"position": [-6, -16.4, 5.3],
			"boxes": []
		},
		{
			"id": "body_cube_wrapper_bone_6_pivot_point",
			"parent": "body_cube_wrapper_bone_6",
			"rotation": [0, -40, 2.5],
			"boxes": [
				{
					"textureOffset": [0, 0],
					"coordinates": [4.2, 11.2, -19.9, 0.5, 2.2, 0.6]
				}
			]
		},
		{
			"id": "body_cube_wrapper_bone_7",
			"parent": "body",
			"position": [-6, -16.4, 5.3],
			"boxes": []
		},
		{
			"id": "body_cube_wrapper_bone_7_pivot_point",
			"parent": "body_cube_wrapper_bone_7",
			"rotation": [0, -40, 2.5],
			"boxes": [
				{
					"textureOffset": [0, 0],
					"coordinates": [6.8, 11.2, -20.8, 0.5, 2.2, 0.6]
				}
			]
		},
		{
			"id": "body_cube_wrapper_bone_8",
			"parent": "body",
			"position": [-6, -16.4, 5.3],
			"boxes": []
		},
		{
			"id": "body_cube_wrapper_bone_8_pivot_point",
			"parent": "body_cube_wrapper_bone_8",
			"rotation": [0, -40, 2.5],
			"boxes": [
				{
					"textureOffset": [0, 0],
					"coordinates": [5.8, 10.8, -21.7, 0.5, 2.2, 0.6]
				}
			]
		},
		{
			"id": "body_cube_wrapper_bone_9",
			"parent": "body",
			"position": [-6, -16.4, 5.3],
			"boxes": []
		},
		{
			"id": "body_cube_wrapper_bone_9_pivot_point",
			"parent": "body_cube_wrapper_bone_9",
			"rotation": [0, -40, 2.5],
			"boxes": [
				{
					"textureOffset": [0, 0],
					"coordinates": [7.6, 9.9, -22.5, 0.5, 2.2, 0.6]
				}
			]
		},
		{
			"id": "leftpat_cpm_dummy",
			"position": [-3.3, -2.9, -1.2]
		},
		{
			"id": "leftpat",
			"texture": "texturename",
			"parent": "leftpat_cpm_dummy",
			"rotation": [0, 0, 5],
			"boxes": []
		},
		{
			"id": "omnitrix_cpm_dummy",
			"parent": "leftpat",
			"position": [-20.11154, -6.30732, -2.94]
		},
		{
			"id": "omnitrix",
			"parent": "omnitrix_cpm_dummy",
			"position": [-0.08, 0, 0.24],
			"rotation": [-85, -42, 22.5],
			"boxes": []
		},
		{
			"id": "omnitrix_core_wrapper_bone",
			"parent": "omnitrix",
			"position": [3.5, 9.06, 10.08],
			"boxes": []
		},
		{
			"id": "omnitrix_core_wrapper_bone_pivot_point",
			"parent": "omnitrix_core_wrapper_bone",
			"rotation": [0, 0, -50],
			"boxes": [
				{
					"textureOffset": [0, 0],
					"coordinates": [-6.49372, -2.40327, -1.07797, 1.57974, 0.16, 0.64]
				}
			]
		},
		{
			"id": "omnitrix_core_wrapper_bone_2",
			"parent": "omnitrix",
			"position": [-1.62, 9.06, 10.08],
			"boxes": []
		},
		{
			"id": "omnitrix_core_wrapper_bone_2_pivot_point",
			"parent": "omnitrix_core_wrapper_bone_2",
			"rotation": [0, 0, 45],
			"boxes": [
				{
					"textureOffset": [0, 0],
					"coordinates": [0.25428, 1.49441, -1.07797, 1.49974, 0.16, 0.64]
				}
			]
		},
		{
			"id": "omnitrix_core_wrapper_bone_3",
			"parent": "omnitrix",
			"position": [-1.7, 9.06, 10.08],
			"boxes": []
		},
		{
			"id": "omnitrix_core_wrapper_bone_3_pivot_point",
			"parent": "omnitrix_core_wrapper_bone_3",
			"rotation": [0, 0, -45],
			"boxes": [
				{
					"textureOffset": [0, 0],
					"coordinates": [-1.12428, 2.12415, -1.07797, 1.57974, 0.16, 0.64]
				}
			]
		},
		{
			"id": "omnitrix_core_wrapper_bone_4",
			"parent": "omnitrix",
			"position": [-6.82, 9.06, 10.08],
			"boxes": []
		},
		{
			"id": "omnitrix_core_wrapper_bone_4_pivot_point",
			"parent": "omnitrix_core_wrapper_bone_4",
			"rotation": [0, 0, 50],
			"boxes": [
				{
					"textureOffset": [0, 0],
					"coordinates": [5.48644, -3.08549, -1.07797, 1.57974, 0.16, 0.64]
				}
			]
		},
		{
			"id": "omnitrix_core_wrapper_bone_5",
			"parent": "omnitrix",
			"position": [-1.62, 9.06, 10.16],
			"boxes": []
		},
		{
			"id": "omnitrix_core_wrapper_bone_5_pivot_point",
			"parent": "omnitrix_core_wrapper_bone_5",
			"rotation": [0, 0, -22.5],
			"boxes": [
				{
					"textureOffset": [0, 0],
					"coordinates": [-0.8927, 0.41755, -1.07697, 0.77974, 3.92, 0.001]
				}
			]
		},
		{
			"id": "omnitrix_core_wrapper_bone_6",
			"parent": "omnitrix",
			"position": [-1.62, 9.06, 10.08],
			"boxes": []
		},
		{
			"id": "omnitrix_core_wrapper_bone_6_pivot_point",
			"parent": "omnitrix_core_wrapper_bone_6",
			"rotation": [0, 0, -12.5],
			"boxes": [
				{
					"textureOffset": [0, 0],
					"coordinates": [-1.88234, 2.35888, -1.07797, 0.24, 0.37974, 0.64]
				}
			]
		},
		{
			"id": "omnitrix_core_wrapper_bone_7",
			"parent": "omnitrix",
			"position": [-1.62, 9.06, 10.08],
			"boxes": []
		},
		{
			"id": "omnitrix_core_wrapper_bone_7_pivot_point",
			"parent": "omnitrix_core_wrapper_bone_7",
			"rotation": [0, 0, 0],
			"boxes": [
				{
					"textureOffset": [0, 0],
					"coordinates": [-1.35471, 1.99913, -1.07797, 0.24, 0.77974, 0.64]
				}
			]
		},
		{
			"id": "omnitrix_core_wrapper_bone_8",
			"parent": "omnitrix",
			"position": [-1.62, 9.06, 10.08],
			"boxes": []
		},
		{
			"id": "omnitrix_core_wrapper_bone_8_pivot_point",
			"parent": "omnitrix_core_wrapper_bone_8",
			"rotation": [0, 0, 22.5],
			"boxes": [
				{
					"textureOffset": [0, 0],
					"coordinates": [-0.47437, 1.64687, -1.07797, 0.24, 0.77974, 0.64]
				}
			]
		},
		{
			"id": "omnitrix_core_wrapper_bone_9",
			"parent": "omnitrix",
			"position": [-1.62, 9.06, 10.08],
			"boxes": []
		},
		{
			"id": "omnitrix_core_wrapper_bone_9_pivot_point",
			"parent": "omnitrix_core_wrapper_bone_9",
			"rotation": [0, 0, 45],
			"boxes": [
				{
					"textureOffset": [0, 0],
					"coordinates": [0.20415, 0.98454, -1.07797, 0.24, 0.77974, 0.64]
				}
			]
		},
		{
			"id": "omnitrix_core_wrapper_bone_10",
			"parent": "omnitrix",
			"position": [-1.62, 9.06, 10.08],
			"boxes": []
		},
		{
			"id": "omnitrix_core_wrapper_bone_10_pivot_point",
			"parent": "omnitrix_core_wrapper_bone_10",
			"rotation": [0, 0, 67.5],
			"boxes": [
				{
					"textureOffset": [0, 0],
					"coordinates": [0.57755, 0.11297, -1.07797, 0.24, 0.77974, 0.64]
				}
			]
		},
		{
			"id": "omnitrix_core_wrapper_bone_11",
			"parent": "omnitrix",
			"position": [-1.62, 9.06, 10.08],
			"boxes": []
		},
		{
			"id": "omnitrix_core_wrapper_bone_11_pivot_point",
			"parent": "omnitrix_core_wrapper_bone_11",
			"rotation": [0, 0, 90],
			"boxes": [
				{
					"textureOffset": [0, 0],
					"coordinates": [0.589, -0.83516, -1.07797, 0.24, 0.77974, 0.64]
				}
			]
		},
		{
			"id": "omnitrix_core_wrapper_bone_12",
			"parent": "omnitrix",
			"position": [-1.62, 9.06, 10.08],
			"boxes": []
		},
		{
			"id": "omnitrix_core_wrapper_bone_12_pivot_point",
			"parent": "omnitrix_core_wrapper_bone_12",
			"rotation": [0, 0, 112.5],
			"boxes": [
				{
					"textureOffset": [0, 0],
					"coordinates": [0.23674, -1.71549, -1.07797, 0.24, 0.77974, 0.64]
				}
			]
		},
		{
			"id": "omnitrix_core_wrapper_bone_13",
			"parent": "omnitrix",
			"position": [-1.62, 9.06, 10.08],
			"boxes": []
		},
		{
			"id": "omnitrix_core_wrapper_bone_13_pivot_point",
			"parent": "omnitrix_core_wrapper_bone_13",
			"rotation": [0, 0, 135],
			"boxes": [
				{
					"textureOffset": [0, 0],
					"coordinates": [-0.42559, -2.39401, -1.07797, 0.24, 0.77974, 0.64]
				}
			]
		},
		{
			"id": "omnitrix_core_wrapper_bone_14",
			"parent": "omnitrix",
			"position": [-1.62, 9.06, 10.08],
			"boxes": []
		},
		{
			"id": "omnitrix_core_wrapper_bone_14_pivot_point",
			"parent": "omnitrix_core_wrapper_bone_14",
			"rotation": [0, 0, 160],
			"boxes": [
				{
					"textureOffset": [0, 0],
					"coordinates": [-1.40135, -2.78709, -1.07797, 0.24, 0.77974, 0.64]
				}
			]
		},
		{
			"id": "omnitrix_core_wrapper_bone_15",
			"parent": "omnitrix",
			"position": [-1.62, 9.06, 10.08],
			"boxes": []
		},
		{
			"id": "omnitrix_core_wrapper_bone_15_pivot_point",
			"parent": "omnitrix_core_wrapper_bone_15",
			"rotation": [0, 0, -177.5],
			"boxes": [
				{
					"textureOffset": [0, 0],
					"coordinates": [-2.34907, -2.75717, -1.07797, 0.24, 0.77974, 0.64]
				}
			]
		},
		{
			"id": "omnitrix_core_wrapper_bone_16",
			"parent": "omnitrix",
			"position": [-1.62, 9.06, 10.08],
			"boxes": []
		},
		{
			"id": "omnitrix_core_wrapper_bone_16_pivot_point",
			"parent": "omnitrix_core_wrapper_bone_16",
			"rotation": [0, 0, -152.5],
			"boxes": [
				{
					"textureOffset": [0, 0],
					"coordinates": [-3.29809, -2.30332, -1.07797, 0.24, 0.77974, 0.64]
				}
			]
		},
		{
			"id": "omnitrix_core_wrapper_bone_17",
			"parent": "omnitrix",
			"position": [-1.62, 9.06, 10.08],
			"boxes": []
		},
		{
			"id": "omnitrix_core_wrapper_bone_17_pivot_point",
			"parent": "omnitrix_core_wrapper_bone_17",
			"rotation": [0, 0, -127.5],
			"boxes": [
				{
					"textureOffset": [0, 0],
					"coordinates": [-3.9664, -1.49093, -1.07797, 0.24, 0.77974, 0.64]
				}
			]
		},
		{
			"id": "omnitrix_core_wrapper_bone_18",
			"parent": "omnitrix",
			"position": [-1.62, 9.06, 10.08],
			"boxes": []
		},
		{
			"id": "omnitrix_core_wrapper_bone_18_pivot_point",
			"parent": "omnitrix_core_wrapper_bone_18",
			"rotation": [0, 0, -105],
			"boxes": [
				{
					"textureOffset": [0, 0],
					"coordinates": [-4.22285, -0.57807, -1.07797, 0.24, 0.77974, 0.64]
				}
			]
		},
		{
			"id": "omnitrix_core_wrapper_bone_19",
			"parent": "omnitrix",
			"position": [-1.62, 9.06, 10.08],
			"boxes": []
		},
		{
			"id": "omnitrix_core_wrapper_bone_19_pivot_point",
			"parent": "omnitrix_core_wrapper_bone_19",
			"rotation": [0, 0, -82.5],
			"boxes": [
				{
					"textureOffset": [0, 0],
					"coordinates": [-4.11044, 0.36344, -1.07797, 0.24, 0.77974, 0.64]
				}
			]
		},
		{
			"id": "omnitrix_core_wrapper_bone_20",
			"parent": "omnitrix",
			"position": [-1.62, 9.06, 10.08],
			"boxes": []
		},
		{
			"id": "omnitrix_core_wrapper_bone_20_pivot_point",
			"parent": "omnitrix_core_wrapper_bone_20",
			"rotation": [0, 0, -57.5],
			"boxes": [
				{
					"textureOffset": [0, 0],
					"coordinates": [-3.57561, 1.26929, -1.07797, 0.24, 0.77974, 0.64]
				}
			]
		},
		{
			"id": "omnitrix_core_wrapper_bone_21",
			"parent": "omnitrix",
			"position": [-1.62, 9.06, 10.08],
			"boxes": []
		},
		{
			"id": "omnitrix_core_wrapper_bone_21_pivot_point",
			"parent": "omnitrix_core_wrapper_bone_21",
			"rotation": [0, 0, -32.5],
			"boxes": [
				{
					"textureOffset": [0, 0],
					"coordinates": [-2.70805, 1.86425, -1.07797, 0.24, 0.77974, 0.64]
				}
			]
		},
		{
			"id": "main",
			"parent": "omnitrix",
			"boxes": []
		},
		{
			"id": "main_main_wrapper_bone",
			"parent": "main",
			"position": [-1.7, 9.06, 10.4],
			"boxes": []
		},
		{
			"id": "main_main_wrapper_bone_pivot_point",
			"parent": "main_main_wrapper_bone",
			"rotation": [0, 0, 0],
			"boxes": [
				{
					"textureOffset": [0, 0],
					"coordinates": [0.04747, 0.469, -1.07797, 0.79565, 3.84, 0.8]
				}
			]
		},
		{
			"id": "main_main_wrapper_bone_2",
			"parent": "main",
			"position": [-1.7, 9.06, 10.4],
			"boxes": []
		},
		{
			"id": "main_main_wrapper_bone_2_pivot_point",
			"parent": "main_main_wrapper_bone_2",
			"rotation": [0, 0, 22.5],
			"boxes": [
				{
					"textureOffset": [0, 0],
					"coordinates": [0.9278, 0.11674, -1.07797, 0.79565, 3.84, 0.8]
				}
			]
		},
		{
			"id": "main_main_wrapper_bone_3",
			"parent": "main",
			"position": [-1.7, 9.06, 10.4],
			"boxes": []
		},
		{
			"id": "main_main_wrapper_bone_3_pivot_point",
			"parent": "main_main_wrapper_bone_3",
			"rotation": [0, 0, 45],
			"boxes": [
				{
					"textureOffset": [0, 0],
					"coordinates": [1.60632, -0.54559, -1.07797, 0.79565, 3.84, 0.8]
				}
			]
		},
		{
			"id": "main_main_wrapper_bone_4",
			"parent": "main",
			"position": [-1.7, 9.06, 10.4],
			"boxes": []
		},
		{
			"id": "main_main_wrapper_bone_4_pivot_point",
			"parent": "main_main_wrapper_bone_4",
			"rotation": [0, 0, 67.5],
			"boxes": [
				{
					"textureOffset": [0, 0],
					"coordinates": [1.97973, -1.41716, -1.07797, 0.79565, 3.84, 0.8]
				}
			]
		},
		{
			"id": "main_main_wrapper_bone_5",
			"parent": "main",
			"position": [-1.7, 9.06, 10.4],
			"boxes": []
		},
		{
			"id": "main_main_wrapper_bone_5_pivot_point",
			"parent": "main_main_wrapper_bone_5",
			"rotation": [0, 0, 90],
			"boxes": [
				{
					"textureOffset": [0, 0],
					"coordinates": [1.99117, -2.36529, -1.07797, 0.79565, 3.84, 0.8]
				}
			]
		},
		{
			"id": "main_main_wrapper_bone_6",
			"parent": "main",
			"position": [-1.7, 9.06, 10.4],
			"boxes": []
		},
		{
			"id": "main_main_wrapper_bone_6_pivot_point",
			"parent": "main_main_wrapper_bone_6",
			"rotation": [0, 0, 112.5],
			"boxes": [
				{
					"textureOffset": [0, 0],
					"coordinates": [1.63892, -3.24563, -1.07797, 0.79565, 3.84, 0.8]
				}
			]
		},
		{
			"id": "main_main_wrapper_bone_7",
			"parent": "main",
			"position": [-1.7, 9.06, 10.4],
			"boxes": []
		},
		{
			"id": "main_main_wrapper_bone_7_pivot_point",
			"parent": "main_main_wrapper_bone_7",
			"rotation": [0, 0, 135],
			"boxes": [
				{
					"textureOffset": [0, 0],
					"coordinates": [0.97659, -3.92415, -1.07797, 0.79565, 3.84, 0.8]
				}
			]
		},
		{
			"id": "main_main_wrapper_bone_8",
			"parent": "main",
			"position": [-1.7, 9.06, 10.4],
			"boxes": []
		},
		{
			"id": "main_main_wrapper_bone_8_pivot_point",
			"parent": "main_main_wrapper_bone_8",
			"rotation": [0, 0, 157.5],
			"boxes": [
				{
					"textureOffset": [0, 0],
					"coordinates": [0.10501, -4.29755, -1.07797, 0.79565, 3.84, 0.8]
				}
			]
		},
		{
			"id": "main_main_wrapper_bone_9",
			"parent": "main",
			"position": [-1.7, 9.06, 10.4],
			"boxes": []
		},
		{
			"id": "main_main_wrapper_bone_9_pivot_point",
			"parent": "main_main_wrapper_bone_9",
			"rotation": [0, 0, 45],
			"boxes": [
				{
					"textureOffset": [0, 0],
					"coordinates": [1.84632, -0.22559, -1.07797, 0.39565, 3.36, 0.88]
				}
			]
		},
		{
			"id": "main_main_wrapper_bone_10",
			"parent": "main",
			"position": [-1.7, 9.06, 10.4],
			"boxes": []
		},
		{
			"id": "main_main_wrapper_bone_10_pivot_point",
			"parent": "main_main_wrapper_bone_10",
			"rotation": [0, 0, -42.5],
			"boxes": [
				{
					"textureOffset": [0, 0],
					"coordinates": [-1.44351, 0.46219, -1.07797, 0.39565, 3.36, 0.88]
				}
			]
		},
		{
			"id": "main_main_wrapper_bone_11",
			"parent": "main",
			"position": [-1.7, 9.06, 10.4],
			"boxes": []
		},
		{
			"id": "main_main_wrapper_bone_11_pivot_point",
			"parent": "main_main_wrapper_bone_11",
			"rotation": [0, 0, 32.5],
			"boxes": [
				{
					"textureOffset": [0, 0],
					"coordinates": [1.50134, 0.17561, -1.07797, 0.39565, 3.36, 0.88]
				}
			]
		},
		{
			"id": "main_main_wrapper_bone_12",
			"parent": "main",
			"position": [-1.7, 9.06, 10.4],
			"boxes": []
		},
		{
			"id": "main_main_wrapper_bone_12_pivot_point",
			"parent": "main_main_wrapper_bone_12",
			"rotation": [0, 0, 20],
			"boxes": [
				{
					"textureOffset": [0, 0],
					"coordinates": [0.9177, 0.49263, -1.07797, 0.71565, 3.36, 0.88]
				}
			]
		},
		{
			"id": "main_main_wrapper_bone_13",
			"parent": "main",
			"position": [-1.7, 9.06, 10.4],
			"boxes": []
		},
		{
			"id": "main_main_wrapper_bone_13_pivot_point",
			"parent": "main_main_wrapper_bone_13",
			"rotation": [0, 0, 0],
			"boxes": [
				{
					"textureOffset": [0, 0],
					"coordinates": [0.12747, 0.789, -1.07797, 0.71565, 3.36, 0.88]
				}
			]
		},
		{
			"id": "main_main_wrapper_bone_14",
			"parent": "main",
			"position": [-1.7, 9.06, 10.4],
			"boxes": []
		},
		{
			"id": "main_main_wrapper_bone_14_pivot_point",
			"parent": "main_main_wrapper_bone_14",
			"rotation": [0, 0, -2.5],
			"boxes": [
				{
					"textureOffset": [0, 0],
					"coordinates": [0.02284, 0.80615, -1.07797, 0.71565, 3.36, 0.88]
				}
			]
		},
		{
			"id": "main_main_wrapper_bone_15",
			"parent": "main",
			"position": [-1.7, 9.06, 10.4],
			"boxes": []
		},
		{
			"id": "main_main_wrapper_bone_15_pivot_point",
			"parent": "main_main_wrapper_bone_15",
			"rotation": [0, 0, -27.5],
			"boxes": [
				{
					"textureOffset": [0, 0],
					"coordinates": [-1.02596, 0.72468, -1.07797, 0.71565, 3.36, 0.88]
				}
			]
		},
		{
			"id": "main_main_wrapper_bone_16",
			"parent": "main",
			"position": [-1.7, 9.06, 10.4],
			"boxes": []
		},
		{
			"id": "main_main_wrapper_bone_16_pivot_point",
			"parent": "main_main_wrapper_bone_16",
			"rotation": [0, 0, -22.5],
			"boxes": [
				{
					"textureOffset": [0, 0],
					"coordinates": [-2.02284, 1.97973, -1.15797, 1.2, 0.31565, 0.8]
				}
			]
		},
		{
			"id": "main_main_wrapper_bone_17",
			"parent": "main",
			"position": [-1.7, 9.06, 10.4],
			"boxes": []
		},
		{
			"id": "main_main_wrapper_bone_17_pivot_point",
			"parent": "main_main_wrapper_bone_17",
			"rotation": [0, 0, -12.5],
			"boxes": [
				{
					"textureOffset": [0, 0],
					"coordinates": [-1.60234, 2.03092, -1.15797, 1.2, 0.31565, 0.8]
				}
			]
		},
		{
			"id": "main_main_wrapper_bone_18",
			"parent": "main",
			"position": [-1.7, 9.06, 10.4],
			"boxes": []
		},
		{
			"id": "main_main_wrapper_bone_18_pivot_point",
			"parent": "main_main_wrapper_bone_18",
			"rotation": [0, 0, 0],
			"boxes": [
				{
					"textureOffset": [0, 0],
					"coordinates": [-1.07471, 1.99117, -1.15797, 0.96, 0.31565, 0.8]
				}
			]
		},
		{
			"id": "main_main_wrapper_bone_19",
			"parent": "main",
			"position": [-1.7, 9.06, 10.4],
			"boxes": []
		},
		{
			"id": "main_main_wrapper_bone_19_pivot_point",
			"parent": "main_main_wrapper_bone_19",
			"rotation": [0, 0, 10],
			"boxes": [
				{
					"textureOffset": [0, 0],
					"coordinates": [-0.66663, 1.87756, -1.15797, 0.8, 0.31565, 0.8]
				}
			]
		},
		{
			"id": "main_main_wrapper_bone_20",
			"parent": "main",
			"position": [-1.7, 9.06, 10.4],
			"boxes": []
		},
		{
			"id": "main_main_wrapper_bone_20_pivot_point",
			"parent": "main_main_wrapper_bone_20",
			"rotation": [0, 0, 35],
			"boxes": [
				{
					"textureOffset": [0, 0],
					"coordinates": [0.21503, 1.70372, -1.15797, 1.2, 0.31565, 0.8]
				}
			]
		},
		{
			"id": "main_main_wrapper_bone_21",
			"parent": "main",
			"position": [-1.7, 9.06, 10.4],
			"boxes": []
		},
		{
			"id": "main_main_wrapper_bone_21_pivot_point",
			"parent": "main_main_wrapper_bone_21",
			"rotation": [0, 0, 37.5],
			"boxes": [
				{
					"textureOffset": [0, 0],
					"coordinates": [0.2876, 1.62642, -1.15797, 1.2, 0.31565, 0.8]
				}
			]
		},
		{
			"id": "main_main_wrapper_bone_22",
			"parent": "main",
			"position": [-1.7, 9.06, 10.4],
			"boxes": []
		},
		{
			"id": "main_main_wrapper_bone_22_pivot_point",
			"parent": "main_main_wrapper_bone_22",
			"rotation": [0, 0, -27.5],
			"boxes": [
				{
					"textureOffset": [0, 0],
					"coordinates": [-2.22814, 2.00686, -1.15797, 1.2, 0.31565, 0.8]
				}
			]
		},
		{
			"id": "main_main_wrapper_bone_23",
			"parent": "main",
			"position": [-1.7, 9.06, 10.4],
			"boxes": []
		},
		{
			"id": "main_main_wrapper_bone_23_pivot_point",
			"parent": "main_main_wrapper_bone_23",
			"rotation": [0, 0, -50],
			"boxes": [
				{
					"textureOffset": [0, 0],
					"coordinates": [-3.06385, 1.31891, -1.15797, 1.2, 0.31565, 0.8]
				}
			]
		},
		{
			"id": "main_main_wrapper_bone_24",
			"parent": "main",
			"position": [-1.62, 9.06, 10.4],
			"boxes": []
		},
		{
			"id": "main_main_wrapper_bone_24_pivot_point",
			"parent": "main_main_wrapper_bone_24",
			"rotation": [0, 0, -35],
			"boxes": [
				{
					"textureOffset": [0, 0],
					"coordinates": [-0.68551, 2.21454, -1.15797, 1.28, 0.31565, 0.8]
				}
			]
		},
		{
			"id": "main_main_wrapper_bone_25",
			"parent": "main",
			"position": [-1.62, 9.06, 10.4],
			"boxes": []
		},
		{
			"id": "main_main_wrapper_bone_25_pivot_point",
			"parent": "main_main_wrapper_bone_25",
			"rotation": [0, 0, -40],
			"boxes": [
				{
					"textureOffset": [0, 0],
					"coordinates": [-0.87451, 2.11848, -1.15797, 1.28, 0.31565, 0.8]
				}
			]
		},
		{
			"id": "main_main_wrapper_bone_26",
			"parent": "main",
			"position": [-1.62, 9.06, 10.4],
			"boxes": []
		},
		{
			"id": "main_main_wrapper_bone_26_pivot_point",
			"parent": "main_main_wrapper_bone_26",
			"rotation": [0, 0, -10],
			"boxes": [
				{
					"textureOffset": [0, 0],
					"coordinates": [0.74368, 2.0322, -1.15797, 0.88, 0.31565, 0.8]
				}
			]
		},
		{
			"id": "main_main_wrapper_bone_27",
			"parent": "main",
			"position": [-1.62, 9.06, 10.4],
			"boxes": []
		},
		{
			"id": "main_main_wrapper_bone_27_pivot_point",
			"parent": "main_main_wrapper_bone_27",
			"rotation": [0, 0, 0],
			"boxes": [
				{
					"textureOffset": [0, 0],
					"coordinates": [1.00529, 1.99117, -1.15797, 1.04, 0.31565, 0.8]
				}
			]
		},
		{
			"id": "main_main_wrapper_bone_28",
			"parent": "main",
			"position": [-1.62, 9.06, 10.4],
			"boxes": []
		},
		{
			"id": "main_main_wrapper_bone_28_pivot_point",
			"parent": "main_main_wrapper_bone_28",
			"rotation": [0, 0, 10],
			"boxes": [
				{
					"textureOffset": [0, 0],
					"coordinates": [1.17337, 1.87756, -1.15797, 1.28, 0.31565, 0.8]
				}
			]
		},
		{
			"id": "main_main_wrapper_bone_29",
			"parent": "main",
			"position": [-1.62, 9.06, 10.4],
			"boxes": []
		},
		{
			"id": "main_main_wrapper_bone_29_pivot_point",
			"parent": "main_main_wrapper_bone_29",
			"rotation": [0, 0, 50],
			"boxes": [
				{
					"textureOffset": [0, 0],
					"coordinates": [2.43631, 0.55668, -1.15797, 1.28, 0.39565, 0.8]
				}
			]
		},
		{
			"id": "main_main_wrapper_bone_30",
			"parent": "main",
			"position": [-1.62, 9.06, 10.4],
			"boxes": []
		},
		{
			"id": "main_main_wrapper_bone_30_pivot_point",
			"parent": "main_main_wrapper_bone_30",
			"rotation": [0, 0, 27.5],
			"boxes": [
				{
					"textureOffset": [0, 0],
					"coordinates": [1.81809, 1.59563, -1.15797, 1.28, 0.31565, 0.8]
				}
			]
		},
		{
			"id": "main_main_wrapper_bone_31",
			"parent": "main",
			"position": [-1.62, 9.06, 10.4],
			"boxes": []
		},
		{
			"id": "main_main_wrapper_bone_31_pivot_point",
			"parent": "main_main_wrapper_bone_31",
			"rotation": [0, 0, 22.5],
			"boxes": [
				{
					"textureOffset": [0, 0],
					"coordinates": [1.64563, 1.55892, -1.15797, 1.28, 0.39565, 0.8]
				}
			]
		},
		{
			"id": "OMNI_cpm_dummy",
			"parent": "leftpat",
			"position": [-0.45154, -3.90732, 1.2]
		},
		{
			"id": "OMNI",
			"parent": "OMNI_cpm_dummy",
			"boxes": []
		},
		{
			"id": "OMNI_cube_wrapper_bone",
			"parent": "OMNI",
			"position": [0, 0, 0],
			"boxes": []
		},
		{
			"id": "OMNI_cube_wrapper_bone_pivot_point",
			"parent": "OMNI_cube_wrapper_bone",
			"rotation": [4.40129, 9.54044, -22.14018],
			"boxes": [
				{
					"textureOffset": [0, 0],
					"coordinates": [-8.73045, -2.26494, 2.06135, 4.9, 1.4, 5.5]
				}
			]
		},
		{
			"id": "OMNI_cube_wrapper_bone_2",
			"parent": "OMNI",
			"position": [0, 0, 0],
			"boxes": []
		},
		{
			"id": "OMNI_cube_wrapper_bone_2_pivot_point",
			"parent": "OMNI_cube_wrapper_bone_2",
			"rotation": [4.40129, 9.54044, -22.14018],
			"boxes": [
				{
					"textureOffset": [0, 0],
					"coordinates": [-8.73045, -1.06494, 2.16135, 4.9, 1.4, 5.7]
				}
			]
		},
		{
			"id": "OMNI_cube_wrapper_bone_3",
			"parent": "OMNI",
			"position": [0, 0, 0],
			"boxes": []
		},
		{
			"id": "OMNI_cube_wrapper_bone_3_pivot_point",
			"parent": "OMNI_cube_wrapper_bone_3",
			"rotation": [4.40129, 9.54044, -22.14018],
			"boxes": [
				{
					"textureOffset": [0, 0],
					"coordinates": [-8.73045, 0.13506, 2.56135, 4.9, 5.3, 6.3]
				}
			]
		},
		{
			"id": "OMNI_cube_wrapper_bone_4",
			"parent": "OMNI",
			"position": [5.1, -16, 0],
			"boxes": []
		},
		{
			"id": "OMNI_cube_wrapper_bone_4_pivot_point",
			"parent": "OMNI_cube_wrapper_bone_4",
			"rotation": [0, 132.5, -2.5],
			"boxes": [
				{
					"textureOffset": [0, 0],
					"coordinates": [-15.6981, -11.25894, 10.86432, 3.8, 2.1, 4.2]
				}
			]
		},
		{
			"id": "OMNI_cube_wrapper_bone_5",
			"parent": "OMNI",
			"position": [5.1, -16, 0],
			"boxes": []
		},
		{
			"id": "OMNI_cube_wrapper_bone_5_pivot_point",
			"parent": "OMNI_cube_wrapper_bone_5",
			"rotation": [0, 132.5, -2.5],
			"boxes": [
				{
					"textureOffset": [0, 0],
					"coordinates": [-15.0981, -14.45894, 10.16432, 2.4, 2.6, 2.7]
				}
			]
		},
		{
			"id": "OMNI_cube_wrapper_bone_6",
			"parent": "OMNI",
			"position": [5.1, -16, 0],
			"boxes": []
		},
		{
			"id": "OMNI_cube_wrapper_bone_6_pivot_point",
			"parent": "OMNI_cube_wrapper_bone_6",
			"rotation": [0, 132.5, -2.5],
			"boxes": [
				{
					"textureOffset": [0, 0],
					"coordinates": [-15.3981, -13.15894, 10.36432, 2.9, 2.1, 3.1]
				}
			]
		},
		{
			"id": "OMNI_cube_wrapper_bone_7",
			"parent": "OMNI",
			"position": [5.1, -16, 0],
			"boxes": []
		},
		{
			"id": "OMNI_cube_wrapper_bone_7_pivot_point",
			"parent": "OMNI_cube_wrapper_bone_7",
			"rotation": [0, 132.5, -2.5],
			"boxes": [
				{
					"textureOffset": [0, 0],
					"coordinates": [-15.4981, -12.45894, 10.66432, 3.3, 2.1, 3.8]
				}
			]
		},
		{
			"id": "OMNI_cube_wrapper_bone_8",
			"parent": "OMNI",
			"position": [2.9, -16, 0],
			"boxes": []
		},
		{
			"id": "OMNI_cube_wrapper_bone_8_pivot_point",
			"parent": "OMNI_cube_wrapper_bone_8",
			"rotation": [0, 132.5, -5],
			"boxes": [
				{
					"textureOffset": [0, 0],
					"coordinates": [-14.2, -9.7, 11, 4.9, 15.8, 4.9]
				}
			]
		},
		{
			"id": "OMNI_cube_wrapper_bone_9",
			"parent": "OMNI",
			"position": [2.9, -16, 0],
			"boxes": []
		},
		{
			"id": "OMNI_cube_wrapper_bone_9_pivot_point",
			"parent": "OMNI_cube_wrapper_bone_9",
			"rotation": [12.5, 130, 5],
			"boxes": [
				{
					"textureOffset": [0, 0],
					"coordinates": [-15.32293, -1.5498, 7.79202, 0.9, 3.3, 1]
				}
			]
		},
		{
			"id": "OMNI_cube_wrapper_bone_10",
			"parent": "OMNI",
			"position": [2.9, -16, 0],
			"boxes": []
		},
		{
			"id": "OMNI_cube_wrapper_bone_10_pivot_point",
			"parent": "OMNI_cube_wrapper_bone_10",
			"rotation": [12.5, 130, 5],
			"boxes": [
				{
					"textureOffset": [0, 0],
					"coordinates": [-15.32293, -1.5498, 9.89202, 0.9, 3.3, 1]
				}
			]
		},
		{
			"id": "OMNI_cube_wrapper_bone_11",
			"parent": "OMNI",
			"position": [2.9, -16, 0],
			"boxes": []
		},
		{
			"id": "OMNI_cube_wrapper_bone_11_pivot_point",
			"parent": "OMNI_cube_wrapper_bone_11",
			"rotation": [32.5, 130, 5],
			"boxes": [
				{
					"textureOffset": [0, 0],
					"coordinates": [-15.06116, -9.33392, 7.0858, 0.9, 3.3, 1]
				}
			]
		},
		{
			"id": "OMNI_cube_wrapper_bone_12",
			"parent": "OMNI",
			"position": [2.9, -16, 0],
			"boxes": []
		},
		{
			"id": "OMNI_cube_wrapper_bone_12_pivot_point",
			"parent": "OMNI_cube_wrapper_bone_12",
			"rotation": [22.5, 130, 2.5],
			"boxes": [
				{
					"textureOffset": [0, 0],
					"coordinates": [-14.23195, -8.24909, 5.61222, 0.9, 3.3, 1]
				}
			]
		},
		{
			"id": "OMNI_cube_wrapper_bone_13",
			"parent": "OMNI",
			"position": [2.9, -16, 0],
			"boxes": []
		},
		{
			"id": "OMNI_cube_wrapper_bone_13_pivot_point",
			"parent": "OMNI_cube_wrapper_bone_13",
			"rotation": [22.5, 130, 10],
			"boxes": [
				{
					"textureOffset": [0, 0],
					"coordinates": [-11.6848, -12.59906, 8.62133, 0.9, 3.3, 1]
				}
			]
		},
		{
			"id": "OMNI_cube_wrapper_bone_14",
			"parent": "OMNI",
			"position": [2.9, -16, 0],
			"boxes": []
		},
		{
			"id": "OMNI_cube_wrapper_bone_14_pivot_point",
			"parent": "OMNI_cube_wrapper_bone_14",
			"rotation": [0, 2.5, -27.5],
			"boxes": [
				{
					"textureOffset": [0, 0],
					"coordinates": [-17.74776, 5.73536, 1.96662, 4.9, 9.9, 4.9]
				}
			]
		},
		{
			"id": "OMNI_cube_wrapper_bone_15",
			"parent": "OMNI",
			"position": [2.9, -16, 0],
			"boxes": []
		},
		{
			"id": "OMNI_cube_wrapper_bone_15_pivot_point",
			"parent": "OMNI_cube_wrapper_bone_15",
			"rotation": [0, 2.5, -5],
			"boxes": [
				{
					"textureOffset": [0, 0],
					"coordinates": [-11.2, 16.4, 2.1, 5.3, 5, 4.9]
				}
			]
		},
		{
			"id": "OMNI_cube_wrapper_bone_16",
			"parent": "OMNI",
			"position": [-1.3, -16, 0],
			"boxes": []
		},
		{
			"id": "OMNI_cube_wrapper_bone_16_pivot_point",
			"parent": "OMNI_cube_wrapper_bone_16",
			"rotation": [2.48643, 130.44698, -6.95282],
			"boxes": [
				{
					"textureOffset": [0, 0],
					"coordinates": [-9.79696, 0.87822, 10.19188, 3.8, 7.7, 4.2]
				}
			]
		},
		{
			"id": "OMNI_cube_wrapper_bone_17",
			"parent": "OMNI",
			"position": [-1.3, -16, 0],
			"boxes": []
		},
		{
			"id": "OMNI_cube_wrapper_bone_17_pivot_point",
			"parent": "OMNI_cube_wrapper_bone_17",
			"rotation": [0, 0, -5],
			"boxes": [
				{
					"textureOffset": [0, 0],
					"coordinates": [-9.7, -1.4, -10.1, 5.2, 2.5, 5.1]
				}
			]
		},
		{
			"id": "OMNI_cube_wrapper_bone_18",
			"parent": "OMNI",
			"position": [-1.3, -16, 0],
			"boxes": []
		},
		{
			"id": "OMNI_cube_wrapper_bone_18_pivot_point",
			"parent": "OMNI_cube_wrapper_bone_18",
			"rotation": [0, 0, -5],
			"boxes": [
				{
					"textureOffset": [0, 0],
					"coordinates": [-9.9, -1.4, -14.1, 1.8, 1.8, 2.4]
				}
			]
		},
		{
			"id": "OMNI_cube_wrapper_bone_19",
			"parent": "OMNI",
			"position": [-1.3, -16, 0],
			"boxes": []
		},
		{
			"id": "OMNI_cube_wrapper_bone_19_pivot_point",
			"parent": "OMNI_cube_wrapper_bone_19",
			"rotation": [0, 0, -5],
			"boxes": [
				{
					"textureOffset": [0, 0],
					"coordinates": [-8, -1.4, -10.1, 1.8, 1.8, 6.4]
				}
			]
		},
		{
			"id": "OMNI_cube_wrapper_bone_20",
			"parent": "OMNI",
			"position": [-1.3, -16, 0],
			"boxes": []
		},
		{
			"id": "OMNI_cube_wrapper_bone_20_pivot_point",
			"parent": "OMNI_cube_wrapper_bone_20",
			"rotation": [0, 0, -5],
			"boxes": [
				{
					"textureOffset": [0, 0],
					"coordinates": [-6, -1.4, -13.8, 1.8, 1.8, 2.7]
				}
			]
		},
		{
			"id": "OMNI_cube_wrapper_bone_21",
			"parent": "OMNI",
			"position": [-1.3, -16, 0],
			"boxes": []
		},
		{
			"id": "OMNI_cube_wrapper_bone_21_pivot_point",
			"parent": "OMNI_cube_wrapper_bone_21",
			"rotation": [0, 0, -5],
			"boxes": [
				{
					"textureOffset": [0, 0],
					"coordinates": [-4.1, -1.3, -11.9, 0.7, 1.3, 2.5]
				}
			]
		},
		{
			"id": "OMNI_cube_wrapper_bone_22",
			"parent": "OMNI",
			"position": [-1.3, -16, 0],
			"boxes": []
		},
		{
			"id": "OMNI_cube_wrapper_bone_22_pivot_point",
			"parent": "OMNI_cube_wrapper_bone_22",
			"rotation": [0, 0, -5],
			"boxes": [
				{
					"textureOffset": [0, 0],
					"coordinates": [-5.4, -1.3, -15, 0.7, 1.3, 2.3]
				}
			]
		},
		{
			"id": "OMNI_cube_wrapper_bone_23",
			"parent": "OMNI",
			"position": [-1.3, -16, 0],
			"boxes": []
		},
		{
			"id": "OMNI_cube_wrapper_bone_23_pivot_point",
			"parent": "OMNI_cube_wrapper_bone_23",
			"rotation": [0, 0, -5],
			"boxes": [
				{
					"textureOffset": [0, 0],
					"coordinates": [-7.5, -1.2, -15, 0.7, 1.2, 2.3]
				}
			]
		},
		{
			"id": "OMNI_cube_wrapper_bone_24",
			"parent": "OMNI",
			"position": [-1.3, -16, 0],
			"boxes": []
		},
		{
			"id": "OMNI_cube_wrapper_bone_24_pivot_point",
			"parent": "OMNI_cube_wrapper_bone_24",
			"rotation": [0, 0, -5],
			"boxes": [
				{
					"textureOffset": [0, 0],
					"coordinates": [-9.3, -1.3, -15, 0.7, 1.3, 2.3]
				}
			]
		},
		{
			"id": "OMNI_cube_wrapper_bone_25",
			"parent": "OMNI",
			"position": [-1.3, -16, 0],
			"boxes": []
		},
		{
			"id": "OMNI_cube_wrapper_bone_25_pivot_point",
			"parent": "OMNI_cube_wrapper_bone_25",
			"rotation": [0, 0, -5],
			"boxes": [
				{
					"textureOffset": [0, 0],
					"coordinates": [-4.8, -1.4, -10.6, 1.8, 1.8, 2.7]
				}
			]
		},
		{
			"id": "OMNI_cube_wrapper_bone_26",
			"parent": "OMNI",
			"position": [-1.3, -16, 0],
			"boxes": []
		},
		{
			"id": "OMNI_cube_wrapper_bone_26_pivot_point",
			"parent": "OMNI_cube_wrapper_bone_26",
			"rotation": [0, 0, -5],
			"boxes": [
				{
					"textureOffset": [0, 0],
					"coordinates": [-9.3, -1.4, -10.2, 4.4, 3.6, 4.2]
				}
			]
		},
		{
			"id": "rightpat_cpm_dummy",
			"position": [5.4, -4.6, -1.6]
		},
		{
			"id": "rightpat",
			"texture": "texturename",
			"parent": "rightpat_cpm_dummy",
			"boxes": []
		},
		{
			"id": "rightpat_cube_wrapper_bone",
			"parent": "rightpat",
			"position": [-4.2, -18, 1.6],
			"boxes": []
		},
		{
			"id": "rightpat_cube_wrapper_bone_pivot_point",
			"parent": "rightpat_cube_wrapper_bone",
			"rotation": [0, 2.5, 5],
			"boxes": [
				{
					"textureOffset": [0, 0],
					"coordinates": [4.9, 16.4, 2.1, 4.3, 5, 4.9]
				}
			]
		},
		{
			"id": "rightpat_cube_wrapper_bone_2",
			"parent": "rightpat",
			"position": [-4.2, -18, 1.6],
			"boxes": []
		},
		{
			"id": "rightpat_cube_wrapper_bone_2_pivot_point",
			"parent": "rightpat_cube_wrapper_bone_2",
			"rotation": [0, 132.5, 5],
			"boxes": [
				{
					"textureOffset": [0, 0],
					"coordinates": [7.6, -9.7, 11, 4.6, 16.8, 4.9]
				}
			]
		},
		{
			"id": "rightpat_cube_wrapper_bone_3",
			"parent": "rightpat",
			"position": [-4.2, -18, 1.6],
			"boxes": []
		},
		{
			"id": "rightpat_cube_wrapper_bone_3_pivot_point",
			"parent": "rightpat_cube_wrapper_bone_3",
			"rotation": [0, 132.5, 5],
			"boxes": [
				{
					"textureOffset": [0, 0],
					"coordinates": [8, -10.1, 10.5, 3.8, 16.6, 4.2]
				}
			]
		},
		{
			"id": "rightpat_cube_wrapper_bone_4",
			"parent": "rightpat",
			"position": [-4.2, -18, 1.6],
			"boxes": []
		},
		{
			"id": "rightpat_cube_wrapper_bone_4_pivot_point",
			"parent": "rightpat_cube_wrapper_bone_4",
			"rotation": [0, 132.5, 5],
			"boxes": [
				{
					"textureOffset": [0, 0],
					"coordinates": [8, -11.6, 10.5, 3.8, 2.1, 4.2]
				}
			]
		},
		{
			"id": "rightpat_cube_wrapper_bone_5",
			"parent": "rightpat",
			"position": [-4.2, -18, 1.6],
			"boxes": []
		},
		{
			"id": "rightpat_cube_wrapper_bone_5_pivot_point",
			"parent": "rightpat_cube_wrapper_bone_5",
			"rotation": [0, 132.5, 5],
			"boxes": [
				{
					"textureOffset": [0, 0],
					"coordinates": [8.2, -12.8, 10.3, 3.3, 2.1, 3.8]
				}
			]
		},
		{
			"id": "rightpat_cube_wrapper_bone_6",
			"parent": "rightpat",
			"position": [-4.2, -18, 1.6],
			"boxes": []
		},
		{
			"id": "rightpat_cube_wrapper_bone_6_pivot_point",
			"parent": "rightpat_cube_wrapper_bone_6",
			"rotation": [0, 132.5, 5],
			"boxes": [
				{
					"textureOffset": [0, 0],
					"coordinates": [8.3, -13.5, 10, 2.9, 2.1, 3.1]
				}
			]
		},
		{
			"id": "rightpat_cube_wrapper_bone_7",
			"parent": "rightpat",
			"position": [-4.2, -18, 1.6],
			"boxes": []
		},
		{
			"id": "rightpat_cube_wrapper_bone_7_pivot_point",
			"parent": "rightpat_cube_wrapper_bone_7",
			"rotation": [0, 132.5, 5],
			"boxes": [
				{
					"textureOffset": [0, 0],
					"coordinates": [8.6, -14.8, 9.8, 2.4, 2.6, 2.7]
				}
			]
		},
		{
			"id": "rightpat_cube_wrapper_bone_8",
			"parent": "rightpat",
			"position": [-4.2, -18, 1.6],
			"boxes": []
		},
		{
			"id": "rightpat_cube_wrapper_bone_8_pivot_point",
			"parent": "rightpat_cube_wrapper_bone_8",
			"rotation": [0, 2.5, 27.5],
			"boxes": [
				{
					"textureOffset": [0, 0],
					"coordinates": [11.6, 6.6, 2, 4.3, 9.8, 4.9]
				}
			]
		},
		{
			"id": "rightpat_cube_wrapper_bone_9",
			"parent": "rightpat",
			"position": [0, -18, 0.9],
			"boxes": []
		},
		{
			"id": "rightpat_cube_wrapper_bone_9_pivot_point",
			"parent": "rightpat_cube_wrapper_bone_9",
			"rotation": [-2.48643, 130.44698, 1.95282],
			"boxes": [
				{
					"textureOffset": [0, 0],
					"coordinates": [4, 0.9, 10.3, 3.8, 8.4, 4.2]
				}
			]
		},
		{
			"id": "rightpat_cube_wrapper_bone_10",
			"parent": "rightpat",
			"position": [0, -18, 0.9],
			"boxes": []
		},
		{
			"id": "rightpat_cube_wrapper_bone_10_pivot_point",
			"parent": "rightpat_cube_wrapper_bone_10",
			"rotation": [-2.48643, 130.44698, 1.95282],
			"boxes": [
				{
					"textureOffset": [0, 0],
					"coordinates": [4, 0.9, 10.3, 3.8, 7.7, 4.2]
				}
			]
		},
		{
			"id": "rightpat_cube_wrapper_bone_11",
			"parent": "rightpat",
			"position": [0, -18, 0.9],
			"boxes": []
		},
		{
			"id": "rightpat_cube_wrapper_bone_11_pivot_point",
			"parent": "rightpat_cube_wrapper_bone_11",
			"rotation": [0, 0, 0],
			"boxes": [
				{
					"textureOffset": [0, 0],
					"coordinates": [2.9, -1.4, -10.2, 4.4, 3.6, 4.2]
				}
			]
		},
		{
			"id": "rightpat_cube_wrapper_bone_12",
			"parent": "rightpat",
			"position": [0, -18, 0.9],
			"boxes": []
		},
		{
			"id": "rightpat_cube_wrapper_bone_12_pivot_point",
			"parent": "rightpat_cube_wrapper_bone_12",
			"rotation": [0, 0, 0],
			"boxes": [
				{
					"textureOffset": [0, 0],
					"coordinates": [2.5, -1.4, -10.1, 5.2, 2.5, 5.1]
				}
			]
		},
		{
			"id": "rightpat_cube_wrapper_bone_13",
			"parent": "rightpat",
			"position": [0, -18, 0.9],
			"boxes": []
		},
		{
			"id": "rightpat_cube_wrapper_bone_13_pivot_point",
			"parent": "rightpat_cube_wrapper_bone_13",
			"rotation": [0, 0, 0],
			"boxes": [
				{
					"textureOffset": [0, 0],
					"coordinates": [1.4, -1.2, -11.7, 0.6, 1.2, 2.7]
				}
			]
		},
		{
			"id": "rightpat_cube_wrapper_bone_14",
			"parent": "rightpat",
			"position": [0, -18, 0.9],
			"boxes": []
		},
		{
			"id": "rightpat_cube_wrapper_bone_14_pivot_point",
			"parent": "rightpat_cube_wrapper_bone_14",
			"rotation": [0, 0, 0],
			"boxes": [
				{
					"textureOffset": [0, 0],
					"coordinates": [1, -1.4, -10.6, 1.8, 1.8, 2.7]
				}
			]
		},
		{
			"id": "rightpat_cube_wrapper_bone_15",
			"parent": "rightpat",
			"position": [0, -18, 0.9],
			"boxes": []
		},
		{
			"id": "rightpat_cube_wrapper_bone_15_pivot_point",
			"parent": "rightpat_cube_wrapper_bone_15",
			"rotation": [0, 0, 0],
			"boxes": [
				{
					"textureOffset": [0, 0],
					"coordinates": [2.7, -1.3, -15, 0.7, 1.3, 2.3]
				}
			]
		},
		{
			"id": "rightpat_cube_wrapper_bone_16",
			"parent": "rightpat",
			"position": [0, -18, 0.9],
			"boxes": []
		},
		{
			"id": "rightpat_cube_wrapper_bone_16_pivot_point",
			"parent": "rightpat_cube_wrapper_bone_16",
			"rotation": [0, 0, 0],
			"boxes": [
				{
					"textureOffset": [0, 0],
					"coordinates": [2.2, -1.4, -13.8, 1.8, 1.8, 2.7]
				}
			]
		},
		{
			"id": "rightpat_cube_wrapper_bone_17",
			"parent": "rightpat",
			"position": [0, -18, 0.9],
			"boxes": []
		},
		{
			"id": "rightpat_cube_wrapper_bone_17_pivot_point",
			"parent": "rightpat_cube_wrapper_bone_17",
			"rotation": [0, 0, 0],
			"boxes": [
				{
					"textureOffset": [0, 0],
					"coordinates": [4.8, -1.3, -15, 0.7, 1.3, 2.3]
				}
			]
		},
		{
			"id": "rightpat_cube_wrapper_bone_18",
			"parent": "rightpat",
			"position": [0, -18, 0.9],
			"boxes": []
		},
		{
			"id": "rightpat_cube_wrapper_bone_18_pivot_point",
			"parent": "rightpat_cube_wrapper_bone_18",
			"rotation": [0, 0, 0],
			"boxes": [
				{
					"textureOffset": [0, 0],
					"coordinates": [4.2, -1.4, -10.1, 1.8, 1.8, 6.4]
				}
			]
		},
		{
			"id": "rightpat_cube_wrapper_bone_19",
			"parent": "rightpat",
			"position": [0, -18, 0.9],
			"boxes": []
		},
		{
			"id": "rightpat_cube_wrapper_bone_19_pivot_point",
			"parent": "rightpat_cube_wrapper_bone_19",
			"rotation": [0, 0, 0],
			"boxes": [
				{
					"textureOffset": [0, 0],
					"coordinates": [6.1, -1.4, -14.1, 1.8, 1.8, 2.4]
				}
			]
		},
		{
			"id": "rightpat_cube_wrapper_bone_20",
			"parent": "rightpat",
			"position": [0, -18, 0.9],
			"boxes": []
		},
		{
			"id": "rightpat_cube_wrapper_bone_20_pivot_point",
			"parent": "rightpat_cube_wrapper_bone_20",
			"rotation": [0, 0, 0],
			"boxes": [
				{
					"textureOffset": [0, 0],
					"coordinates": [6.6, -1.3, -15, 0.7, 1.3, 2.3]
				}
			]
		},
		{
			"id": "rightpat_cube_wrapper_bone_21",
			"parent": "rightpat",
			"position": [-4.1, -18, 1.6],
			"boxes": []
		},
		{
			"id": "rightpat_cube_wrapper_bone_21_pivot_point",
			"parent": "rightpat_cube_wrapper_bone_21",
			"rotation": [-22.5, 130, -10],
			"boxes": [
				{
					"textureOffset": [0, 0],
					"coordinates": [9, -11.7, 8.7, 0.9, 3.3, 1]
				}
			]
		},
		{
			"id": "rightpat_cube_wrapper_bone_22",
			"parent": "rightpat",
			"position": [-4.1, -18, 1.6],
			"boxes": []
		},
		{
			"id": "rightpat_cube_wrapper_bone_22_pivot_point",
			"parent": "rightpat_cube_wrapper_bone_22",
			"rotation": [-32.5, 130, -5],
			"boxes": [
				{
					"textureOffset": [0, 0],
					"coordinates": [12.5, -8.3, 7.5, 0.9, 3.3, 1]
				}
			]
		},
		{
			"id": "rightpat_cube_wrapper_bone_23",
			"parent": "rightpat",
			"position": [-4.1, -18, 1.6],
			"boxes": []
		},
		{
			"id": "rightpat_cube_wrapper_bone_23_pivot_point",
			"parent": "rightpat_cube_wrapper_bone_23",
			"rotation": [-22.5, 130, -2.5],
			"boxes": [
				{
					"textureOffset": [0, 0],
					"coordinates": [11.5, -7.5, 5.9, 0.9, 3.3, 1]
				}
			]
		},
		{
			"id": "rightpat_cube_wrapper_bone_24",
			"parent": "rightpat",
			"position": [-4.1, -18, 1.6],
			"boxes": []
		},
		{
			"id": "rightpat_cube_wrapper_bone_24_pivot_point",
			"parent": "rightpat_cube_wrapper_bone_24",
			"rotation": [-12.5, 130, -5],
			"boxes": [
				{
					"textureOffset": [0, 0],
					"coordinates": [12.5, -1, 9.9, 0.9, 3.3, 1]
				}
			]
		},
		{
			"id": "rightpat_cube_wrapper_bone_25",
			"parent": "rightpat",
			"position": [-4.1, -18, 1.6],
			"boxes": []
		},
		{
			"id": "rightpat_cube_wrapper_bone_25_pivot_point",
			"parent": "rightpat_cube_wrapper_bone_25",
			"rotation": [-12.5, 130, -5],
			"boxes": [
				{
					"textureOffset": [0, 0],
					"coordinates": [12.5, -1, 7.8, 0.9, 3.3, 1]
				}
			]
		},
		{
			"id": "leftpat2_cpm_dummy",
			"position": [6.4, -8.3, 16]
		},
		{
			"id": "leftpat2",
			"texture": "texturename",
			"parent": "leftpat2_cpm_dummy",
			"boxes": []
		},
		{
			"id": "leftpat2_cube_wrapper_bone",
			"parent": "leftpat2",
			"position": [-9, -14.4, -18],
			"boxes": []
		},
		{
			"id": "leftpat2_cube_wrapper_bone_pivot_point",
			"parent": "leftpat2_cube_wrapper_bone",
			"rotation": [0, -55, 0],
			"boxes": [
				{
					"textureOffset": [0, 0],
					"coordinates": [7.3, 9.8, 2.3, 4.7, 14.9, 5]
				}
			]
		},
		{
			"id": "leftpat2_cube_wrapper_bone_2",
			"parent": "leftpat2",
			"position": [-9, -14.4, -18],
			"boxes": []
		},
		{
			"id": "leftpat2_cube_wrapper_bone_2_pivot_point",
			"parent": "leftpat2_cube_wrapper_bone_2",
			"rotation": [0, -55, 0],
			"boxes": [
				{
					"textureOffset": [0, 0],
					"coordinates": [7.7, 10.1, 7, 4, 4.2, 9.7]
				}
			]
		},
		{
			"id": "leftpat2_cube_wrapper_bone_3",
			"parent": "leftpat2",
			"position": [-9, -14.4, -18],
			"boxes": []
		},
		{
			"id": "leftpat2_cube_wrapper_bone_3_pivot_point",
			"parent": "leftpat2_cube_wrapper_bone_3",
			"rotation": [0, -65, 0],
			"boxes": [
				{
					"textureOffset": [0, 0],
					"coordinates": [7.1, 7.3, 4.4, 5.2, 9.2, 1.5]
				}
			]
		},
		{
			"id": "leftpat2_cube_wrapper_bone_4",
			"parent": "leftpat2",
			"position": [-9, -14.4, -18],
			"boxes": []
		},
		{
			"id": "leftpat2_cube_wrapper_bone_4_pivot_point",
			"parent": "leftpat2_cube_wrapper_bone_4",
			"rotation": [0, -65, 0],
			"boxes": [
				{
					"textureOffset": [0, 0],
					"coordinates": [7.3, 7.3, 4.8, 5, 4.7, 1]
				}
			]
		},
		{
			"id": "leftpat2_cube_wrapper_bone_5",
			"parent": "leftpat2",
			"position": [-9, -14.4, -18],
			"boxes": []
		},
		{
			"id": "leftpat2_cube_wrapper_bone_5_pivot_point",
			"parent": "leftpat2_cube_wrapper_bone_5",
			"rotation": [0, -65, 0],
			"boxes": [
				{
					"textureOffset": [0, 0],
					"coordinates": [7.3, 7.3, 5.2, 5, 5.4, 1]
				}
			]
		},
		{
			"id": "leftpat2_cube_wrapper_bone_6",
			"parent": "leftpat2",
			"position": [-1, -14.3, -16.7],
			"boxes": []
		},
		{
			"id": "leftpat2_cube_wrapper_bone_6_pivot_point",
			"parent": "leftpat2_cube_wrapper_bone_6",
			"rotation": [0, 0, 0],
			"boxes": [
				{
					"textureOffset": [0, 0],
					"coordinates": [-1.1, -1.4, 8.2, 1.8, 1.8, 3.2]
				}
			]
		},
		{
			"id": "leftpat2_cube_wrapper_bone_7",
			"parent": "leftpat2",
			"position": [-1, -14.3, -16.7],
			"boxes": []
		},
		{
			"id": "leftpat2_cube_wrapper_bone_7_pivot_point",
			"parent": "leftpat2_cube_wrapper_bone_7",
			"rotation": [0, 0, 0],
			"boxes": [
				{
					"textureOffset": [0, 0],
					"coordinates": [-0.6, -1.3, 6.5, 0.7, 1.3, 2.3]
				}
			]
		},
		{
			"id": "leftpat2_cube_wrapper_bone_8",
			"parent": "leftpat2",
			"position": [-1, -14.3, -16.7],
			"boxes": []
		},
		{
			"id": "leftpat2_cube_wrapper_bone_8_pivot_point",
			"parent": "leftpat2_cube_wrapper_bone_8",
			"rotation": [0, 0, 0],
			"boxes": [
				{
					"textureOffset": [0, 0],
					"coordinates": [1.5, -1.3, 6.5, 0.7, 1.3, 2.3]
				}
			]
		},
		{
			"id": "leftpat2_cube_wrapper_bone_9",
			"parent": "leftpat2",
			"position": [-1, -14.3, -16.7],
			"boxes": []
		},
		{
			"id": "leftpat2_cube_wrapper_bone_9_pivot_point",
			"parent": "leftpat2_cube_wrapper_bone_9",
			"rotation": [0, 0, 0],
			"boxes": [
				{
					"textureOffset": [0, 0],
					"coordinates": [0.8, -1.4, 8.2, 1.8, 1.8, 3.2]
				}
			]
		},
		{
			"id": "leftpat2_cube_wrapper_bone_10",
			"parent": "leftpat2",
			"position": [-1, -14.3, -16.7],
			"boxes": []
		},
		{
			"id": "leftpat2_cube_wrapper_bone_10_pivot_point",
			"parent": "leftpat2_cube_wrapper_bone_10",
			"rotation": [0, 0, 0],
			"boxes": [
				{
					"textureOffset": [0, 0],
					"coordinates": [3.2, -1.3, 6.5, 0.8, 1.3, 2.3]
				}
			]
		},
		{
			"id": "leftpat2_cube_wrapper_bone_11",
			"parent": "leftpat2",
			"position": [-1, -14.3, -16.7],
			"boxes": []
		},
		{
			"id": "leftpat2_cube_wrapper_bone_11_pivot_point",
			"parent": "leftpat2_cube_wrapper_bone_11",
			"rotation": [0, 0, 0],
			"boxes": [
				{
					"textureOffset": [0, 0],
					"coordinates": [2.7, -1.4, 8.1, 1.9, 1.8, 3.1]
				}
			]
		},
		{
			"id": "rigthpat2_cpm_dummy",
			"position": [-2.6, -9.7, 16]
		},
		{
			"id": "rigthpat2",
			"texture": "texturename",
			"parent": "rigthpat2_cpm_dummy",
			"boxes": []
		},
		{
			"id": "rigthpat2_cube_wrapper_bone",
			"parent": "rigthpat2",
			"position": [-13.6, -13, -18],
			"boxes": []
		},
		{
			"id": "rigthpat2_cube_wrapper_bone_pivot_point",
			"parent": "rigthpat2_cube_wrapper_bone",
			"rotation": [0, -55, 0],
			"boxes": [
				{
					"textureOffset": [0, 0],
					"coordinates": [7.3, 9.8, 2.3, 4.7, 14.9, 5]
				}
			]
		},
		{
			"id": "rigthpat2_cube_wrapper_bone_2",
			"parent": "rigthpat2",
			"position": [-13.6, -13, -18],
			"boxes": []
		},
		{
			"id": "rigthpat2_cube_wrapper_bone_2_pivot_point",
			"parent": "rigthpat2_cube_wrapper_bone_2",
			"rotation": [0, -55, 0],
			"boxes": [
				{
					"textureOffset": [0, 0],
					"coordinates": [7.7, 10.1, 7, 4, 4.2, 9.7]
				}
			]
		},
		{
			"id": "rigthpat2_cube_wrapper_bone_3",
			"parent": "rigthpat2",
			"position": [-13.6, -13, -18],
			"boxes": []
		},
		{
			"id": "rigthpat2_cube_wrapper_bone_3_pivot_point",
			"parent": "rigthpat2_cube_wrapper_bone_3",
			"rotation": [0, -65, 0],
			"boxes": [
				{
					"textureOffset": [0, 0],
					"coordinates": [7.1, 7.3, 4.4, 5.2, 9.2, 1.5]
				}
			]
		},
		{
			"id": "rigthpat2_cube_wrapper_bone_4",
			"parent": "rigthpat2",
			"position": [-13.6, -13, -18],
			"boxes": []
		},
		{
			"id": "rigthpat2_cube_wrapper_bone_4_pivot_point",
			"parent": "rigthpat2_cube_wrapper_bone_4",
			"rotation": [0, -65, 0],
			"boxes": [
				{
					"textureOffset": [0, 0],
					"coordinates": [7.3, 7.3, 4.8, 5, 4.7, 1]
				}
			]
		},
		{
			"id": "rigthpat2_cube_wrapper_bone_5",
			"parent": "rigthpat2",
			"position": [-13.6, -13, -18],
			"boxes": []
		},
		{
			"id": "rigthpat2_cube_wrapper_bone_5_pivot_point",
			"parent": "rigthpat2_cube_wrapper_bone_5",
			"rotation": [0, -65, 0],
			"boxes": [
				{
					"textureOffset": [0, 0],
					"coordinates": [7.3, 7.3, 5.2, 5, 5.4, 1]
				}
			]
		},
		{
			"id": "rigthpat2_cube_wrapper_bone_6",
			"parent": "rigthpat2",
			"position": [-5.6, -12.9, -16.7],
			"boxes": []
		},
		{
			"id": "rigthpat2_cube_wrapper_bone_6_pivot_point",
			"parent": "rigthpat2_cube_wrapper_bone_6",
			"rotation": [0, 0, 0],
			"boxes": [
				{
					"textureOffset": [0, 0],
					"coordinates": [-1.1, -1.4, 8.2, 1.8, 1.8, 3.2]
				}
			]
		},
		{
			"id": "rigthpat2_cube_wrapper_bone_7",
			"parent": "rigthpat2",
			"position": [-5.6, -12.9, -16.7],
			"boxes": []
		},
		{
			"id": "rigthpat2_cube_wrapper_bone_7_pivot_point",
			"parent": "rigthpat2_cube_wrapper_bone_7",
			"rotation": [0, 0, 0],
			"boxes": [
				{
					"textureOffset": [0, 0],
					"coordinates": [-0.6, -1.3, 6.5, 0.7, 1.3, 2.3]
				}
			]
		},
		{
			"id": "rigthpat2_cube_wrapper_bone_8",
			"parent": "rigthpat2",
			"position": [-5.6, -12.9, -16.7],
			"boxes": []
		},
		{
			"id": "rigthpat2_cube_wrapper_bone_8_pivot_point",
			"parent": "rigthpat2_cube_wrapper_bone_8",
			"rotation": [0, 0, 0],
			"boxes": [
				{
					"textureOffset": [0, 0],
					"coordinates": [1.5, -1.3, 6.5, 0.7, 1.3, 2.3]
				}
			]
		},
		{
			"id": "rigthpat2_cube_wrapper_bone_9",
			"parent": "rigthpat2",
			"position": [-5.6, -12.9, -16.7],
			"boxes": []
		},
		{
			"id": "rigthpat2_cube_wrapper_bone_9_pivot_point",
			"parent": "rigthpat2_cube_wrapper_bone_9",
			"rotation": [0, 0, 0],
			"boxes": [
				{
					"textureOffset": [0, 0],
					"coordinates": [0.8, -1.4, 8.2, 1.8, 1.8, 3.2]
				}
			]
		},
		{
			"id": "rigthpat2_cube_wrapper_bone_10",
			"parent": "rigthpat2",
			"position": [-5.6, -12.9, -16.7],
			"boxes": []
		},
		{
			"id": "rigthpat2_cube_wrapper_bone_10_pivot_point",
			"parent": "rigthpat2_cube_wrapper_bone_10",
			"rotation": [0, 0, 0],
			"boxes": [
				{
					"textureOffset": [0, 0],
					"coordinates": [3.2, -1.3, 6.5, 0.8, 1.3, 2.3]
				}
			]
		},
		{
			"id": "rigthpat2_cube_wrapper_bone_11",
			"parent": "rigthpat2",
			"position": [-5.6, -12.9, -16.7],
			"boxes": []
		},
		{
			"id": "rigthpat2_cube_wrapper_bone_11_pivot_point",
			"parent": "rigthpat2_cube_wrapper_bone_11",
			"rotation": [0, 0, 0],
			"boxes": [
				{
					"textureOffset": [0, 0],
					"coordinates": [2.7, -1.4, 8.1, 1.9, 1.8, 3.1]
				}
			]
		}
	]
}