{
	"name": {
		"text": "Charm of Electrokinesis"
	},

	"creative_tab": "charms_of_bezel",

	"armor_material": {
		"durability": 100,
        "damage_reduction_amounts": [0, 0, 0, 0],
        "enchantibility": 0,
        "toughness": 0.0,
        "sound": "item.armor.equip_generic"
	},
	
	"description": {
        "text": "The Charm of Electrokinesis"
    },

	"abilities": {			
		"sneak": {	
	        "ability": "lucraftcore:command_loop",		
			"cooldown": 0,
            "show_in_bar": false,	
            "title": {"text":"Sneaking"},
			"icon": {"type": "texture", "texture": "charms_of_bezel:textures/gui/icons/electro.png"},
			"commands": ["gamerule commandBlockOutput false",
			"scoreboard objectives add Sneak stat.sneakTime",
            "scoreboard players tag @s[score_Sneak=1,score_Sneak_min=1] add Sneaking",
            "scoreboard players tag @s[score_Sneak=0,score_Sneak_min=0] remove Sneaking",
			"scoreboard players set @s[score_Sneak_min=1] Sneak 0",
			"execute @s[tag=!NoAir] ~ ~ ~ scoreboard players tag @s add NoAir",
			"execute @s ~ ~ ~ detect ~ ~-1 ~ air 0 scoreboard players tag @s remove NoAir"]
		},		
		"lightning_pulse": {	
	        "ability": "lucraftcore:command",
			"required_ability": "electro_toggle",		
			"cooldown": 200,
            "show_in_bar": true,	
            "title": {"text":"Lightning Pulse"},
			"icon": {"type": "texture", "texture": "charms_of_bezel:textures/gui/icons/lightning_pulse.png"},
            "bar_color": "cyan",
			"conditions": [{"type": "lucraftcore:scoreboard_tag", 
						"tag": "NoAir"}],				
			"commands": ["cast ebwizardry:lightning_pulse @s {blast:3}"]
		},			
		"thunderbolt": {	
	        "ability": "lucraftcore:command",		
			"cooldown": 40,
            "show_in_bar": true,	
            "title": {"text":"Thunderbolt"},
			"icon": {"type": "texture", "texture": "charms_of_bezel:textures/gui/icons/thunderbolt.png"},
            "bar_color": "cyan",
			"conditions": [{"type": "lucraftcore:not", 
			              "conditions": [{
						    "type": "lucraftcore:scoreboard_tag", 
						    "tag": "Sneaking"}]}],				
			"commands": ["cast ebwizardry:thunderbolt @s"]
		},		
		"lightning_disc": {	
	        "ability": "lucraftcore:command",		
			"cooldown": 40,
            "show_in_bar": true,	
            "title": {"text":"Lightning Disc"},
			"icon": {"type": "texture", "texture": "charms_of_bezel:textures/gui/icons/lightning_disc.png"},
            "bar_color": "cyan",
			"conditions": [{"type": "lucraftcore:scoreboard_tag", 
						"tag": "Sneaking"}],				
			"commands": ["cast ebwizardry:lightning_disc @s"]
		},		
		"lightning_ray": {	
	        "ability": "lucraftcore:command",		
			"cooldown": 150,
            "show_in_bar": true,	
            "title": {"text":"Lightning Ray"},
			"icon": {"type": "texture", "texture": "charms_of_bezel:textures/gui/icons/lightning_stream.png"},
            "bar_color": "cyan",				
			"commands": ["cast ebwizardry:lightning_ray @s 5"]
		}
	},
		
	"armor_parts": {
		"chest": {
			"openable": false,
			"glow": true,
			"armor_model_scale": 0.1,
			"name": {
				"text": "Charm of Electrokinesis"
			},
			"textures": {
				"normal": "charms_of_bezel:textures/overlays/clothes/electro.png",
				"glow": "charms_of_bezel:textures/overlays/glow/electro.png"
			},
			"item_texture": {
				"blockstate": "charms_of_bezel:electro"
			}
		}
	}
}