{
	"name": {
		"text": "Charm Holder"
	},

	"creative_tab": "charms_of_bezel",

	"armor_material": {
		"durability": 0,
        "damage_reduction_amounts": [0, 0, 0, 0],
        "enchantibility": 0,
        "toughness": 0.0,
        "sound": "item.armor.equip_generic"
	},
	
	"description": {
        "text": "A necklace to hold the Charms of Bezel"
    },
	
	"effects": [
        {
            "type": "skin_overlay",
            "texture": "charms_of_bezel:textures/overlays/charms/luck.png",
            "size": 0.1,
            "glow": true,
            "conditions": [
            	{
            		"type": "ability_enabled",
					"ability": "lucraftcore:step_assist"
            	}
            ]
       },
	   {
            "type": "skin_overlay",
            "texture": "charms_of_bezel:textures/overlays/charms/heal.png",
            "size": 0.1,
            "glow": true,
            "conditions": [
            	{
            		"type": "ability_enabled",
					"ability": "lucraftcore:knockback_resistance"
            	}
            ]
       },
	   {
            "type": "skin_overlay",
            "texture": "charms_of_bezel:textures/overlays/charms/pyro.png",
            "size": 0.1,
            "glow": true,
            "conditions": [
            	{
            		"type": "ability_enabled",
					"ability": "heroesexpansion:precision"
            	}
            ]
       },
	   {
            "type": "skin_overlay",
            "texture": "charms_of_bezel:textures/overlays/charms/telekinesis.png",
            "size": 0.1,
            "glow": true,
            "conditions": [
            	{
            		"type": "ability_enabled",
					"ability": "lucraftcore:punch"
            	}
            ]
       },
	   {
            "type": "skin_overlay",
            "texture": "charms_of_bezel:textures/overlays/charms/electro.png",
            "size": 0.1,
            "glow": true,
            "conditions": [
            	{
            		"type": "ability_enabled",
					"ability": "lucraftcore:healing"
            	}
            ]
       },
	   {
            "type": "skin_overlay",
            "texture": "charms_of_bezel:textures/overlays/charms/keystone.png",
            "size": 0.1,
            "glow": true,
            "conditions": [
            	{
            		"type": "ability_enabled",
					"ability": "lucraftcore:sprint"
            	}
            ]
       }
	],

	"abilities": {	    		
		"health_track": {	
	        "ability": "lucraftcore:command_loop",
            "show_in_bar": false,	
            "title": {"text":"Health Tracking"},
			"icon": {"type": "texture", "texture": "charms_of_bezel:textures/gui/icons/heal.png"},
			"commands": ["gamerule commandBlockOutput false", 
			"scoreboard objectives add Health health",
			"scoreboard objectives add Sneak stat.sneakTime",
            "scoreboard players tag @s[score_Sneak=1,score_Sneak_min=1] add Sneaking",
            "scoreboard players tag @s[score_Sneak=0,score_Sneak_min=0] remove Sneaking",
			"scoreboard players set @s[score_Sneak_min=1] Sneak 0",
			"execute @s[tag=!NoAir] ~ ~ ~ scoreboard players tag @s add NoAir",
			"execute @s ~ ~ ~ detect ~ ~-1 ~ air 0 scoreboard players tag @s remove NoAir"]
		},
		"luck_overlay": {
            "ability": "lucraftcore:step_assist",
            "show_in_bar": false,
            "title": {"text":"Overlay"},
			"icon": {"type": "texture", "texture": "charms_of_bezel:textures/gui/icons/luck.png"},
            "amount": 0.0,
            "operation": 0, 
			"conditions": [{
			    "type": "lucraftcore:scoreboard_tag",
				"tag": "Luck"}]
        },		
		"heal_overlay": {
            "ability": "lucraftcore:knockback_resistance",
            "show_in_bar": false,
            "title": {"text":"Overlay"},
			"icon": {"type": "texture", "texture": "charms_of_bezel:textures/gui/icons/resurrection.png"},
            "amount": 0.0,
            "operation": 0, 
			"conditions": [{
			    "type": "lucraftcore:scoreboard_tag",
				"tag": "Heal"}]
        },
		"pyro_overlay": {
            "ability": "heroesexpansion:precision",
            "show_in_bar": false,
            "title": {"text":"Overlay"},
			"icon": {"type": "texture", "texture": "charms_of_bezel:textures/gui/icons/pyro.png"}, 
			"conditions": [{
			    "type": "lucraftcore:scoreboard_tag",
				"tag": "Pyro"}]
       },
		"telekinesis_overlay": {
            "ability": "lucraftcore:punch",
			"required_ability": "telekinesis_toggle",
            "show_in_bar": false,
            "title": {"text":"Overlay"},
			"icon": {"type": "texture", "texture": "charms_of_bezel:textures/gui/icons/telekinesis.png"},
            "amount": 0.0,
            "operation": 0, 
			"conditions": [{
			    "type": "lucraftcore:scoreboard_tag",
				"tag": "Telekinesis"}]
        },
		"electro_overlay": {
            "ability": "lucraftcore:healing",
			"required_ability": "electro_toggle",
            "show_in_bar": false,
            "title": {"text":"Overlay"},
			"icon": {"type": "texture", "texture": "charms_of_bezel:textures/gui/icons/electro.png"},
            "amount": 0.0,
            "operation": 0, 
			"conditions": [{
			    "type": "lucraftcore:scoreboard_tag",
				"tag": "Electro"}]
        },
		"keystone_overlay": {
            "ability": "lucraftcore:sprint",
            "show_in_bar": false,
            "title": {"text":"Overlay"},
			"icon": {"type": "texture", "texture": "charms_of_bezel:textures/gui/icons/keystone.png"}, 
			"conditions": [{
			    "type": "lucraftcore:scoreboard_tag",
				"tag": "Keystone"}],
            "amount": 1.0,
            "operation": 0
        },
		"add_luck": {	
	        "ability": "lucraftcore:command",
            "show_in_bar": true,	
            "title": {"text":"Equip Charm of Luck and Probability"},
			"icon": {"type": "texture", "texture": "charms_of_bezel:textures/gui/icons/luck.png"},
            "bar_color": "green",			
			"conditions": [
			{
                "type": "lucraftcore:held_item",
                "item": "charms_of_bezel:Luck_chest",
                "hand": "main_hand"},
			{       "type": "lucraftcore:not", 
			        "conditions": [{
						"type": "lucraftcore:scoreboard_tag", 
						"tag": "Luck"}]}],				
			"commands": ["clear @s[tag=!Luck] charms_of_bezel:luck_chest", 
			"scoreboard players tag @s[tag=!Luck] add Luck"]
		},		
		"add_heal": {	
	        "ability": "lucraftcore:command",
            "show_in_bar": true,	
            "title": {"text":"Equip Charm of Resurrection"},
			"icon": {"type": "texture", "texture": "charms_of_bezel:textures/gui/icons/resurrection.png"},
            "bar_color": "lime",			
			"conditions": [{
                "type": "lucraftcore:held_item",
                "item": "charms_of_bezel:Resurrection_chest",
                "hand": "main_hand"},
			{       "type": "lucraftcore:not", 
			        "conditions": [{
						"type": "lucraftcore:scoreboard_tag", 
						"tag": "Heal"}]}],				
			"commands": ["clear @s[tag=!Heal] charms_of_bezel:resurrection_chest", 
			"scoreboard players tag @s[tag=!Heal] add Heal"]
		},
		"add_pyro": {	
	        "ability": "lucraftcore:command",
            "show_in_bar": true,	
            "title": {"text":"Equip Charm of Pyrokinesis"},
			"icon": {"type": "texture", "texture": "charms_of_bezel:textures/gui/icons/pyro.png"},
            "bar_color": "orange",			
			"conditions": [{
                "type": "lucraftcore:held_item",
                "item": "charms_of_bezel:Pyro_chest",
                "hand": "main_hand"},
			{       "type": "lucraftcore:not", 
			        "conditions": [{
						"type": "lucraftcore:scoreboard_tag", 
						"tag": "Pyro"}]}],				
			"commands": ["clear @s[tag=!Pyro] charms_of_bezel:Pyro_chest", 
			"scoreboard players tag @s[tag=!Pyro] add Pyro"]
		},
		"add_telekinesis": {	
	        "ability": "lucraftcore:command",
            "show_in_bar": true,	
            "title": {"text":"Equip Charm of Telekinesis"},
			"icon": {"type": "texture", "texture": "charms_of_bezel:textures/gui/icons/telekinesis.png"},
            "bar_color": "purple",			
			"conditions": [{
                "type": "lucraftcore:held_item",
                "item": "charms_of_bezel:Telekinesis_chest",
                "hand": "main_hand"},
			{       "type": "lucraftcore:not", 
			        "conditions": [{
						"type": "lucraftcore:scoreboard_tag", 
						"tag": "Telekinesis"}]}],				
			"commands": ["clear @s[tag=!Telekinesis] charms_of_bezel:Telekinesis_chest", 
			"scoreboard players tag @s[tag=!Telekinesis] add Telekinesis"]
		},
		"add_electro": {	
	        "ability": "lucraftcore:command",
            "show_in_bar": true,	
            "title": {"text":"Equip Charm of Electrokinesis"},
			"icon": {"type": "texture", "texture": "charms_of_bezel:textures/gui/icons/electro.png"},
            "bar_color": "cyan",			
			"conditions": [{
                "type": "lucraftcore:held_item",
                "item": "charms_of_bezel:Electro_chest",
                "hand": "main_hand"},
			{       "type": "lucraftcore:not", 
			        "conditions": [{
						"type": "lucraftcore:scoreboard_tag", 
						"tag": "Electro"}]}],				
			"commands": ["clear @s[tag=!Electro] charms_of_bezel:Electro_chest", 
			"scoreboard players tag @s[tag=!Electro] add Electro"]
		},
		"add_keystone": {	
	        "ability": "lucraftcore:command",
            "show_in_bar": true,	
            "title": {"text":"Equip Keystone of Bezel"},
			"icon": {"type": "texture", "texture": "charms_of_bezel:textures/gui/icons/keystone.png"},
            "bar_color": "red",			
			"conditions": [{
                "type": "lucraftcore:held_item",
                "item": "charms_of_bezel:keystone_chest",
                "hand": "main_hand"},
			{       "type": "lucraftcore:not", 
			        "conditions": [{
						"type": "lucraftcore:scoreboard_tag", 
						"tag": "Keystone"}]}],				
			"commands": ["clear @s[tag=!Keystone] charms_of_bezel:keystone_chest", 
			"scoreboard players tag @s[tag=!Keystone] add Keystone"]
		},
		"luck": {	
	        "ability": "lucraftcore:command_loop",
            "show_in_bar": true,	
            "title": {"text":"Charm of Luck and Probability"},
			"icon": {"type": "texture", "texture": "charms_of_bezel:textures/gui/icons/lucky.png"},
			"conditions": [{
						"type": "lucraftcore:scoreboard_tag", 
						"tag": "Luck"},
						{"type": "lucraftcore:not", 
			            "conditions": [{
						"type": "lucraftcore:scoreboard_tag", 
						"tag": "Keystone"}]}],				
			"commands": ["effect @s luck 1 3 true",
			             "effect @e[r=25,rm=1] unluck 1 3 true"]
		},
		"keystone_luck": {	
	        "ability": "lucraftcore:command_loop",
            "show_in_bar": true,	
            "title": {"text":"Charm of Luck and Probability"},
			"icon": {"type": "texture", "texture": "charms_of_bezel:textures/gui/icons/lucky.png"},
			"conditions": [{
						"type": "lucraftcore:scoreboard_tag", 
						"tag": "Luck"},
						{
						"type": "lucraftcore:scoreboard_tag", 
						"tag": "Keystone"}],				
			"commands": ["effect @s luck 1 125 true",
			             "effect @e[r=25,rm=1] unluck 1 125 true"]
		},
		"heal_toggle": {
            "ability": "lucraftcore:toggle_power",
            "show_in_bar": true,
            "title": {"text":"Charm of Resurrection"},
            "icon": {"type": "texture", "texture": "charms_of_bezel:textures/gui/icons/resurrection.png"},
            "bar_color": "lime",
			"conditions": [
                            {"type": "lucraftcore:scoreboard_tag",
                             "tag": "Heal"
                            }]
        },
		"heal":{
            "ability": "lucraftcore:command",
			"required_ability": "heal_toggle",
            "show_in_bar": true,		
			"cooldown": 600,
			"bar_color": "lime",
            "title": {"text":"Healing"},
            "icon": {"type": "texture", "texture": "charms_of_bezel:textures/gui/icons/heal.png"},
			"conditions": [{
						"type": "lucraftcore:scoreboard_tag", 
						"tag": "Heal"},
						{"type": "lucraftcore:not", 
			            "conditions": [{
						"type": "lucraftcore:scoreboard_tag", 
						"tag": "Keystone"},
						{
						"type": "lucraftcore:scoreboard_tag", 
						"tag": "Sneaking"}]}],
            "commands": ["cast ebwizardry:heal @s"]
		},
		"heal_ally":{
            "ability": "lucraftcore:command",
			"required_ability": "heal_toggle",
            "show_in_bar": true,		
			"cooldown": 600,
			"bar_color": "lime",
            "title": {"text":"Healing"},
            "icon": {"type": "texture", "texture": "charms_of_bezel:textures/gui/icons/heal.png"},
			"conditions": [{
						"type": "lucraftcore:scoreboard_tag", 
						"tag": "Heal"},
						{
						"type": "lucraftcore:scoreboard_tag", 
						"tag": "Sneaking"},
						{"type": "lucraftcore:not", 
			            "conditions": [{
						"type": "lucraftcore:scoreboard_tag", 
						"tag": "Keystone"}]}],
            "commands": ["cast ebwizardry:heal_ally @s"]
		},
		"greater_heal":{
            "ability": "lucraftcore:command",
			"required_ability": "heal_toggle",
            "show_in_bar": true,		
			"cooldown": 1200,
			"bar_color": "lime",
            "title": {"text":"Greater Healing"},
            "icon": {"type": "texture", "texture": "charms_of_bezel:textures/gui/icons/greater_heal.png"},
			"conditions": [{
						"type": "lucraftcore:scoreboard_tag", 
						"tag": "Heal"},
						{
						"type": "lucraftcore:scoreboard_tag", 
						"tag": "Keystone"}],
            "commands": ["cast ebwizardry:greater_heal @s"]
		},
		"healing_zone":{
            "ability": "lucraftcore:command",
			"required_ability": "heal_toggle",
            "show_in_bar": true,		
			"cooldown": 2000,
			"bar_color": "lime",
            "title": {"text":"Heal Zone"},
            "icon": {"type": "texture", "texture": "charms_of_bezel:textures/gui/icons/heal_zone.png"},
			"conditions": [{
						"type": "lucraftcore:scoreboard_tag", 
						"tag": "Heal"},
						{
						"type": "lucraftcore:scoreboard_tag", 
						"tag": "Keystone"}],
            "commands": ["cast ebwizardry:healing_aura @s {blast:4}"]
		},
		"resurrection": {	
	        "ability": "lucraftcore:command_loop",		
			"cooldown": 6000,
            "show_in_bar": false,	
            "title": {"text":"Charm of Resurrection"},
			"icon": {"type": "texture", "texture": "charms_of_bezel:textures/gui/icons/heal.png"},
			"conditions": [{
						"type": "lucraftcore:scoreboard_tag", 
						"tag": "Heal"},
						{
						"type": "lucraftcore:scoreboard_tag", 
						"tag": "Keystone"}],				
			"commands": ["execute @s[score_Health=4,score_Health_min=0] ~ ~ ~ /effect @s instant_health 1 3",  
			"execute @s[score_Health=4,score_Health_min=0] ~ ~ ~ /cast ebwizardry:replenish_hunger @s"]
		},
		"pyro_toggle": {
            "ability": "lucraftcore:toggle_power",
            "show_in_bar": true,
            "title": {"text":"Charm of Pyrokinesis"},
            "icon": {"type": "texture", "texture": "charms_of_bezel:textures/gui/icons/pyro.png"},
            "bar_color": "orange",
			"conditions": [
                            {"type": "lucraftcore:scoreboard_tag",
                             "tag": "Pyro"
                            }]
        },		
		"fireball": {	
	        "ability": "lucraftcore:command",
			"required_ability": "pyro_toggle",
            "show_in_bar": true,	
            "title": {"text":"Fireball"},
			"icon": {"type": "texture", "texture": "charms_of_bezel:textures/gui/icons/fireball.png"},
            "bar_color": "orange",
			"conditions": [{
						"type": "lucraftcore:scoreboard_tag", 
						"tag": "Pyro"},
						{"type": "lucraftcore:not", 
			            "conditions": [{
						"type": "lucraftcore:scoreboard_tag", 
						"tag": "Keystone"}]}],				
			"commands": ["cast ebwizardry:fireball @s"]
		},		
		"greater_fireball": {	
	        "ability": "lucraftcore:command",
			"required_ability": "pyro_toggle",		
			"cooldown": 40,
            "show_in_bar": true,	
            "title": {"text":"Greater Fireball"},
			"icon": {"type": "texture", "texture": "charms_of_bezel:textures/gui/icons/fireball.png"},
            "bar_color": "orange",
			"conditions": [{
						"type": "lucraftcore:scoreboard_tag", 
						"tag": "Pyro"},
						{
						"type": "lucraftcore:scoreboard_tag", 
						"tag": "Keystone"}],				
			"commands": ["cast ebwizardry:greater_fireball @s"]
		},		
		"flame_ray": {	
	        "ability": "lucraftcore:command",
			"required_ability": "pyro_toggle",		
			"cooldown": 150,
            "show_in_bar": true,	
            "title": {"text":"Fire Stream"},
			"icon": {"type": "texture", "texture": "charms_of_bezel:textures/gui/icons/fire_stream.png"},
            "bar_color": "orange",
			"conditions": [{
						"type": "lucraftcore:scoreboard_tag", 
						"tag": "Pyro"}],				
			"commands": ["cast ebwizardry:fire_breath @s 5"]
		},	
		"absorb_flames": {	
	        "ability": "lucraftcore:command",
			"required_ability": "pyro_toggle",		
			"cooldown": 10,
            "show_in_bar": true,	
            "title": {"text":"Absorb Flames"},
			"icon": {"type": "texture", "texture": "charms_of_bezel:textures/gui/icons/firestorm.png"},
            "bar_color": "orange",
			"conditions": [{
						"type": "lucraftcore:scoreboard_tag", 
						"tag": "Pyro"},
						{
						"type": "lucraftcore:scoreboard_tag", 
						"tag": "Sneaking"}],				
			"commands": ["/particle lava ~ ~ ~ 4 4 4 0 7000 force ", "/fill ~-4 ~-4 ~-4 ~4 ~4 ~4 air 0 replace fire"]
		},
		"firestorm": {	
	        "ability": "lucraftcore:command",
			"required_ability": "pyro_toggle",		
			"cooldown": 600,
            "show_in_bar": true,	
            "title": {"text":"Firestorm"},
			"icon": {"type": "texture", "texture": "charms_of_bezel:textures/gui/icons/firestorm.png"},
            "bar_color": "orange",
			"conditions": [{
						"type": "lucraftcore:scoreboard_tag", 
						"tag": "Pyro"},
						{
						"type": "lucraftcore:scoreboard_tag", 
						"tag": "Keystone"},
						{"type": "lucraftcore:not", 
			            "conditions": [{
						"type": "lucraftcore:scoreboard_tag", 
						"tag": "Sneaking"}]}],				
			"commands": ["cast ebwizardry:firestorm @s {blast:2}"]
		},		
		"fire_resistance": {	
	        "ability": "lucraftcore:command",
			"required_ability": "pyro_toggle",		
			"cooldown": 600,
            "show_in_bar": true,	
            "title": {"text":"Fire Resistance"},
			"icon": {"type": "texture", "texture": "charms_of_bezel:textures/gui/icons/fire_resistance.png"},
            "bar_color": "orange",
			"conditions": [{
						"type": "lucraftcore:scoreboard_tag", 
						"tag": "Pyro"}],				
			"commands": ["effect @s minecraft:fire_resistance 30 0 true"]
		},
		"telekinesis_toggle": {
            "ability": "lucraftcore:toggle_power",
            "show_in_bar": true,
            "title": {"text":"Charm of Telekinesis"},
            "icon": {"type": "texture", "texture": "charms_of_bezel:textures/gui/icons/telekinesis.png"},
            "bar_color": "purple",
			"conditions": [
                            {"type": "lucraftcore:scoreboard_tag",
                             "tag": "Telekinesis"
                            }]
        },		
		"telekinesis": {	
	        "ability": "lucraftcore:command",
			"required_ability": "telekinesis_toggle",
            "show_in_bar": true,	
            "title": {"text":"Minor Telekinesis"},
			"icon": {"type": "texture", "texture": "charms_of_bezel:textures/gui/icons/telekinesis_hand.png"},
            "bar_color": "purple",
			"conditions": [{
						"type": "lucraftcore:scoreboard_tag", 
						"tag": "Telekinesis"}],				
			"commands": ["cast ebwizardry:telekinesis @s"]
		},
		"levitation": {			
			"ability": "lucraftcore:flight",
			"required_ability": "telekinesis_toggle",
			"icon": {"type": "internal"},
			"conditions": [{
						"type": "lucraftcore:scoreboard_tag", 
						"tag": "Telekinesis"},
						{"type": "lucraftcore:not", 
			            "conditions": [{
						"type": "lucraftcore:scoreboard_tag", 
						"tag": "Keystone"}]}],
            "cooldown": 0,			
            "show_in_bar": true,
            "title": {"text":"Levitation"},	
            "bar_color": "purple",				
			"speed": 0.3,
            "sprint_speed": 0.5,
			"rotate_arms": false			
		},
		"flight": {			
			"ability": "lucraftcore:flight",
			"required_ability": "telekinesis_toggle",
			"icon": {"type": "internal"},
			"conditions": [{
						"type": "lucraftcore:scoreboard_tag", 
						"tag": "Telekinesis"},
						{
						"type": "lucraftcore:scoreboard_tag", 
						"tag": "Keystone"}],
            "cooldown": 0,			
            "show_in_bar": true,
            "title": {"text":"Flight"},	
            "bar_color": "purple",				
			"speed": 1.5,
            "sprint_speed": 2,
			"rotate_arms": false			
		},
		"levitate_fall_resistance": {
			"ability": "lucraftcore:fall_resistance",
			"show_in_bar": false,
			"title": {"text":"Fall Resistance"},
			"icon": {"type": "texture", "texture": "charms_of_bezel:textures/gui/icons/telekinesis.png"},
			"amount": 20,
			"operation": 0,
			"conditions": [{
						"type": "lucraftcore:scoreboard_tag", 
						"tag": "Telekinesis"}]
		},
		"telekinetic_grab": {						
            "ability": "heroesexpansion:grab_entity",
			"required_ability": "telekinesis_toggle",
            "cooldown": 0,
            "show_in_bar": true,
            "title": {"text":"Telekinetic Grab"},
            "icon": {"type": "texture", "texture": "charms_of_bezel:textures/gui/icons/telekinesis_hand.png"},
			"conditions": [{
						"type": "lucraftcore:scoreboard_tag", 
						"tag": "Telekinesis"},
						{
						"type": "lucraftcore:scoreboard_tag", 
						"tag": "Keystone"}],
            "bar_color": "purple"		
		},		
		"levitate_others":{
			"ability": "lucraftcore:command",
			"required_ability": "telekinesis_toggle",
			"title": {"text": "Levitate Others"},
            "bar_color": "purple",		
			"cooldown": 600,
			"icon": {"type": "texture",
				"texture": "charms_of_bezel:textures/gui/icons/gravity_up.png"},
			"conditions": [{
						"type": "lucraftcore:scoreboard_tag", 
			            "tag": "Telekinesis"},
			             {"type": "lucraftcore:not", 
			              "conditions": [{
						    "type": "lucraftcore:scoreboard_tag", 
						    "tag": "Keystone"}]}],
			"commands": ["execute @e[rm=1,r=5] ~ ~ ~ effect @s minecraft:levitation 10 3"]
		},		
		"levitate_others_keystone":{
			"ability": "lucraftcore:command",
			"required_ability": "telekinesis_toggle",
			"title": {"text": "Levitate Others"},
            "bar_color": "purple",		
			"cooldown": 600,
			"icon": {"type": "texture",
				"texture": "charms_of_bezel:textures/gui/icons/gravity_up.png"},
			"conditions": [{
						"type": "lucraftcore:scoreboard_tag", 
						"tag": "Telekinesis"},
						{
						"type": "lucraftcore:scoreboard_tag", 
						"tag": "Keystone"}],
			"commands": ["execute @e[rm=1,r=15] ~ ~ ~ effect @s minecraft:levitation 10 3"]
		},
		"electro_toggle": {
            "ability": "lucraftcore:toggle_power",
            "show_in_bar": true,
            "title": {"text":"Charm of Electrokinesis"},
            "icon": {"type": "texture", "texture": "charms_of_bezel:textures/gui/icons/electro.png"},
            "bar_color": "cyan",
			"conditions": [
                            {"type": "lucraftcore:scoreboard_tag",
                             "tag": "Electro"
                            }]
        },		
		"thunderbolt": {	
	        "ability": "lucraftcore:command",
			"required_ability": "electro_toggle",
            "show_in_bar": true,	
            "title": {"text":"Thunderbolt"},
			"icon": {"type": "texture", "texture": "charms_of_bezel:textures/gui/icons/thunderbolt.png"},
            "bar_color": "cyan",
			"conditions": [{
						"type": "lucraftcore:scoreboard_tag", 
			            "tag": "Electro"},
			             {"type": "lucraftcore:not", 
			              "conditions": [{
						    "type": "lucraftcore:scoreboard_tag", 
						    "tag": "Sneaking"},
						{
						"type": "lucraftcore:scoreboard_tag", 
						"tag": "Keystone"}]}],				
			"commands": ["cast ebwizardry:thunderbolt @s"]
		},		
		"lightning_arrow": {	
	        "ability": "lucraftcore:command",
			"required_ability": "electro_toggle",
            "show_in_bar": true,	
            "title": {"text":"Lightning Arrow"},
			"icon": {"type": "texture", "texture": "charms_of_bezel:textures/gui/icons/thunderbolt.png"},
            "bar_color": "cyan",
			"conditions": [{
						"type": "lucraftcore:scoreboard_tag", 
						"tag": "Electro"},
						{
						"type": "lucraftcore:scoreboard_tag", 
						"tag": "Keystone"},
			             {"type": "lucraftcore:not", 
			              "conditions": [{
						    "type": "lucraftcore:scoreboard_tag", 
						    "tag": "Sneaking"}]}],				
			"commands": ["cast ebwizardry:lightning_arrow @s"]
		},
		"disc": {	
	        "ability": "lucraftcore:command",
			"required_ability": "electro_toggle",		
			"cooldown": 40,
            "show_in_bar": true,	
            "title": {"text":"Lightning Disc"},
			"icon": {"type": "texture", "texture": "charms_of_bezel:textures/gui/icons/lightning_disc.png"},
            "bar_color": "cyan",
			"conditions": [{
						"type": "lucraftcore:scoreboard_tag", 
						"tag": "Electro"},
			            {
						"type": "lucraftcore:scoreboard_tag", 
						"tag": "Sneaking"}],				
			"commands": ["cast ebwizardry:lightning_disc @s"]
		},
		"pulse": {	
	        "ability": "lucraftcore:command",
			"required_ability": "electro_toggle",		
			"cooldown": 200,
            "show_in_bar": true,	
            "title": {"text":"Lightning Pulse"},
			"icon": {"type": "texture", "texture": "charms_of_bezel:textures/gui/icons/lightning_pulse.png"},
            "bar_color": "cyan",
			"conditions": [{
						"type": "lucraftcore:scoreboard_tag", 
			            "tag": "Electro"},
			             {"type": "lucraftcore:scoreboard_tag", 
						  "tag": "NoAir"}],				
			"commands": ["cast ebwizardry:lightning_pulse @s {blast:3}"]
		},	
		"ray": {	
	        "ability": "lucraftcore:command",
			"required_ability": "electro_toggle",		
			"cooldown": 150,
            "show_in_bar": true,	
            "title": {"text":"Lightning Ray"},
			"icon": {"type": "texture", "texture": "charms_of_bezel:textures/gui/icons/lightning_stream.png"},
            "bar_color": "cyan",
			"conditions": [{
						"type": "lucraftcore:scoreboard_tag", 
			            "tag": "Electro"},
			             {"type": "lucraftcore:not", 
			              "conditions": [{
						    "type": "lucraftcore:scoreboard_tag", 
						    "tag": "Keystone"}]}],				
			"commands": ["cast ebwizardry:lightning_ray @s 5"]
		},		
		"web": {	
	        "ability": "lucraftcore:command_held",
			"required_ability": "electro_toggle",		
			"cooldown": 200,
            "show_in_bar": true,	
            "title": {"text":"Lightning Web"},
			"icon": {"type": "texture", "texture": "charms_of_bezel:textures/gui/icons/lightning_stream.png"},
            "bar_color": "cyan",
			"conditions": [{
						"type": "lucraftcore:scoreboard_tag", 
						"tag": "Electro"},
						{
						"type": "lucraftcore:scoreboard_tag", 
						"tag": "Keystone"}],				
			"commands": ["cast ebwizardry:lightning_web @s 1"]
		},		
		"storm": {	
	        "ability": "lucraftcore:command",
			"required_ability": "electro_toggle",		
			"cooldown": 1200,
            "show_in_bar": true,	
            "title": {"text":"Lightning Storm"},
			"icon": {"type": "texture", "texture": "charms_of_bezel:textures/gui/icons/lightning_storm.png"},
            "bar_color": "cyan",
			"conditions": [{
						"type": "lucraftcore:scoreboard_tag", 
						"tag": "Electro"},
						{
						"type": "lucraftcore:scoreboard_tag", 
						"tag": "Keystone"}],				
			"commands": ["cast ebwizardry:thunderstorm @s {blast:10}"]
		},
		"health": {		
			"ability": "lucraftcore:health",
			"conditions": [{
						"type": "lucraftcore:scoreboard_tag", 
						"tag": "Keystone"}],			
            "show_in_bar": false,		
            "title": {"text":"Health"},					
			"amount": 6,
			"operation": 0
        },
		"strength": {	
			"ability": "lucraftcore:strength",
			"conditions": [{
						"type": "lucraftcore:scoreboard_tag", 
						"tag": "Keystone"}],				
            "show_in_bar": false,		
            "title": {"text":"Strength"},							
			"amount": 10,
			"operation": 0			
		},
		"jump": {
			"ability": "lucraftcore:jump_boost",
			"conditions": [{
						"type": "lucraftcore:scoreboard_tag", 
						"tag": "Keystone"}],			
            "show_in_bar": false,		
            "title": {"text":"Jump Boost"},									
			"amount": 10,
			"operation": 0	
		},
		"resistance": {
			"ability": "lucraftcore:resistance",
			"conditions": [{
						"type": "lucraftcore:scoreboard_tag", 
						"tag": "Keystone"}],			
            "show_in_bar": false,		
            "title": {"text":"Resistance"},						
			"amount": 6,
			"operation": 0			
		},
		"keystone_fall_resistance": {
			"ability": "lucraftcore:fall_resistance",
			"conditions": [{
						"type": "lucraftcore:scoreboard_tag", 
						"tag": "Keystone"}],
			"show_in_bar": false,
			"title": {"text":"Fall Resistance"},
			"amount": 10,
			"operation": 0
		},
		"remove_toggle": {
            "ability": "lucraftcore:toggle_power",
            "show_in_bar": true,
            "title": {"text":"Remove Charms"},
            "icon": {"type": "texture", "texture": "charms_of_bezel:textures/gui/icons/remove.png"},
            "bar_color": "red",
			"conditions": [{
                        "type": "lucraftcore:or",
                            "conditions": [
                            {"type": "lucraftcore:scoreboard_tag",
                             "tag": "Luck"
                            },
                            {"type": "lucraftcore:scoreboard_tag",
                             "tag": "Heal"
                            },
                            {"type": "lucraftcore:scoreboard_tag",
                             "tag": "Pyro"
                            },
                            {"type": "lucraftcore:scoreboard_tag",
                             "tag": "Telekinesis"
                            },
                            {"type": "lucraftcore:scoreboard_tag",
                             "tag": "Electro"
                            },
                            {"type": "lucraftcore:scoreboard_tag",
                             "tag": "Keystone"
                            }]
                        }]
        },
		"remove_luck": {	
	        "ability": "lucraftcore:command",
			"required_ability": "remove_toggle",
            "show_in_bar": true,	
            "title": {"text":"Remove Charm of Luck and Probability"},
			"icon": {"type": "texture", "texture": "charms_of_bezel:textures/gui/icons/luck.png"},
            "bar_color": "red",			
			"conditions": [{
						"type": "lucraftcore:scoreboard_tag", 
						"tag": "Luck"}],				
			"commands": ["give @s charms_of_bezel:luck_chest", 
			"scoreboard players tag @s remove Luck"]
		},
		"remove_heal": {	
	        "ability": "lucraftcore:command",
			"required_ability": "remove_toggle",
            "show_in_bar": true,	
            "title": {"text":"Remove Charm of Resurrection"},
			"icon": {"type": "texture", "texture": "charms_of_bezel:textures/gui/icons/resurrection.png"},
            "bar_color": "red",			
			"conditions": [{
						"type": "lucraftcore:scoreboard_tag", 
						"tag": "Heal"}],				
			"commands": ["give @s charms_of_bezel:resurrection_chest", 
			"scoreboard players tag @s remove Heal"]
		},
		"remove_pyro": {	
	        "ability": "lucraftcore:command",
			"required_ability": "remove_toggle",
            "show_in_bar": true,	
            "title": {"text":"Remove Charm of Pyrokinesis"},
			"icon": {"type": "texture", "texture": "charms_of_bezel:textures/gui/icons/pyro.png"},
            "bar_color": "red",			
			"conditions": [{
						"type": "lucraftcore:scoreboard_tag", 
						"tag": "Pyro"}],				
			"commands": ["give @s charms_of_bezel:pyro_chest", 
			"scoreboard players tag @s remove Pyro"]
		},
		"remove_telekinesis": {	
	        "ability": "lucraftcore:command",
			"required_ability": "remove_toggle",
            "show_in_bar": true,	
            "title": {"text":"Remove Charm of Telekinesis"},
			"icon": {"type": "texture", "texture": "charms_of_bezel:textures/gui/icons/telekinesis.png"},
            "bar_color": "red",			
			"conditions": [{
						"type": "lucraftcore:scoreboard_tag", 
						"tag": "Telekinesis"}],				
			"commands": ["give @s charms_of_bezel:telekinesis_chest", 
			"scoreboard players tag @s remove Telekinesis"]
		},
		"remove_electro": {	
	        "ability": "lucraftcore:command",
			"required_ability": "remove_toggle",
            "show_in_bar": true,	
            "title": {"text":"Remove Charm of Electrokinesis"},
			"icon": {"type": "texture", "texture": "charms_of_bezel:textures/gui/icons/electro.png"},
            "bar_color": "red",			
			"conditions": [{
						"type": "lucraftcore:scoreboard_tag", 
						"tag": "Electro"}],				
			"commands": ["give @s charms_of_bezel:electro_chest", 
			"scoreboard players tag @s remove Electro"]
		},
		"remove_keystone": {	
	        "ability": "lucraftcore:command",
			"required_ability": "remove_toggle",
            "show_in_bar": true,	
            "title": {"text":"Remove Keystone of Bezel"},
			"icon": {"type": "texture", "texture": "charms_of_bezel:textures/gui/icons/Keystone.png"},
            "bar_color": "red",			
			"conditions": [{
						"type": "lucraftcore:scoreboard_tag", 
						"tag": "Keystone"}],				
			"commands": ["give @s charms_of_bezel:keystone_chest", 
			"scoreboard players tag @s remove Keystone"]
		}
	},
		
	"armor_parts": {
		"chest": {
			"openable": false,
			"glow": false,
			"armor_model_scale": 0.1,
			"name": {
				"text": "Charm Holder"
			},
			"textures": {
				"normal": "charms_of_bezel:textures/overlays/clothes/holder.png"
			},
			"item_texture": {
				"blockstate": "charms_of_bezel:holder"
			}
		}
	}
}
