{
	"name": {
		"text": "Keystone Of Bezel"
	},

	"creative_tab": "charms_of_bezel",

	"armor_material": {
		"durability": 100,
        "damage_reduction_amounts": [0, 0, 0, 0],
        "enchantibility": 0,
        "toughness": 0.0,
        "sound": "item.armor.equip_generic"
	},
	
	"description": {
        "text": "The Keystone of Bezel"
    },

	"abilities": {
		"health": {		
			"ability": "lucraftcore:health",			
            "show_in_bar": false,		
            "title": {"text":"Health"},					
			"amount": 6,
			"operation": 0
        },
		"strength": {	
			"ability": "lucraftcore:strength",				
            "show_in_bar": false,		
            "title": {"text":"Strength"},							
			"amount": 10,
			"operation": 0			
		},
		"sprint": {
			"ability": "lucraftcore:sprint",			
            "show_in_bar": false,		
            "title": {"text":"Speed"},										
			"amount": 1,
			"operation": 0							
		},	
		"jump": {
			"ability": "lucraftcore:jump_boost",			
            "show_in_bar": false,		
            "title": {"text":"Jump Boost"},									
			"amount": 10,
			"operation": 0	
		},
		"resistance": {
			"ability": "lucraftcore:resistance",			
            "show_in_bar": false,		
            "title": {"text":"Resistance"},						
			"amount": 6,
			"operation": 0			
		},
		"fall_resistance": {
			"ability": "lucraftcore:fall_resistance",
			"show_in_bar": false,
			"title": {"text":"Fall Resistance"},
			"amount": 10,
			"operation": 0
		}
	},
		
	"armor_parts": {
		"chest": {
			"openable": false,
			"glow": true,
			"armor_model_scale": 0.1,
			"name": {
				"text": "Keystone Of Bezel"
			},
			"textures": {
				"normal": "charms_of_bezel:textures/overlays/clothes/keystone.png",
				"glow": "charms_of_bezel:textures/overlays/glow/keystone.png"
			},
			"item_texture": {
				"blockstate": "charms_of_bezel:keystone"
			}
		}
	}
}
