{
	"name": {
		"text": "Charm of Pyrokinesis"
	},

	"creative_tab": "charms_of_bezel",

	"armor_material": {
		"durability": 100,
        "damage_reduction_amounts": [0, 0, 0, 0],
        "enchantibility": 0,
        "toughness": 0.0,
        "sound": "item.armor.equip_generic"
	},
	
	"description": {
        "text": "The Charm of Pyrokinesis"
    },

	"abilities": {		
		"fireball": {	
	        "ability": "lucraftcore:command",		
			"cooldown": 40,
            "show_in_bar": true,	
            "title": {"text":"Fireball"},
			"icon": {"type": "texture", "texture": "charms_of_bezel:textures/gui/icons/fireball.png"},
            "bar_color": "orange",				
			"commands": ["cast ebwizardry:fireball @s"]
		},		
		"flame_ray": {	
	        "ability": "lucraftcore:command",		
			"cooldown": 150,
            "show_in_bar": true,	
            "title": {"text":"Fire Stream"},
			"icon": {"type": "texture", "texture": "charms_of_bezel:textures/gui/icons/fire_stream.png"},
            "bar_color": "orange",				
			"commands": ["cast ebwizardry:fire_breath @s 5"]
		},	
		"extinguish_fires": {	
	        "ability": "lucraftcore:command",		
			"cooldown": 10,
            "show_in_bar": true,	
            "title": {"text":"Absorb Flames"},
			"icon": {"type": "texture", "texture": "charms_of_bezel:textures/gui/icons/firestorm.png"},
            "bar_color": "orange",
			"conditions": [{
						"type": "lucraftcore:scoreboard_tag", 
						"tag": "Pyro"},
						{
						"type": "lucraftcore:scoreboard_tag", 
						"tag": "Sneaking"}],				
			"commands": ["/particle lava ~ ~ ~ 4 4 4 0 7000 force ", "/fill ~-4 ~-4 ~-4 ~4 ~4 ~4 air 0 replace fire"]
		}
	},
		
	"armor_parts": {
		"chest": {
			"openable": false,
			"glow": true,
			"armor_model_scale": 0.1,
			"name": {
				"text": "Charm of Pyrokinesis"
			},
			"textures": {
				"normal": "charms_of_bezel:textures/overlays/clothes/pyro.png",
				"glow": "charms_of_bezel:textures/overlays/glow/pyro.png"
			},
			"item_texture": {
				"blockstate": "charms_of_bezel:pyro"
			}
		}
	}
}
