{
	"name": {
		"text": "Charm of Resurrection"
	},

	"creative_tab": "charms_of_bezel",

	"armor_material": {
		"durability": 100,
        "damage_reduction_amounts": [0, 0, 0, 0],
        "enchantibility": 0,
        "toughness": 0.0,
        "sound": "item.armor.equip_generic"
	},
	
	"description": {
        "text": "The Charm of Resurrection"
    },

	"abilities": {		
		"health_track": {	
	        "ability": "lucraftcore:command_loop",		
			"cooldown": 0,
            "show_in_bar": false,	
            "title": {"text":"Health Tracking"},
			"icon": {"type": "texture", "texture": "charms_of_bezel:textures/gui/icons/heal.png"},
			"commands": ["gamerule commandBlockOutput false", 
			"scoreboard objectives add Health health"]
		},
		"heal":{
            "ability": "lucraftcore:command",
            "show_in_bar": true,		
			"cooldown": 600,
			"bar_color": "lime",
            "title": {"text":"Healing"},
            "icon": {"type": "texture", "texture": "charms_of_bezel:textures/gui/icons/heal.png"},
            "commands": ["cast ebwizardry:heal @s"]
		},
		"resurrection": {	
	        "ability": "lucraftcore:command_loop",		
			"cooldown": 6000,
            "show_in_bar": false,	
            "title": {"text":"Charm of Resurrection"},
			"icon": {"type": "texture", "texture": "charms_of_bezel:textures/gui/icons/heal.png"},
			"commands": ["execute @s[score_Health=4,score_Health_min=0] ~ ~ ~ /effect @s instant_health 1 3",  
			"execute @s[score_Health=4,score_Health_min=0] ~ ~ ~ /cast ebwizardry:replenish_hunger @s"]
		}
	},
		
	"armor_parts": {
		"chest": {
			"openable": false,
			"glow": true,
			"armor_model_scale": 0.1,
			"name": {
				"text": "Charm of Resurrection"
			},
			"textures": {
				"normal": "charms_of_bezel:textures/overlays/clothes/heal.png",
				"glow": "charms_of_bezel:textures/overlays/glow/heal.png"
			},
			"item_texture": {
				"blockstate": "charms_of_bezel:resurrection"
			}
		}
	}
}
