{
	"name": {
		"text": "Charm of Telekinesis"
	},

	"creative_tab": "charms_of_bezel",

	"armor_material": {
		"durability": 100,
        "damage_reduction_amounts": [0, 0, 0, 0],
        "enchantibility": 0,
        "toughness": 0.0,
        "sound": "item.armor.equip_generic"
	},
	
	"description": {
        "text": "The Charm of Telekinesis"
    },

	"abilities": {		
		"telekinesis": {	
	        "ability": "lucraftcore:command",		
			"cooldown": 0,
            "show_in_bar": true,	
            "title": {"text":"Minor Telekinesis"},
			"icon": {"type": "texture", "texture": "charms_of_bezel:textures/gui/icons/telekinesis_hand.png"},
            "bar_color": "purple",				
			"commands": ["cast ebwizardry:telekinesis @s"]
		},
		"levitation": {			
			"ability": "lucraftcore:flight",
			"icon": {"type": "internal"},
            "cooldown": 0,			
            "show_in_bar": true,
            "title": {"text":"Levitation"},	
            "bar_color": "purple",				
			"speed": 0.3,
            "sprint_speed": 0.5,
			"rotate_arms": false			
		},
		"fall_resistance": {
			"ability": "lucraftcore:fall_resistance",
			"show_in_bar": false,
			"title": {"text":"Fall Resistance"},
			"icon": {"type": "texture", "texture": "charms_of_bezel:textures/gui/icons/telekinesis.png"},
			"amount": 20,
			"operation": 0
		},		
		"levitate_others":{
			"ability": "lucraftcore:command",
			"title": {"text": "Levitate Others"},
            "bar_color": "purple",
			"icon": {"type": "texture",
				"texture": "charms_of_bezel:textures/gui/icons/gravity_up.png"},
			"commands": ["execute @e[rm=1,r=5] ~ ~ ~ effect @s minecraft:levitation 10 3"]
		}
	},
		
	"armor_parts": {
		"chest": {
			"openable": false,
			"glow": true,
			"armor_model_scale": 0.1,
			"name": {
				"text": "Charm of Telekinesis"
			},
			"textures": {
				"normal": "charms_of_bezel:textures/overlays/clothes/telekinesis.png",
				"glow": "charms_of_bezel:textures/overlays/glow/telekinesis.png"
			},
			"item_texture": {
				"blockstate": "charms_of_bezel:telekinesis"
			}
		}
	}
}
