{
	"name": {
		"text": "Amperi"
	},

	"icon": {
		"type": "texture",
		"texture": "ben_ten:textures/gui/recal/amperi.png"
	},

	"creative_tab": "ben10",
	
	"max_level": 40,
	
	"capsule_color": 3080117,
	
    "effects": [

        {
        "type": "skin_change",
        "texture": "ben_ten:textures/models/ben/amperi.png",
		"conditions": [            	
				{
            		"type": "ability_enabled",
					"ability": "lucraftcore:knockback_resistance"
            	}
			]
       },
		{
            "type": "skin_overlay",
            "texture": "ben_ten:textures/overlays/glow/amperi_glow.png",
            "size": 0,
            "glow": true,
            "conditions": [
            	{
            		"type": "always"
        		},
				{
            		"type": "ability_enabled",
					"ability": "lucraftcore:knockback_resistance"
            	}
        	]
       },
		{
        "type": "skin_change",
        "texture": "ben_ten:textures/models/ben/ov_amperi.png",
            "conditions": [            	
				{
            		"type": "ability_enabled",
					"ability": "lucraftcore:jump_boost"
            	}
			]
       },
		{
            "type": "skin_overlay",
            "texture": "ben_ten:textures/overlays/glow/ov_amperi_glow.png",
            "size": 0,
            "glow": true,
            "conditions": [
            	{
            		"type": "always"
            	},
				{
            		"type": "ability_enabled",
					"ability": "lucraftcore:jump_boost"
            	}
            ]
       },
		{
        	"type": "trail",
        	"trail_type": "lightnings",
        	"color": [0, 1, 1],
        	"use_suit_trail": false,
        	"conditions": [
        		{
				    "type": "ability_enabled",
					"ability": "lucraftcore:flight"
        		}
        	]
       },
		{
        	"type": "trail",
        	"trail_type": "electricity",
        	"color": [0, 1, 1],
        	"use_suit_trail": false,
        	"conditions": [
        		{
				    "type": "ability_enabled",
					"ability": "lucraftcore:flight"
        		}
        	]
       },
		{
        	"type": "flickering",
        	"color": [0, 1, 1],
        	"use_suit_flicker": false,
        	"conditions": [
        		{
				    "type": "ability_enabled",
					"ability": "lucraftcore:flight"
            	}
            ]
       }
    ],
	
	"abilities": {
	    "normal_size": {
			"ability": "lucraftcore:command_loop",
			"show_in_bar": false,
			"title": {"text": "Normal Size"},
			"icon": {"type": "internal"},
			"bar_color": "green",
			"commands": ["sizechange @s 1 lucraftcore:default"]
       },
		"uaf_form": {
            "ability": "lucraftcore:knockback_resistance",
            "show_in_bar": false,
            "title": {"text":"UAF Skin"},
            "icon": {"type": "texture", "texture": "ben_ten:textures/gui/recal/recal_omnitrix.png"},
			"conditions": [{
                        "type": "lucraftcore:or",
                            "conditions": [
                            {"type": "lucraftcore:scoreboard_tag",
                             "tag": "af"
                           },
                            {"type": "lucraftcore:scoreboard_tag",
                             "tag": "ua"
                           }]
                   }],
            "amount": 0.0,
            "operation": 0
        },
		"ov_form": {
            "ability": "lucraftcore:jump_boost",
            "show_in_bar": false,
            "title": {"text":"OV Skin"},
            "icon": {"type": "texture", "texture": "ben_ten:textures/gui/completedomnitrix/ov_trix_master.png"},
            "amount": 0.0, 
			"conditions": [{
			    "type": "lucraftcore:scoreboard_tag",
				"tag": "ov"}]
        },
		"radiation_protection": {
            "ability": "the-fifth-world:potion_immunity",
            "show_in_bar": false,
            "title": {"text":"Radiation Protection"},
            "icon": {"type": "internal"},
            "potion": "lucraftcore:radiation"
       },	
        "fall_resistance": {
			"ability": "lucraftcore:fall_resistance",
			"show_in_bar": false,
			"title": {"text":"Fall Resistance"},
			"amount": 200,
			"operation": 0
		},				
		"water_breathing": {
			"ability": "lucraftcore:command_loop",
            "show_in_bar": false,				
			"title": {"text":"Water Breathing"},
			"commands": ["/effect @s minecraft:water_breathing 1 0 true"],
			"icon": {"type": "internal"}
		},
        "electric_form": {			
			"ability": "lucraftcore:flight",			
			"icon": {"type": "texture",
				"texture": "ben_ten:textures/gui/abilities/electricity_form.png"},			
            "show_in_bar": true,
            "title": {"text":"Electricity Form"},	
            "bar_color": "green",				
			"speed": 1.0,
            "sprint_speed": 2,
			"rotate_arms": false
		},
		"chain_shock":{
            "ability": "lucraftcore:command",
            "show_in_bar": true,
			"bar_color": "green",
            "cooldown": 120,
            "title": {"text":"Chain Shock"},
            "icon": {"type": "texture", "texture": "ben_ten:textures/gui/abilities/chainshock.png"},
            "commands": ["cast ebwizardry:chain_lightning @p", "superpowerxp 50 @s"]
	   },
		"zap":{
            "ability": "lucraftcore:command",
            "show_in_bar": true,
			"bar_color": "green",
            "title": {"text":"Zap"},
            "icon": {"type": "texture", "texture": "ben_ten:textures/gui/abilities/amperi_zap.png"},
            "commands": ["cast ebwizardry:arc @p", "superpowerxp 50 @s"]
	   },
		"stun":{
            "ability": "lucraftcore:command",
            "show_in_bar": true,
			"bar_color": "green",
            "cooldown": 100,
            "title": {"text":"Stun Shock"},
            "icon": {"type": "texture", "texture": "ben_ten:textures/gui/abilities/stunshock.png"},
            "commands": ["cast ebwizardry:paralysis @p", "superpowerxp 50 @s"]
		},
		"redstone_form":{
			"ability": "lucraftcore:command",
			"show_in_bar": true,
			"bar_color": "green",
			"title": {"text":"Redstone Travel"},			
			"icon": {"type": "texture",
				"texture": "ben_ten:textures/gui/abilities/redstonetravel.png"},
			"commands": ["execute @s ~ ~ ~ detect ~1 ~ ~ redstone_wire 0 superpower @s ben_ten:amperi_x", 
			"execute @s ~ ~ ~ detect ~-1 ~ ~ redstone_wire 0 superpower @s ben_ten:amperi_x_minus", 
			"execute @s ~ ~ ~ detect ~ ~ ~1 redstone_wire 0 superpower @s ben_ten:amperi_z", 
			"execute @s ~ ~ ~ detect ~ ~ ~-1 redstone_wire 0 superpower @s ben_ten:amperi_z_minus"]
		},
		"lightning_summon": {
			"ability": "heroesexpansion:lightning_strike",
			"show_in_bar": true,
			"title": {"translate":"heroesexpansion.abilities.lightning_strike.name"},
			"icon": { "type": "internal" },
			"bar_color": "green"
		},		
        "teleport": {
            "ability": "lucraftcore:teleport",
            "show_in_bar": true,
            "title": {"translate":"Lightning Jump"},
            "icon": { "type": "internal" },
            "bar_color": "green",
            "distance": 15.0
        },
		"death_state":{
			"ability": "lucraftcore:command_loop",
			"show_in_bar": false,
			"title": {"text":"Death State"},			
			"icon": {"type": "texture",
				"texture": "ben_ten:textures/gui/omnitrix_timeout.png"},
			"commands": [
			"execute @s[score_Health=0,score_Health_min=0,tag=os] ~ ~ ~ /superpower @s ben_ten:prototypeomnitrix",
			"execute @s[score_Health=0,score_Health_min=0,tag=af] ~ ~ ~ /superpower @s ben_ten:recalibratedomnitrix",
			"execute @s[score_Health=0,score_Health_min=0,tag=ua] ~ ~ ~ /superpower @s ben_ten:ultimatrix",
			"execute @s[score_Health=0,score_Health_min=0,tag=ov] ~ ~ ~ /superpower @s ben_ten:completedomnitrix",
			"scoreboard players tag @s[score_Sneak=1,score_Sneak_min=1] add Sneaking",
            "scoreboard players tag @s[score_Sneak=0,score_Sneak_min=0] remove Sneaking",
			"scoreboard players set @s[score_Sneak_min=1] Sneak 0"]
		},
		"timer":{
			"ability": "lucraftcore:command_loop",
			"show_in_bar": false,
			"title": {"text":"Timer"},			
			"icon": {"type": "texture","texture": "ben_ten:textures/gui/omnitrix_timeout.png"},
			"conditions": [{"type": "lucraftcore:not", 
			            "conditions": [{
						"type": "lucraftcore:scoreboard_tag", 
						"tag": "Master"}]}],
			"commands": ["scoreboard players remove @s Timer 1",
			"scoreboard players set @s[score_Timer=-1,score_Timer_min=-1000000] Timer 1",
			"execute @s[score_Timer=30,score_Timer_min=30,tag=ov] ~ ~ ~ /playsound minecraft:custom.ov_timer master @a ~ ~ ~",
			"execute @s[score_Timer=1,score_Timer_min=1,tag=af] ~ ~ ~ /playsound minecraft:custom.recalibratedhuman master @a ~ ~ ~",
			"execute @s[score_Timer=0,score_Timer_min=0,tag=ua] ~ ~ ~ /playsound minecraft:custom.ultimatrixhuman master @a ~ ~ ~",
			"execute @s[score_Timer=1,score_Timer_min=1,tag=ov] ~ ~ ~ /playsound minecraft:custom.ov_human master @a ~ ~ ~",
			"execute @s[score_Timer=0,score_Timer_min=0] ~ ~ ~ /superpower @s ben_ten:transform_human",
			"superpowerxp 1 @s[tag=0]",
			"superpowerxp 4 @s[tag=20]",
			"superpowerxp 6 @s[tag=35]"]
		},
		"base": {	
	        "ability": "lucraftcore:command",		
            "show_in_bar": true,	
            "title": {"text":"Base Form"},
			"icon": {"type": "texture", "texture": "ben_ten:textures/gui/omnitrix_green.png"},
            "bar_color": "green",
			"conditions": [{
						"type": "lucraftcore:scoreboard_tag", 
						"tag": "Sneaking"}],
			"commands": ["superpower @s ben_ten:transform_human", 
			"execute @s[tag=af] ~ ~ ~ /playsound minecraft:custom.recalibratedhuman master @a ~ ~ ~",
			"execute @s[tag=ua] ~ ~ ~ /playsound minecraft:custom.ultimatrixhuman master @a ~ ~ ~",
			"execute @s[tag=ov] ~ ~ ~ /playsound minecraft:custom.ov_human master @a ~ ~ ~"]
		}
	}	
}
