{
	"name": {
		"text": "Asgardian"
	},

	"icon": {
		"type": "texture",
		"texture": "ben_ten:textures/gui/recal/asgardian.png"
	},

	"creative_tab": "ben10",
	
	"max_level": 40,
	
	"capsule_color": 3080117,
	
    "effects": [
        {
            "type": "skin_change",
            "texture": "ben_ten:textures/models/ben/asgardian.png"
        },
		{
        	"type": "trail",
        	"trail_type": "electricity",
        	"color": [0, 1, 0],
        	"use_suit_trail": false,
        	"conditions": [
        		{
        			"type": "always"        			
        		}
        	]
        },
		{
            "type": "skin_overlay",
            "texture": "ben_ten:textures/overlays/glow/asgardian_glow.png.png",
            "size": 0,
            "glow": true,
            "conditions": [
            	{
            		"type": "always"
            	}
            ]
        }
    ],
	
	"abilities": {
		"size": {
			"ability": "lucraftcore:command_loop",
			"show_in_bar": false,
			"title": {"text": "Size"},
			"icon": { "type": "texture", "texture": "ben_ten:textures/gui/recal/recal_omnitrix.png" },
			"commands": ["sizechange @s 1 lucraftcore:default"]
        },
		"radiation_protection": {
            "ability": "the-fifth-world:potion_immunity",
            "show_in_bar": false,
            "title": {"text":"Radiation Protection"},
            "icon": {"type": "internal"},
            "potion": "lucraftcore:radiation"
        },
        "tough_lungs": {
            "ability": "lucraftcore:tough_lungs",
            "show_in_bar": false,
            "title": {"translate":"lucraftcore.abilities.tough_lungs.name"},
            "icon": {"type": "internal"},
            "bar_color": "green"
        },
		"health": {		
			"ability": "lucraftcore:health",			
            "show_in_bar": false,		
            "title": {"text":"Health"},					
			"amount": 20,
			"operation": 0		
		},
		"strength": {	
			"ability": "lucraftcore:strength",				
            "show_in_bar": false,		
            "title": {"text":"Strength"},							
			"amount": 11,
			"operation": 0			
		},
		"defense": {
			"ability": "lucraftcore:resistance",			
            "show_in_bar": false,		
            "title": {"text":"Resistance"},						
			"amount": 10,
			"operation": 0			
		},
		"speed": {	
			"ability": "lucraftcore:sprint",				
            "show_in_bar": false,		
            "title": {"text":"Speed"},							
			"amount": 0.1,
			"operation": 0			
		},
		"fall_resistance": {
			"ability": "lucraftcore:fall_resistance",
			"show_in_bar": false,
			"title": {"text":"Fall Resistance"},
			"amount": 20,
			"operation": 0
		},
		"jump": {
			"ability": "lucraftcore:jump_boost",			
            "show_in_bar": false,		
            "title": {"text":"Jump Boost "},									
			"amount": 2,
			"operation": 0	
		},
		"lightning_throw": {
			"ability": "heroesexpansion:lightning_attack",
			"cooldown": 120,
			"show_in_bar": true,
			"title": {"translate":"heroesexpansion.abilities.lightning_attack.name"},
			"icon": {"type": "internal"},
			"bar_color": "green",
			"damage": 5.0
		},
		"lightning_throw_xp": {
            "ability": "lucraftcore:command",
			"parent_ability": "lightning_throw",
            "show_in_bar": false,
            "title": {"text":"Lightning Attack XP"},
            "icon": {"type": "internal"},
            "conditions": [{
			    "type": "ability_enabled",
				"ability": "heroesexpansion:lightning_attack"}],
		    "commands": ["superpowerxp 50 @s"]
		},
		"lightning_summon": {
			"ability": "heroesexpansion:lightning_strike",
			"cooldown": 140,
			"show_in_bar": true,
			"title": {"translate":"heroesexpansion.abilities.lightning_strike.name"},
			"icon": {"type": "internal"},
			"bar_color": "green"
		},
		"lightning_summon_xp": {
            "ability": "lucraftcore:command",
			"parent_ability": "lightning_summon",
            "show_in_bar": false,
            "title": {"text":"Lightning Strike XP"},
            "icon": {"type": "internal"},
            "conditions": [{
			    "type": "ability_enabled",
				"ability": "heroesexpansion:lightning_strike"}],
		    "commands": ["superpowerxp 50 @s"]
        },
        "god_mode": {
            "ability": "heroesexpansion:god_mode",
            "cooldown": 140,
            "show_in_bar": true,
            "title": {"translate":"heroesexpansion.abilities.god_mode.name"},
            "icon": {"type": "internal"},
            "bar_color": "green",
             "damage": 7.0
		},
		"call_weapon": {
            "ability": "heroesexpansion:call_weapon",
            "show_in_bar": true,
            "title": {"translate":"heroesexpansion.abilities.call_weapon.name"},
            "icon": { "type": "internal" },
            "bar_color": "green"
        },
		"death_state":{
			"ability": "lucraftcore:command_loop",
			"show_in_bar": false,
			"title": {"text":"Death State"},			
			"icon": {"type": "texture",
				"texture": "ben_ten:textures/gui/recal/recal_timeout.png"},
			"commands": ["execute @s[score_Health=0,score_Health_min=0,tag=ua] ~ ~ ~ /superpower @s ben_ten:ultimatrix",
			"scoreboard players tag @s[score_Sneak=1,score_Sneak_min=1] add Sneaking",
            "scoreboard players tag @s[score_Sneak=0,score_Sneak_min=0] remove Sneaking",
			"scoreboard players set @s[score_Sneak_min=1] Sneak 0"]
		},
		"timer":{
			"ability": "lucraftcore:command_loop",
			"show_in_bar": false,
			"title": {"text":"Timer"},			
			"icon": {"type": "texture","texture": "ben_ten:textures/gui/omnitrix_timeout.png"},
			"conditions": [{"type": "lucraftcore:not", 
			            "conditions": [{
						"type": "lucraftcore:scoreboard_tag", 
						"tag": "Master"}]}],
			"commands": ["scoreboard players remove @s Timer 1",
			"scoreboard players set @s[score_Timer=-1,score_Timer_min=-1000000] Timer 1",
			"execute @s[score_Timer=30,score_Timer_min=30,tag=ov] ~ ~ ~ /playsound minecraft:custom.ov_timer master @a ~ ~ ~",
			"execute @s[score_Timer=1,score_Timer_min=1,tag=af] ~ ~ ~ /playsound minecraft:custom.recalibratedhuman master @a ~ ~ ~",
			"execute @s[score_Timer=0,score_Timer_min=0,tag=ua] ~ ~ ~ /playsound minecraft:custom.ultimatrixhuman master @a ~ ~ ~",
			"execute @s[score_Timer=1,score_Timer_min=1,tag=ov] ~ ~ ~ /playsound minecraft:custom.ov_human master @a ~ ~ ~",
			"execute @s[score_Timer=0,score_Timer_min=0] ~ ~ ~ /superpower @s ben_ten:transform_human",
			"superpowerxp 1 @s[tag=0]",
			"superpowerxp 4 @s[tag=20]",
			"superpowerxp 6 @s[tag=35]"]
		},
		"base": {	
	        "ability": "lucraftcore:command",		
            "show_in_bar": true,	
            "title": {"text":"Base Form"},
			"icon": {"type": "texture", "texture": "ben_ten:textures/gui/omnitrix_green.png"},
            "bar_color": "green",
			"conditions": [{
						"type": "lucraftcore:scoreboard_tag", 
						"tag": "Sneaking"}],
			"commands": ["superpower @s ben_ten:transform_human", 
			"execute @s[tag=af] ~ ~ ~ /playsound minecraft:custom.recalibratedhuman master @a ~ ~ ~",
			"execute @s[tag=ua] ~ ~ ~ /playsound minecraft:custom.ultimatrixhuman master @a ~ ~ ~",
			"execute @s[tag=ov] ~ ~ ~ /playsound minecraft:custom.ov_human master @a ~ ~ ~"]
		}
	}
}