{
	"name": {"text": "Cerebrocrustacean"},
	"icon": {"type": "texture","texture": "ben_ten:textures/gui/recal/cerebrocrustacean.png"},
	"creative_tab": "ben10",	
	"max_level": 40,	
    "effects": [
        {"type": "skin_change","texture": "ben_ten:textures/models/ben/cerebrocrustacean.png"},
        {"type": "skin_change","texture": "ben_ten:textures/models/ben/cerebrocrustacean_open.png",
		 "conditions": [{"type": "ability_enabled","ability": "heroesexpansion:lightning_attack"}]},
        {"type": "skin_change","texture": "ben_ten:textures/models/ben/cerebrocrustacean_open.png",
         "conditions": [{"type": "ability_enabled","ability": "heroesexpansion:lightning_strike"}]},
		{"type": "skin_overlay",
		 "texture": "ben_ten:textures/overlays/glow/cerebrocrustacean_glow.png",
         "size": 0,
         "glow": true,
         "conditions": [{"type": "always"}]},
		{"type": "skin_change","texture": "ben_ten:textures/models/ben/ov_cerebrocrustacean.png",
         "conditions": [{"type": "ability_enabled","ability": "lucraftcore:step_assist"}]},
        {"type": "skin_change","texture": "ben_ten:textures/models/ben/ov_cerebrocrustacean_open.png",
         "conditions": [{"type": "ability_enabled","ability": "heroesexpansion:lightning_attack"},{"type": "ability_enabled","ability": "lucraftcore:step_assist"}]},
        {"type": "skin_change","texture": "ben_ten:textures/models/ben/ov_cerebrocrustacean_open.png",
         "conditions": [{"type": "ability_enabled","ability": "heroesexpansion:lightning_strike"},{"type": "ability_enabled","ability": "lucraftcore:step_assist"}]},
		{"type": "skin_overlay",
         "texture": "ben_ten:textures/overlays/glow/ov_cerebrocrustacean_glow.png",
         "size": 0,
         "glow": true,
         "conditions": [{"type": "always"},{"type": "ability_enabled","ability": "lucraftcore:step_assist"}]}
    ],	
	"abilities": {
		"radiation_protection": {
            "ability": "the-fifth-world:potion_immunity",
            "show_in_bar": false,
            "title": {"text":"Radiation Protection"},
            "icon": {"type": "internal"},
            "potion": "lucraftcore:radiation"
       },
		"ov_form": {
            "ability": "lucraftcore:step_assist",
            "show_in_bar": false,
            "title": {"text":"OV Skin"},
            "icon": {"type": "texture", "texture": "ben_ten:textures/gui/completedomnitrix/ov_trix_master.png"},
            "amount": 0.0,
			"conditions": [{"type": "lucraftcore:scoreboard_tag","tag": "ov"}]
        },
		"size": {	
	        "ability": "lucraftcore:command_loop",		
            "show_in_bar": false,	
            "title": {"text":"Size"},
			"icon": {"type": "texture", "texture": "ben_ten:textures/gui/recal/recal_omnitrix.png"},				
			"commands": ["sizechange @s 0.9 lucraftcore:default"]
		},
		"lightning_ray": {
            "ability": "lucraftcore:command",
            "show_in_bar": true,
            "title": {"text":"Lightning Ray"},
			"icon": {"type": "texture", "texture": "ben_ten:textures/gui/abilities/chainshock.png"},
            "bar_color": "green",
		    "commands": ["cast ebwizardry:lightning_ray @s 5", "superpowerxp 25 @s", "playsound minecraft:custom.brainstorm master @a ~ ~ ~"]
		},
		"move_blocks": {
			"ability": "heroesexpansion:grab_entity",
			"show_in_bar": true,
			"title": {"text": "Move Block"},
			"bar_color": "green",
			"icon": {"type": "texture", "texture": "ben_ten:textures/gui/abilities/cerebrocrustacean_grab.png"}
		},
		"move_blocks_ray": {
            "ability": "lucraftcore:command_held",
			"parent_ability": "move_blocks",
            "show_in_bar": false,
            "title": {"text":"Move Blocks Ray"},
			"icon": {"type": "texture", "texture": "ben_ten:textures/gui/abilities/cerebrocrustacean_grab.png"},
		    "commands": ["cast ebwizardry:lightning_ray @s 1", "superpowerxp 25 @s"]
		},
		"shield": {
			"ability": "heroesexpansion:force_field",
            "cooldown": 200,
			"required_level": 25,
			"icon": {"type": "texture", "texture": "ben_ten:textures/gui/abilities/forcefield.png"},
            "show_in_bar": true,
            "title": {"text":"Electromagnetic Shield"},
            "bar_color": "green",
            "color": [255, 255, 85]					
		},
		"shield_xp": {
            "ability": "lucraftcore:command_held",
			"parent_ability": "shield",
            "show_in_bar": false,
            "title": {"text":"Force Field XP"},
            "icon": {"type": "internal"},
            "conditions": [{"type": "ability_enabled","ability": "heroesexpansion:force_field"}],
		    "commands": ["superpowerxp 15 @s"]
		},		
		"hack":{
            "ability": "lucraftcore:command",
			"required_level": 15,
            "show_in_bar": true,
			"bar_color": "green",
            "cooldown": 247,
            "title": {"text":"Hack Omnitrix"},
            "icon": {"type": "texture", "texture": "ben_ten:textures/gui/recal/recal_white.png"},			
            "commands": [
			"execute @s[score_Hack=30,score_Hack_min=26,tag=af] ~ ~ ~ /tellraw @s {\"text\":\"One digit of the master control code is a 3\",\"color\":\"green\"}",
			"execute @s[score_Hack=35,score_Hack_min=31,tag=af] ~ ~ ~ /tellraw @s {\"text\":\"One repeated digit of the master control code is a 4\",\"color\":\"green\"}",
			"execute @s[score_Hack=40,score_Hack_min=36,tag=af] ~ ~ ~ /tellraw @s {\"text\":\"One digit of the master control code is a 2\",\"color\":\"green\"}",			
			"execute @s[score_Hack=45,score_Hack_min=41,tag=af] ~ ~ ~ /tellraw @s {\"text\":\"It seems that one digit of the self-destruct code is a 0\",\"color\":\"green\"}",
			"execute @s[score_Hack=50,score_Hack_min=46,tag=af] ~ ~ ~ /tellraw @s {\"text\":\"It seems that one digit of the self-destruct code is a 9\",\"color\":\"green\"}",
			"execute @s[score_Hack=55,score_Hack_min=51,tag=af] ~ ~ ~ /tellraw @s {\"text\":\"It seems that one digit of the self-destruct code is a 1\",\"color\":\"green\"}",
			"execute @s[score_Hack=60,score_Hack_min=56,tag=af] ~ ~ ~ /tellraw @s {\"text\":\"It seems that one digit of the self-destruct code is a 5\",\"color\":\"green\"}",			
			"execute @s[score_Hack=65,score_Hack_min=61,tag=af] ~ ~ ~ /tellraw @s {\"text\":\"I summise that one duplicated digit of the decouple code is a 6\",\"color\":\"green\"}",
			"execute @s[score_Hack=70,score_Hack_min=66,tag=af] ~ ~ ~ /tellraw @s {\"text\":\"I summise that one digit of the decouple code is a 2\",\"color\":\"green\"}",
			"execute @s[score_Hack=75,score_Hack_min=71,tag=af] ~ ~ ~ /tellraw @s {\"text\":\"I summise that one digit of the decouple code is a 3\",\"color\":\"green\"}",			
			"execute @s[score_Hack=80,score_Hack_min=76,tag=af] ~ ~ ~ /tellraw @s {\"text\":\"I can see one repeated digit of a mystery code is a 5\",\"color\":\"green\"}",
			"execute @s[score_Hack=85,score_Hack_min=81,tag=af] ~ ~ ~ /tellraw @s {\"text\":\"I can see one digit of a mystery code is a 3\",\"color\":\"green\"}",
			"execute @s[score_Hack=90,score_Hack_min=86,tag=af] ~ ~ ~ /tellraw @s {\"text\":\"I can see one digit of a mystery code is a 1\",\"color\":\"green\"}",			
			"execute @s[score_Hack=95,score_Hack_min=91,tag=af] ~ ~ ~ /tellraw @s {\"text\":\"One digit of a mystery code is a 5\",\"color\":\"green\"}",
			"execute @s[score_Hack=100,score_Hack_min=96,tag=af] ~ ~ ~ /tellraw @s {\"text\":\"One digit of a mystery code is a 8\",\"color\":\"green\"}",
			"execute @s[score_Hack=105,score_Hack_min=101,tag=af] ~ ~ ~ /tellraw @s {\"text\":\"One digit of a mystery code is a 6\",\"color\":\"green\"}",
			"execute @s[score_Hack=110,score_Hack_min=106,tag=af] ~ ~ ~ /tellraw @s {\"text\":\"One digit of a mystery code is a 4\",\"color\":\"green\"}",			
			"execute @s[score_Hack=115,score_Hack_min=111,tag=af] ~ ~ ~ /tellraw @s {\"text\":\"A secret code has a 0\",\"color\":\"green\"}",
			"execute @s[score_Hack=120,score_Hack_min=116,tag=af] ~ ~ ~ /tellraw @s {\"text\":\"A secret code has a 3\",\"color\":\"green\"}",
			"execute @s[score_Hack=125,score_Hack_min=121,tag=af] ~ ~ ~ /tellraw @s {\"text\":\"A secret code has a repeated 1\",\"color\":\"green\"}",			
			"execute @s[score_Hack=30,score_Hack_min=26,tag=ua] ~ ~ ~ /tellraw @s {\"text\":\"One repeated digit of the master control code is a 6\",\"color\":\"green\"}",
			"execute @s[score_Hack=35,score_Hack_min=31,tag=ua] ~ ~ ~ /tellraw @s {\"text\":\"One digit of the master control code is a 8\",\"color\":\"green\"}",
			"execute @s[score_Hack=40,score_Hack_min=36,tag=ua] ~ ~ ~ /tellraw @s {\"text\":\"One digit of the master control code is a 3\",\"color\":\"green\"}",			
			"execute @s[score_Hack=45,score_Hack_min=41,tag=ua] ~ ~ ~ /tellraw @s {\"text\":\"One repeated digit of the self-destruct code is a 1\",\"color\":\"green\"}",
			"execute @s[score_Hack=50,score_Hack_min=46,tag=ua] ~ ~ ~ /tellraw @s {\"text\":\"One digit of the self-destruct code is a 5\",\"color\":\"green\"}",
			"execute @s[score_Hack=55,score_Hack_min=51,tag=ua] ~ ~ ~ /tellraw @s {\"text\":\"One digit of the self-destruct code is a 0\",\"color\":\"green\"}",
			"execute @s[score_Hack=60,score_Hack_min=56,tag=ua] ~ ~ ~ /tellraw @s {\"text\":\"One digit of the self-destruct code is a 8\",\"color\":\"green\"}",			
			"execute @s[score_Hack=65,score_Hack_min=61,tag=ua] ~ ~ ~ /tellraw @s {\"text\":\"I summise that one digit of a mystery code is a 5\",\"color\":\"green\"}",
			"execute @s[score_Hack=70,score_Hack_min=66,tag=ua] ~ ~ ~ /tellraw @s {\"text\":\"I summise that one repeated digit of a mystery code is a 1\",\"color\":\"green\"}",
			"execute @s[score_Hack=75,score_Hack_min=71,tag=ua] ~ ~ ~ /tellraw @s {\"text\":\"I summise that one digit of a mystery code is a 6\",\"color\":\"green\"}",			
			"execute @s[score_Hack=80,score_Hack_min=76,tag=ua] ~ ~ ~ /tellraw @s {\"text\":\"I can see that one duplicate digit of a mystery code is a 5\",\"color\":\"green\"}",
			"execute @s[score_Hack=85,score_Hack_min=81,tag=ua] ~ ~ ~ /tellraw @s {\"text\":\"I can see that one digit of a mystery code is a 9\",\"color\":\"green\"}",
			"execute @s[score_Hack=90,score_Hack_min=86,tag=ua] ~ ~ ~ /tellraw @s {\"text\":\"I can see that one digit of a mystery code is a 0\",\"color\":\"green\"}",			
			"execute @s[score_Hack=95,score_Hack_min=91,tag=ua] ~ ~ ~ /tellraw @s {\"text\":\"I can see a digit of a secret code is a 1\",\"color\":\"green\"}",
			"execute @s[score_Hack=100,score_Hack_min=96,tag=ua] ~ ~ ~ /tellraw @s {\"text\":\"I can see a digit of a secret code is a 2\",\"color\":\"green\"}",
			"execute @s[score_Hack=105,score_Hack_min=101,tag=ua] ~ ~ ~ /tellraw @s {\"text\":\"I can see a digit of a secret code is a 6\",\"color\":\"green\"}",			
			"execute @s[score_Hack=110,score_Hack_min=106,tag=ua] ~ ~ ~ /tellraw @s {\"text\":\"I can see a digit of a secret code is a 4\",\"color\":\"green\"}",			
			"execute @s[score_Hack=30,score_Hack_min=26,tag=ov] ~ ~ ~ /tellraw @s {\"text\":\"It would appear that one digit of the master control code is a 6\",\"color\":\"green\"}",
			"execute @s[score_Hack=35,score_Hack_min=31,tag=ov] ~ ~ ~ /tellraw @s {\"text\":\"It would appear that one digit of the master control code is a 0\",\"color\":\"green\"}",
			"execute @s[score_Hack=40,score_Hack_min=36,tag=ov] ~ ~ ~ /tellraw @s {\"text\":\"It would appear that one digit of the master control code is a 4\",\"color\":\"green\"}",
			"execute @s[score_Hack=45,score_Hack_min=41,tag=ov] ~ ~ ~ /tellraw @s {\"text\":\"It would appear that one digit of the master control code is a 2\",\"color\":\"green\"}",			
			"execute @s[score_Hack=45,score_Hack_min=41,tag=ov] ~ ~ ~ /tellraw @s {\"text\":\"It would appear that one digit of the self-destruct code is a 0\",\"color\":\"green\"}",
			"execute @s[score_Hack=50,score_Hack_min=46,tag=ov] ~ ~ ~ /tellraw @s {\"text\":\"It would appear that one digit of the self-destruct code is a 4\",\"color\":\"green\"}",
			"execute @s[score_Hack=55,score_Hack_min=51,tag=ov] ~ ~ ~ /tellraw @s {\"text\":\"It would appear that one digit of the self-destruct code is a 1\",\"color\":\"green\"}",
			"execute @s[score_Hack=60,score_Hack_min=56,tag=ov] ~ ~ ~ /tellraw @s {\"text\":\"It would appear that one digit of the self-destruct code is a 7\",\"color\":\"green\"}",			
			"execute @s[score_Hack=65,score_Hack_min=61,tag=ov] ~ ~ ~ /tellraw @s {\"text\":\"I summise that one digit of the decouple code is a 9\",\"color\":\"green\"}",
			"execute @s[score_Hack=70,score_Hack_min=66,tag=ov] ~ ~ ~ /tellraw @s {\"text\":\"I summise that one digit of the decouple code is a 7\",\"color\":\"green\"}",
			"execute @s[score_Hack=75,score_Hack_min=71,tag=ov] ~ ~ ~ /tellraw @s {\"text\":\"I summise that one digit of the decouple code is a 3\",\"color\":\"green\"}",			
			"execute @s[score_Hack=80,score_Hack_min=76,tag=ov] ~ ~ ~ /tellraw @s {\"text\":\"I summise that one digit of the decouple code is a 6\",\"color\":\"green\"}",			
			"playsound minecraft:custom.fiddle master @a ~ ~ ~"]
		},		
		"hack_t":{
			"ability": "lucraftcore:command_loop",
			"show_in_bar": false,
			"title": {"text":"Timer"},			
			"icon": {"type": "texture","texture": "ben_ten:textures/gui/recal/recal_timeout.png"},
			"commands": ["scoreboard players add @s Hack 1", 
			"scoreboard players set @s[score_Hack_min=126,tag=af] Hack 26", 
			"scoreboard players set @s[score_Hack_min=111,tag=ua] Hack 26", 
			"scoreboard players set @s[score_Hack_min=96,tag=ov] Hack 26"]
		},
		"knowledge": {	
	        "ability": "lucraftcore:command",
			"required_level": 20,	
            "title": {"text":"Alien Knowledge"},
			"icon": {"type": "texture", "texture": "ben_ten:textures/gui/abilities/alienknowledge.png"},
            "bar_color": "green",				
			"commands": ["recipe give @s ben_ten:completed_omnitrix"]
		},
		"water_breathing": {
			"ability": "lucraftcore:water_breathing",
			"show_in_bar": false,
			"title": {"text": "Water Breathing"},
			"icon": {"type": "internal"}
		},
		"switch":{
			"ability": "lucraftcore:command",
			"show_in_bar": true,
			"title": {"text":"Switch"},			
			"icon": {"type": "texture","texture": "ben_ten:textures/gui/recal/recal_activate.png"},
		    "conditions": [{"type": "lucraftcore:not","conditions": [{"type": "lucraftcore:scoreboard_tag", "tag": "Sneaking"},{"type": "lucraftcore:scoreboard_tag","tag": "ov"}]}],
			"commands": ["superpower @s[score_Timer_min=1200,tag=af] ben_ten:cerebrocrustacean_switch", 
			"superpower @s[score_Timer_min=1200,tag=ua] ben_ten:U_cerebrocrustacean_switch",
			"execute @s[score_Timer=1199,score_Timer_min=0] ~ ~ ~ /tellraw @s {\"text\":\"Insufficient Power\",\"color\":\"green\"}"],
            "bar_color": "green"
		},	
		"death_state":{
			"ability": "lucraftcore:command_loop",
			"show_in_bar": false,
			"title": {"text":"Death State"},			
			"icon": {"type": "texture","texture": "ben_ten:textures/gui/placeholder.png"},
			"commands": ["execute @s[score_Health=0,score_Health_min=0,tag=af] ~ ~ ~ /superpower @s ben_ten:recalibratedomnitrix",
			"execute @s[score_Health=0,score_Health_min=0,tag=ua] ~ ~ ~ /superpower @s ben_ten:ultimatrix",
			"execute @s[score_Health=0,score_Health_min=0,tag=ov] ~ ~ ~ /superpower @s ben_ten:completedomnitrix",
            "scoreboard players tag @s[score_Sneak=1,score_Sneak_min=1] add Sneaking",
            "scoreboard players tag @s[score_Sneak=0,score_Sneak_min=0] remove Sneaking",
			"scoreboard players set @s[score_Sneak_min=1] Sneak 0"]
		},
		"timer":{
			"ability": "lucraftcore:command_loop",
			"show_in_bar": false,
			"title": {"text":"Timer"},			
			"icon": {"type": "texture","texture": "ben_ten:textures/gui/omnitrix_timeout.png"},
			"conditions": [{"type": "lucraftcore:not", 
			            "conditions": [{
						"type": "lucraftcore:scoreboard_tag", 
						"tag": "Master"}]}],
			"commands": ["scoreboard players remove @s Timer 1",
			"scoreboard players set @s[score_Timer=-1,score_Timer_min=-1000000] Timer 1",
			"execute @s[score_Timer=30,score_Timer_min=30,tag=ov] ~ ~ ~ /playsound minecraft:custom.ov_timer master @a ~ ~ ~",
			"execute @s[score_Timer=1,score_Timer_min=1,tag=af] ~ ~ ~ /playsound minecraft:custom.recalibratedhuman master @a ~ ~ ~",
			"execute @s[score_Timer=0,score_Timer_min=0,tag=ua] ~ ~ ~ /playsound minecraft:custom.ultimatrixhuman master @a ~ ~ ~",
			"execute @s[score_Timer=1,score_Timer_min=1,tag=ov] ~ ~ ~ /playsound minecraft:custom.ov_human master @a ~ ~ ~",
			"execute @s[score_Timer=0,score_Timer_min=0] ~ ~ ~ /superpower @s ben_ten:transform_human",
			"superpowerxp 1 @s[tag=0]",
			"superpowerxp 4 @s[tag=20]",
			"superpowerxp 6 @s[tag=35]"]
		},
		"base": {	
	        "ability": "lucraftcore:command",		
            "show_in_bar": true,	
            "title": {"text":"Base Form"},
			"icon": {"type": "texture", "texture": "ben_ten:textures/gui/omnitrix_green.png"},
            "bar_color": "green",
			"conditions": [{
						"type": "lucraftcore:scoreboard_tag", 
						"tag": "Sneaking"}],
			"commands": ["superpower @s ben_ten:transform_human", 
			"execute @s[tag=af] ~ ~ ~ /playsound minecraft:custom.recalibratedhuman master @a ~ ~ ~",
			"execute @s[tag=ua] ~ ~ ~ /playsound minecraft:custom.ultimatrixhuman master @a ~ ~ ~",
			"execute @s[tag=ov] ~ ~ ~ /playsound minecraft:custom.ov_human master @a ~ ~ ~"]
		}
	}
}