{
	"name": {
		"text": "Chronosapien"
	},

	"icon": {
		"type": "texture",
		"texture": "ben_ten:textures/gui/recal/chronosapien.png"
	},

	"creative_tab": "ben10",
	
	"max_level": 40,
	
	"capsule_color": 3080117,
	
    "effects": [
        {
            "type": "skin_change",
            "texture": "ben_ten:textures/models/ben/chronosapien.png",
		"conditions": [            	
				{
            		"type": "ability_enabled",
					"ability": "lucraftcore:knockback_resistance"
            	}
			]
        },
		{
            "type": "skin_overlay",
            "texture": "ben_ten:textures/overlays/glow/chronosapien_glow.png",
            "size": 0,
            "glow": true,
            "conditions": [
            	{
            		"type": "always"
            	},
				{
            		"type": "ability_enabled",
					"ability": "lucraftcore:knockback_resistance"
            	}
            ]
        },
		{
        "type": "skin_change",
        "texture": "ben_ten:textures/models/ben/ov_chronosapien.png",
            "conditions": [            	
				{
            		"type": "ability_enabled",
					"ability": "lucraftcore:jump_boost"
            	}
			]
        },
		{
            "type": "skin_overlay",
            "texture": "ben_ten:textures/overlays/glow/ov_chronosapien_glow.png",
            "size": 0,
            "glow": true,
            "conditions": [
            	{
            		"type": "always"
            	},
				{
            		"type": "ability_enabled",
					"ability": "lucraftcore:jump_boost"
            	}
            ]
        }
    ],
	
	"abilities": {
		"uaf_form": {
            "ability": "lucraftcore:knockback_resistance",
            "show_in_bar": false,
            "title": {"text":"UAF Skin"},
            "icon": {"type": "texture", "texture": "ben_ten:textures/gui/recal/recal_omnitrix.png"},
			"conditions": [{
                        "type": "lucraftcore:or",
                            "conditions": [
                            {"type": "lucraftcore:scoreboard_tag",
                             "tag": "af"
                           },
                            {"type": "lucraftcore:scoreboard_tag",
                             "tag": "ua"
                           }]
                   }],
            "amount": 0.0,
            "operation": 0
        },
		"ov_form": {
            "ability": "lucraftcore:jump_boost",
            "show_in_bar": false,
            "title": {"text":"OV Skin"},
            "icon": {"type": "texture", "texture": "ben_ten:textures/gui/completedomnitrix/ov_trix_master.png"},
            "amount": 0.0, 
			"conditions": [{
			    "type": "lucraftcore:scoreboard_tag",
				"tag": "ov"}]
        },
		"size": {
			"ability": "lucraftcore:command_loop",
			"show_in_bar": false,
			"title": {"text": "Big size"},
			"icon": {"type": "internal"},
			"bar_color": "green",
			"commands": ["sizechange @s 1.2 lucraftcore:default",
			"/effect @s minecraft:slowness 1 2 true"]
		},
		"radiation_protection": {
            "ability": "the-fifth-world:potion_immunity",
            "show_in_bar": false,
            "title": {"text":"Radiation Protection"},
            "icon": {"type": "internal"},
            "potion": "lucraftcore:radiation"
        },
        "tough_lungs": {
            "ability": "lucraftcore:tough_lungs",
            "show_in_bar": false,
            "title": {"translate":"lucraftcore.abilities.tough_lungs.name"},
            "icon": {"type": "internal"},
            "bar_color": "green"
        },
		"water_breathing": {
			"ability": "lucraftcore:water_breathing",
			"show_in_bar": false,
			"title": {"text": "Water Breathing"},
			"icon": {"type": "internal"},
			"bar_color": "green"
		},
		"fall_resistance": {
			"ability": "lucraftcore:fall_resistance",
			"show_in_bar": false,
			"title": {"text":"Fall Resistance"},
			"amount": 8,
			"operation": 0
		},
		"energy_beam": {
			"ability": "heroesexpansion:photon_blast",
			"show_in_bar": true,
			"title": {"text":"Energy Beam"},
			"icon": {"type": "internal"},
			"bar_color": "green",
			"color": [85, 255, 85]
		},
		"accel_time":{
            "ability": "lucraftcore:command",
            "show_in_bar": true,
			"bar_color": "green",
            "title": {"text":"Accelerate Time"},
            "icon": {"type": "texture", "texture": "ben_ten:textures/gui/abilities/sun.png"},
            "commands": ["cast ebwizardry:speed_time @p 10"]
		},
		"slow_time":{
            "ability": "lucraftcore:command",
            "show_in_bar": true,
			"bar_color": "green",
            "title": {"text":"Slow Time"},
            "icon": {"type": "texture", "texture": "ben_ten:textures/gui/abilities/slow.png"},
            "commands": ["cast ebwizardry:slow_time @p"]
		},
		"stop_projectiles": {
            "ability": "lucraftcore:command_held",
            "bar_color": "green",            
            "show_in_bar": true,
            "title": {"text":"Stop Projectiles"},
			"icon": { "type": "texture", "texture": "ben_ten:textures/gui/abilities/projectile_stop.png" },
			"commands": ["entitydata @e[type=snowball,r=10] {NoGravity:0b,Motion:[0.0,0.0,0.0]}",
                  "entitydata @e[type=arrow,r=7] {NoGravity:1b,Motion:[0.0,0.0,0.0]}",
                  "entitydata @e[type=lucraftcore:energy_blast,r=7] {NoGravity:1b,Motion:[0.0,0.0,0.0]}",
                  "entitydata @e[type=wither_skull,r=7] {NoGravity1b,Motion:[0.0,0.0,0.0]}",
                  "entitydata @e[type=fireball,r=7] {NoGravity:1b,Motion:[0.0,0.0,0.0]}",
                  "entitydata @e[type=small_fireball,r=7] {NoGravity:1b,Motion:[0.0,0.0,0.0]}",
                  "entitydata @e[type=dragon_fireball,r=7] {NoGravity:1b,Motion:[0.0,0.0,0.0]}",
                  "entitydata @e[type=potion,r=7] {NoGravity:1b,Motion:[0.0,0.0,0.0]}",
                  "entitydata @e[type=shulker_bullet,r=7] {NoGravity:1b,Motion:[0.0,0.0,0.0]}",
                  "entitydata @e[type=llama_spit,r=7] {NoGravity:1b,Motion:[0.0,0.0,0.0]}",
                  "entitydata @e[type=heroesexpansion:vibranium_arrow,r=7] {NoGravity:1b,Motion:[0.0,0.0,0.0]}",
                  "entitydata @e[type=heroesexpansion:smoke_arrow,r=7] {NoGravity:1b,Motion:[0.0,0.0,0.0]}",
                  "entitydata @e[type=heroesexpansion:gas_arrow,r=7] {NoGravity:1b,Motion:[0.0,0.0,0.0]}",
                  "entitydata @e[type=heroesexpansion:grappling_arrow,r=7] {NoGravity:1b,Motion:[0.0,0.0,0.0]}",
                  "entitydata @e[type=heroesexpansion:sharpened_arrow,r=7] {NoGravity:1b,Motion:[0.0,0.0,0.0]}",
                  "entitydata @e[type=heroesexpansion:explosive_arrow,r=7] {NoGravity:1b,Motion:[0.0,0.0,0.0]}",
                  "entitydata @e[type=heroesexpansion:kryptonite_arrow,r=7] {NoGravity:1b,Motion:[0.0,0.0,0.0]}",
                  "entitydata @e[type=heroesexpansion:thrown_billy_club,r=7] {NoGravity:1b,Motion:[0.0,0.0,0.0]}",
                  "entitydata @e[type=heroesexpansion:web_grenade,r=7] {NoGravity:1b,Motion:[0.0,0.0,0.0]}",
                  "entitydata @e[type=heroesexpansion:thrown_mjolnir,r=7] {NoGravity:1b,Motion:[0.0,0.0,0.0]}",
                  "entitydata @e[type=heroesexpansion:impact_web,r=7] {NoGravity:1b,Motion:[0.0,0.0,0.0]}"]
		},
		"portal": {
            "ability": "heroesexpansion:portal",
            "show_in_bar": true,
            "title": {"translate":"heroesexpansion.abilities.portal.name"},
            "icon": {"type": "internal"},
            "bar_color": "green"
        },
		"death_state":{
			"ability": "lucraftcore:command_loop",
			"show_in_bar": false,
			"title": {"text":"Death State"},			
			"icon": {"type": "texture",
				"texture": "ben_ten:textures/gui/recal/recal_timeout.png"},
			"commands": ["execute @s[score_Health=0,score_Health_min=0,tag=os] ~ ~ ~ /superpower @s ben_ten:prototypeomnitrix",
			"execute @s[score_Health=0,score_Health_min=0,tag=af] ~ ~ ~ /superpower @s ben_ten:recalibratedomnitrix",
			"execute @s[score_Health=0,score_Health_min=0,tag=ua] ~ ~ ~ /superpower @s ben_ten:ultimatrix",
			"execute @s[score_Health=0,score_Health_min=0,tag=ov] ~ ~ ~ /superpower @s ben_ten:completedomnitrix",
			"scoreboard players tag @s[score_Sneak=1,score_Sneak_min=1] add Sneaking",
            "scoreboard players tag @s[score_Sneak=0,score_Sneak_min=0] remove Sneaking",
			"scoreboard players set @s[score_Sneak_min=1] Sneak 0"]
		},
		"timer":{
			"ability": "lucraftcore:command_loop",
			"show_in_bar": false,
			"title": {"text":"Timer"},			
			"icon": {"type": "texture","texture": "ben_ten:textures/gui/omnitrix_timeout.png"},
			"conditions": [{"type": "lucraftcore:not", 
			            "conditions": [{
						"type": "lucraftcore:scoreboard_tag", 
						"tag": "Master"}]}],
			"commands": ["scoreboard players remove @s Timer 1",
			"scoreboard players set @s[score_Timer=-1,score_Timer_min=-1000000] Timer 1",
			"execute @s[score_Timer=30,score_Timer_min=30,tag=ov] ~ ~ ~ /playsound minecraft:custom.ov_timer master @a ~ ~ ~",
			"execute @s[score_Timer=1,score_Timer_min=1,tag=af] ~ ~ ~ /playsound minecraft:custom.recalibratedhuman master @a ~ ~ ~",
			"execute @s[score_Timer=0,score_Timer_min=0,tag=ua] ~ ~ ~ /playsound minecraft:custom.ultimatrixhuman master @a ~ ~ ~",
			"execute @s[score_Timer=1,score_Timer_min=1,tag=ov] ~ ~ ~ /playsound minecraft:custom.ov_human master @a ~ ~ ~",
			"execute @s[score_Timer=0,score_Timer_min=0] ~ ~ ~ /superpower @s ben_ten:transform_human",
			"superpowerxp 1 @s[tag=0]",
			"superpowerxp 4 @s[tag=20]",
			"superpowerxp 6 @s[tag=35]"]
		},
		"base": {	
	        "ability": "lucraftcore:command",		
            "show_in_bar": true,	
            "title": {"text":"Base Form"},
			"icon": {"type": "texture", "texture": "ben_ten:textures/gui/omnitrix_green.png"},
            "bar_color": "green",
			"conditions": [{
						"type": "lucraftcore:scoreboard_tag", 
						"tag": "Sneaking"}],
			"commands": ["superpower @s ben_ten:transform_human", 
			"execute @s[tag=af] ~ ~ ~ /playsound minecraft:custom.recalibratedhuman master @a ~ ~ ~",
			"execute @s[tag=ua] ~ ~ ~ /playsound minecraft:custom.ultimatrixhuman master @a ~ ~ ~",
			"execute @s[tag=ov] ~ ~ ~ /playsound minecraft:custom.ov_human master @a ~ ~ ~"]
		}
	}
}