{
	"name": {"text": "spacepod"},
	"icon": {"type": "texture","texture": "ben_ten:textures/items/plumber_badge_face.png"},
	"creative_tab": "ben10",
	
	"abilities": {
		 "gainuaf": {
            "ability": "lucraftcore:command_on_gain",
            "show_in_bar": false,
            "title": {"translate":"lucraftcore.abilities.command_on_gain.name"},
            "title": {"text": "Pod Background Commands One"},
			"icon": { "type": "internal" },
	        "commands": [
			"scoreboard objectives add FallenPod dummy",
			"scoreboard players set @s FallenPod 0",
			"/scoreboard players tag @s add testangle1 ",
			"/replaceitem entity @e[name=SPod] slot.armor.head ben_ten:space_pod_closed_chest",
			"/scoreboard players tag @s add FreeFalling "]
        },
		"pod1": {
			"ability": "lucraftcore:command_loop",
			"show_in_bar": false,
			"title": {"text": "Pod Background Commands Two"},
			"icon": { "type": "internal" },
			"bar_color": "green",
	        "commands": ["/execute @s[tag=FreeFalling] ~ ~ ~ scoreboard players add @s FallenPod 1",
						  "/execute @s[tag=!testangle1] ~ ~ ~ detect ~ ~-1 ~ air 0 particle explode ~ ~ ~ 0.3 0.3 0.3 0.1 100 force",
						  "/execute @s[tag=!testangle1] ~ ~ ~ detect ~ ~-1 ~ air 0 particle flame ~ ~ ~ 0.5 0.5 0.5 0.1 100 force",
						  "/execute @s ~ ~ ~ detect ~ ~-1 ~ air 0 particle smoke ~ ~ ~ 0.4 0.4 0.4 0.1 200 force",
						  "/execute @s[tag=testangle1] ~ ~ ~ detect ~ ~-1 ~ air 0 /tp @s ~0.4 ~ ~0.4",
						  "/execute @s[tag=!testangle1] ~ ~ ~ detect ~ ~-6 ~ air 0 /tp @s ~-0.4 ~-1.8 ~-0.7",
						  "/execute @s ~ ~ ~ detect ~ ~-5 ~ grass 0 /summon Creeper ~ ~1 ~ {Power:10,Fuse:0,ExplosionRadius:10}",
						  "/execute @s ~ ~ ~ detect ~ ~-1 ~ grass 0 /fill ~5 ~ ~5 ~-5 ~ ~-5 minecraft:air ",
						  
						  "execute @s[score_FallenPod=100,score_FallenPod_min=100] ~ ~ ~ /scoreboard players tag @s remove testangle1 ",
						   "execute @s[score_FallenPod=100,score_FallenPod_min=100] ~ ~ ~ /summon minecraft:tnt ~ ~ ~ ", 
						  
							 "execute @s[score_FallenPod=145,score_FallenPod_min=145] ~ ~ ~ /summon minecraft:tnt ~ ~ ~ ",
						   "execute @s[score_FallenPod=211,score_FallenPod_min=211] ~ ~ ~ /scoreboard players tag @s remove FreeFalling ",
						  
						 "execute @e[tag=PodTriggerd,r=1] ~ ~ ~ /clear @e[tag=PodTriggerd] ben_ten:plumber_badge_chest 0 1 ",
						 "execute @e[tag=PodTriggerd,r=1] ~ ~ ~ /replaceitem entity @p slot.armor.chest ben_ten:omnitrix_chest 1 0 {ench:[{id:10,lvl:1},{id:71,lvl:1}]}",
						 "execute @e[tag=PodTriggerd,r=1] ~ ~ ~ /give @e[tag=PodTriggerd] ben_ten:plumber_badge_chest 1 ",
						 "execute @e[tag=PodTriggerd,r=1] ~ ~ ~ /summon armor_stand ~ ~ ~ {CustomName:\"PodT\",Invisible:1b,Invulnerable:1b,Rotation:[140f],NoBasePlate:1b,Small:1b}", 
						 "execute @e[tag=PodTriggerd,r=1] ~ ~ ~ /replaceitem entity @e[name=PodT] slot.armor.head ben_ten:space_pod_empty_chest", 
						 "execute @e[tag=PodTriggerd,r=1] ~ ~ ~ /replaceitem entity @e[name=PodT] slot.armor.chest ben_ten:space_pod_boom_commands_chest",
						 "/tp @e[name=PodT,r=1] @e[name=SPod,r=1]","execute @e[tag=PodTriggerd,r=1] ~ ~ ~ /kill @e[name=SPod,r=1]"]
        },
		"effect": {	
	        "ability": "lucraftcore:command_loop",
            "show_in_bar": true,	
            "title": {"text":"return"},
			"icon": { "type": "texture","texture": "ben_ten:textures/gui/omnitrix/placeholder.png"},
            "bar_color": "green",				
			"commands": ["execute @e[tag=PodTriggerd,r=3] ~ ~ ~ /replaceitem entity @e[name=SPod] slot.armor.head ben_ten:space_pod_open_chest",
                         "execute @e[tag=PodTriggerd,rm=3,r=4] ~ ~ ~ /replaceitem entity @e[name=SPod] slot.armor.head ben_ten:space_pod_closed_chest "]
		}
	}
}