{
	"name" : {
		"text": "The Omnitrix"
	},

	"icon": {
		"type": "texture",
		"texture": "ben_ten:textures/gui/completedomnitrix/ov_trix_1.png"
	},
	
	"creative_tab": "ben10",
	
	"max_level": 40,
	
	"capsule_color" : 65280,
	
	"effects": [
        {
            "type": "skin_overlay",
            "texture": "ben_ten:textures/overlays/omnitrix/omnitrix_open.png",
            "size": 0,
            "glow": false,
            "conditions": [
            	{
            		"type": "always"
				}
			]
	    },
		{
            "type": "skin_overlay",
            "texture": "ben_ten:textures/overlays/glow/omnitrix/omnitrix_open_glow.png",
            "size": 0,
            "glow": true,
            "conditions": [
            	{
            		"type": "always"
            	}
            ]
        },
        {
            "type": "skin_overlay",
            "texture": "ben_ten:textures/overlays/omnitrix/omnitrix_playlists.png",
            "size": 1,
            "glow": true,
            "conditions": [
            	{
            		"type": "always"
        		}
        	]
        }		
    ],

	"abilities": {	
		"functions": {
			"ability": "lucraftcore:command_loop",
			"show_in_bar": false,
			"title": {"text": "Recharge Mode"},
			"icon": { "type": "texture", "texture": "ben_ten:textures/gui/completedomnitrix/ov_trix_timeout.png" },
			"commands": ["playsound minecraft:custom.ov_wait master @a ~ ~ ~", 
			"sizechange @s 1 lucraftcore:default"]
        },
		"pyronite": {
			"ability": "lucraftcore:command",
			"show_in_bar": true,
			"title": {"text": "Pyronite"},
			"icon": {"type": "texture",
				"texture": "ben_ten:textures/gui/completedomnitrix/pyronite.png"},
			"bar_color": "green",
			"commands": ["execute @s[score_Health_min=20] ~ ~ ~ /effect @s minecraft:instant_health 1 18",
			"scoreboard players tag @s add Pyronite",
			"superpower @s ben_ten:transform_os",
			"playsound minecraft:custom.ov_transform master @a ~ ~ ~"]
		},
		"petrosapien": {
			"ability": "lucraftcore:command",
			"show_in_bar": true,
			"title": {"text": "Petrosapien"},
			"icon": {"type": "texture",
				"texture": "ben_ten:textures/gui/completedomnitrix/petrosapien.png"},
			"bar_color": "green",
			"commands": ["execute @s[score_Health_min=20] ~ ~ ~ /effect @s minecraft:instant_health 1 18",
			"scoreboard players tag @s add Petrosapien",
			"superpower @s ben_ten:transform_os",
			"playsound minecraft:custom.ov_transform master @a ~ ~ ~"]
		},
		"ectonurite": {
			"ability": "lucraftcore:command",
			"show_in_bar": true,
			"title": {"text": "Ectonurite"},
			"icon": {
				"type": "texture",
				"texture": "ben_ten:textures/gui/completedomnitrix/ectonurite.png"},
			"bar_color": "green",
			"commands": ["execute @s[score_Health_min=20] ~ ~ ~ /effect @s minecraft:instant_health 1 18",
			"scoreboard players tag @s add TEctonurite",
			"superpower @s ben_ten:transform_af",
			"playsound minecraft:custom.ov_transform master @a ~ ~ ~",
			"effect @s minecraft:night_vision 1000000 1 true"]
		},
		"tetramand": {
			"ability": "lucraftcore:command",
			"show_in_bar": true,
			"title": {"text": "Tetramand"},
			"icon": {"type": "texture",
				"texture": "ben_ten:textures/gui/completedomnitrix/tetramand.png"},
			"bar_color": "green",
			"commands": ["execute @s[score_Health_min=20] ~ ~ ~ /effect @s minecraft:instant_health 1 18",
			"scoreboard players tag @s add Tetramand",
			"superpower @s ben_ten:transform_os",
			"playsound minecraft:custom.ov_transform master @a ~ ~ ~"]
		},
		"lepidopterran": {
			"ability": "lucraftcore:command",
			"show_in_bar": true,
			"title": {"text": "Lepidopterran"},
			"icon": {"type": "texture",
				"texture": "ben_ten:textures/gui/completedomnitrix/lepidopterran.png"},
			"bar_color": "green",
			"commands": ["execute @s[score_Health_min=20] ~ ~ ~ /effect @s minecraft:instant_health 1 18",
			"scoreboard players tag @s add Lepidopterran",
			"superpower @s ben_ten:transform_os",
			"playsound minecraft:custom.ov_transform master @a ~ ~ ~"]
		},
		"kineceleran": {
			"ability": "lucraftcore:command",
			"show_in_bar": true,
			"title": {"text": "Kineceleran"},
			"icon": {"type": "texture",
				"texture": "ben_ten:textures/gui/completedomnitrix/kineceleran.png"},
			"bar_color": "green",
			"commands": ["execute @s[score_Health_min=20] ~ ~ ~ /effect @s minecraft:instant_health 1 18",
			"scoreboard players tag @s add Kineceleran",
			"superpower @s ben_ten:transform_os",
			"playsound minecraft:custom.ov_transform master @a ~ ~ ~"]
		},
		"vulpimancer": {
			"ability": "lucraftcore:command",
			"show_in_bar": true,
			"title": {"text": "Vulpimancer"},
			"icon": {"type": "texture",
				"texture": "ben_ten:textures/gui/completedomnitrix/vulpimancer.png"},
			"bar_color": "green",
			"commands": ["execute @s[score_Health_min=20] ~ ~ ~ /effect @s minecraft:instant_health 1 18",
			"scoreboard players tag @s add Vulpimancer",
			"superpower @s ben_ten:transform_os",
			"playsound minecraft:custom.ov_transform master @a ~ ~ ~"]
		},
		"galvan": {
			"ability": "lucraftcore:command",
			"show_in_bar": true,
			"title": {"text": "Galvan"},
			"icon": {"type": "texture",
				"texture": "ben_ten:textures/gui/completedomnitrix/galvan.png"},
			"bar_color": "green",
			"commands": ["execute @s[score_Health_min=20] ~ ~ ~ /effect @s minecraft:instant_health 1 18",
			"scoreboard players tag @s add Galvan",
			"superpower @s ben_ten:transform_os",
			"playsound minecraft:custom.ov_transform master @a ~ ~ ~"]
		},
		"piscciss_volan": {
			"ability": "lucraftcore:command",
			"show_in_bar": true,
			"title": {"text": "Piscciss Volan"},
			"icon": {"type": "texture",
				"texture": "ben_ten:textures/gui/completedomnitrix/piscciss_volan.png"},
			"bar_color": "green",
			"commands": ["execute @s[score_Health_min=20] ~ ~ ~ /effect @s minecraft:instant_health 1 18",
			"scoreboard players tag @s add Piscciss_Volan",
			"superpower @s ben_ten:transform_os",
			"playsound minecraft:custom.ov_transform master @a ~ ~ ~"]
		},
		"galvanic_mechamorph": {
			"ability": "lucraftcore:command",
			"show_in_bar": true,
			"title": {"text": "Galvanic Mechamorph"},
			"icon": {"type": "texture",
				"texture": "ben_ten:textures/gui/completedomnitrix/galvanic_mechamorph.png"},
			"bar_color": "green",
			"commands": ["execute @s[score_Health_min=20] ~ ~ ~ /effect @s minecraft:instant_health 1 18",
			"scoreboard players tag @s add OV_Galvanic_Mechamorph",
			"superpower @s ben_ten:transform_ov",
			"playsound minecraft:custom.ov_transform master @a ~ ~ ~"]
		},
		"arburian_pelarota": {
			"ability": "lucraftcore:command",
			"show_in_bar": true,
			"title": {"text":"Arburian Pelarota"},
			"icon": { "type": "texture", "texture": "ben_ten:textures/gui/completedomnitrix/arburian_pelarota.png"},
			"bar_color": "green",
			"commands": ["execute @s[score_Health_min=20] ~ ~ ~ /effect @s minecraft:instant_health 1 18",
			"scoreboard players tag @s add Arburian_Pelarota",
			"superpower @s ben_ten:transform_os",
			"playsound minecraft:custom.ov_transform master @a ~ ~ ~"]
		},
		"splixson": {
			"ability": "lucraftcore:command",
			"show_in_bar": true,
			"title": {"text":"Splixson"},
			"icon": { "type": "texture", "texture": "ben_ten:textures/gui/completedomnitrix/splixson.png"},
			"bar_color": "green",
			"commands": ["execute @s[score_Health_min=20] ~ ~ ~ /effect @s minecraft:instant_health 1 18",
			"scoreboard players tag @s add Splixson",
			"superpower @s ben_ten:transform_os",
			"playsound minecraft:custom.ov_transform master @a ~ ~ ~"]
		},
		"nosedeenian": {
		   "ability": "lucraftcore:command",
			"show_in_bar": true,
			"title": {"text":"Nosedeenian"},
			"icon": { "type": "texture", "texture": "ben_ten:textures/gui/completedomnitrix/nosedeenian.png" },
			"bar_color": "green",
			"commands": ["execute @s[score_Health_min=20] ~ ~ ~ /effect @s minecraft:instant_health 1 18",
			"scoreboard players tag @s add NosedeenianT",
			"superpower @s ben_ten:transform_os",
			"playsound minecraft:custom.ov_transform master @a ~ ~ ~"]
		},
		"polar_manzardill": {
			"ability": "lucraftcore:command",
			"show_in_bar": true,
			"title": {"text":"Polar Manzardill"},
			"icon": { "type": "texture", "texture": "ben_ten:textures/gui/completedomnitrix/polar_manzardill.png"},
			"bar_color": "green",
			"commands": ["execute @s[score_Health_min=20] ~ ~ ~ /effect @s minecraft:instant_health 1 18",
			"scoreboard players tag @s add Polar_Manzardill",
			"superpower @s ben_ten:transform_os",
			"playsound minecraft:custom.ov_transform master @a ~ ~ ~"]
		},
		"sphoeroid": {
			"ability": "lucraftcore:command",
			"show_in_bar": true,
			"title": {"text":"Sphoeroid"},
			"icon": { "type": "texture", "texture": "ben_ten:textures/gui/completedomnitrix/sphoeroid.png"},
			"bar_color": "green",
			"commands": ["execute @s[score_Health_min=20] ~ ~ ~ /effect @s minecraft:instant_health 1 18",
			"scoreboard players tag @s add SphoeroidT",
			"superpower @s ben_ten:transform_os",
			"playsound minecraft:custom.ov_transform master @a ~ ~ ~"]
		},
		"opticoid": {
		   "ability": "lucraftcore:command",
			"show_in_bar": true,
			"title": {"text":"Opticoid"},
			"icon": { "type": "texture", "texture": "ben_ten:textures/gui/completedomnitrix/opticoid.png" },
			"bar_color": "green",
			"commands": ["execute @s[score_Health_min=20] ~ ~ ~ /effect @s minecraft:instant_health 1 18",
			"scoreboard players tag @s add OpticoidT",
			"superpower @s ben_ten:transform_os",
			"playsound minecraft:custom.ov_transform master @a ~ ~ ~"]
		},
		"perk_gourmand": {	
	        "ability": "lucraftcore:command",
            "show_in_bar": true,	
            "title": {"text":"Perk Gourmand"},
			"icon": { "type": "texture", "texture": "ben_ten:textures/gui/completedomnitrix/gourmand.png" },
            "bar_color": "green",
			"conditions": [{"type": "lucraftcore:scoreboard_tag",
			                "tag": "Gourmand"}],				
			"commands": ["execute @s[score_Health_min=20] ~ ~ ~ /effect @s minecraft:instant_health 1 18",
			"scoreboard players tag @s add Perk_Gourmand",
			"superpower @s ben_ten:transform_os",
			"playsound minecraft:custom.ov_transform master @a ~ ~ ~"]
		},
		"murk_gourmand": {	
	        "ability": "lucraftcore:command",
			"show_in_bar": true,	
            "title": {"text":"Murk Gourmand"},
			"icon": { "type": "texture", "texture": "ben_ten:textures/gui/completedomnitrix/gourmand.png" },
            "bar_color": "green",
			"conditions": [{"type": "lucraftcore:scoreboard_tag",
			                "tag": "Gourmand"}],				
			"commands": ["execute @s[score_Health_min=20] ~ ~ ~ /effect @s minecraft:instant_health 1 18",
			"scoreboard players tag @s add Murk_Gourmand",
			"superpower @s ben_ten:transform_af",
			"playsound minecraft:custom.ov_transform master @a ~ ~ ~"] 
		},
		"florauna": {
			"ability": "lucraftcore:command",
			"show_in_bar": true,
			"title": {"text":"Florauna"},
			"icon": { "type": "texture", "texture": "ben_ten:textures/gui/completedomnitrix/florauna.png"},
			"bar_color": "green",
			"conditions": [{"type": "lucraftcore:scoreboard_tag",
			                "tag": "Florauna"}],
			"commands": ["execute @s[score_Health_min=20] ~ ~ ~ /effect @s minecraft:instant_health 1 18",
			"scoreboard players tag @s add FloraunaT",
			"superpower @s ben_ten:transform_os",
			"playsound minecraft:custom.ov_transform master @a ~ ~ ~"]
		},
		"loboan": {
			"ability": "lucraftcore:command",
			"show_in_bar": true,
			"title": {"text": "Loboan"},
			"icon": {"type": "texture",
				"texture": "ben_ten:textures/gui/completedomnitrix/loboan.png"},
			"bar_color": "green",
			"conditions": [{"type": "lucraftcore:scoreboard_tag",
			                "tag": "Loboan"}],
			"commands": ["execute @s[score_Health_min=20] ~ ~ ~ /effect @s minecraft:instant_health 1 18",
			"scoreboard players tag @s add LoboanT",
			"superpower @s ben_ten:transform_os",
			"playsound minecraft:custom.ov_transform master @a ~ ~ ~", 
			"effect @s ebwizardry:sixth_sense 1000000 1 true"]
		},
		"thep_khufan": {
			"ability": "lucraftcore:command",
			"show_in_bar": true,
			"title": {"text": "Thep Khufan"},
			"icon": {"type": "texture",
				"texture": "ben_ten:textures/gui/completedomnitrix/thep_khufan.png"},
			"bar_color": "green",
			"conditions": [{"type": "lucraftcore:scoreboard_tag",
			                "tag": "Khufan"}],
			"commands": ["execute @s[score_Health_min=20] ~ ~ ~ /effect @s minecraft:instant_health 1 18",
			"scoreboard players tag @s add Thep_KhufanT",
			"superpower @s ben_ten:transform_os",
			"playsound minecraft:custom.ov_transform master @a ~ ~ ~"]
		},
		"transylian": {
			"ability": "lucraftcore:command",
			"show_in_bar": true,
			"title": {"text": "Transylian"},
			"icon": {"type": "texture",
				"texture": "ben_ten:textures/gui/completedomnitrix/transylian.png"},
			"bar_color": "green",
			"conditions": [{"type": "lucraftcore:scoreboard_tag",
			                "tag": "Transylian"}],
			"commands": ["execute @s[score_Health_min=20] ~ ~ ~ /effect @s minecraft:instant_health 1 18",
			"scoreboard players tag @s add TransylianT",
			"superpower @s ben_ten:transform_os",
			"playsound minecraft:custom.ov_transform master @a ~ ~ ~"]
		},
		"tokustar": {	
	        "ability": "lucraftcore:command",
			"show_in_bar": true,	
            "title": {"text":"To'kustar"},
			"icon": { "type": "texture", "texture": "ben_ten:textures/gui/completedomnitrix/tokustar.png" },
            "bar_color": "green",				
			"commands": ["execute @s[score_Health_min=20] ~ ~ ~ /effect @s minecraft:instant_health 1 18",
			"sizechange @s 12 lucraftcore:default",
			"scoreboard players tag @s add Tokustar",
			"superpower @s ben_ten:transform_os",
			"playsound minecraft:custom.ov_transform master @a ~ ~ ~"] 
		},	
		"next_playlist_2": {	
	        "ability": "lucraftcore:command",
            "show_in_bar": true,	
            "title": {"text":"Next Playlist"},
			"icon": { "type": "texture", "texture": "ben_ten:textures/gui/completedomnitrix/ov_trix_2.png" },
            "bar_color": "green",				
			"commands": ["/superpower @s ben_ten:completedomnitrix_2", "playsound minecraft:custom.ov_playlist master @a ~ ~ ~"]
		},		
		"main_menu": {	
	        "ability": "lucraftcore:command",
            "show_in_bar": true,	
            "title": {"text":"Playlist Selection"},
			"icon": { "type": "texture", "texture": "ben_ten:textures/gui/completedomnitrix/ov_trix_master.png" },
            "bar_color": "green",				
			"commands": ["/superpower @s ben_ten:completedomnitrix", "playsound minecraft:custom.ov_playlist master @a ~ ~ ~"]
		},		
		"previous_playlist_4": {	
	        "ability": "lucraftcore:command",
            "show_in_bar": true,	
            "title": {"text":"Previous Playlist"},
			"icon": { "type": "texture", "texture": "ben_ten:textures/gui/completedomnitrix/ov_trix_4.png" },
            "bar_color": "green",
			"conditions": [{
                        "type": "lucraftcore:or",
                            "conditions": [
                            {"type": "lucraftcore:scoreboard_tag","tag": "Golem"},
                            {"type": "lucraftcore:scoreboard_tag","tag": "Enderman"},
                            {"type": "lucraftcore:scoreboard_tag","tag": "Creeper"}]
                   }],				
			"commands": ["/superpower @s ben_ten:completedomnitrix_4", "playsound minecraft:custom.ov_playlist master @a ~ ~ ~"]
		},
		"failsafe": {
			"ability": "lucraftcore:command_loop",
			"show_in_bar": false,
			"title": {"text": "Omnitrix Failsafe"},
			"icon": {"type": "texture",
				"texture": "ben_ten:textures/gui/completedomnitrix/ov_core.png"},
			"commands": ["execute @s[score_Failsafe=12000,score_Failsafe_min=12000] ~ ~ ~ /scoreboard players tag @s remove Explode",
			"execute @s[score_Failsafe=11999,score_Failsafe_min=0] ~ ~ ~ /scoreboard players add @s Failsafe 1",
			"execute @s[score_Health=6,score_Health_min=1,tag=Failsafe,tag=!Explode] ~ ~ ~ /playsound minecraft:custom.failsafe master @a ~ ~ ~",
			"effect @s[score_Health=6,score_Health_min=1,tag=Failsafe,tag=!Explode] minecraft:resistance 3 255 true",
			"execute @s[score_Health=6,score_Health_min=1,tag=Failsafe,tag=!Explode] ~ ~ ~ /superpower @s ben_ten:omnitrix_failsafe"]
		}
	}
}
