{
	"name" : {"text": "The Omnitrix"},
	"icon": {"type": "texture","texture": "ben_ten:textures/gui/completedomnitrix/ov_trix_master.png"},	
	"creative_tab": "ben10",	
	"max_level": 40,	
	"capsule_color" : 65280,	
	"effects": [{"type": "skin_overlay","texture": "ben_ten:textures/overlays/omnitrix/omnitrix.png","size": 0,"glow": false}],

	"abilities": {
		"level_removal": {
			"ability": "lucraftcore:command_loop",
			"show_in_bar": false,
			"title": {"text": "Levels"},
			"icon": {"type": "texture","texture": "ben_ten:textures/gui/completedomnitrix/ov_trix_master.png"},
			"commands": ["superpowerxp -40L @s[tag=os]","superpowerxp -40L @s[tag=af]","superpowerxp -40L @s[tag=ua]"]
		},
		"levelling_0": {
			"ability": "lucraftcore:command_loop",
			"show_in_bar": false,
			"title": {"text": "Novice User"},
			"icon": {"type": "texture","texture": "ben_ten:textures/gui/completedomnitrix/ov_trix_master.png"},
			"commands": ["scoreboard players tag @s[tag=!20] add 0"]
		},
		"gimlinopithecus_unlock": {
			"ability": "lucraftcore:command_loop",
			"required_level": 10,
			"show_in_bar": false,
			"title": {"text": "Novice User"},
			"icon": {"type": "texture","texture": "ben_ten:textures/gui/completedomnitrix/ov_trix_master.png"},
			"commands": ["scoreboard players tag @s add 10"]
		},
		"unlock_14": {
			"ability": "lucraftcore:command_loop",
			"required_level": 14,
			"show_in_bar": false,
			"title": {"text": "Novice User"},
			"icon": {"type": "texture","texture": "ben_ten:textures/gui/completedomnitrix/ov_trix_master.png"},
			"commands": ["scoreboard players tag @s add 14"]
		},
		"unlock_22": {
			"ability": "lucraftcore:command_loop",
			"required_level": 22,
			"show_in_bar": false,
			"title": {"text": "Novice User"},
			"icon": {"type": "texture","texture": "ben_ten:textures/gui/completedomnitrix/ov_trix_master.png"},
			"commands": ["scoreboard players tag @s add 22"]
		},
		"unlock_28": {
			"ability": "lucraftcore:command_loop",
			"required_level": 28,
			"show_in_bar": false,
			"title": {"text": "Novice User"},
			"icon": {"type": "texture","texture": "ben_ten:textures/gui/completedomnitrix/ov_trix_master.png"},
			"commands": ["scoreboard players tag @s add 28"]
		},
		"unlock_35": {
			"ability": "lucraftcore:command_loop",
			"required_level": 35,
			"show_in_bar": false,
			"title": {"text": "Novice User"},
			"icon": {"type": "texture","texture": "ben_ten:textures/gui/completedomnitrix/ov_trix_master.png"},
			"commands": ["scoreboard players tag @s add 35"]
		},
		"levelling_20": {
			"ability": "lucraftcore:command_loop",
			"required_level": 20,
			"show_in_bar": false,
			"title": {"text": "Moderate User"},
			"icon": {"type": "texture","texture": "ben_ten:textures/gui/completedomnitrix/ov_trix_master.png"},
			"commands": ["scoreboard players tag @s remove 0","scoreboard players tag @s add 20"]
		},
		"levelling_35": {
			"ability": "lucraftcore:command_loop",
			"required_level": 35,
			"title": {"text": "Experienced User"},
			"icon": {"type": "texture","texture": "ben_ten:textures/gui/completedomnitrix/ov_trix_master.png"},
			"commands": ["scoreboard players tag @s remove 0","scoreboard players tag @s remove 20","scoreboard players tag @s add 35"]
		},	
		"levelling_40": {
			"ability": "lucraftcore:command_loop",
			"required_level": 40,
			"title": {"text": "Master User"},
			"icon": {"type": "texture",
				"texture": "ben_ten:textures/gui/completedomnitrix/ov_trix_master.png"},
			"commands": ["scoreboard players tag @s remove 0","scoreboard players tag @s remove 20","scoreboard players tag @s remove 35","scoreboard players tag @s add 40"]
		},	
		"timeout_ov": {
			"ability": "lucraftcore:command_loop",
			"show_in_bar": false,
			"title": {"text": "Recharge Mode"},
			"icon": { "type": "texture", "texture": "ben_ten:textures/gui/completedomnitrix/ov_trix_timeout.png" },
			"bar_color": "light_gray",
			"commands": ["sizechange @s 1 lucraftcore:default",
            "scoreboard players tag @s[score_Sneak=1,score_Sneak_min=1] add Sneaking",
            "scoreboard players tag @s[score_Sneak=0,score_Sneak_min=0] remove Sneaking",
			"scoreboard players set @s[score_Sneak_min=1] Sneak 0",
			"execute @s[score_Timer=5999,score_Timer_min=0] ~ ~ ~ /scoreboard players add @s Timer 1",
			"execute @s[score_Failsafe=12000,score_Failsafe_min=12000] ~ ~ ~ /scoreboard players tag @s remove Explode",
			"execute @s[score_Failsafe=11999,score_Failsafe_min=0] ~ ~ ~ /scoreboard players add @s Failsafe 1",
			"execute @s[score_Health=6,score_Health_min=1,tag=Failsafe,tag=!Explode] ~ ~ ~ /playsound minecraft:custom.failsafe master @a ~ ~ ~",
			"effect @s[score_Health=6,score_Health_min=1,tag=Failsafe,tag=!Explode] minecraft:resistance 3 255 true",
			"execute @s[score_Health=6,score_Health_min=1,tag=Failsafe,tag=!Explode] ~ ~ ~ /superpower @s ben_ten:omnitrix_failsafe"]
        },
		"scan_ov": {
			"ability": "lucraftcore:command_loop",
			"show_in_bar": false,
			"title": {"text": "Scan Function"},
			"icon": {"type": "texture",
				"texture": "ben_ten:textures/gui/completedomnitrix/ov_trix_scanning.png"},
			"commands": ["execute @e[type=wolf,r=5] ~ ~ ~ /superpower @p[tag=!Loboan,r=5] ben_ten:scan_mode",
			"execute @e[type=wolf,r=5] ~ ~ ~ /playsound minecraft:custom.destruct master @a[tag=!Loboan,r=5] ~ ~ ~",
			"execute @e[type=husk,r=5] ~ ~ ~ /superpower @p[tag=!Khufan,r=5] ben_ten:scan_mode",
			"execute @e[type=husk,r=5] ~ ~ ~ /playsound minecraft:custom.destruct master @a[tag=!Khufan,r=5] ~ ~ ~",
			"execute @e[type=zombie_villager,r=5] ~ ~ ~ /superpower @p[tag=!Transylian,r=5] ben_ten:scan_mode",
			"execute @e[type=zombie_villager,r=5] ~ ~ ~ /playsound minecraft:custom.destruct master @a[tag=!Transylian,r=5] ~ ~ ~",
			"execute @e[type=creeper,r=5] ~ ~ ~ /superpower @p[tag=!Creeper,r=5] ben_ten:scan_mode",
			"execute @e[type=creeper,r=5] ~ ~ ~ /playsound minecraft:custom.destruct master @a[tag=!Creeper,r=5] ~ ~ ~",
			"execute @e[type=enderman,r=5] ~ ~ ~ /superpower @p[tag=!Enderman,r=5] ben_ten:scan_mode",
			"execute @e[type=enderman,r=5] ~ ~ ~ /playsound minecraft:custom.destruct master @a[tag=!Enderman,r=5] ~ ~ ~",
			"execute @e[type=villager_golem,r=5] ~ ~ ~ /superpower @p[tag=!Golem,r=5] ben_ten:scan_mode",
			"execute @e[type=villager_golem,r=5] ~ ~ ~ /playsound minecraft:custom.destruct master @a[tag=!Golem,r=5] ~ ~ ~",
			"execute @e[type=bat,r=5] ~ ~ ~ /superpower @p[tag=!Vladat,r=5] ben_ten:scan_mode",
			"execute @e[type=bat,r=5] ~ ~ ~ /playsound minecraft:custom.destruct master @a[tag=!Vladat,r=5] ~ ~ ~",
			"execute @s[tag=!Florauna] ~ ~ ~ detect ~3 ~ ~ minecraft:mycelium 0 superpower @s[tag=!Florauna] ben_ten:scan_mode",
			"execute @s[tag=!Florauna] ~ ~ ~ detect ~3 ~ ~ minecraft:mycelium 0 playsound minecraft:custom.destruct master @a[r=5] ~ ~ ~",			
			"execute @s[tag=!Florauna] ~ ~ ~ detect ~-3 ~ ~ minecraft:mycelium 0 superpower @s[tag=!Florauna] ben_ten:scan_mode",
			"execute @s[tag=!Florauna] ~ ~ ~ detect ~-3 ~ ~ minecraft:mycelium 0 playsound minecraft:custom.destruct master @a[r=5] ~ ~ ~",			
			"execute @s[tag=!Florauna] ~ ~ ~ detect ~ ~-1 ~ minecraft:mycelium 0 superpower @s[tag=!Florauna] ben_ten:scan_mode",
			"execute @s[tag=!Florauna] ~ ~ ~ detect ~ ~-1 ~ minecraft:mycelium 0 playsound minecraft:custom.destruct master @a[r=5] ~ ~ ~",			
			"execute @s[tag=!Florauna] ~ ~ ~ detect ~ ~ ~3 minecraft:mycelium 0 superpower @s[tag=!Florauna] ben_ten:scan_mode",
			"execute @s[tag=!Florauna] ~ ~ ~ detect ~ ~ ~3 minecraft:mycelium 0 playsound minecraft:custom.destruct master @a[r=5] ~ ~ ~",			
			"execute @s[tag=!Florauna] ~ ~ ~ detect ~ ~ ~-3 minecraft:mycelium 0 superpower @s[tag=!Florauna] ben_ten:scan_mode",
			"execute @s[tag=!Florauna] ~ ~ ~ detect ~ ~ ~-3 minecraft:mycelium 0 playsound minecraft:custom.destruct master @a[r=5] ~ ~ ~",			
			"execute @s[tag=!Florauna] ~ ~ ~ detect ~3 ~ ~ minecraft:brown_mushroom_block 10 superpower @s[tag=!Florauna] ben_ten:scan_mode",
			"execute @s[tag=!Florauna] ~ ~ ~ detect ~3 ~ ~ minecraft:brown_mushroom_block 10 playsound minecraft:custom.destruct master @a[r=5] ~ ~ ~",			
			"execute @s[tag=!Florauna] ~ ~ ~ detect ~3 ~ ~ minecraft:red_mushroom_block 10 superpower @s[tag=!Florauna] ben_ten:scan_mode",
			"execute @s[tag=!Florauna] ~ ~ ~ detect ~3 ~ ~ minecraft:red_mushroom_block 10 playsound minecraft:custom.destruct master @a[r=5] ~ ~ ~",			
			"execute @s[tag=!Florauna] ~ ~ ~ detect ~-3 ~ ~ minecraft:brown_mushroom_block 10 superpower @s[tag=!Florauna] ben_ten:scan_mode",
			"execute @s[tag=!Florauna] ~ ~ ~ detect ~-3 ~ ~ minecraft:brown_mushroom_block 10 playsound minecraft:custom.destruct master @a[r=5] ~ ~ ~",			
			"execute @s[tag=!Florauna] ~ ~ ~ detect ~-3 ~ ~ minecraft:red_mushroom_block 10 superpower @s[tag=!Florauna] ben_ten:scan_mode",
			"execute @s[tag=!Florauna] ~ ~ ~ detect ~-3 ~ ~ minecraft:red_mushroom_block 10 playsound minecraft:custom.destruct master @a[r=5] ~ ~ ~",			
			"execute @s[tag=!Florauna] ~ ~ ~ detect ~ ~-1 ~ minecraft:brown_mushroom_block 10 superpower @s[tag=!Florauna] ben_ten:scan_mode",
			"execute @s[tag=!Florauna] ~ ~ ~ detect ~ ~-1 ~ minecraft:brown_mushroom_block 10 playsound minecraft:custom.destruct master @a[r=5] ~ ~ ~",			
			"execute @s[tag=!Florauna] ~ ~ ~ detect ~ ~-1 ~ minecraft:red_mushroom_block 10 superpower @s[tag=!Florauna] ben_ten:scan_mode",
			"execute @s[tag=!Florauna] ~ ~ ~ detect ~ ~-1 ~ minecraft:red_mushroom_block 10 playsound minecraft:custom.destruct master @a[r=5] ~ ~ ~",			
			"execute @s[tag=!Florauna] ~ ~ ~ detect ~ ~ ~3 minecraft:brown_mushroom_block 10 superpower @s[tag=!Florauna] ben_ten:scan_mode",
			"execute @s[tag=!Florauna] ~ ~ ~ detect ~ ~ ~3 minecraft:brown_mushroom_block 10 playsound minecraft:custom.destruct master @a[r=5] ~ ~ ~",		
			"execute @s[tag=!Florauna] ~ ~ ~ detect ~ ~ ~3 minecraft:red_mushroom_block 10 superpower @s[tag=!Florauna] ben_ten:scan_mode",
			"execute @s[tag=!Florauna] ~ ~ ~ detect ~ ~ ~3 minecraft:red_mushroom_block 10 playsound minecraft:custom.destruct master @a[r=5] ~ ~ ~",			
			"execute @s[tag=!Florauna] ~ ~ ~ detect ~ ~ ~-3 minecraft:brown_mushroom_block 10 superpower @s[tag=!Florauna] ben_ten:scan_mode",
			"execute @s[tag=!Florauna] ~ ~ ~ detect ~ ~ ~-3 minecraft:brown_mushroom_block 10 playsound minecraft:custom.destruct master @a[r=5] ~ ~ ~",			
			"execute @s[tag=!Florauna] ~ ~ ~ detect ~ ~ ~-3 minecraft:red_mushroom_block 10 superpower @s[tag=!Florauna] ben_ten:scan_mode",
			"execute @s[tag=!Florauna] ~ ~ ~ detect ~ ~ ~-3 minecraft:red_mushroom_block 10 playsound minecraft:custom.destruct master @a[r=5] ~ ~ ~"]
		},
		"playlist_1": {	
	        "ability": "lucraftcore:command",            
			"show_in_bar": true,	
            "title": {"text":"Playlist 1"},
			"icon": { "type": "texture", "texture": "ben_ten:textures/gui/completedomnitrix/ov_trix_1.png" },
            "bar_color": "green",				
			"commands": ["superpower @s ben_ten:completedomnitrix_1", 
			"playsound minecraft:custom.ov_playlist master @a ~ ~ ~",
			"scoreboard players tag @s[tag=os] remove os","scoreboard players tag @s[tag=af] remove af","scoreboard players tag @s[tag=ua] remove ua"]
		},
		"playlist_2": {	
	        "ability": "lucraftcore:command",            
			"show_in_bar": true,	
            "title": {"text":"Playlist 2"},
			"icon": { "type": "texture", "texture": "ben_ten:textures/gui/completedomnitrix/ov_trix_2.png" },
            "bar_color": "green",				
			"commands": ["superpower @s ben_ten:completedomnitrix_2", 
			"playsound minecraft:custom.ov_playlist master @a ~ ~ ~",
			"scoreboard players tag @s[tag=os] remove os","scoreboard players tag @s[tag=af] remove af","scoreboard players tag @s[tag=ua] remove ua"]
		},
		"playlist_3": {	
	        "ability": "lucraftcore:command",
			"required_level": 10,
			"show_in_bar": true,	
            "title": {"text":"Playlist 3"},
			"icon": { "type": "texture", "texture": "ben_ten:textures/gui/completedomnitrix/ov_trix_3.png" },
            "bar_color": "green",				
			"commands": ["superpower @s ben_ten:completedomnitrix_3", 
			"playsound minecraft:custom.ov_playlist master @a ~ ~ ~",
			"scoreboard players tag @s[tag=os] remove os","scoreboard players tag @s[tag=af] remove af","scoreboard players tag @s[tag=ua] remove ua"]
		},
		"playlist_4": {	
	        "ability": "lucraftcore:command",            
			"show_in_bar": true,	
            "title": {"text":"Playlist 4"},
			"icon": { "type": "texture", "texture": "ben_ten:textures/gui/completedomnitrix/ov_trix_4.png" },
            "bar_color": "green",
			"conditions": [{
                        "type": "lucraftcore:or",
                            "conditions": [
                            {"type": "lucraftcore:scoreboard_tag","tag": "Golem"},
                            {"type": "lucraftcore:scoreboard_tag","tag": "Enderman"},
                            {"type": "lucraftcore:scoreboard_tag","tag": "Creeper"}]
                   }],				
			"commands": ["superpower @s ben_ten:completedomnitrix_4", 
			"playsound minecraft:custom.ov_playlist master @a ~ ~ ~",
			"scoreboard players tag @s[tag=os] remove os","scoreboard players tag @s[tag=af] remove af","scoreboard players tag @s[tag=ua] remove ua"]
		},	
		"randomiser_ov": {
			"ability": "lucraftcore:command_loop",
			"show_in_bar": false,
			"title": {"text": "Randomiser"},
			"icon": {"type": "texture", 
			         "texture": "ben_ten:textures/gui/completedomnitrix/ov_trix_random.png"},
			"commands": ["scoreboard players add @s Random 1","scoreboard players set @s[score_Random_min=52] Random 1"]
        },
		"randomise": {	
	        "ability": "lucraftcore:command",            
			"show_in_bar": true,	
            "title": {"text":"Randomiser"},
			"icon": {"type": "texture", "texture": "ben_ten:textures/gui/completedomnitrix/ov_trix_random.png"},
            "bar_color": "green",
			"conditions": [{"type": "lucraftcore:scoreboard_tag","tag": "Sneaking"}],				
			"commands": ["playsound minecraft:custom.ov_randomise master @a ~ ~ ~",
				"playsound minecraft:custom.ov_transform master @a ~ ~ ~",
			    "superpower @s ben_ten:completed_r ",
			    "scoreboard players tag @s[tag=os] remove os",
			    "scoreboard players tag @s[tag=af] remove af",
			    "scoreboard players tag @s[tag=ua] remove ua"]
		},
		"sub_menu": {	
	        "ability": "lucraftcore:command",            
			"show_in_bar": true,	
            "title": {"text":"Sub-Menu"},
			"icon": { "type": "texture", "texture": "ben_ten:textures/gui/completedomnitrix/ov_trix_master.png" },
            "bar_color": "green",				
			"commands": ["superpower @s ben_ten:completedomnitrix_sub",			
			"title @s actionbar [{\"text\":\"<\",\"color\":\"black\"},{\"text\":\"Code\",\"color\":\"green\"},{\"text\":\">\",\"color\":\"black\"},{\"text\":\"<\",\"color\":\"black\"},{\"score\":{\"name\":\"@s\",\"objective\":\"Code\"},\"color\":\"green\"},{\"text\":\">\",\"color\":\"black\"}]",
			"playsound minecraft:custom.ov_playlist master @a ~ ~ ~",
			"scoreboard players tag @s[tag=os] remove os","scoreboard players tag @s[tag=af] remove af","scoreboard players tag @s[tag=ua] remove ua"]
		}
	}
}