{
	"name" : {
		"text": "The Omnitrix"
	},

	"icon": {
		"type": "texture",
		"texture": "ben_ten:textures/gui/completedomnitrix/ov_trix_master.png"
	},
	
	"creative_tab": "ben10",
	
	"max_level": 40,
	
	"capsule_color" : 65280,
	
	"effects": [
        {
            "type": "skin_overlay",
            "texture": "ben_ten:textures/overlays/omnitrix/omnitrix.png",
            "size": 0,
            "glow": false,
            "conditions": [
            	{
            		"type": "always"
				}
			]
	    }		
    ],

	"abilities": {
		"timeout_sneak": {
			"ability": "lucraftcore:command_loop",
			"show_in_bar": false,
			"title": {"text": "Recharge Mode"},
			"icon": { "type": "texture", "texture": "ben_ten:textures/gui/completedomnitrix/ov_trix_timeout.png"},
			"commands": ["sizechange @s 1 lucraftcore:default", 
			"execute @s[score_Timer=5999,score_Timer_min=0] ~ ~ ~ /scoreboard players add @s Timer 1",
			"scoreboard players tag @s[score_Sneak=1,score_Sneak_min=1] add Sneaking",
            "scoreboard players tag @s[score_Sneak=0,score_Sneak_min=0] remove Sneaking",
			"scoreboard players set @s[score_Sneak_min=1] Sneak 0"]
        },
		"title": {
			"ability": "lucraftcore:command_loop",
			"required_level": 20,
			"show_in_bar": false,
			"title": {"text": "Code Display"},
			"icon": {"type": "texture",
				"texture": "ben_ten:textures/gui/completedomnitrix/ov_trix_core.png"},
			"commands": ["scoreboard players add @s Title 1",
			"execute @s[score_Title_min=5] ~ ~ ~ /scoreboard players set @s Title 1",
			"execute @s[score_Title=4,score_Title_min=3] ~ ~ ~ /title @s actionbar [{\"text\":\"<\",\"color\":\"black\"},{\"text\":\"Code\",\"color\":\"green\"},{\"text\":\">\",\"color\":\"black\"},{\"text\":\"<\",\"color\":\"black\"},{\"score\":{\"name\":\"@s\",\"objective\":\"Code1\"},\"color\":\"green\"},{\"text\":\"-\",\"color\":\"black\"},{\"score\":{\"name\":\"@s\",\"objective\":\"Code2\"},\"color\":\"green\"},{\"text\":\"-\",\"color\":\"black\"},{\"score\":{\"name\":\"@s\",\"objective\":\"Code3\"},\"color\":\"green\"},{\"text\":\"-\",\"color\":\"black\"},{\"score\":{\"name\":\"@s\",\"objective\":\"Code4\"},\"color\":\"green\"},{\"text\":\">\",\"color\":\"black\"}]"]
		},
		"dna_repair": {
			"ability": "lucraftcore:command",
			"show_in_bar": true,
			"title": {"text": "DNA Repair"},
			"icon": { "type": "texture", "texture": "ben_ten:textures/gui/completedomnitrix/ov_trix_repair.png" },
			"bar_color": "green",
			"commands": ["scoreboard players remove @s[score_Timer_min=1200,tag=!Master] Timer 1200", 
			             "execute @s[score_Timer=1199,score_Timer_min=1,tag=!Master] ~ ~ ~ /tellraw @s {\"text\":\"Insufficient power, recharge required\",\"color\":\"red\"}",
						 "execute @e[type=zombie_villager,r=5] ~ ~ ~ summon villager ~ ~ ~",
                         "execute @e[type=zombie_villager,r=5] ~ ~ ~ /tp @s ~ -1 ~",
                         "execute @e[type=villager] ~ ~ ~  /particle totem ~ ~1.8 ~ 0.4 0.1 0.4 0 500 force",
                         "playsound entity.zombie_villager.cure master @a ~ ~ ~ 10 1"]
        },
		"full_turn": {
			"ability": "lucraftcore:command",
			"required_level": 20,
			"cooldown": 10,
			"show_in_bar": true,
			"title": {"text": "Full Turn"},
			"icon": {"type": "texture",
				"texture": "ben_ten:textures/gui/completedomnitrix/ov_full_turn.png"},
			"bar_color": "green",
			"commands": ["scoreboard players add @s[tag=!Sneaking] Code1 1", 
			"scoreboard players remove @s[tag=Sneaking] Code1 1",			 
			"scoreboard players set @s[score_Code1=-1,score_Code1_min=-1000,tag=Sneaking] Code1 9",
			"scoreboard players set @s[score_Code1=10,score_Code1_min=10] Code1 0",
			"playsound minecraft:custom.fiddle master @a ~ ~ ~"]
		},
		"half_turn": {
			"ability": "lucraftcore:command",
			"required_level": 20,
			"cooldown": 10,
			"show_in_bar": true,
			"title": {"text": "Half Turn"},
			"icon": {"type": "texture",
				"texture": "ben_ten:textures/gui/completedomnitrix/ov_half_turn.png"},
			"bar_color": "green",
			"commands": ["scoreboard players add @s[tag=!Sneaking] Code2 1", 
			"scoreboard players remove @s[tag=Sneaking] Code2 1",			 
			"scoreboard players set @s[score_Code2=-1,score_Code2_min=-1000,tag=Sneaking] Code2 9", 
			"scoreboard players set @s[score_Code2=10,score_Code2_min=10] Code2 0", 
			"playsound minecraft:custom.fiddle master @a ~ ~ ~"]
		},
		"quarter_turn": {
			"ability": "lucraftcore:command",
			"required_level": 20,
			"cooldown": 10,
			"show_in_bar": true,
			"title": {"text": "Quarter Turn"},
			"icon": {"type": "texture",
				"texture": "ben_ten:textures/gui/completedomnitrix/ov_quarter_turn.png"},
			"bar_color": "green",
			"commands": ["scoreboard players add @s[tag=!Sneaking] Code3 1", 
			"scoreboard players remove @s[tag=Sneaking] Code3 1",			 
			"scoreboard players set @s[score_Code3=-1,score_Code3_min=-1000,tag=Sneaking] Code3 9", 
			"scoreboard players set @s[score_Code3=10,score_Code3_min=10] Code3 0", 
			"playsound minecraft:custom.fiddle master @a ~ ~ ~"]
		},
		"eighth_turn": {
			"ability": "lucraftcore:command",
			"required_level": 20,
			"cooldown": 10,
			"show_in_bar": true,
			"title": {"text": "Eigth Turn"},
			"icon": {"type": "texture",
				"texture": "ben_ten:textures/gui/completedomnitrix/ov_eighth_turn.png"},
			"bar_color": "green",
			"commands": ["scoreboard players add @s[tag=!Sneaking] Code4 1", 
			"scoreboard players remove @s[tag=Sneaking] Code4 1",			 
			"scoreboard players set @s[score_Code4=-1,score_Code4_min=-1000,tag=Sneaking] Code4 9", 
			"scoreboard players set @s[score_Code4=10,score_Code4_min=10] Code4 0", 
			"playsound minecraft:custom.fiddle master @a ~ ~ ~"]
		},
		"enter_code": {
			"ability": "lucraftcore:command",
			"required_level": 20,
			"cooldown": 60,
			"show_in_bar": true,
			"title": {"text": "Enter Code"},
			"icon": {"type": "texture",
				"texture": "ben_ten:textures/gui/completedomnitrix/ov_core.png"},
			"bar_color": "green",
			"commands": ["execute @s[score_Code1=6,score_Code1_min=6,score_Code2=0,score_Code2_min=0,score_Code3=4,score_Code3_min=4,score_Code4=3,score_Code4_min=2] ~ ~ ~ /playsound minecraft:custom.destruct master @a ~ ~ ~",
			"execute @s[score_Code1=6,score_Code1_min=6,score_Code2=0,score_Code2_min=0,score_Code3=4,score_Code3_min=4,score_Code4=2,score_Code4_min=2,tag=!Master] ~ ~ ~ /scoreboard players tag @s add Master",			
			"execute @s[score_Code1=6,score_Code1_min=6,score_Code2=0,score_Code2_min=0,score_Code3=4,score_Code3_min=4,score_Code4=3,score_Code4_min=3,tag=Master] ~ ~ ~ /scoreboard players tag @s remove Master", 
			"execute @s[score_Code1=6,score_Code1_min=6,score_Code2=0,score_Code2_min=0,score_Code3=4,score_Code3_min=4,score_Code4=3,score_Code4_min=2] ~ ~ ~ /superpower @s ben_ten:completedomnitrix",			
			"execute @s[score_Code1=0,score_Code1_min=0,score_Code2=4,score_Code2_min=4,score_Code3=1,score_Code3_min=1,score_Code4=7,score_Code4_min=7] ~ ~ ~ /scoreboard objectives add Destruct dummy",
			"execute @s[score_Code1=0,score_Code1_min=0,score_Code2=4,score_Code2_min=4,score_Code3=1,score_Code3_min=1,score_Code4=7,score_Code4_min=7] ~ ~ ~ /scoreboard players set @s Destruct 0",
			"execute @s[score_Code1=0,score_Code1_min=0,score_Code2=4,score_Code2_min=4,score_Code3=1,score_Code3_min=1,score_Code4=7,score_Code4_min=7] ~ ~ ~ /playsound minecraft:custom.destruct master @a ~ ~ ~",
			"execute @s[score_Code1=0,score_Code1_min=0,score_Code2=4,score_Code2_min=4,score_Code3=1,score_Code3_min=1,score_Code4=7,score_Code4_min=7] ~ ~ ~ /superpower @s ben_ten:completedomnitrix_destruct",
			"execute @s[score_Code1=0,score_Code1_min=0,score_Code2=2,score_Code2_min=2,score_Code3=2,score_Code3_min=2,score_Code4=1,score_Code4_min=1,tag=Conductoid] ~ ~ ~ /tellraw @s {\"text\":\"DNA already unlocked\"}",
			"execute @s[score_Code1=0,score_Code1_min=0,score_Code2=2,score_Code2_min=2,score_Code3=2,score_Code3_min=2,score_Code4=1,score_Code4_min=1,tag=!Conductoid] ~ ~ ~ /tellraw @s {\"text\":\"Conductoid DNA now available\"}",
			"execute @s[score_Code1=0,score_Code1_min=0,score_Code2=2,score_Code2_min=2,score_Code3=2,score_Code3_min=2,score_Code4=1,score_Code4_min=1,tag=!Conductoid] ~ ~ ~ /playsound minecraft:custom.destruct master @a ~ ~ ~",			
			"execute @s[score_Code1=0,score_Code1_min=0,score_Code2=2,score_Code2_min=2,score_Code3=2,score_Code3_min=2,score_Code4=1,score_Code4_min=1,tag=!Conductoid] ~ ~ ~ /scoreboard players tag @s add Conductoid",			
			"execute @s[score_Code1=3,score_Code1_min=3,score_Code2=1,score_Code2_min=1,score_Code3=5,score_Code3_min=5,score_Code4=8,score_Code4_min=8] ~ ~ ~ /scoreboard players tag @s add Luchador",
			"execute @s[score_Code1=3,score_Code1_min=3,score_Code2=1,score_Code2_min=1,score_Code3=5,score_Code3_min=5,score_Code4=9,score_Code4_min=9] ~ ~ ~ /scoreboard players tag @s remove Luchador",			
			"execute @s[score_Code1=3,score_Code1_min=3,score_Code2=1,score_Code2_min=1,score_Code3=5,score_Code3_min=5,score_Code4=9,score_Code4_min=8] ~ ~ ~ /playsound minecraft:custom.destruct master @a ~ ~ ~",
			"execute @s[score_Code1=3,score_Code1_min=3,score_Code2=0,score_Code2_min=0,score_Code3=4,score_Code3_min=4,score_Code4=7,score_Code4_min=7,tag=Gourmand] ~ ~ ~ /tellraw @s {\"text\":\"DNA already unlocked\"}",
			"execute @s[score_Code1=3,score_Code1_min=3,score_Code2=0,score_Code2_min=0,score_Code3=4,score_Code3_min=4,score_Code4=7,score_Code4_min=7,tag=!Gourmand] ~ ~ ~ /tellraw @s {\"text\":\"Gourmand DNA now available\"}",			
			"execute @s[score_Code1=3,score_Code1_min=3,score_Code2=0,score_Code2_min=0,score_Code3=4,score_Code3_min=4,score_Code4=7,score_Code4_min=7,tag=!Gourmand] ~ ~ ~ /playsound minecraft:custom.destruct master @a ~ ~ ~",			
			"execute @s[score_Code1=3,score_Code1_min=3,score_Code2=0,score_Code2_min=0,score_Code3=4,score_Code3_min=4,score_Code4=7,score_Code4_min=7,tag=!Gourmand] ~ ~ ~ /scoreboard players tag @s add Gourmand",			
			"execute @s[score_Code1=3,score_Code1_min=3,score_Code2=5,score_Code2_min=5,score_Code3=8,score_Code3_min=8,score_Code4=1,score_Code4_min=0] ~ ~ ~ /playsound minecraft:custom.destruct master @a ~ ~ ~", 
			"execute @s[score_Code1=3,score_Code1_min=3,score_Code2=5,score_Code2_min=5,score_Code3=8,score_Code3_min=8,score_Code4=0,score_Code4_min=0,tag=!Failsafe] ~ ~ ~ /tellraw @s {\"text\":\"Omnitrix Failsafe Enabled\"}", 
			"execute @s[score_Code1=3,score_Code1_min=3,score_Code2=5,score_Code2_min=5,score_Code3=8,score_Code3_min=8,score_Code4=0,score_Code4_min=0,tag=Failsafe] ~ ~ ~ /tellraw @s {\"text\":\"Failsafe already enabled\"}", 
			"execute @s[score_Code1=3,score_Code1_min=3,score_Code2=5,score_Code2_min=5,score_Code3=8,score_Code3_min=8,score_Code4=0,score_Code4_min=0,tag=!Failsafe] ~ ~ ~ /scoreboard players tag @s add Failsafe", 
			"execute @s[score_Code1=3,score_Code1_min=3,score_Code2=5,score_Code2_min=5,score_Code3=8,score_Code3_min=8,score_Code4=1,score_Code4_min=1,tag=Failsafe] ~ ~ ~ /tellraw @s {\"text\":\"Omnitrix Failsafe Disabled\"}", 
			"execute @s[score_Code1=3,score_Code1_min=3,score_Code2=5,score_Code2_min=5,score_Code3=8,score_Code3_min=8,score_Code4=0,score_Code4_min=1,tag=!Failsafe] ~ ~ ~ /tellraw @s {\"text\":\"Failsafe already disabled\"}",
			"execute @s[score_Code1=3,score_Code1_min=3,score_Code2=5,score_Code2_min=5,score_Code3=8,score_Code3_min=8,score_Code4=1,score_Code4_min=1,tag=Failsafe] ~ ~ ~ /scoreboard players tag @s remove Failsafe",			
			"execute @s[score_Code1=9,score_Code1_min=9,score_Code2=7,score_Code2_min=7,score_Code3=3,score_Code3_min=3,score_Code4=6,score_Code4_min=6,score_Timer=5999,score_Timer_min=0,tag=!Master] ~ ~ ~ /tellraw @s {\"text\":\"Omnitrix power supply drained. Recharge required\"}",
			"execute @s[score_Code1=9,score_Code1_min=9,score_Code2=7,score_Code2_min=7,score_Code3=3,score_Code3_min=3,score_Code4=6,score_Code4_min=6,score_Timer_min=6000,tag=!Master] ~ ~ ~ /tellraw @s {\"text\":\"Omnitrix Command Code: 000 - Release Coupling - 0\"}",
            "execute @s[score_Code1=9,score_Code1_min=9,score_Code2=7,score_Code2_min=7,score_Code3=3,score_Code3_min=3,score_Code4=6,score_Code4_min=6,score_Timer_min=6000,tag=!Master] ~ ~ ~ /scoreboard players tag @s remove Master",
            "execute @s[score_Code1=9,score_Code1_min=9,score_Code2=7,score_Code2_min=7,score_Code3=3,score_Code3_min=3,score_Code4=6,score_Code4_min=6,score_Timer_min=6000,tag=!Master] ~ ~ ~ /give @s ben_ten:the_omnitrix_chest",
            "execute @s[score_Code1=9,score_Code1_min=9,score_Code2=7,score_Code2_min=7,score_Code3=3,score_Code3_min=3,score_Code4=6,score_Code4_min=6,score_Timer_min=6000,tag=!Master] ~ ~ ~ /scoreboard players tag @s remove Luchador",
            "execute @s[score_Code1=9,score_Code1_min=9,score_Code2=7,score_Code2_min=7,score_Code3=3,score_Code3_min=3,score_Code4=6,score_Code4_min=6,score_Timer_min=6000,tag=!Master] ~ ~ ~ /scoreboard players tag @s[tag=X] remove X",
            "execute @s[score_Code1=9,score_Code1_min=9,score_Code2=7,score_Code2_min=7,score_Code3=3,score_Code3_min=3,score_Code4=6,score_Code4_min=6,score_Timer_min=6000,tag=!Master] ~ ~ ~ /superpower @s remove",
			"execute @s[score_Code1=9,score_Code1_min=9,score_Code2=7,score_Code2_min=7,score_Code3=3,score_Code3_min=3,score_Code4=6,score_Code4_min=6,tag=Master] ~ ~ ~ /tellraw @s {\"text\":\"Omnitrix Command Code: 000 - Release Coupling - 0\"}",
            "execute @s[score_Code1=9,score_Code1_min=9,score_Code2=7,score_Code2_min=7,score_Code3=3,score_Code3_min=3,score_Code4=6,score_Code4_min=6,tag=Master] ~ ~ ~ /give @s ben_ten:the_omnitrix_chest",
            "execute @s[score_Code1=9,score_Code1_min=9,score_Code2=7,score_Code2_min=7,score_Code3=3,score_Code3_min=3,score_Code4=6,score_Code4_min=6,tag=Master] ~ ~ ~ /scoreboard players tag @s remove Luchador",
            "execute @s[score_Code1=9,score_Code1_min=9,score_Code2=7,score_Code2_min=7,score_Code3=3,score_Code3_min=3,score_Code4=6,score_Code4_min=6,tag=Master] ~ ~ ~ /scoreboard players tag @s[tag=X] remove X",
            "execute @s[score_Code1=9,score_Code1_min=9,score_Code2=7,score_Code2_min=7,score_Code3=3,score_Code3_min=3,score_Code4=6,score_Code4_min=6,tag=Master] ~ ~ ~ /superpower @s remove",
            "execute @s[score_Code1=9,score_Code1_min=9,score_Code2=7,score_Code2_min=7,score_Code3=3,score_Code3_min=3,score_Code4=6,score_Code4_min=6,tag=Master] ~ ~ ~ /scoreboard players tag @s remove Master",			
			"scoreboard players set @s Code1 0", 
			"scoreboard players set @s Code2 0", 
			"scoreboard players set @s Code3 0", 
			"scoreboard players set @s Code4 0"]
		},
		"failsafe": {
			"ability": "lucraftcore:command_loop",
			"show_in_bar": false,
			"title": {"text": "Omnitrix Failsafe"},
			"icon": {"type": "texture",
				"texture": "ben_ten:textures/gui/completedomnitrix/ov_core.png"},
			"commands": ["execute @s[score_Failsafe=12000,score_Failsafe_min=12000] ~ ~ ~ /scoreboard players tag @s remove Explode",
			"execute @s[score_Failsafe=11999,score_Failsafe_min=0] ~ ~ ~ /scoreboard players add @s Failsafe 1",
			"execute @s[score_Health=6,score_Health_min=1,tag=Failsafe,tag=!Explode] ~ ~ ~ /playsound minecraft:custom.failsafe master @a ~ ~ ~",
			"effect @s[score_Health=6,score_Health_min=1,tag=Failsafe,tag=!Explode] minecraft:resistance 3 255 true",
			"execute @s[score_Health=6,score_Health_min=1,tag=Failsafe,tag=!Explode] ~ ~ ~ /superpower @s ben_ten:omnitrix_failsafe"]
		},
		"menu": {	
	        "ability": "lucraftcore:command",            
			"show_in_bar": true,	
            "title": {"text":"Main Menu"},
			"icon": { "type": "texture", "texture": "ben_ten:textures/gui/completedomnitrix/ov_trix_master.png" },
            "bar_color": "green",				
			"commands": ["superpower @s ben_ten:completedomnitrix",
			"title @s clear",
			"playsound minecraft:custom.ov_playlist master @a ~ ~ ~",
			"title @s clear"]
		}
	}
}
