{
	"name" : {
		"text": "Completed Omnitrix"
	},

	"icon": {
		"type": "texture",
		"texture": "ben_ten:textures/gui/completedomnitrix/ov_trix_random.png"
	},
	
	"creative_tab": "ben10",	
    "effects": [
        {"type": "skin_change","texture": "ben_ten:textures/models/ben/transform.png"},
        {"type": "glowing_hand","color": [0, 1, 0.16],"size": 6},
		{"type": "skin_overlay","texture": "ben_ten:textures/overlays/glow/failsafe_glow.png","size": 0.11,"glow": true,"conditions": [{"type": "always"}]}
    ],
	
	"abilities": {
	    "gain_reset_ov": {
            "ability": "lucraftcore:command_on_gain",
            "show_in_bar": false,
            "title": {"translate":"Background Commands"},
            "icon": { "type": "internal" },
            "commands": ["scoreboard players set @s Transform 0"]
        },
		"lose_reset_ov": {
            "ability": "lucraftcore:command_on_gain",
            "show_in_bar": false,
            "title": {"translate":"Background Commands"},
            "icon": { "type": "internal" },
            "commands": ["scoreboard players set @s Transform 0"]
        },
		"ov_random": {
			"ability": "lucraftcore:command_loop",
			"show_in_bar": false,
			"title": {"text": "Random"},
			"icon": { "type": "texture", 
			          "texture": "ben_ten:textures/gui/completedomnitrix/ov_trix_random.png"},
			"commands": ["scoreboard players add @s Transform 1",
			"execute @s[score_Transform=25,score_Transform_min=25,score_Random=1,score_Random_min=1] ~ ~ ~ /superpower @s ben_ten:pyronite",
			"execute @s[score_Transform=25,score_Transform_min=25,score_Random=2,score_Random_min=2] ~ ~ ~ /superpower @s ben_ten:petrosapien",
			"execute @s[score_Transform=25,score_Transform_min=25,score_Random=3,score_Random_min=3] ~ ~ ~ /superpower @s ben_ten:kineceleran",
			"execute @s[score_Transform=25,score_Transform_min=25,score_Random=4,score_Random_min=4] ~ ~ ~ /superpower @s ben_ten:lepidopterran",
			"execute @s[score_Transform=25,score_Transform_min=25,score_Random=5,score_Random_min=5] ~ ~ ~ /superpower @s ben_ten:galvan",
			"execute @s[score_Transform=25,score_Transform_min=25,score_Random=6,score_Random_min=6] ~ ~ ~ /superpower @s ben_ten:vulpimancer",
			"execute @s[score_Transform=25,score_Transform_min=25,score_Random=7,score_Random_min=7] ~ ~ ~ /superpower @s ben_ten:piscciss_volan",
			"execute @s[score_Random=8,score_Random_min=8] ~ ~ ~ /sizechange @s 2 lucraftcore:default",
			"execute @s[score_Transform=25,score_Transform_min=25,score_Random=8,score_Random_min=8] ~ ~ ~ /superpower @s ben_ten:tetramand",
			"execute @s[score_Transform=25,score_Transform_min=25,score_Random=9,score_Random_min=9] ~ ~ ~ /superpower @s ben_ten:ectonurite_true",
			"execute @s[score_Transform=25,score_Transform_min=25,score_Random=10,score_Random_min=10] ~ ~ ~ /superpower @s ben_ten:ov_galvanic_mechamorph",			
			"execute @s[score_Transform=25,score_Transform_min=25,score_Random=11,score_Random_min=11] ~ ~ ~ /superpower @s ben_ten:arburian_pelarota",			
			"execute @s[score_Transform=25,score_Transform_min=25,score_Random=12,score_Random_min=12,tag=Loboan] ~ ~ ~ /superpower @s ben_ten:loboan",
			"execute @s[score_Transform=25,score_Transform_min=25,score_Random=12,score_Random_min=12,tag=!Loboan] ~ ~ ~ /superpower @s ben_ten:ectonurite_true",			
			"execute @s[score_Transform=25,score_Transform_min=25,score_Random=13,score_Random_min=13,tag=Khufan] ~ ~ ~ /superpower @s ben_ten:thep_khufan",
			"execute @s[score_Transform=25,score_Transform_min=25,score_Random=13,score_Random_min=13,tag=!Khufan] ~ ~ ~ /superpower @s ben_ten:galvanic_mechamorph ",
			"execute @s[score_Random=13,score_Random_min=13,tag=Transylian] ~ ~ ~ /sizechange @s 1.5 lucraftcore:default",
			"execute @s[score_Transform=25,score_Transform_min=25,score_Random=14,score_Random_min=14,tag=Transylian] ~ ~ ~ /superpower @s ben_ten:transylian",
			"execute @s[score_Transform=25,score_Transform_min=25,score_Random=14,score_Random_min=14,tag=!Transylian] ~ ~ ~ /superpower @s ben_ten:kineceleran",
			"execute @s[score_Random=15,score_Random_min=15,tag=Gourmand] ~ ~ ~ /sizechange @s 0.7 lucraftcore:default",
			"execute @s[score_Transform=25,score_Transform_min=25,score_Random=15,score_Random_min=15,tag=Gourmand] ~ ~ ~ /superpower @s ben_ten:perk_gourmand",
			"execute @s[score_Transform=25,score_Transform_min=25,score_Random=15,score_Random_min=15,tag=!Gourmand] ~ ~ ~ /superpower @s ben_ten:vulpimancer",			
			"execute @s[score_Transform=25,score_Transform_min=25,score_Random=16,score_Random_min=16,tag=Florauna] ~ ~ ~ /superpower @s ben_ten:florauna",
			"execute @s[score_Random=16,score_Random_min=16,tag=!Florauna] ~ ~ ~ /sizechange @s 2 lucraftcore:default",
			"execute @s[score_Transform=25,score_Transform_min=25,score_Random=16,score_Random_min=16,tag=!Florauna] ~ ~ ~ /superpower @s ben_ten:tetramand",
			"execute @s[score_Random=17,score_Random_min=17] ~ ~ ~ /sizechange @s 0.8 lucraftcore:default",
			"execute @s[score_Transform=25,score_Transform_min=25,score_Random=17,score_Random_min=17] ~ ~ ~ /superpower @s ben_ten:splixson",			
			"execute @s[score_Transform=25,score_Transform_min=25,score_Random=18,score_Random_min=18] ~ ~ ~ /superpower @s ben_ten:opticoid",
			"execute @s[score_Random=19,score_Random_min=19] ~ ~ ~ /sizechange @s 12 lucraftcore:default",		
			"execute @s[score_Transform=25,score_Transform_min=25,score_Random=19,score_Random_min=19] ~ ~ ~ /superpower @s ben_ten:tokustar",			
			"execute @s[score_Transform=25,score_Transform_min=25,score_Random=20,score_Random_min=20] ~ ~ ~ /superpower @s ben_ten:sphoeroid",
			"execute @s[score_Random=21,score_Random_min=21] ~ ~ ~ /sizechange @s 0.4 lucraftcore:default",			
			"execute @s[score_Transform=25,score_Transform_min=25,score_Random=21,score_Random_min=21] ~ ~ ~ /superpower @s ben_ten:nosedeenian",		
			"execute @s[score_Transform=25,score_Transform_min=25,score_Random=22,score_Random_min=22] ~ ~ ~ /superpower @s ben_ten:polar_manzardill",
			"execute @s[score_Random=23,score_Random_min=23,tag=!Conductoid] ~ ~ ~ /sizechange @s 0.3 lucraftcore:default",		
			"execute @s[score_Transform=25,score_Transform_min=25,score_Random=23,score_Random_min=23,tag=!Conductoid] ~ ~ ~ /superpower @s ben_ten:galvan",
			"execute @s[score_Transform=25,score_Transform_min=25,score_Random=23,score_Random_min=23,tag=Conductoid] ~ ~ ~ /superpower @s ben_ten:conductoid",			
			"execute @s[score_Transform=25,score_Transform_min=25,score_Random=24,score_Random_min=24] ~ ~ ~ /superpower @s ben_ten:kineceleran",
			"execute @s[score_Random=25,score_Random_min=25] ~ ~ ~ /sizechange @s 0.3 lucraftcore:default",
			"execute @s[score_Transform=25,score_Transform_min=25,score_Random=25,score_Random_min=25] ~ ~ ~ /superpower @s ben_ten:galvan",			
			"execute @s[score_Transform=25,score_Transform_min=25,score_Random=26,score_Random_min=26] ~ ~ ~ /superpower @s ben_ten:necrofriggian",
			"execute @s[score_Transform=25,score_Transform_min=25,score_Random=27,score_Random_min=27] ~ ~ ~ /superpower @s ben_ten:crystalsapien",
			"execute @s[score_Transform=25,score_Transform_min=25,score_Random=28,score_Random_min=28] ~ ~ ~ /superpower @s ben_ten:methanosian",
			"execute @s[score_Random=29,score_Random_min=29] ~ ~ ~ /sizechange @s 0.7 lucraftcore:default",
			"execute @s[score_Transform=25,score_Transform_min=25,score_Random=29,score_Random_min=29] ~ ~ ~ /superpower @s ben_ten:sonorosian",
			"execute @s[score_Random=30,score_Random_min=30] ~ ~ ~ /sizechange @s 3 lucraftcore:default",
			"execute @s[score_Transform=25,score_Transform_min=25,score_Random=30,score_Random_min=30] ~ ~ ~ /superpower @s ben_ten:vaxasaurian",
			"execute @s[score_Transform=25,score_Transform_min=25,score_Random=31,score_Random_min=31] ~ ~ ~ /superpower @s ben_ten:aerophibian",
			"execute @s[score_Transform=25,score_Transform_min=25,score_Random=32,score_Random_min=32] ~ ~ ~ /superpower @s ben_ten:cerebrocrustacean",
			"execute @s[score_Transform=25,score_Transform_min=25,score_Random=33,score_Random_min=33] ~ ~ ~ /superpower @s ben_ten:arachnichimp",
			"execute @s[score_Transform=25,score_Transform_min=25,score_Random=34,score_Random_min=34] ~ ~ ~ /superpower @s ben_ten:polymorph",				
			"execute @s[score_Transform=25,score_Transform_min=25,score_Random=35,score_Random_min=35] ~ ~ ~ /superpower @s ben_ten:ov_celestialsapien_new",			
			"execute @s[score_Transform=25,score_Transform_min=25,score_Random=36,score_Random_min=36,tag=10] ~ ~ ~ /superpower @s ben_ten:gimlinopithecus",
			"execute @s[score_Transform=25,score_Transform_min=25,score_Random=36,score_Random_min=36,tag=!10] ~ ~ ~ /superpower @s ben_ten:thep_khufan",
			"execute @s[score_Random=37,score_Random_min=37,tag=14] ~ ~ ~ /sizechange @s 3 lucraftcore:default",
			"execute @s[score_Transform=25,score_Transform_min=25,score_Random=37,score_Random_min=37,tag=14] ~ ~ ~ /superpower @s ben_ten:galilean",		
			"execute @s[score_Transform=25,score_Transform_min=25,score_Random=37,score_Random_min=37,tag=!14] ~ ~ ~ /superpower @s ben_ten:necrofriggian",
			"execute @s[score_Transform=25,score_Transform_min=25,score_Random=38,score_Random_min=38,tag=14] ~ ~ ~ /superpower @s ben_ten:orthopterran",
			"execute @s[score_Random=38,score_Random_min=38,tag=!14] ~ ~ ~ /sizechange @s 0.3 lucraftcore:default",
			"execute @s[score_Transform=25,score_Transform_min=25,score_Random=38,score_Random_min=38,tag=!14] ~ ~ ~ /superpower @s ben_ten:galvan",
			"execute @s[score_Random=39,score_Random_min=39,tag=14] ~ ~ ~ /sizechange @s 0.4 lucraftcore:default",
			"execute @s[score_Transform=25,score_Transform_min=25,score_Random=39,score_Random_min=39,tag=14] ~ ~ ~ /superpower @s ben_ten:ickthyperambuloid",
			"execute @s[score_Transform=25,score_Transform_min=25,score_Random=39,score_Random_min=39,tag=!14] ~ ~ ~ /superpower @s ben_ten:pyronite",
			"execute @s[score_Random=40,score_Random_min=40,tag=22] ~ ~ ~ /sizechange @s 0.3 lucraftcore:default",
			"execute @s[score_Transform=25,score_Transform_min=25,score_Random=40,score_Random_min=40,tag=22] ~ ~ ~ /superpower @s ben_ten:nemuina",
			"execute @s[score_Transform=25,score_Transform_min=25,score_Random=40,score_Random_min=40,tag=!22] ~ ~ ~ /superpower @s ben_ten:polar_manzardill",
			"execute @s[score_Random=41,score_Random_min=41,tag=22] ~ ~ ~ /sizechange @s 0.6 lucraftcore:default",
			"execute @s[score_Transform=25,score_Transform_min=25,score_Random=41,score_Random_min=41,tag=22] ~ ~ ~ /superpower @s ben_ten:talpi_folliculus",
			"execute @s[score_Random=41,score_Random_min=41,tag=!22] ~ ~ ~ /sizechange @s 0.8 lucraftcore:default",
			"execute @s[score_Transform=25,score_Transform_min=25,score_Random=41,score_Random_min=41,tag=!22] ~ ~ ~ /superpower @s ben_ten:splixson",
			"execute @s[score_Random=42,score_Random_min=42,tag=22] ~ ~ ~ /sizechange @s 0.5 lucraftcore:default",
			"execute @s[score_Transform=25,score_Transform_min=25,score_Random=42,score_Random_min=42,tag=22] ~ ~ ~ /superpower @s ben_ten:atrocian",
			"execute @s[score_Random=42,score_Random_min=42,tag=!22] ~ ~ ~ /sizechange @s 2 lucraftcore:default",
			"execute @s[score_Transform=25,score_Transform_min=25,score_Random=42,score_Random_min=42,tag=!22] ~ ~ ~ /superpower @s ben_ten:tetramand",
			"execute @s[score_Random=43,score_Random_min=43,tag=28] ~ ~ ~ /sizechange @s 1.4 lucraftcore:default",
			"execute @s[score_Transform=25,score_Transform_min=25,score_Random=43,score_Random_min=43,tag=28] ~ ~ ~ /superpower @s ben_ten:gallushi",
			"execute @s[score_Random=43,score_Random_min=43,tag=!28] ~ ~ ~ /sizechange @s 0.4 lucraftcore:default",
			"execute @s[score_Transform=25,score_Transform_min=25,score_Random=43,score_Random_min=43,tag=!28] ~ ~ ~ /superpower @s ben_ten:ickthyperambuloid",
			"execute @s[score_Random=44,score_Random_min=44,tag=28] ~ ~ ~ /sizechange @s 1.4 lucraftcore:default",
			"execute @s[score_Transform=25,score_Transform_min=25,score_Random=44,score_Random_min=44,tag=28] ~ ~ ~ /superpower @s ben_ten:terratinal_ogre",
			"execute @s[score_Transform=25,score_Transform_min=25,score_Random=44,score_Random_min=44,tag=!28] ~ ~ ~ /superpower @s ben_ten:gimlinopithecus",
			"execute @s[score_Transform=25,score_Transform_min=25,score_Random=45,score_Random_min=45,tag=28] ~ ~ ~ /superpower @s ben_ten:pturbosaurian",
			"execute @s[score_Transform=25,score_Transform_min=25,score_Random=45,score_Random_min=45,tag=!28] ~ ~ ~ /superpower @s ben_ten:opticoid",
			"execute @s[score_Transform=25,score_Transform_min=25,score_Random=46,score_Random_min=46,tag=35] ~ ~ ~ /superpower @s ben_ten:incursean",
			"execute @s[score_Random=46,score_Random_min=46,tag=!35] ~ ~ ~ /sizechange @s 0.7 lucraftcore:default",
			"execute @s[score_Transform=25,score_Transform_min=25,score_Random=46,score_Random_min=46,tag=!35] ~ ~ ~ /superpower @s ben_ten:sonorosian",
			"execute @s[score_Random=47,score_Random_min=47,tag=35] ~ ~ ~ /sizechange @s 1.6 lucraftcore:default",
			"execute @s[score_Transform=25,score_Transform_min=25,score_Random=47,score_Random_min=47,tag=35] ~ ~ ~ /superpower @s ben_ten:prypiatosian_a",
			"execute @s[score_Transform=25,score_Transform_min=25,score_Random=47,score_Random_min=47,tag=!35] ~ ~ ~ /superpower @s ben_ten:cerebrocrustacean",
			"execute @s[score_Random=48,score_Random_min=48,tag=35] ~ ~ ~ /sizechange @s 1.4 lucraftcore:default",
			"execute @s[score_Transform=25,score_Transform_min=25,score_Random=48,score_Random_min=48,tag=35] ~ ~ ~ /superpower @s ben_ten:effluvosynthian",
			"execute @s[score_Transform=25,score_Transform_min=25,score_Random=48,score_Random_min=48,tag=!35] ~ ~ ~ /superpower @s ben_ten:lepidopterran",
			"execute @s[score_Transform=25,score_Transform_min=25,score_Random=49,score_Random_min=49,tag=Vladat] ~ ~ ~ /superpower @s ben_ten:vladat",
			"execute @s[score_Transform=25,score_Transform_min=25,score_Random=49,score_Random_min=49,tag=!Vladat] ~ ~ ~ /superpower @s ben_ten:nosedeenian",
			"execute @s[score_Transform=25,score_Transform_min=25,score_Random=50,score_Random_min=50,tag=Creeper] ~ ~ ~ /superpower @s ben_ten:explosasapien",
			"execute @s[score_Transform=25,score_Transform_min=25,score_Random=50,score_Random_min=50,tag=!Creeper] ~ ~ ~ /superpower @s ben_ten:vulpimancer",
			"execute @s[score_Random=51,score_Random_min=51,tag=Golem] ~ ~ ~ /sizechange @s 1.4 lucraftcore:default",
			"execute @s[score_Transform=25,score_Transform_min=25,score_Random=51,score_Random_min=51,tag=Golem] ~ ~ ~ /superpower @s ben_ten:durasapien",
			"execute @s[score_Transform=25,score_Transform_min=25,score_Random=51,score_Random_min=51,tag=!Golem] ~ ~ ~ /superpower @s ben_ten:kineceleran",
			"execute @s[score_Random=52,score_Random_min=52,tag=Enderman] ~ ~ ~ /sizechange @s 1.6 lucraftcore:default",
			"execute @s[score_Transform=25,score_Transform_min=25,score_Random=52,score_Random_min=52,tag=Enderman] ~ ~ ~ /superpower @s ben_ten:telesapien",
			"execute @s[score_Random=52,score_Random_min=52,tag=!Enderman] ~ ~ ~ /sizechange @s 1.3 lucraftcore:default",
			"execute @s[score_Transform=25,score_Transform_min=25,score_Random=52,score_Random_min=52,tag=!Enderman] ~ ~ ~ /superpower @s ben_ten:petrosapien"
			]
			
        }
	}
}