{
	"name" : {
		"text": "The Omnitrix"
	},

	"icon": {
		"type": "texture",
		"texture": "ben_ten:textures/gui/completedomnitrix/ov_trix_2.png"
	},
	
	"creative_tab": "ben10",
	
	"max_level": 40,
	
	"capsule_color" : 65280,
	
	"effects": [
        {
            "type": "skin_overlay",
            "texture": "ben_ten:textures/overlays/omnitrix/omnitrix_open.png",
            "size": 0,
            "glow": false,
            "conditions": [
            	{
            		"type": "always"
				}
			]
	    },
		{
            "type": "skin_overlay",
            "texture": "ben_ten:textures/overlays/glow/omnitrix/omnitrix_open_glow.png",
            "size": 0,
            "glow": true,
            "conditions": [
            	{
            		"type": "always"
            	}
            ]
        },
        {
            "type": "skin_overlay",
            "texture": "ben_ten:textures/overlays/omnitrix/omnitrix_playlists.png",
            "size": 1,
            "glow": true,
            "conditions": [
            	{
            		"type": "always"
        		}
        	]
        }		
    ],

	"abilities": {	
		"functions": {
		    "hidden": true,
			"ability": "lucraftcore:command_loop",
			"show_in_bar": false,
			"title": {"text": "Functions"},
			"icon": { "type": "texture", "texture": "ben_ten:textures/gui/completedomnitrix/ov_trix_timeout.png" },
			"bar_color": "light_gray",
			"commands": ["playsound minecraft:custom.ov_wait master @a ~ ~ ~", 
			"sizechange @s 1 lucraftcore:default"]
        },
		"necrofriggian": {	
	        "ability": "lucraftcore:command",		
            "show_in_bar": true,	
            "title": {"text":"Necrofriggian"},
			"icon": { "type": "texture", "texture": "ben_ten:textures/gui/completedomnitrix/necrofriggian.png" },
            "bar_color": "green",				
			"commands": ["execute @s[score_Health_min=20] ~ ~ ~ /effect @s minecraft:instant_health 1 18",
			"scoreboard players tag @s add Necrofriggian",
			"superpower @s ben_ten:transform_af",
			"playsound minecraft:custom.ov_transform master @a ~ ~ ~"] 
		},
		"crystalsapien": {
			"ability": "lucraftcore:command",		
            "show_in_bar": true,	
            "title": {"text":"Crystalsapien"},
			"icon": { "type": "texture", "texture": "ben_ten:textures/gui/completedomnitrix/crystalsapien.png" },
            "bar_color": "green",				
			"commands": ["execute @s[score_Health_min=20] ~ ~ ~ /effect @s minecraft:instant_health 1 18",
			"scoreboard players tag @s add Crystalsapien",
			"solarenergy add 150 @s",
			"superpower @s ben_ten:transform_af",
			"playsound minecraft:custom.ov_transform master @a ~ ~ ~"]
		},
        "methanosian": {	
	        "ability": "lucraftcore:command",		
            "show_in_bar": true,	
            "title": {"text":"Methanosian"},
			"icon": { "type": "texture", "texture": "ben_ten:textures/gui/completedomnitrix/methanosian.png" },
            "bar_color": "green",				
			"commands": ["execute @s[score_Health_min=20] ~ ~ ~ /effect @s minecraft:instant_health 1 18",
			"scoreboard players tag @s add Methanosian",
			"superpower @s ben_ten:transform_af",
			"playsound minecraft:custom.ov_transform master @a ~ ~ ~"] 
		},
		"sonorosian": {	
	        "ability": "lucraftcore:command",		
            "show_in_bar": true,	
            "title": {"text":"Sonorosian"},
			"icon": { "type": "texture", "texture": "ben_ten:textures/gui/completedomnitrix/sonorosian.png" },
            "bar_color": "green",				
			"commands": ["execute @s[score_Health_min=20] ~ ~ ~ /effect @s minecraft:instant_health 1 18",
			"scoreboard players tag @s add Sonorosian",
			"superpower @s ben_ten:transform_af",
			"playsound minecraft:custom.ov_transform master @a ~ ~ ~"] 
		},
		"vaxasaurian": {
			"ability": "lucraftcore:command",
			"show_in_bar": true,
			"title": {"text":"Vaxasaurian"},
			"icon": { "type": "texture", "texture": "ben_ten:textures/gui/completedomnitrix/vaxasaurian.png" },
			"bar_color": "green",
			"commands": ["execute @s[score_Health_min=20] ~ ~ ~ /effect @s minecraft:instant_health 1 18",
			"scoreboard players tag @s add Vaxasaurian",
			"superpower @s ben_ten:transform_af",
			"playsound minecraft:custom.ov_transform master @a ~ ~ ~", 
			"sizechange @s 3 lucraftcore:default"] 
		},
		"aerophibian": {	
	        "ability": "lucraftcore:command",		
            "show_in_bar": true,	
            "title": {"text":"Aerophibian"},
			"icon": { "type": "texture", "texture": "ben_ten:textures/gui/completedomnitrix/aerophibian.png" },
            "bar_color": "green",				
			"commands": ["execute @s[score_Health_min=20] ~ ~ ~ /effect @s minecraft:instant_health 1 18",
			"scoreboard players tag @s add Aerophibian",
			"superpower @s ben_ten:transform_af",
			"playsound minecraft:custom.ov_transform master @a ~ ~ ~"] 
		},
		"cerebrocrustacean": {	
	        "ability": "lucraftcore:command",		
            "show_in_bar": true,	
            "title": {"text":"Cerebrocrustacean"},
			"icon": { "type": "texture", "texture": "ben_ten:textures/gui/completedomnitrix/cerebrocrustacean.png" },
            "bar_color": "green",				
			"commands": ["execute @s[score_Health_min=20] ~ ~ ~ /effect @s minecraft:instant_health 1 18",
			"scoreboard players tag @s add Cerebrocrustacean",
			"superpower @s ben_ten:transform_af",
			"playsound minecraft:custom.ov_transform master @a ~ ~ ~"] 
		},
		"arachnichimp": {
			"ability": "lucraftcore:command",
			"show_in_bar": true,
			"title": {"text":"Arachnichimp"},
			"icon": { "type": "texture", "texture": "ben_ten:textures/gui/completedomnitrix/arachnichimp.png" },
			"bar_color": "green",
			"commands": ["execute @s[score_Health_min=20] ~ ~ ~ /effect @s minecraft:instant_health 1 18",
			"scoreboard players tag @s add Arachnichimp",
			"superpower @s ben_ten:transform_af",
			"playsound minecraft:custom.ov_transform master @a ~ ~ ~"] 
		},
		"polymorph": {	
	        "ability": "lucraftcore:command",		
            "show_in_bar": true,	
            "title": {"text":"Polymorph"},
			"icon": { "type": "texture", "texture": "ben_ten:textures/gui/completedomnitrix/polymorph.png" },
            "bar_color": "green",				
			"commands": ["execute @s[score_Health_min=20] ~ ~ ~ /effect @s minecraft:instant_health 1 18",
			"scoreboard players tag @s add Polymorph",
			"superpower @s ben_ten:transform_af",
			"playsound minecraft:custom.ov_transform master @a ~ ~ ~"] 
		},
		"celestialsapien": {	
	        "ability": "lucraftcore:command",            		
			"show_in_bar": true,	
            "title": {"text":"Celestialsapien"},
			"icon": { "type": "texture", "texture": "ben_ten:textures/gui/completedomnitrix/celestialsapien.png" },
            "bar_color": "green",				
			"commands": ["scoreboard objectives add Choice dummy",
			"scoreboard players add @s Choice 0", 
			"scoreboard objectives add Ask dummy",
			"scoreboard players add @s Ask 0",
			"execute @s[score_Health_min=20] ~ ~ ~ /effect @s minecraft:instant_health 1 18",
			"scoreboard players tag @s add OV_Celestialsapien",
			"superpower @s ben_ten:transform_ov",
			"playsound minecraft:custom.ov_transform master @a ~ ~ ~"] 
		},
		"biosovortian": {	
	        "ability": "lucraftcore:command",
            "show_in_bar": true,	
            "title": {"text":"Biosovortian"},
			"icon": { "type": "texture", "texture": "ben_ten:textures/gui/completedomnitrix/biosovortian.png" },
            "bar_color": "green",				
			"commands": ["execute @s[score_Health_min=20] ~ ~ ~ /effect @s minecraft:instant_health 1 18",
			"scoreboard players tag @s add Biosovortian",
			"superpower @s ben_ten:transform_af",
			"playsound minecraft:custom.ov_transform master @a ~ ~ ~"]
		},
		"appoplexian": {	
	        "ability": "lucraftcore:command",		
            "show_in_bar": true,	
            "title": {"text":"Appoplexian"},
			"icon": { "type": "texture", "texture": "ben_ten:textures/gui/completedomnitrix/appoplexian.png" },
            "bar_color": "green",				
			"commands": ["execute @s[score_Health_min=20] ~ ~ ~ /effect @s minecraft:instant_health 1 18",
			"scoreboard players tag @s add Appoplexian",
			"superpower @s ben_ten:transform_af",
			"playsound minecraft:custom.ov_transform master @a ~ ~ ~"] 
		},
		"amperi": {
		    "ability": "lucraftcore:command",
            "show_in_bar": true,
            "title": {"text":"Amperi"},
			"icon": { "type": "texture", "texture": "ben_ten:textures/gui/completedomnitrix/amperi.png" },
            "bar_color": "green",				
			"commands": ["execute @s[score_Health_min=20] ~ ~ ~ /effect @s minecraft:instant_health 1 18",
			"scoreboard players tag @s add Amperi",
			"superpower @s ben_ten:transform_ua",
			"playsound minecraft:custom.ov_transform master @a ~ ~ ~"]
		},
		"geochelone_aerio": {
		    "ability": "lucraftcore:command",
            "show_in_bar": true,	
            "title": {"text":"Geochelone Aerio"},
			"icon": { "type": "texture", "texture": "ben_ten:textures/gui/completedomnitrix/geochelone_aerio.png" },
            "bar_color": "green",				
			"commands": ["execute @s[score_Health_min=20] ~ ~ ~ /effect @s minecraft:instant_health 1 18",
			"scoreboard players tag @s add Geochelone_Aerio",
			"superpower @s ben_ten:transform_ua",
			"playsound minecraft:custom.ov_transform master @a ~ ~ ~"]
		},
		"talpaedan": {	
	        "ability": "lucraftcore:command",
            "show_in_bar": true,	
            "title": {"text":"Talpaedan"},
			"icon": { "type": "texture", "texture": "ben_ten:textures/gui/completedomnitrix/talpaedan.png" },
            "bar_color": "green",				
			"commands": ["execute @s[score_Health_min=20] ~ ~ ~ /effect @s minecraft:instant_health 1 18",
			"scoreboard players tag @s add Talpaedan",
			"superpower @s ben_ten:transform_ua",
			"playsound minecraft:custom.ov_transform master @a ~ ~ ~"]
		},
		"orishan": {	
	        "ability": "lucraftcore:command",
            "show_in_bar": true,	
            "title": {"text":"Orishan"},
			"icon": { "type": "texture", "texture": "ben_ten:textures/gui/completedomnitrix/orishan.png" },
            "bar_color": "green",				
			"commands": ["execute @s[score_Health_min=20] ~ ~ ~ /effect @s minecraft:instant_health 1 18",
			"scoreboard players tag @s add Orishan",
			"superpower @s ben_ten:transform_ua",
			"playsound minecraft:custom.ov_transform master @a ~ ~ ~"]
		},
		"prypiatosian_b": {	
	        "ability": "lucraftcore:command",
            "show_in_bar": true,	
            "title": {"text":"Prypiatosian B"},
			"icon": { "type": "texture", "texture": "ben_ten:textures/gui/completedomnitrix/prypiatosian_b.png" },
            "bar_color": "green",				
			"commands": ["execute @s[score_Health_min=20] ~ ~ ~ /effect @s minecraft:instant_health 1 18",
			"scoreboard players tag @s add Prypiatosian_B",
			"superpower @s ben_ten:transform_ua",
			"playsound minecraft:custom.ov_transform master @a ~ ~ ~"]
		},
		"citrakayah": {	
	        "ability": "lucraftcore:command",
            "show_in_bar": true,	
            "title": {"text":"Citrakayah"},
			"icon": { "type": "texture", "texture": "ben_ten:textures/gui/completedomnitrix/citrakayah.png" },
            "bar_color": "green",				
			"commands": ["execute @s[score_Health_min=20] ~ ~ ~ /effect @s minecraft:instant_health 1 18",
			"scoreboard players tag @s add Citrakayah",
			"superpower @s ben_ten:transform_ua",
			"playsound minecraft:custom.ov_transform master @a ~ ~ ~"]
		},
		"merlinisapien": {	
	        "ability": "lucraftcore:command",
            "show_in_bar": true,
            "required_level": 34,	
            "title": {"text":"Merlinisapien"},
			"icon": { "type": "texture", "texture": "ben_ten:textures/gui/completedomnitrix/merlinisapien.png" },
            "bar_color": "green",				
			"commands": ["execute @s[score_Health_min=20] ~ ~ ~ /effect @s minecraft:instant_health 1 18",
			"scoreboard players tag @s add Merlinisapien",
			"superpower @s ben_ten:transform_ua",
			"playsound minecraft:custom.ov_transform master @a ~ ~ ~"]
		},
		"planchakule": {	
	        "ability": "lucraftcore:command",
            "show_in_bar": true,
            "required_level": 36,	
            "title": {"text":"Planchakule"},
			"icon": { "type": "texture", "texture": "ben_ten:textures/gui/completedomnitrix/planchakule.png" },
            "bar_color": "green",				
			"commands": ["execute @s[score_Health_min=20] ~ ~ ~ /effect @s minecraft:instant_health 1 18",
			"scoreboard players tag @s add Planchakule",
			"superpower @s ben_ten:transform_ua",
			"playsound minecraft:custom.ov_transform master @a ~ ~ ~"]
		},
		"oryctini": {	
	        "ability": "lucraftcore:command",
            "show_in_bar": true,
            "required_level": 35,	
            "title": {"text":"Oryctini"},
			"icon": { "type": "texture", "texture": "ben_ten:textures/gui/completedomnitrix/oryctini.png" },
            "bar_color": "green",				
			"commands": ["execute @s[score_Health_min=20] ~ ~ ~ /effect @s minecraft:instant_health 1 18",
			"scoreboard players tag @s add Oryctini",
			"superpower @s ben_ten:transform_ua",
			"playsound minecraft:custom.ov_transform master @a ~ ~ ~"]
		},
		"chronosapien": {	
	        "ability": "lucraftcore:command",
            "show_in_bar": true,
            "required_level": 38,	
            "title": {"text":"Chronosapien"},
			"icon": { "type": "texture", "texture": "ben_ten:textures/gui/completedomnitrix/chronosapien.png" },
            "bar_color": "green",				
			"commands": ["execute @s[score_Health_min=20] ~ ~ ~ /effect @s minecraft:instant_health 1 18",
			"scoreboard players tag @s add Chronosapien",
			"superpower @s ben_ten:transform_ua",
			"playsound minecraft:custom.ov_transform master @a ~ ~ ~"]
		},
		"next_playlist_3": {	
	        "ability": "lucraftcore:command",
			"required_level": 10,
            "show_in_bar": true,	
            "title": {"text":"Next Playlist"},
			"icon": { "type": "texture", "texture": "ben_ten:textures/gui/completedomnitrix/ov_trix_3.png" },
            "bar_color": "green",				
			"commands": ["/superpower @s ben_ten:completedomnitrix_3", "playsound minecraft:custom.ov_playlist master @a ~ ~ ~"]
		},		
		"main_menu": {	
	        "ability": "lucraftcore:command",
            "show_in_bar": true,	
            "title": {"text":"Playlist Selection"},
			"icon": { "type": "texture", "texture": "ben_ten:textures/gui/completedomnitrix/ov_trix_master.png" },
            "bar_color": "green",				
			"commands": ["/superpower @s ben_ten:completedomnitrix", "playsound minecraft:custom.ov_playlist master @a ~ ~ ~"]
		},		
		"previous_playlist_1": {	
	        "ability": "lucraftcore:command",
            "show_in_bar": true,	
            "title": {"text":"Previous Playlist"},
			"icon": { "type": "texture", "texture": "ben_ten:textures/gui/completedomnitrix/ov_trix_1.png" },
            "bar_color": "green",				
			"commands": ["/superpower @s ben_ten:completedomnitrix_1", "playsound minecraft:custom.ov_playlist master @a ~ ~ ~"]
		},
		"failsafe": {
			"ability": "lucraftcore:command_loop",
			"show_in_bar": false,
			"title": {"text": "Omnitrix Failsafe"},
			"icon": {"type": "texture",
				"texture": "ben_ten:textures/gui/completedomnitrix/ov_core.png"},
			"commands": ["execute @s[score_Failsafe=12000,score_Failsafe_min=12000] ~ ~ ~ /scoreboard players tag @s remove Explode",
			"execute @s[score_Failsafe=11999,score_Failsafe_min=0] ~ ~ ~ /scoreboard players add @s Failsafe 1",
			"execute @s[score_Health=6,score_Health_min=1,tag=Failsafe,tag=!Explode] ~ ~ ~ /playsound minecraft:custom.failsafe master @a ~ ~ ~",
			"effect @s[score_Health=6,score_Health_min=1,tag=Failsafe,tag=!Explode] minecraft:resistance 3 255 true",
			"execute @s[score_Health=6,score_Health_min=1,tag=Failsafe,tag=!Explode] ~ ~ ~ /superpower @s ben_ten:omnitrix_failsafe"]
		}
	}
}
