{
	"name" : {
		"text": "The Omnitrix"
	},

	"icon": {
		"type": "texture",
		"texture": "ben_ten:textures/gui/completedomnitrix/ov_trix_4.png"
	},
	
	"creative_tab": "ben10",
	
	"max_level": 40,
	
	"capsule_color" : 65280,
	
	"effects": [
        {
            "type": "skin_overlay",
            "texture": "ben_ten:textures/overlays/omnitrix/omnitrix_open.png",
            "size": 0,
            "glow": false,
            "conditions": [
            	{
            		"type": "always"
				}
			]
	    },
		{
            "type": "skin_overlay",
            "texture": "ben_ten:textures/overlays/glow/omnitrix/omnitrix_open_glow.png",
            "size": 0,
            "glow": true,
            "conditions": [
            	{
            		"type": "always"
            	}
            ]
        },
        {
            "type": "skin_overlay",
            "texture": "ben_ten:textures/overlays/omnitrix/omnitrix_playlists.png",
            "size": 1,
            "glow": true,
            "conditions": [
            	{
            		"type": "always"
        		}
        	]
        }		
    ],

	"abilities": {	
		"functions": {
		    "hidden": true,
			"ability": "lucraftcore:command_loop",
			"show_in_bar": false,
			"title": {"text": "Recharge Mode"},
			"icon": { "type": "texture", "texture": "ben_ten:textures/gui/completedomnitrix/ov_trix_timeout.png" },
			"bar_color": "light_gray",
			"commands": ["playsound minecraft:custom.ov_wait master @a ~ ~ ~", 
			"sizechange @s 1 lucraftcore:default"]
        },	
		"main_menu": {	
	        "ability": "lucraftcore:command",
            "show_in_bar": true,	
            "title": {"text":"Playlist Selection"},
			"icon": { "type": "texture", "texture": "ben_ten:textures/gui/completedomnitrix/ov_trix_master.png"},
            "bar_color": "green",				
			"commands": ["/superpower @s ben_ten:completedomnitrix", "playsound minecraft:custom.ov_playlist master @a ~ ~ ~"]
		},
		"explosasapien": {	
	        "ability": "lucraftcore:command",
            "show_in_bar": true,	
            "title": {"text":"Explosasapien"},
			"icon": { "type": "texture", "texture": "ben_ten:textures/gui/completedomnitrix/explosasapien.png"},
            "bar_color": "green",
			"conditions": [{"type": "lucraftcore:scoreboard_tag",
			                "tag": "Creeper"}],				
			"commands": ["execute @s[score_Health_min=20] ~ ~ ~ /effect @s minecraft:instant_health 1 18",
			"scoreboard players tag @s add Explosasapien",
			"superpower @s ben_ten:transform_ov", 
			"scoreboard teams join Creep @s", 
			"scoreboard teams join Creep @e[type=creeper]", 
			"playsound minecraft:custom.ov_transform master @a ~ ~ ~"] 
		},
		"telesapien": {	
	        "ability": "lucraftcore:command",
            "show_in_bar": true,	
            "title": {"text":"Telesapien"},
			"icon": { "type": "texture", "texture": "ben_ten:textures/gui/completedomnitrix/telesapien.png"},
            "bar_color": "green",
			"conditions": [{"type": "lucraftcore:scoreboard_tag",
			                "tag": "Enderman"}],				
			"commands": ["execute @s[score_Health_min=20] ~ ~ ~ /effect @s minecraft:instant_health 1 18",
			"scoreboard players tag @s add Telesapien",
			"superpower @s ben_ten:transform_ov", 
			"scoreboard teams join Ender @s", 
			"scoreboard teams join Ender @e[type=enderman]", 
			"playsound minecraft:custom.ov_transform master @a ~ ~ ~"] 
		},
		"durasapien": {	
	        "ability": "lucraftcore:command",
            "show_in_bar": true,	
            "title": {"text":"Durasapien"},
			"icon": { "type": "texture", "texture": "ben_ten:textures/gui/completedomnitrix/durasapien.png"},
            "bar_color": "green",
			"conditions": [{"type": "lucraftcore:scoreboard_tag",
			                "tag": "Golem"}],				
			"commands": ["execute @s[score_Health_min=20] ~ ~ ~ /effect @s minecraft:instant_health 1 18",
			"scoreboard players tag @s add Durasapien",
			"superpower @s ben_ten:transform_ov", 
			"scoreboard teams join Iron @s", 
			"scoreboard teams join Iron @e[type=villager_golem]",	 
			"playsound minecraft:custom.ov_transform master @a ~ ~ ~"] 
		},	
		"next_playlist_1": {	
	        "ability": "lucraftcore:command",
            "show_in_bar": true,	
            "title": {"text":"Next Playlist"},
			"icon": { "type": "texture", "texture": "ben_ten:textures/gui/completedomnitrix/ov_trix_1.png"},
            "bar_color": "green",				
			"commands": ["/superpower @s ben_ten:completedomnitrix_1", "playsound minecraft:custom.ov_playlist master @a ~ ~ ~"]
		},		
		"main_menu_4": {	
	        "ability": "lucraftcore:command",
            "show_in_bar": true,	
            "title": {"text":"Playlist Selection"},
			"icon": { "type": "texture", "texture": "ben_ten:textures/gui/completedomnitrix/ov_trix_master.png"},
            "bar_color": "green",				
			"commands": ["/superpower @s ben_ten:completedomnitrix", "playsound minecraft:custom.ov_playlist master @a ~ ~ ~"]
		},		
		"previous_playlist_3": {	
	        "ability": "lucraftcore:command",
			"required_level": 10,
            "show_in_bar": true,	
            "title": {"text":"Previous Playlist"},
			"icon": { "type": "texture", "texture": "ben_ten:textures/gui/completedomnitrix/ov_trix_3.png"},
            "bar_color": "green",				
			"commands": ["/superpower @s ben_ten:completedomnitrix_3", "playsound minecraft:custom.ov_playlist master @a ~ ~ ~"]
		},
		"failsafe": {
			"ability": "lucraftcore:command_loop",
			"show_in_bar": false,
			"title": {"text": "Omnitrix Failsafe"},
			"icon": {"type": "texture",
				"texture": "ben_ten:textures/gui/completedomnitrix/ov_core.png"},
			"commands": ["execute @s[score_Failsafe=12000,score_Failsafe_min=12000] ~ ~ ~ /scoreboard players tag @s remove Explode",
			"execute @s[score_Failsafe=11999,score_Failsafe_min=0] ~ ~ ~ /scoreboard players add @s Failsafe 1",
			"execute @s[score_Health=6,score_Health_min=1,tag=Failsafe,tag=!Explode] ~ ~ ~ /playsound minecraft:custom.failsafe master @a ~ ~ ~",
			"effect @s[score_Health=6,score_Health_min=1,tag=Failsafe,tag=!Explode] minecraft:resistance 3 255 true",
			"execute @s[score_Health=6,score_Health_min=1,tag=Failsafe,tag=!Explode] ~ ~ ~ /superpower @s ben_ten:omnitrix_failsafe"]
		}
	}
}
