{
	"name" : {
		"text": "The Omnitrix"
	},

	"icon": {
		"type": "texture",
		"texture": "ben_ten:textures/gui/completedomnitrix/ov_trix_3.png"
	},
	
	"creative_tab": "ben10",
	
	"max_level": 40,
	
	"capsule_color" : 65280,
	
	"effects": [
        {
            "type": "skin_overlay",
            "texture": "ben_ten:textures/overlays/omnitrix/omnitrix_open.png",
            "size": 0,
            "glow": false,
            "conditions": [
            	{
            		"type": "always"
				}
			]
	    },
		{
            "type": "skin_overlay",
            "texture": "ben_ten:textures/overlays/glow/omnitrix/omnitrix_open_glow.png",
            "size": 0,
            "glow": true,
            "conditions": [
            	{
            		"type": "always"
            	}
            ]
        },
        {
            "type": "skin_overlay",
            "texture": "ben_ten:textures/overlays/omnitrix/omnitrix_playlists.png",
            "size": 1,
            "glow": true,
            "conditions": [
            	{
            		"type": "always"
        		}
        	]
        }		
    ],

	"abilities": {	
		"functions": {
		    "hidden": true,
			"ability": "lucraftcore:command_loop",
			"show_in_bar": false,
			"title": {"text": "Recharge Mode"},
			"icon": { "type": "texture", "texture": "ben_ten:textures/gui/completedomnitrix/ov_trix_timeout.png" },
			"bar_color": "light_gray",
			"commands": ["playsound minecraft:custom.ov_wait master @a ~ ~ ~", 
			"sizechange @s 1 lucraftcore:default"]
        },
		"conductoid": {
			"ability": "lucraftcore:command",
			"show_in_bar": true,
			"title": {"text": "Conductoid"},
			"icon": {"type": "texture",
				"texture": "ben_ten:textures/gui/completedomnitrix/conductoid.png"},
			"bar_color": "green",
			"conditions": [{"type": "lucraftcore:scoreboard_tag",
			                "tag": "Conductoid"}],
			"commands": ["execute @s[score_Health_min=20] ~ ~ ~ /effect @s minecraft:instant_health 1 18",
			"scoreboard players tag @s add ConductoidT",
			"superpower @s ben_ten:transform_os",
			"playsound minecraft:custom.ov_transform master @a ~ ~ ~"]
		},
		"gimlinopithecus": {	
	        "ability": "lucraftcore:command",
			"required_level": 10,            
            "show_in_bar": true,	
            "title": {"text":"Gimlinopithecus"},
			"icon": { "type": "texture", "texture": "ben_ten:textures/gui/completedomnitrix/gimlinopithecus.png" },
            "bar_color": "green",				
			"commands": ["execute @s[score_Health_min=20] ~ ~ ~ /effect @s minecraft:instant_health 1 18",
			"scoreboard players tag @s add Gimlinopithecus",
			"superpower @s ben_ten:transform_ov",
			"scoreboard objectives add Charge dummy", 
			"playsound minecraft:custom.ov_transform master @a ~ ~ ~"] 
		},
		"galilean": {	
	        "ability": "lucraftcore:command",
			"required_level": 14,                        
            "show_in_bar": true,	
            "title": {"text":"Galilean"},
			"icon": { "type": "texture", "texture": "ben_ten:textures/gui/completedomnitrix/galilean.png" },
            "bar_color": "green",				
			"commands": ["execute @s[score_Health_min=20] ~ ~ ~ /effect @s minecraft:instant_health 1 18",
			"scoreboard players tag @s add Galilean",
			"superpower @s ben_ten:transform_ov", 
			"playsound minecraft:custom.ov_transform master @a ~ ~ ~"] 
		},
		"orthopterran": {	
	        "ability": "lucraftcore:command",
			"required_level": 14, 
            "show_in_bar": true,	
            "title": {"text":"Orthopterran"},
			"icon": { "type": "texture", "texture": "ben_ten:textures/gui/completedomnitrix/orthopterran.png" },
            "bar_color": "green",				
			"commands": ["execute @s[score_Health_min=20] ~ ~ ~ /effect @s minecraft:instant_health 1 18",
			"scoreboard players tag @s add Orthopterran",
			"superpower @s ben_ten:transform_ov", 
			"playsound minecraft:custom.ov_transform master @a ~ ~ ~"] 
		},
		"ickthyperambuloid": {	
	        "ability": "lucraftcore:command",
			"required_level": 14,
            "show_in_bar": true,	
            "title": {"text":"Ickthyperambuloid"},
			"icon": { "type": "texture", "texture": "ben_ten:textures/gui/completedomnitrix/ickthyperambuloid.png" },
            "bar_color": "green",				
			"commands": ["execute @s[score_Health_min=20] ~ ~ ~ /effect @s minecraft:instant_health 1 18",
			"scoreboard players tag @s add Ickthyperambuloid",
			"scoreboard objectives add Breath dummy", 
			"scoreboard players set @s Breath 0", 
			"superpower @s ben_ten:transform_ov", 
			"playsound minecraft:custom.ov_transform master @a ~ ~ ~"] 
		},
		"nemuina": {	
	        "ability": "lucraftcore:command",
			"required_level": 22,            
            "show_in_bar": true,	
            "title": {"text":"Nemuina"},
			"icon": { "type": "texture", "texture": "ben_ten:textures/gui/completedomnitrix/nemuina.png" },
            "bar_color": "green",				
			"commands": ["execute @s[score_Health_min=20] ~ ~ ~ /effect @s minecraft:instant_health 1 18",
			"scoreboard players tag @s add Nemuina",
			"superpower @s ben_ten:transform_ov", 
			"playsound minecraft:custom.ov_transform master @a ~ ~ ~"] 
		},
		"talpi_folliculus": {	
	        "ability": "lucraftcore:command",
			"required_level": 22,
            "show_in_bar": true,	
            "title": {"text":"Talpi Folliculus"},
			"icon": { "type": "texture", "texture": "ben_ten:textures/gui/completedomnitrix/talpi_folliculus.png" },
            "bar_color": "green",				
			"commands": ["execute @s[score_Health_min=20] ~ ~ ~ /effect @s minecraft:instant_health 1 18",
			"scoreboard players tag @s add Talpi_Folliculus",
			"superpower @s ben_ten:transform_ov", 
			"playsound minecraft:custom.ov_transform master @a ~ ~ ~"] 
		},
		"atrocian": {	
	        "ability": "lucraftcore:command",
			"required_level": 22,
            "show_in_bar": true,	
            "title": {"text":"Atrocian"},
			"icon": { "type": "texture", "texture": "ben_ten:textures/gui/completedomnitrix/atrocian.png" },
            "bar_color": "green",				
			"commands": ["execute @s[score_Health_min=20] ~ ~ ~ /effect @s minecraft:instant_health 1 18",
			"scoreboard players tag @s add Atrocian",
			"superpower @s ben_ten:transform_ov", 
			"playsound minecraft:custom.ov_transform master @a ~ ~ ~"] 
		},
		"gallushi": {	
	        "ability": "lucraftcore:command",
			"required_level": 28,
            "show_in_bar": true,	
            "title": {"text":"Gallushi"},
			"icon": { "type": "texture", "texture": "ben_ten:textures/gui/completedomnitrix/gallushi.png" },
            "bar_color": "green",				
			"commands": ["execute @s[score_Health_min=20] ~ ~ ~ /effect @s minecraft:instant_health 1 18",
			"scoreboard players tag @s add Gallushi",
			"superpower @s ben_ten:transform_ov", 
			"playsound minecraft:custom.ov_transform master @a ~ ~ ~"] 
		},
		"terratinal_ogre": {	
	        "ability": "lucraftcore:command",
			"required_level": 28,
            "show_in_bar": true,	
            "title": {"text":"Terratinal Ogre"},
			"icon": { "type": "texture", "texture": "ben_ten:textures/gui/completedomnitrix/terratinal_ogre.png" },
            "bar_color": "green",				
			"commands": ["execute @s[score_Health_min=20] ~ ~ ~ /effect @s minecraft:instant_health 1 18",
			"scoreboard players tag @s add Terratinal_Ogre",
			"superpower @s ben_ten:transform_ov", 
			"playsound minecraft:custom.ov_transform master @a ~ ~ ~"] 
		},
		"pturbosaurian": {	
	        "ability": "lucraftcore:command",
			"required_level": 28,
            "show_in_bar": true,	
            "title": {"text":"Pturbosaurian"},
			"icon": { "type": "texture", "texture": "ben_ten:textures/gui/completedomnitrix/pturbosaurian.png" },
            "bar_color": "green",				
			"commands": ["execute @s[score_Health_min=20] ~ ~ ~ /effect @s minecraft:instant_health 1 18",
			"scoreboard players tag @s add Pturbosaurian",
			"superpower @s ben_ten:transform_ov", 
			"playsound minecraft:custom.ov_transform master @a ~ ~ ~"] 
		},
		"incursean": {	
	        "ability": "lucraftcore:command",
			"required_level": 35,
            "show_in_bar": true,	
            "title": {"text":"Incursean"},
			"icon": { "type": "texture", "texture": "ben_ten:textures/gui/completedomnitrix/incursean.png" },
            "bar_color": "green",				
			"commands": ["execute @s[score_Health_min=20] ~ ~ ~ /effect @s minecraft:instant_health 1 18",
			"scoreboard players tag @s add Incursean",
			"superpower @s ben_ten:transform_ov", 
			"playsound minecraft:custom.ov_transform master @a ~ ~ ~"] 
		},
		"prypiatosian_a": {	
	        "ability": "lucraftcore:command",
			"required_level": 35,
            "show_in_bar": true,	
            "title": {"text":"Prypiatosian-A"},
			"icon": { "type": "texture", "texture": "ben_ten:textures/gui/completedomnitrix/prypiatosian_a.png" },
            "bar_color": "green",				
			"commands": ["execute @s[score_Health_min=20] ~ ~ ~ /effect @s minecraft:instant_health 1 18",
			"scoreboard players tag @s add Prypiatosian_A",
			"superpower @s ben_ten:transform_ov", 
			"playsound minecraft:custom.ov_transform master @a ~ ~ ~"] 
		},
		"effluvosynthian": {	
	        "ability": "lucraftcore:command",
			"required_level": 35,
            "show_in_bar": true,	
            "title": {"text":"Effluvosynthian"},
			"icon": { "type": "texture", "texture": "ben_ten:textures/gui/completedomnitrix/effluvosynthian.png" },
            "bar_color": "green",				
			"commands": ["execute @s[score_Health_min=20] ~ ~ ~ /effect @s minecraft:instant_health 1 18",
			"scoreboard players tag @s add Effluvosynthian",
			"superpower @s ben_ten:transform_ov", 
			"playsound minecraft:custom.ov_transform master @a ~ ~ ~"] 
		},
		"vladat": {	
	        "ability": "lucraftcore:command",
            "show_in_bar": true,	
            "title": {"text":"Vladat"},
			"icon": { "type": "texture", "texture": "ben_ten:textures/gui/completedomnitrix/vladat.png" },
            "bar_color": "green",
			"conditions": [{"type": "lucraftcore:scoreboard_tag",
			                "tag": "Vladat"}],					
			"commands": ["execute @s[score_Health_min=20] ~ ~ ~ /effect @s minecraft:instant_health 1 18",
			"scoreboard players tag @s add VladatT",
			"superpower @s ben_ten:transform_ov", 
			"playsound minecraft:custom.ov_transform master @a ~ ~ ~"] 
		},		
		"next_playlist_4": {	
	        "ability": "lucraftcore:command",
            "show_in_bar": true,	
            "title": {"text":"Next Playlist"},
			"icon": { "type": "texture", "texture": "ben_ten:textures/gui/completedomnitrix/ov_trix_4.png" },
            "bar_color": "green",				
			"commands": ["/superpower @s ben_ten:completedomnitrix_4", "playsound minecraft:custom.ov_playlist master @a ~ ~ ~"]
		},		
		"main_menu": {	
	        "ability": "lucraftcore:command",
            "show_in_bar": true,	
            "title": {"text":"Playlist Selection"},
			"icon": { "type": "texture", "texture": "ben_ten:textures/gui/completedomnitrix/ov_trix_master.png" },
            "bar_color": "green",				
			"commands": ["/superpower @s ben_ten:completedomnitrix", "playsound minecraft:custom.ov_playlist master @a ~ ~ ~"]
		},		
		"previous_playlist_2": {	
	        "ability": "lucraftcore:command",
            "show_in_bar": true,	
            "title": {"text":"Previous Playlist"},
			"icon": { "type": "texture", "texture": "ben_ten:textures/gui/completedomnitrix/ov_trix_2.png" },
            "bar_color": "green",				
			"commands": ["/superpower @s ben_ten:completedomnitrix_2", "playsound minecraft:custom.ov_playlist master @a ~ ~ ~"]
		},
		"failsafe": {
			"ability": "lucraftcore:command_loop",
			"show_in_bar": false,
			"title": {"text": "Omnitrix Failsafe"},
			"icon": {"type": "texture",
				"texture": "ben_ten:textures/gui/completedomnitrix/ov_core.png"},
			"commands": ["execute @s[score_Failsafe=12000,score_Failsafe_min=12000] ~ ~ ~ /scoreboard players tag @s remove Explode",
			"execute @s[score_Failsafe=11999,score_Failsafe_min=0] ~ ~ ~ /scoreboard players add @s Failsafe 1",
			"execute @s[score_Health=6,score_Health_min=1,tag=Failsafe,tag=!Explode] ~ ~ ~ /playsound minecraft:custom.failsafe master @a ~ ~ ~",
			"effect @s[score_Health=6,score_Health_min=1,tag=Failsafe,tag=!Explode] minecraft:resistance 3 255 true",
			"execute @s[score_Health=6,score_Health_min=1,tag=Failsafe,tag=!Explode] ~ ~ ~ /superpower @s ben_ten:omnitrix_failsafe"]
		}
	}
}
