{
	"name" : {
		"text": "The Omnitrix"
	},

	"icon": {
		"type": "texture",
		"texture": "ben_ten:textures/gui/completedomnitrix/ov_trix_destruct.png"
	},
	
	"creative_tab": "ben10",
	
	"max_level": 40,
	
	"capsule_color" : 65280,
	
	"effects": [
        {
            "type": "skin_overlay",
            "texture": "ben_ten:textures/overlays/omnitrix/omnitrix_destruct.png",
            "size": 0,
            "glow": false,
            "conditions": [
            	{
            		"type": "always"
				}
			]
	    },
		{
            "type": "skin_overlay",
            "texture": "ben_ten:textures/overlays/glow/omnitrix/omnitrix_destruct_glow.png",
            "size": 0,
            "glow": true,
            "conditions": [
            	{
            		"type": "always"
            	}
            ]
        }		
    ],

	"abilities": {
		"destruct": {	
	        "ability": "lucraftcore:command_loop",		
			"cooldown": 0,
            "show_in_bar": false,	
            "title": {"text":"Self Destruct"},
			"icon": { "type": "texture", "texture": "ben_ten:textures/gui/completedomnitrix/ov_trix_destruct.png" },
            "bar_color": "green",				
			"commands": ["scoreboard players add @s Destruct 1",
			"execute @s[score_Destruct=600,score_Destruct_min=600] ~ ~ ~ /scoreboard players tag @s remove FoundWatch", 
			"execute @s[score_Destruct=600,score_Destruct_min=600] ~ ~ ~ /superpower @s remove", 
			"execute @s[score_Destruct=600,score_Destruct_min=600] ~ ~ ~ /summon minecraft:tnt", 
			"execute @s[score_Destruct=600,score_Destruct_min=600] ~ ~ ~ /effect @s minecraft:instant_damage 1 1",
			"execute @s[score_Destruct=600,score_Destruct_min=600] ~ ~ ~ /scoreboard objectives remove Destruct",
			"execute @s[score_Destruct=0,score_Destruct_min=0] ~ ~ ~ /title @s actionbar [{\"text\":\"<\",\"color\":\"black\"},{\"text\":\"Self-Destruct Charge\",\"color\":\"green\"},{\"text\":\">\",\"color\":\"black\"},{\"text\":\"<\",\"color\":\"black\"},{\"text\":\"⬜⬜⬜⬜⬜⬜⬜⬜⬜⬜\",\"color\":\"green\"},{\"text\":\">\",\"color\":\"black\"}]",
			"execute @s[score_Destruct=60,score_Destruct_min=1] ~ ~ ~ /title @s actionbar [{\"text\":\"<\",\"color\":\"black\"},{\"text\":\"Self-Destruct Charge\",\"color\":\"green\"},{\"text\":\">\",\"color\":\"black\"},{\"text\":\"<\",\"color\":\"black\"},{\"text\":\"⬛⬜⬜⬜⬜⬜⬜⬜⬜⬜\",\"color\":\"green\"},{\"text\":\">\",\"color\":\"black\"}]",
			"execute @s[score_Destruct=120,score_Destruct_min=61] ~ ~ ~ /title @s actionbar [{\"text\":\"<\",\"color\":\"black\"},{\"text\":\"Self-Destruct Charge\",\"color\":\"green\"},{\"text\":\">\",\"color\":\"black\"},{\"text\":\"<\",\"color\":\"black\"},{\"text\":\"⬛⬛⬜⬜⬜⬜⬜⬜⬜⬜\",\"color\":\"green\"},{\"text\":\">\",\"color\":\"black\"}]",
			"execute @s[score_Destruct=180,score_Destruct_min=121] ~ ~ ~ /title @s actionbar [{\"text\":\"<\",\"color\":\"black\"},{\"text\":\"Self-Destruct Charge\",\"color\":\"green\"},{\"text\":\">\",\"color\":\"black\"},{\"text\":\"<\",\"color\":\"black\"},{\"text\":\"⬛⬛⬛⬜⬜⬜⬜⬜⬜⬜\",\"color\":\"green\"},{\"text\":\">\",\"color\":\"black\"}]",
			"execute @s[score_Destruct=240,score_Destruct_min=181] ~ ~ ~ /title @s actionbar [{\"text\":\"<\",\"color\":\"black\"},{\"text\":\"Self-Destruct Charge\",\"color\":\"green\"},{\"text\":\">\",\"color\":\"black\"},{\"text\":\"<\",\"color\":\"black\"},{\"text\":\"⬛⬛⬛⬛⬜⬜⬜⬜⬜⬜\",\"color\":\"green\"},{\"text\":\">\",\"color\":\"black\"}]",
			"execute @s[score_Destruct=300,score_Destruct_min=241] ~ ~ ~ /title @s actionbar [{\"text\":\"<\",\"color\":\"black\"},{\"text\":\"Self-Destruct Charge\",\"color\":\"green\"},{\"text\":\">\",\"color\":\"black\"},{\"text\":\"<\",\"color\":\"black\"},{\"text\":\"⬛⬛⬛⬛⬛⬜⬜⬜⬜⬜\",\"color\":\"green\"},{\"text\":\">\",\"color\":\"black\"}]",
			"execute @s[score_Destruct=360,score_Destruct_min=301] ~ ~ ~ /title @s actionbar [{\"text\":\"<\",\"color\":\"black\"},{\"text\":\"Self-Destruct Charge\",\"color\":\"green\"},{\"text\":\">\",\"color\":\"black\"},{\"text\":\"<\",\"color\":\"black\"},{\"text\":\"⬛⬛⬛⬛⬛⬛⬜⬜⬜⬜\",\"color\":\"green\"},{\"text\":\">\",\"color\":\"black\"}]",
			"execute @s[score_Destruct=420,score_Destruct_min=361] ~ ~ ~ /title @s actionbar [{\"text\":\"<\",\"color\":\"black\"},{\"text\":\"Self-Destruct Charge\",\"color\":\"green\"},{\"text\":\">\",\"color\":\"black\"},{\"text\":\"<\",\"color\":\"black\"},{\"text\":\"⬛⬛⬛⬛⬛⬛⬛⬜⬜⬜\",\"color\":\"green\"},{\"text\":\">\",\"color\":\"black\"}]",
			"execute @s[score_Destruct=480,score_Destruct_min=421] ~ ~ ~ /title @s actionbar [{\"text\":\"<\",\"color\":\"black\"},{\"text\":\"Self-Destruct Charge\",\"color\":\"green\"},{\"text\":\">\",\"color\":\"black\"},{\"text\":\"<\",\"color\":\"black\"},{\"text\":\"⬛⬛⬛⬛⬛⬛⬛⬛⬜⬜\",\"color\":\"green\"},{\"text\":\">\",\"color\":\"black\"}]",
			"execute @s[score_Destruct=540,score_Destruct_min=481] ~ ~ ~ /title @s actionbar [{\"text\":\"<\",\"color\":\"black\"},{\"text\":\"Self-Destruct Charge\",\"color\":\"green\"},{{\"text\":\">\",\"color\":\"black\"},{\"text\":\"<\",\"color\":\"black\"},{\"text\":\"⬛⬛⬛⬛⬛⬛⬛⬛⬛⬜\",\"color\":\"green\"},{\"text\":\">\",\"color\":\"black\"}]",
			"execute @s[score_Destruct=600,score_Destruct_min=541] ~ ~ ~ /title @s actionbar [{\"text\":\"<\",\"color\":\"black\"},{\"text\":\"Self-Destruct Charge\",\"color\":\"green\"},{\"text\":\">\",\"color\":\"black\"},{\"text\":\"<\",\"color\":\"black\"},{\"text\":\"⬛⬛⬛⬛⬛⬛⬛⬛⬛⬛\",\"color\":\"green\"},{\"text\":\">\",\"color\":\"black\"}]"]
		},
		"cancel": {	
	        "ability": "lucraftcore:command",
            "show_in_bar": true,	
            "title": {"text":"Cancel Self Destruct"},
			"icon": { "type": "texture", "texture": "ben_ten:textures/gui/completedomnitrix/ov_trix_master.png" },
            "bar_color": "green",				
			"commands": ["scoreboard players set @s Destruct 0",
			"scoreboard objectives remove Destruct",
			"tellraw @s {\"text\":\"Omnitrix self destruct cancelled\"}",
			"superpower @s ben_ten:completedomnitrix"]
		}
	}
}
