{
	"name": {
		"text": "Conductoid"
	},

	"icon": {
		"type": "texture",
		"texture": "ben_ten:textures/gui/completedomnitrix/conductoid.png"
	},

	"creative_tab": "ben10",
	
	"max_level": 40,
	
	"capsule_color": 3080117,
	
    "effects": [
        {"type": "skin_change","texture": "ben_ten:textures/models/ben/conductoid.png","conditions": [{"type": "ability_enabled","ability": "lucraftcore:step_assist"}]},
		{"type": "skin_overlay","texture": "ben_ten:textures/overlays/glow/conductoid_glow.png","size": 0,"glow": true,"conditions": [{"type": "ability_enabled","ability": "lucraftcore:step_assist"}]},
		{"type": "skin_change","texture": "ben_ten:textures/models/ben/conductoid_os.png","conditions": [{"type": "ability_enabled","ability": "heroesexpansion:precision"}]},
		{"type": "skin_overlay","texture": "ben_ten:textures/models/ben/timeout/conductoid.png","size": 0,"glow": true,"conditions": [{"type": "ability_enabled","ability": "lucraftcore:healing"}]},
        {"type": "trail","trail_type": "lightnings","color": [0, 1, 0],"use_suit_trail": false,"conditions": [{"type": "ability_enabled","ability": "lucraftcore:flight"}]},
		{"type": "trail","trail_type": "electricity","color": [0, 1, 0],"use_suit_trail": false,"conditions": [{"type": "ability_enabled","ability": "lucraftcore:flight"}]},
		{"type": "flickering","color": [0, 1, 0],"use_suit_flicker": false,"conditions": [{"type": "ability_enabled","ability": "lucraftcore:flight"}]}
    ],
	
	"abilities": {
		"radiation_protection": {
            "ability": "the-fifth-world:potion_immunity",
            "title": {"text":"Radiation Protection"},
            "icon": {"type": "internal"},
            "potion": "lucraftcore:radiation"
        },
		"os": {
            "ability": "heroesexpansion:precision",
            "title": {"text":"OS"},
            "icon": {"type": "internal"},
			"conditions": [{
			    "type": "lucraftcore:scoreboard_tag",
				"tag": "os"}]
       },
		"ov_form": {
            "ability": "lucraftcore:step_assist",
            "title": {"text":"OV Skin"},
            "icon": {"type": "texture", "texture": "ben_ten:textures/gui/completedomnitrix/ov_trix_master.png"},
			"conditions": [{
			    "type": "lucraftcore:scoreboard_tag",
				"tag": "ov"}]
        },
		"os_timeout_c": {
            "ability": "lucraftcore:healing",
			"conditions": [{"type": "lucraftcore:scoreboard_tag","tag": "TO"}],
            "title": {"text":"Timeout Glow"},
            "icon": {"type": "texture","texture": "ben_ten:textures/gui/prototype/redomnitrix.png"},
            "frequency": 0,
            "amount": 0
        },
		"gain": {
            "ability": "lucraftcore:command_on_gain",
            "title": {"translate":"lucraftcore.abilities.command_on_gain.name"},
            "icon": {"type": "internal"},
            "commands": ["scoreboard objectives add Charge dummy","scoreboard players set @s Charge 40"]
        },
		"lose": {
            "ability": "lucraftcore:command_on_lose",
            "title": {"translate":"lucraftcore.abilities.command_on_lose.name"},
            "icon": {"type": "internal"},
            "commands": ["scoreboard objectives remove Charge dummy"]
        },
        "size": {
			"ability": "lucraftcore:command_loop",
			"title": {"text": "Big size"},
			"icon": {"type": "internal"},
			"bar_color": "green",
			"commands": ["sizechange @s 1.2 lucraftcore:default",			
			"execute @s[score_Charge=0,score_Charge_min=0] ~ ~ ~ /scoreboard players tag @s remove StoredPower",
			"execute @s[score_Charge=100,score_Charge_min=1] ~ ~ ~ /scoreboard players tag @s add StoredPower",
			"execute @s[score_Charge_min=101] ~ ~ ~ scoreboard players set @s Charge 100",  
			"execute @s[score_Charge=100,score_Charge_min=100] ~ ~ ~ /scoreboard players tag @s add OverCharge",
			"execute @s[score_Charge=99,score_Charge_min=0] ~ ~ ~ /scoreboard players tag @s remove OverCharge",						 
			"execute @s[tag=OverCharge] ~ ~ ~ /effect @e[rm=1,r=2] ebwizardry:paralysis 1 1 ",
			"execute @s[tag=OverCharge] ~ ~ ~ /effect @s ebwizardry:static_aura 1 1 ",						 
			"execute @s[score_Charge=0,score_Charge_min=0] ~ ~ ~ /title @s actionbar [{\"text\":\"<\",\"color\":\"black\"},{\"text\":\"Charge\",\"color\":\"green\"},{\"text\":\">\",\"color\":\"black\"},{\"text\":\"<\",\"color\":\"black\"},{\"text\":\"⬜⬜⬜⬜⬜⬜⬜⬜⬜⬜\",\"color\":\"green\"},{\"text\":\">\",\"color\":\"black\"}]",
			"execute @s[score_Charge=10,score_Charge_min=1] ~ ~ ~ /title @s actionbar [{\"text\":\"<\",\"color\":\"black\"},{\"text\":\"Charge\",\"color\":\"green\"},{\"text\":\">\",\"color\":\"black\"},{\"text\":\"<\",\"color\":\"black\"},{\"text\":\"⬛⬜⬜⬜⬜⬜⬜⬜⬜⬜\",\"color\":\"green\"},{\"text\":\">\",\"color\":\"black\"}]",
			"execute @s[score_Charge=20,score_Charge_min=11] ~ ~ ~ /title @s actionbar [{\"text\":\"<\",\"color\":\"black\"},{\"text\":\"Charge\",\"color\":\"green\"},{\"text\":\">\",\"color\":\"black\"},{\"text\":\"<\",\"color\":\"black\"},{\"text\":\"⬛⬛⬜⬜⬜⬜⬜⬜⬜⬜\",\"color\":\"green\"},{\"text\":\">\",\"color\":\"black\"}]",
			"execute @s[score_Charge=30,score_Charge_min=21] ~ ~ ~ /title @s actionbar [{\"text\":\"<\",\"color\":\"black\"},{\"text\":\"Charge\",\"color\":\"green\"},{\"text\":\">\",\"color\":\"black\"},{\"text\":\"<\",\"color\":\"black\"},{\"text\":\"⬛⬛⬛⬜⬜⬜⬜⬜⬜⬜\",\"color\":\"green\"},{\"text\":\">\",\"color\":\"black\"}]",
			"execute @s[score_Charge=40,score_Charge_min=31] ~ ~ ~ /title @s actionbar [{\"text\":\"<\",\"color\":\"black\"},{\"text\":\"Charge\",\"color\":\"green\"},{\"text\":\">\",\"color\":\"black\"},{\"text\":\"<\",\"color\":\"black\"},{\"text\":\"⬛⬛⬛⬛⬜⬜⬜⬜⬜⬜\",\"color\":\"green\"},{\"text\":\">\",\"color\":\"black\"}]",
			"execute @s[score_Charge=50,score_Charge_min=41] ~ ~ ~ /title @s actionbar [{\"text\":\"<\",\"color\":\"black\"},{\"text\":\"Charge\",\"color\":\"green\"},{\"text\":\">\",\"color\":\"black\"},{\"text\":\"<\",\"color\":\"black\"},{\"text\":\"⬛⬛⬛⬛⬛⬜⬜⬜⬜⬜\",\"color\":\"green\"},{\"text\":\">\",\"color\":\"black\"}]",
			"execute @s[score_Charge=60,score_Charge_min=51] ~ ~ ~ /title @s actionbar [{\"text\":\"<\",\"color\":\"black\"},{\"text\":\"Charge\",\"color\":\"green\"},{\"text\":\">\",\"color\":\"black\"},{\"text\":\"<\",\"color\":\"black\"},{\"text\":\"⬛⬛⬛⬛⬛⬛⬜⬜⬜⬜\",\"color\":\"green\"},{\"text\":\">\",\"color\":\"black\"}]",
			"execute @s[score_Charge=70,score_Charge_min=61] ~ ~ ~ /title @s actionbar [{\"text\":\"<\",\"color\":\"black\"},{\"text\":\"Charge\",\"color\":\"green\"},{\"text\":\">\",\"color\":\"black\"},{\"text\":\"<\",\"color\":\"black\"},{\"text\":\"⬛⬛⬛⬛⬛⬛⬛⬜⬜⬜\",\"color\":\"green\"},{\"text\":\">\",\"color\":\"black\"}]",
			"execute @s[score_Charge=80,score_Charge_min=71] ~ ~ ~ /title @s actionbar [{\"text\":\"<\",\"color\":\"black\"},{\"text\":\"Charge\",\"color\":\"green\"},{\"text\":\">\",\"color\":\"black\"},{\"text\":\"<\",\"color\":\"black\"},{\"text\":\"⬛⬛⬛⬛⬛⬛⬛⬛⬜⬜\",\"color\":\"green\"},{\"text\":\">\",\"color\":\"black\"}]",
			"execute @s[score_Charge=90,score_Charge_min=81] ~ ~ ~ /title @s actionbar [{\"text\":\"<\",\"color\":\"black\"},{\"text\":\"Charge\",\"color\":\"green\"},{\"text\":\">\",\"color\":\"black\"},{\"text\":\"<\",\"color\":\"black\"},{\"text\":\"⬛⬛⬛⬛⬛⬛⬛⬛⬛⬜\",\"color\":\"green\"},{\"text\":\">\",\"color\":\"black\"}]",
			"execute @s[score_Charge=99,score_Charge_min=91] ~ ~ ~ /title @s actionbar [{\"text\":\"<\",\"color\":\"black\"},{\"text\":\"Charge\",\"color\":\"green\"},{\"text\":\">\",\"color\":\"black\"},{\"text\":\"<\",\"color\":\"black\"},{\"text\":\"⬛⬛⬛⬛⬛⬛⬛⬛⬛⬛\",\"color\":\"green\"},{\"text\":\">\",\"color\":\"black\"}]",
			"execute @s[score_Charge=100,score_Charge_min=100] ~ ~ ~ /title @s actionbar [{\"text\":\"<\",\"color\":\"black\"},{\"text\":\"OverCharge\",\"color\":\"green\"},{\"text\":\">\",\"color\":\"black\"},{\"text\":\"<\",\"color\":\"black\"},{\"text\":\"⬛⬛⬛⬛⬛⬛⬛⬛⬛⬛\",\"color\":\"blue\"},{\"text\":\">\",\"color\":\"black\"}]",						
			"execute @s[score_Health=0,score_Health_min=0,tag=os] ~ ~ ~ /superpower @s ben_ten:prototypeomnitrix",
		    "execute @s[score_Health=0,score_Health_min=0,tag=ov] ~ ~ ~ /superpower @s ben_ten:completedomnitrix",
			"scoreboard players tag @s[score_Sneak=1,score_Sneak_min=1] add Sneaking",
            "scoreboard players tag @s[score_Sneak=0,score_Sneak_min=0] remove Sneaking",
			"scoreboard players set @s[score_Sneak_min=1] Sneak 0"]
		},
		"charge_up":{
            "ability": "lucraftcore:command_held",
            "show_in_bar": true,
			"bar_color": "green",
            "title": {"text":"Charge Up"},
			"conditions": [{ 
			                    "type": "lucraftcore:held_item",
                                "item": "minecraft:redstone",
                                "hand": "main_hand"}],				
            "icon": {"type": "texture", "texture": "ben_ten:textures/gui/abilities/contain.png"},
            "commands": ["execute @s[score_Charge=100,score_Charge_min=0] ~ ~ ~ scoreboard players add @s Charge 1",
			             "execute @s[score_Charge=100,score_Charge_min=0] ~ ~ ~ clear @s minecraft:redstone 0 1",
						 "particle reddust ~ ~ ~ 0.5 0.5 0.5 0 100",
			             "playsound minecraft:custom.charge master @a ~ ~ ~ "]
	    },
		"charge_upb":{
            "ability": "lucraftcore:command_held",
            "show_in_bar": true,
			"bar_color": "green",
            "title": {"text":"Charge Up"},
			"conditions": [{ 
			                    "type": "lucraftcore:held_item",
                                "item": "minecraft:redstone_block",
                                "hand": "main_hand"}],				
            "icon": {"type": "texture", "texture": "ben_ten:textures/gui/abilities/contain.png"},
            "commands": ["execute @s[score_Charge=100,score_Charge_min=0] ~ ~ ~ scoreboard players add @s Charge 10",
			             "execute @s[score_Charge=100,score_Charge_min=0] ~ ~ ~ clear @s minecraft:redstone_block 0 1",
						 "/particle reddust ~ ~ ~ 0.5 0.5 0.5 0 100",
			             "playsound minecraft:custom.charge master @a ~ ~ ~ "]
	    },
		"lightning":{
            "ability": "lucraftcore:command_held",
			"conditions": [{
						"type": "lucraftcore:scoreboard_tag", 
						"tag": "StoredPower"}],
            "show_in_bar": true,
			"bar_color": "green",
            "cooldown": 10,
            "title": {"text":"Lightning Blast"},
            "icon": {"type": "texture", "texture": "ben_ten:textures/gui/abilities/zap.png"},
            "commands": [
			"execute @s[score_Charge_min=1] ~ ~ ~ /cast ebwizardry:lightning_arrow @p ", "superpowerxp 1",
			"execute @s[score_Charge_min=1] ~ ~ ~ /scoreboard players remove @s Charge 1", 
			"execute @s[score_Charge=0,score_Charge_min=0] ~ ~ ~ /tellraw @s {\"text\":\"You need to build up charge first!\"}"]		
		},
		"lightning_web":{
            "ability": "lucraftcore:command",
			"conditions": [{
						"type": "lucraftcore:scoreboard_tag", 
						"tag": "StoredPower"}],
            "show_in_bar": true,
			"bar_color": "green",
            "cooldown": 50,
            "title": {"text":"Lightning Chain"},
            "icon": {"type": "texture", "texture": "ben_ten:textures/gui/abilities/lightning_disc.png"},
            "commands": [
			"execute @s[score_Charge_min=10] ~ ~ ~ /cast ebwizardry:lightning_web @p 5 {damage:9,range:2}", "superpowerxp 10 ",
			"execute @s[score_Charge_min=10] ~ ~ ~ /scoreboard players remove @s Charge 10", 
			"execute @s[score_Charge=9,score_Charge_min=0] ~ ~ ~ /tellraw @s {\"text\":\"You need to build up charge first!\"}"]		
		},
		"lightning_DownFall":{
            "ability": "lucraftcore:command",
			"required_level": 25,
			"conditions": [{
						"type": "lucraftcore:scoreboard_tag", 
						"tag": "StoredPower"}],
            "show_in_bar": true,
			"bar_color": "green",
            "cooldown": 150,
            "title": {"text":"Lightning DownFall"},
            "icon": {"type": "texture", "texture": "ben_ten:textures/gui/abilities/chainshock.png"},
            "commands": [
			"execute @s[score_Charge_min=50] ~ ~ ~ /cast ebwizardry:thunderstorm @p ","superpowerxp 100 ",
			"execute @s[score_Charge_min=50] ~ ~ ~ /execute @e[rm=1,r=8] ~ ~ ~ /summon minecraft:lightning_bolt ",
			"execute @s[score_Charge_min=50] ~ ~ ~ /scoreboard players remove @s Charge 50", 
			"execute @s[score_Charge=49,score_Charge_min=0] ~ ~ ~ /tellraw @s {\"text\":\"You need to build up charge first!\"}"]		
		},
		"flight": {			
			"ability": "lucraftcore:flight",
			"required_level": 30,
			"conditions": [{
                       "type": "lucraftcore:scoreboard_tag",
                       "tag": "StoredPower"}],
			"icon": {"type": "internal"},
            "cooldown": 200,			
            "show_in_bar": true,
            "title": {"text":"Flight"},	
            "bar_color": "green",				
			"speed": 1,
            "sprint_speed": 1.5,
			"rotate_arms": true
		},
		"f_p":{
			"ability": "lucraftcore:command_loop",
			"parent_ability": "flight",
				"title": {"text":"Background Commands"},				
			"icon": {"type": "internal"},
			"commands": ["execute @s[score_Charge_min=1] ~ ~ ~ /scoreboard players remove @s Charge 1",
						 "superpowerxp 1 @s"],
            "conditions": [{
			    "type": "ability_enabled",
				"ability": "lucraftcore:flight"}]
		},
		"fall_resistance": {
			"ability": "lucraftcore:fall_resistance",
			"title": {"text":"Fall Resistance"},
			"amount": 10
		},
		"health": {		
			"ability": "lucraftcore:health",
            "title": {"text":"Health"},					
			"amount": 10		
		},
		"strength": {	
			"ability": "lucraftcore:strength",
            "title": {"text":"Strength"},							
			"amount": 10			
		},
		"defense": {
			"ability": "lucraftcore:resistance",
            "title": {"text":"Resistance"},						
			"amount": 20			
        },
		"speed": {	
			"ability": "lucraftcore:sprint",				
             "conditions": [{
						"type": "lucraftcore:scoreboard_tag", 
						"tag": "OverCharge"}],
            "title": {"text":"Overcharge Speed Boost"},							
			"amount": 3.0			
		},
		"jump": {
			"ability": "lucraftcore:jump_boost",
            "conditions": [{
						"type": "lucraftcore:scoreboard_tag", 
						"tag": "OverCharge"}],
            "title": {"text":"Overcharge Jump Boost "},									
			"amount": 4	
		},
		"timer":{
			"ability": "lucraftcore:command_loop",
			"show_in_bar": false,
			"title": {"text":"Timer"},			
			"icon": {"type": "texture",
				"texture": "ben_ten:textures/gui/omnitrix_timeout.png"},
			"conditions": [{"type": "lucraftcore:not", 
			            "conditions": [{
						"type": "lucraftcore:scoreboard_tag", 
						"tag": "Master"}]}],
			"commands": ["scoreboard players remove @s Timer 1",
			             "scoreboard players set @s[score_Timer=-1,score_Timer_min=-1000000] Timer 1",
			             "execute @s[score_Timer=60,score_Timer_min=60,tag=os] ~ ~ ~ /playsound minecraft:custom.timeout master @a ~ ~ ~",
			             "execute @s[score_Timer=60,score_Timer_min=60,tag=os] ~ ~ ~ /scoreboard players tag @s add TO",
			             "execute @s[score_Timer=50,score_Timer_min=50,tag=os] ~ ~ ~ /scoreboard players tag @s remove TO",
			             "execute @s[score_Timer=40,score_Timer_min=40,tag=os] ~ ~ ~ /scoreboard players tag @s add TO",
			             "execute @s[score_Timer=30,score_Timer_min=30,tag=os] ~ ~ ~ /scoreboard players tag @s remove TO",
			             "execute @s[score_Timer=20,score_Timer_min=20,tag=os] ~ ~ ~ /scoreboard players tag @s add TO",
			             "execute @s[score_Timer=10,score_Timer_min=10,tag=os] ~ ~ ~ /scoreboard players tag @s remove TO",
			             "execute @s[score_Timer=0,score_Timer_min=0,tag=os] ~ ~ ~ /superpower @s ben_ten:transform_human_os",
			             "execute @s[score_Timer=1,score_Timer_min=1,tag=os] ~ ~ ~ /playsound minecraft:custom.transform master @a ~ ~ ~",
			             "execute @s[score_Timer=30,score_Timer_min=30,tag=ov] ~ ~ ~ /playsound minecraft:custom.ov_timer master @a ~ ~ ~",
			             "execute @s[score_Timer=1,score_Timer_min=1,tag=ov] ~ ~ ~ /playsound minecraft:custom.ov_human master @a ~ ~ ~",
			             "execute @s[score_Timer=0,score_Timer_min=0,tag=ov] ~ ~ ~ /superpower @s ben_ten:transform_human",
			             "superpowerxp 1 @s[tag=0]",
			             "superpowerxp 4 @s[tag=20]",
			             "superpowerxp 6 @s[tag=35]"]
		},
		"base": {	
	        "ability": "lucraftcore:command",		
            "show_in_bar": true,	
            "title": {"text":"Base Form"},
			"icon": {"type": "texture", "texture": "ben_ten:textures/gui/omnitrix_green.png"},
            "bar_color": "green",
			"conditions": [{"type": "lucraftcore:scoreboard_tag", 
			                "tag": "Sneaking"},
							{"type": "lucraftcore:or",
                            "conditions": [
                            {"type": "lucraftcore:level",
                             "level": 30},
                            {"type": "lucraftcore:scoreboard_tag",
                             "tag": "Master"},
                            {"type": "lucraftcore:scoreboard_tag",
                             "tag": "af"},
                            {"type": "lucraftcore:scoreboard_tag",
                             "tag": "ua"},
                            {"type": "lucraftcore:scoreboard_tag",
                             "tag": "ov"}]
                    }],
			"commands": ["superpower @s ben_ten:transform_human", 
			"execute @s[tag=os] ~ ~ ~ /playsound minecraft:custom.transform master @a ~ ~ ~",  
			"execute @s[tag=af] ~ ~ ~ /playsound minecraft:custom.recalibratedhuman master @a ~ ~ ~",
			"execute @s[tag=ua] ~ ~ ~ /playsound minecraft:custom.ultimatrixhuman master @a ~ ~ ~",
			"execute @s[tag=ov] ~ ~ ~ /playsound minecraft:custom.ov_human master @a ~ ~ ~"]
		}
	}
}