{
	"name": {
		"text": "Crystalsapien"
	},

	"icon": {
		"type": "texture",
		"texture": "ben_ten:textures/gui/recal/crystalsapien.png"
	},

	"creative_tab": "ben10",
	
	"max_level": 40,
	
	"capsule_color": 3080117,
	
    "effects": [

        {
        "type": "skin_change",
        "texture": "ben_ten:textures/models/ben/crystalsapien.png",
		"conditions": [            	
				{
            		"type": "ability_enabled",
					"ability": "lucraftcore:knockback_resistance"
            	}
			]
       },
		{
            "type": "skin_overlay",
            "texture": "ben_ten:textures/overlays/glow/crystalsapien_glow.png",
            "size": 0,
            "glow": true,
            "conditions": [
            	{
            		"type": "always"
            	},
				{
            		"type": "ability_enabled",
					"ability": "lucraftcore:knockback_resistance"
            	}
            ]
       },
		{
        "type": "skin_change",
        "texture": "ben_ten:textures/models/ben/ov_crystalsapien.png",
            "conditions": [            	
				{
            		"type": "ability_enabled",
					"ability": "lucraftcore:step_assist"
            	}
			]
       },
		{
            "type": "skin_overlay",
            "texture": "ben_ten:textures/overlays/glow/ov_crystalsapien_glow.png",
            "size": 0,
            "glow": true,
            "conditions": [
            	{
            		"type": "always"
            	},
				{
            		"type": "ability_enabled",
					"ability": "lucraftcore:step_assist"
            	}
            ]
       }
    ],
	
	"abilities": {
		"solar_power": {
            "ability": "lucraftcore:command_on_gain",
            "show_in_bar": false,
            "title": {"translate":"lucraftcore.abilities.command_on_gain.name"},
            "icon": {"type": "internal"},
            "commands": ["solarenergy set 150 @s",
			"scoreboard players tag @s[tag=af,tag=!Crystal] add Crystal",
			"scoreboard players tag @s[tag=af,tag=Petro] remove Petro"]
       },
		"tough_lungs": {
            "ability": "lucraftcore:tough_lungs",
            "show_in_bar": false,
            "title": {"translate":"lucraftcore.abilities.tough_lungs.name"},
            "icon": {"type": "internal"},
            "bar_color": "green"
       },	
		"uaf_form": {
            "ability": "lucraftcore:knockback_resistance",
            "show_in_bar": false,
            "title": {"text":"UAF Skin"},
            "icon": {"type": "texture", "texture": "ben_ten:textures/gui/recal/recal_omnitrix.png"},
			"conditions": [{
                        "type": "lucraftcore:or",
                            "conditions": [
                            {"type": "lucraftcore:scoreboard_tag",
                             "tag": "af"
                           },
                            {"type": "lucraftcore:scoreboard_tag",
                             "tag": "ua"
                           }]
                   }],
            "amount": 0.0,
            "operation": 0
        },
		"ov_form": {
            "ability": "lucraftcore:step_assist",
            "show_in_bar": false,
            "title": {"text":"OV Skin"},
            "icon": {"type": "texture", "texture": "ben_ten:textures/gui/completedomnitrix/ov_trix_master.png"},
            "amount": 0.0,
			"conditions": [{
			    "type": "lucraftcore:scoreboard_tag",
				"tag": "ov"}]
        },	 
		"health": {		
			"ability": "lucraftcore:health",			
            "show_in_bar": false,		
            "title": {"text":"Health"},					
			"amount": 5,
			"operation": 0		
		},
		"strength": {	
			"ability": "lucraftcore:strength",				
            "show_in_bar": false,		
            "title": {"text":"Strength"},							
			"amount": 12,
			"operation": 0			
		},
		"sprint": {
			"ability": "lucraftcore:sprint",			
            "show_in_bar": false,		
            "title": {"text":"Speed"},										
			"amount": 0.5,
			"operation": 0							
		},	
		"jump": {
			"ability": "lucraftcore:jump_boost",			
            "show_in_bar": false,		
            "title": {"text":"Jump Boost "},									
			"amount": 4,
			"operation": 0	
		},
		"defense": {
			"ability": "lucraftcore:resistance",			
            "show_in_bar": false,		
            "title": {"text":"Resistance"},						
			"amount": 10,
			"operation": 0			
		},
		"fall_resistance": {
			"ability": "lucraftcore:fall_resistance",
			"show_in_bar": false,
			"title": {"text":"Fall Resistance"},
			"amount": 200,
			"operation": 0
		},
		"radiation_immunity":{
			"ability": "the-fifth-world:potion_immunity",
			"show_in_bar": false,
			"potion": "lucraftcore:radiation",
			"title": {"text":"Radiation Immunity"},
			"icon": {"type": "texture",
				"texture": "ben_ten:textures/gui/abilities/radioactive_icon.png"}
		},
		"solar_energy": {
			"ability": "heroesexpansion:solar_energy",
			"show_in_bar": true,
			"title": {"translate": "heroesexpansion.abilities.solar_energy.name"},
			"icon": {"type": "internal"},
			"bar_color": "green",
			"max_solar_energy": 150,
			"ability_values": [{
					"ability": "energy_blast",
					"amount": 4,
					"frequency": 1},
					{
					"ability": "shield",
					"amount": 5,
					"frequency": 10}]
		},
		"energy_absorption_xp": {
            "ability": "lucraftcore:command",
			"parent_ability": "energy_absorption",
            "show_in_bar": false,
            "title": {"text":"Energy Absorption XP"},
            "icon": {"type": "internal"},
            "conditions": [{
			    "type": "ability_enabled",
				"ability": "heroesexpansion:energy_absorption"}],
		    "commands": ["superpowerxp 50 @s"]
		},
		 "energy_blast": {
            "ability": "lucraftcore:energy_blast",
            "conditions": [{
				"type": "lucraftcore:solar_energy",
				"ability": "solar_energy",
				"minimum": 40
			}],							
			"cooldown": 15,
			"color": [0, 0, 0],
			"damage": 20,
            "frequency": 20,
			"bar_color": "green",
			"icon": {"type": "texture",
				"texture": "ben_ten:textures/gui/abilities/crystalsapien_energy_blast.png"},
			"title": {"text":"Energy Blast"}
		},
		"energy_blastc": {
            "ability": "lucraftcore:command",
			"parent_ability": "energy_blast",
            "show_in_bar": false,
            "title": {"text":"background comands"},
			"icon": {"type": "internal"},
            "bar_color": "green",
		    "commands": ["scoreboard players tag @e[type=lucraftcore:energy_blast,r=3] add laser","superpowerxp 5 @s"]
		},
		"shield": {
			"ability": "heroesexpansion:force_field",
			"conditions": [{
				"type": "lucraftcore:solar_energy",
				"ability": "solar_energy",
				"minimum": 30
			}],					
            "cooldown": 200,
			"required_level": 25,
			"icon": {"type": "texture", "texture": "ben_ten:textures/gui/abilities/forcefield.png"},
            "show_in_bar": true,
            "title": {"translate":"heroesexpansion.abilities.force_field.name"},
            "bar_color": "green",
            "color": [0, 0, 0]					
		},
		"shield_xp": {
            "ability": "lucraftcore:command_held",
			"parent_ability": "shield",
            "show_in_bar": false,
            "title": {"text":"Force Field XP"},
            "icon": {"type": "internal"},
            "conditions": [{
			    "type": "ability_enabled",
				"ability": "heroesexpansion:force_field"}],
		    "commands": ["superpowerxp 15 @s","particle reddust ~ ~0.3 ~ 0.5 0.8 0.5 1 200 force"]
		},
		"flight": {			
			"ability": "lucraftcore:flight",
			"icon": {"type": "internal"},
			"required_level": 27,			
            "show_in_bar": true,
            "title": {"text":"Flight"},	
            "bar_color": "green",				
			"speed": 0.7,
            "sprint_speed": 1,
			"rotate_arms": true
		},
		"flight_xp": {
            "ability": "lucraftcore:command_toggle",
			"parent_ability": "flight",
            "show_in_bar": false,
            "title": {"text":"Flight XP"},
            "icon": {"type": "internal"},
            "conditions": [{
			    "type": "ability_enabled",
				"ability": "lucraftcore:flight"}],
		    "commands": ["superpowerxp 1 @s"]
		},
		"energy_absorption": {
			"ability": "heroesexpansion:energy_absorption",
			"show_in_bar": true,
			"title": {"text":"Energy Absorption"},
			"icon": {"type": "texture",
				"texture": "ben_ten:textures/gui/abilities/crystalsapien_energy_absorb.png"},
			"bar_color": "green",
			"max_energy": 200,
			"max_damage": 10.0			
		},
		"size": {
			"ability": "lucraftcore:command_loop",
			"show_in_bar": false,
			"title": {"text": "Big size"},
			"icon": {"type": "internal"},
			"commands": ["sizechange @s 1.3 lucraftcore:default"]
		},
		"switch":{
			"ability": "lucraftcore:command",
			"show_in_bar": true,
			"title": {"text":"Switch"},			
			"icon": {"type": "texture",
				"texture": "ben_ten:textures/gui/recal/recal_activate.png"},
			"conditions": [{
			    "type": "lucraftcore:not", 
			        "conditions": [{
						"type": "lucraftcore:scoreboard_tag", 
						"tag": "Sneaking"},
				        {
						"type": "lucraftcore:scoreboard_tag", 
						"tag": "ov"}
						]}],
			"commands": ["superpower @s[score_Timer_min=1200] ben_ten:crystalsapien_switch",
			"execute @s[score_Timer=1199,score_Timer_min=0] ~ ~ ~ /tellraw @s {\"text\":\"Insufficient Power\",\"color\":\"green\"}"],
			"bar_color": "green"
		},
		"death_state_crystalsapien":{
			"ability": "lucraftcore:command_loop",
			"show_in_bar": false,
			"title": {"text":"Death State"},			
			"icon": {"type": "texture",
				"texture": "ben_ten:textures/gui/recal/recal_timeout.png"},
			"commands": [
			"execute @e[type=lucraftcore:energy_blast,tag=laser] ~ ~ ~ /particle reddust ~ ~ ~ 0.2 0.2 0.2 1 200 force",
			"execute @s[score_Health=0,score_Health_min=0,tag=af] ~ ~ ~ /superpower @s ben_ten:recalibratedomnitrix",
			"execute @s[score_Health=0,score_Health_min=0,tag=ua] ~ ~ ~ /superpower @s ben_ten:ultimatrix",
			"execute @s[score_Health=0,score_Health_min=0,tag=ov] ~ ~ ~ /superpower @s ben_ten:completedomnitrix",
            "scoreboard players tag @s[score_Sneak=1,score_Sneak_min=1] add Sneaking",
            "scoreboard players tag @s[score_Sneak=0,score_Sneak_min=0] remove Sneaking",
			"scoreboard players set @s[score_Sneak_min=1] Sneak 0"]
		},
		"timer":{
			"ability": "lucraftcore:command_loop",
			"show_in_bar": false,
			"title": {"text":"Timer"},			
			"icon": {"type": "texture","texture": "ben_ten:textures/gui/omnitrix_timeout.png"},
			"conditions": [{"type": "lucraftcore:not", 
			            "conditions": [{
						"type": "lucraftcore:scoreboard_tag", 
						"tag": "Master"}]}],
			"commands": ["scoreboard players remove @s Timer 1",
			"scoreboard players set @s[score_Timer=-1,score_Timer_min=-1000000] Timer 1",
			"execute @s[score_Timer=30,score_Timer_min=30,tag=ov] ~ ~ ~ /playsound minecraft:custom.ov_timer master @a ~ ~ ~",
			"execute @s[score_Timer=1,score_Timer_min=1,tag=af] ~ ~ ~ /playsound minecraft:custom.recalibratedhuman master @a ~ ~ ~",
			"execute @s[score_Timer=0,score_Timer_min=0,tag=ua] ~ ~ ~ /playsound minecraft:custom.ultimatrixhuman master @a ~ ~ ~",
			"execute @s[score_Timer=1,score_Timer_min=1,tag=ov] ~ ~ ~ /playsound minecraft:custom.ov_human master @a ~ ~ ~",
			"execute @s[score_Timer=0,score_Timer_min=0] ~ ~ ~ /superpower @s ben_ten:transform_human",
			"superpowerxp 1 @s[tag=0]",
			"superpowerxp 4 @s[tag=20]",
			"superpowerxp 6 @s[tag=35]"]
		},
		"base": {	
	        "ability": "lucraftcore:command",		
            "show_in_bar": true,	
            "title": {"text":"Base Form"},
			"icon": {"type": "texture", "texture": "ben_ten:textures/gui/omnitrix_green.png"},
            "bar_color": "green",
			"conditions": [{
						"type": "lucraftcore:scoreboard_tag", 
						"tag": "Sneaking"}],
			"commands": ["superpower @s ben_ten:transform_human", 
			"execute @s[tag=af] ~ ~ ~ /playsound minecraft:custom.recalibratedhuman master @a ~ ~ ~",
			"execute @s[tag=ua] ~ ~ ~ /playsound minecraft:custom.ultimatrixhuman master @a ~ ~ ~",
			"execute @s[tag=ov] ~ ~ ~ /playsound minecraft:custom.ov_human master @a ~ ~ ~"]
		}
	}
}