{
	"name": {
		"text": "Ectonurite"
	},

	"icon": {
		"type": "texture",
		"texture": "ben_ten:textures/gui/prototype/ectonurite.png"
	},

	"creative_tab": "ben10",
	
	"max_level": 40,
	
	"capsule_color": 3080117,
	
    "effects": [
        {
            "type": "skin_change",
            "texture": "ben_ten:textures/models/ben/ectonurite.png"
        },
		{
        	"type": "skin_change",
        	"texture": "ben_ten:textures/models/ben/ectonurite_transparent.png",
        	"conditions": [
        		{
        			"type": "ability_enabled",
        			"ability": "speedsterheroes:phasing"
        		}
        	]
        },
		{
            "type": "skin_overlay",
            "texture": "ben_ten:textures/overlays/glow/ectonurite_glow.png",
            "size": 0,
            "glow": true,
            "conditions": [
            	{
            		"type": "always"
            	}
            ]
        },
		{
            "type": "skin_overlay",
            "texture": "ben_ten:textures/models/ben/timeout/ectonurite.png",
            "size": 0,
            "glow": true,
            "conditions": [
            	{
            		"type": "ability_enabled",
					"ability": "heroesexpansion:precision"
            	}
            ]
        }
    ],
	
	"abilities": {
		"gain_vision_ectonurite": {
            "ability": "lucraftcore:command_on_gain",
            "show_in_bar": false,
            "title": {"translate":"Background Commands"},
            "icon": { "type": "internal" },
            "commands": ["effect @s minecraft:night_vision 1000000 1 true"]
        },
		"lose_vision_ectonurite": {
            "ability": "lucraftcore:command_on_lose",
            "show_in_bar": false,
            "title": {"translate":"Background Commands"},
            "icon": { "type": "internal" },
            "commands": ["effect @s minecraft:night_vision 0 1 true"]
        },
		"radiation_protection": {
            "ability": "the-fifth-world:potion_immunity",
            "show_in_bar": false,
            "title": {"text":"Radiation Protection"},
            "icon": {"type": "internal"},
            "potion": "lucraftcore:radiation"
       },
		"os_timeout_e": {
            "ability": "heroesexpansion:precision",
            "show_in_bar": false,
            "title": {"text":"Timeout Glow"},
            "icon": {"type": "texture","texture": "ben_ten:textures/gui/prototype/redomnitrix.png"},
			"conditions": [{
			    "type": "lucraftcore:scoreboard_tag",
				"tag": "TO"}]
       },
        "tough_lungs": {
            "ability": "lucraftcore:tough_lungs",
            "show_in_bar": false,
            "title": {"translate":"lucraftcore.abilities.tough_lungs.name"},
            "icon": {"type": "internal"},
            "bar_color": "green"
       },
		"health": {		
			"ability": "lucraftcore:health",			
            "show_in_bar": false,		
            "title": {"text":"Health"},					
			"amount": 10		
		},
		"strength": {	
			"ability": "lucraftcore:strength",				
            "show_in_bar": false,		
            "title": {"text":"Strength"},							
			"amount": 5			
		},
		"defense": {
			"ability": "lucraftcore:resistance",			
            "show_in_bar": false,		
            "title": {"text":"Resistance"},						
			"amount": 5			
		},
		"fall_resistance": {
			"ability": "lucraftcore:fall_resistance",
			"show_in_bar": false,
			"title": {"text":"Fall Resistance"},
			"amount": 200
		},
		"phasing_c": {
            "ability": "lucraftcore:command_held",
            "show_in_bar": true,
            "title": {"text":"Phasing"},
			"icon": {"type": "texture",	"texture": "ben_ten:textures/gui/abilities/ghostfreakphasing.png"},
            "bar_color": "green",
		    "commands": ["execute @s ~ ~ ~ /summon armor_stand ~ ~-1 ~ {CustomName:\"Phase\",Invisible:1b,Invulnerable:1b,NoBasePlate:1b}",
						 "execute @e[name=Phase] ~ ~1 ~ /fill ~ ~ ~ ~ ~ ~ barrier 0 replace air 0",
						 "execute @e[name=Phase] ~ ~ ~ /fill ~ ~ ~ ~ ~ ~ barrier 0 replace air 0",
						 "/kill @e[name=Phase]",
						 "superpowerxp 1 @s",
						 "scoreboard players tag @s remove Phasing",						 
						 "scoreboard players set @s[rx=10,rxm=-10] Facing 0", 
			             "scoreboard players set @s[rx=-10,rxm=-90] Facing 1", 
			             "scoreboard players set @s[rx=90,rxm=10] Facing 2", 
		 	             "execute @s[score_Facing=1,score_Facing_min=1] ~ ~ ~ /tp @s ~ ~0.15 ~ ", 
			             "execute @s[score_Facing=2,score_Facing_min=2] ~ ~ ~ /tp @s ~ ~-0.15 ~ "]						 
		},
		"phasing": {
            "ability": "speedsterheroes:phasing",
			"icon": {"type": "texture", "texture": "ben_ten:textures/gui/abilities/ghostfreakphasing.png"},
			"parent_ability": "phasing_c",
			"show_in_bar": false,
            "frequency": 20,
			"bar_color": "green",
			"title": {"text":"Phasing"}	
		},
        "jump": {
			"ability": "lucraftcore:jump_boost",			
            "show_in_bar": false,		
            "title": {"text":"Jump Boost"},									
			"amount": 3	
		},		
		"flight_normal": {			
			"ability": "lucraftcore:flight",
			"conditions": [{
						"type": "lucraftcore:scoreboard_tag", 
						"tag": "Phasing"}],	
			"icon": {"type": "internal"},		
            "show_in_bar": true,
            "title": {"text":"Flight"},	
            "bar_color": "green",				
			"speed": 0.5,
            "sprint_speed": 0.7,
			"rotate_arms": false
		},
		"flight_xp": {
            "ability": "lucraftcore:command_toggle",
			"parent_ability": "flight",
            "show_in_bar": false,
            "title": {"text":"Flight XP"},
            "icon": {"type": "internal"},
            "conditions": [{
			    "type": "ability_enabled",
				"ability": "lucraftcore:flight"}],
		    "commands": ["superpowerxp 1 @s"]
		},
		"invisibility": {
			"ability": "lucraftcore:invisibility",	
			"icon": {"type": "texture", "texture": "ben_ten:textures/gui/abilities/invis.png"},
			"show_in_bar": true,
			"title": {"translate":"lucraftcore.abilities.invisibility.name"},
			"bar_color": "green"
		},
		"invisibility_xp": {
            "ability": "lucraftcore:command_toggle",
			"parent_ability": "invisibility",
            "show_in_bar": false,
            "title": {"text":"Invisibility XP"},
            "icon": {"type": "internal"},
            "conditions": [{
			    "type": "ability_enabled",
				"ability": "lucraftcore:invisibility"}],
		    "commands": ["superpowerxp 5 @s"]
		},
		"possession": {	
	        "ability": "lucraftcore:command",
			"required_level": 20,
            "show_in_bar": true,	
            "title": {"text":"Possession"},
			"icon": {"type": "texture", "texture": "ben_ten:textures/gui/abilities/possession.png"},
            "bar_color": "green",				
			"command": ["cast ebwizardry:possession @p"]
		},
		"tentacles": {
           "ability": "lucraftcore:command",
		   "required_level": 15,
           "cooldown": 300,
		   "parent_ability": "tentacles",
           "show_in_bar": true,
           "title": {"text":"Show Tentacles"},
           "icon": {"type": "texture",
				"texture": "ben_ten:textures/gui/abilities/tentacles.png"},
           "bar_color": "green",
		   "commands": ["execute @e[rm=1,r=10] ~ ~ ~ effect @s minecraft:wither 15 1",
		   "cast ebwizardry:intimidate @s",
		   "execute @e[rm=1,r=10] ~ ~ ~ effect @s ebwizardry:arcane_jammer 15 1",
		   "superpowerxp 5 @s"]
        },
		"experience":{
			"ability": "lucraftcore:command_loop",
			"show_in_bar": false,
			"title": {"text":"Experience"},			
			"icon": {"type": "texture",
				"texture": "ben_ten:textures/gui/placeholder.png"},
			"conditions": [{"type": "lucraftcore:not", 
			            "conditions": [{
						"type": "lucraftcore:scoreboard_tag", 
						"tag": "Master"}]}],
			"commands": [
			"superpowerxp 1 @s[tag=0]",
			"superpowerxp 4 @s[tag=20]",
			"superpowerxp 6 @s[tag=35]"]
		},
		"death_state":{
			"ability": "lucraftcore:command_loop",
			"show_in_bar": false,
			"title": {"text":"Death State"},			
			"icon": {"type": "texture",
				"texture": "ben_ten:textures/gui/omnitrix_timeout.png"},
			"commands": [
			"execute @s[score_Health=0,score_Health_min=0] ~ ~ ~ /superpower @s ben_ten:prototypeomnitrix",
			"sizechange @s 1 lucraftcore:default",
			"scoreboard players tag @s[tag=!Phasing] add Phasing",
			"fill ~-3 ~-3 ~-3 ~3 ~3 ~3 air 0 replace barrier 0",
            "scoreboard players tag @s[score_Sneak=1,score_Sneak_min=1] add Sneaking",
            "scoreboard players tag @s[score_Sneak=0,score_Sneak_min=0] remove Sneaking",
			"scoreboard players set @s[score_Sneak_min=1] Sneak 0"]
		},
		"timer":{
			"ability": "lucraftcore:command_loop",
			"show_in_bar": false,
			"title": {"text":"Timer"},			
			"icon": {"type": "texture",
				"texture": "ben_ten:textures/gui/prototype/redomnitrix.png"},
			"conditions": [{"type": "lucraftcore:not", 
			            "conditions": [{
						"type": "lucraftcore:scoreboard_tag", 
						"tag": "Master"}]}],
			"commands": [
			"scoreboard players remove @s Timer 1","scoreboard players set @s[score_Timer=-1,score_Timer_min=-1000000] Timer 1", 
			"execute @s[score_Timer=60,score_Timer_min=60,tag=os] ~ ~ ~ /playsound minecraft:custom.timeout master @a ~ ~ ~",
			"execute @s[score_Timer=60,score_Timer_min=60,tag=os] ~ ~ ~ /scoreboard players tag @s add TO",
			"execute @s[score_Timer=50,score_Timer_min=50,tag=os] ~ ~ ~ /scoreboard players tag @s remove TO",
			"execute @s[score_Timer=40,score_Timer_min=40,tag=os] ~ ~ ~ /scoreboard players tag @s add TO",
			"execute @s[score_Timer=30,score_Timer_min=30,tag=os] ~ ~ ~ /scoreboard players tag @s remove TO",
			"execute @s[score_Timer=20,score_Timer_min=20,tag=os] ~ ~ ~ /scoreboard players tag @s add TO",
			"execute @s[score_Timer=10,score_Timer_min=10,tag=os] ~ ~ ~ /scoreboard players tag @s remove TO",   
			"execute @s[score_Timer=1,score_Timer_min=1] ~ ~ ~ /playsound minecraft:custom.transform master @a ~ ~ ~",
			"execute @s[score_Timer=0,score_Timer_min=0,tag=os] ~ ~ ~ /effect @s minecraft:night_vision 0 1 true",
			"execute @s[score_Timer=0,score_Timer_min=0,tag=os] ~ ~ ~ /superpower @s ben_ten:transform_human_os"]
		},
		"base_os": {	
	        "ability": "lucraftcore:command",
            "show_in_bar": true,	
            "title": {"text":"Base Form"},
			"icon": {"type": "texture", "texture": "ben_ten:textures/gui/omnitrix_green.png"},
			"conditions": [{"type": "lucraftcore:scoreboard_tag", 
			                "tag": "os"},
							{"type": "lucraftcore:or",
                            "conditions": [
                            {"type": "lucraftcore:level",
                             "level": 30},
                            {"type": "lucraftcore:scoreboard_tag",
                             "tag": "Master"}]
                    }],
            "bar_color": "green",				
			"commands": ["effect @s minecraft:night_vision 0 1 true",
			"superpower @s ben_ten:transform_human", 
			"playsound minecraft:custom.transform master @a ~ ~ ~"]
		}
	}
}