{
	"name": {
		"text": "Effluvosynthian"
	},

	"icon": {
		"type": "texture",
		"texture": "ben_ten:textures/gui/completedomnitrix/effluvosynthian.png"
	},

	"creative_tab": "ben10",
	
	"max_level": 40,
	
	"capsule_color": 3080117,
	
    "effects": [
        {
            "type": "skin_change",
            "texture": "ben_ten:textures/models/ben/effluvosynthian.png"
        },
		{
            "type": "skin_overlay",
            "texture": "ben_ten:textures/overlays/glow/effluvosynthian_glow.png",
            "size": 0,
            "glow": true,
            "conditions": [
            	{
            		"type": "always"
            	}
            ]
        }
    ],
	"abilities": {
		"size": {
			"ability": "lucraftcore:command_loop",
			"show_in_bar": false,
			"title": {"text": "Size"},
			"icon": { "type": "texture", "texture": "ben_ten:textures/gui/prototype/omnitrix.png" },
			"commands": ["sizechange @s 1.4 lucraftcore:default",
			            "scoreboard players tag @s[score_Sneak=1,score_Sneak_min=1] add Sneaking",
                         "scoreboard players tag @s[score_Sneak=0,score_Sneak_min=0] remove Sneaking",
						 "scoreboard players set @s[score_Sneak_min=1] Sneak 0"]
        },
		"health": {		
			"ability": "lucraftcore:health",			
            "show_in_bar": false,		
            "title": {"text":"Health"},					
			"amount": 5,
			"operation": 0		
		},
		"fall_resistance": {
			"ability": "lucraftcore:fall_resistance",
			"show_in_bar": false,
			"title": {"text":"Fall Resistance"},
			"amount": 6,
			"operation": 0
		},
		"resistance": {
			"ability": "lucraftcore:resistance",			
            "show_in_bar": false,		
            "title": {"text":"Resistance"},						
			"amount": 14,
			"operation": 0			
		},
        "radioactive_gas":{
			"ability": "lucraftcore:command",
			"cooldown": 250,
			"title": {"text": "Radioactive Gas"},
			"icon": {"type": "texture",			
				"texture": "ben_ten:textures/gui/abilities/radioactive_icon.png"},
			"bar_color": "green",	
			"commands": ["execute @s ~ ~ ~ /summon armor_stand ~ ~-1 ~ {CustomName:\"GasStand\",Small:1,Invisible:1}",
			             "execute @e[name=GasStand,r=1] ~ ~ ~ scoreboard objectives add Timer:Gas dummy","superpowerxp 50",
			             "/replaceitem entity @e[name=GasStand,r=1] slot.armor.chest ben_ten:gas_chest ",
			             "/scoreboard players tag @e[name=GasStand] add radiation_gas "]
		},
		"radiation_protection": {
            "ability": "the-fifth-world:potion_immunity",
            "show_in_bar": false,
            "title": {"text":"Radiation Protection"},
            "icon": { "type": "internal" },
            "potion": "lucraftcore:radiation"
        },		
        "poison_gas":{
			"ability": "lucraftcore:command",
			"cooldown": 250,
			"title": {"text": "Poisonous Gas"},
			"icon": {"type": "texture",
				"texture": "ben_ten:textures/gui/abilities/gas_poison.png"},
			"bar_color": "green",
			"commands": ["execute @s ~ ~ ~ /summon armor_stand ~ ~-1 ~ {CustomName:\"GasStand\",Small:1,Invisible:1}",
			             "execute @e[name=GasStand,r=1] ~ ~ ~ scoreboard objectives add Timer:Gas dummy","superpowerxp 50",
			             "/replaceitem entity @e[name=GasStand,r=1] slot.armor.chest ben_ten:gas_chest ",
			             "/scoreboard players tag @e[name=GasStand] add poison_gas "]
		},
		"poison_protection": {
            "ability": "the-fifth-world:potion_immunity",
            "show_in_bar": false,
            "title": {"text":"Poison Protection"},
            "icon": { "type": "internal" },
            "potion": "minecraft:poison"
        },		
		"wither_gas":{
			"ability": "lucraftcore:command",
			"cooldown": 250,
			"title": {"text": "Withering Gas"},
			"icon": {"type": "texture",
				"texture": "ben_ten:textures/gui/abilities/gas_wither.png"},
			"bar_color": "green",
			"commands": ["execute @s ~ ~ ~ /summon armor_stand ~ ~-1 ~ {CustomName:\"GasStand\",Small:1,Invisible:1}",
			             "execute @e[name=GasStand,r=1] ~ ~ ~ scoreboard objectives add Timer:Gas dummy","superpowerxp 50",
			             "/replaceitem entity @e[name=GasStand,r=1] slot.armor.chest ben_ten:gas_chest ",
			             "/scoreboard players tag @e[name=GasStand] add wither_gas "]
		},
		"wither_protection": {
            "ability": "the-fifth-world:potion_immunity",
            "show_in_bar": false,
            "title": {"text":"Wither Protection"},
            "icon": { "type": "internal" },
            "potion": "minecraft:wither"
        },		
		"blind_gas":{
			"ability": "lucraftcore:command",
			"cooldown": 250,
			"conditions": [{"type": "lucraftcore:not", 
			        "conditions": [{
						"type": "lucraftcore:scoreboard_tag", 
						"tag": "Sneaking"}]}],	
			"title": {"text": "Blinding Gas"},
			"icon": {"type": "texture",
				"texture": "ben_ten:textures/gui/abilities/gas_blind.png"},
			"bar_color": "green",	
			"commands": ["execute @s ~ ~ ~ /summon armor_stand ~ ~-1 ~ {CustomName:\"GasStand\",Small:1,Invisible:1}",
			             "execute @e[name=GasStand,r=1] ~ ~ ~ scoreboard objectives add Timer:Gas dummy","superpowerxp 50",
			             "/replaceitem entity @e[name=GasStand,r=1] slot.armor.chest ben_ten:gas_chest ",
			             "/scoreboard players tag @e[name=GasStand] add blind_gas "]
		},
		"blindness_protection": {
            "ability": "the-fifth-world:potion_immunity",
            "show_in_bar": false,
            "title": {"text":"Blindness Protection"},
            "icon": { "type": "internal" },
            "potion": "minecraft:blindness"
        },
		"slow_gas":{
			"ability": "lucraftcore:command",
			"conditions": [{
						"type": "lucraftcore:scoreboard_tag", 
						"tag": "Sneaking"}],
			"cooldown": 250,
			"title": {"text": "Slowing Gas"},
			"icon": {"type": "texture",
				"texture": "ben_ten:textures/gui/abilities/gas_slow.png"},
			"bar_color": "green",	
			"commands": ["execute @s ~ ~ ~ /summon armor_stand ~ ~-1 ~ {CustomName:\"GasStand\",Small:1,Invisible:1}",
			             "execute @e[name=GasStand,r=1] ~ ~ ~ scoreboard objectives add Timer:Gas dummy","superpowerxp 50",
			             "/replaceitem entity @e[name=GasStand,r=1] slot.armor.chest ben_ten:gas_chest ",
			             "/scoreboard players tag @e[name=GasStand] add slow_gas "]
		},
		"slow_protection": {
            "ability": "the-fifth-world:potion_immunity",
            "show_in_bar": false,
            "title": {"text":"Slow Protection"},
            "icon": { "type": "internal" },
            "potion": "minecraft:mining_fatigue"
        },
		"slow_2_protection": {
            "ability": "the-fifth-world:potion_immunity",
            "show_in_bar": false,
            "title": {"text":"Slow Protection"},
            "icon": { "type": "internal" },
            "potion": "minecraft:slowness"
        },
		"cure_gas":{
			"ability": "lucraftcore:command",
			"conditions": [{
						"type": "lucraftcore:scoreboard_tag", 
						"tag": "Sneaking"}],
			"cooldown": 250,
			"title": {"text": "Cure Effects"},
			"icon": {"type": "texture",
				"texture": "ben_ten:textures/gui/abilities/heal_zone.png"},
			"bar_color": "green",	
			"commands": ["execute @s ~ ~ ~ /summon armor_stand ~ ~-1 ~ {CustomName:\"GasStand\",Small:1,Invisible:1}",
			             "execute @e[name=GasStand,r=1] ~ ~ ~ scoreboard objectives add Timer:Gas dummy","superpowerxp 50",
			             "/replaceitem entity @e[name=GasStand,r=1] slot.armor.chest ben_ten:gas_chest ",
			             "/scoreboard players tag @e[name=GasStand] add cure_gas "]
		},
		"death_state":{
			"ability": "lucraftcore:command_loop",
			"show_in_bar": false,
			"title": {"text":"Death State"},			
			"icon": {"type": "texture",
				"texture": "ben_ten:textures/gui/recal/recal_timeout.png"},
			"commands": ["execute @s[score_Health=0,score_Health_min=0] ~ ~ ~ /kill @e[name=GasStand,r=1]",
			"execute @s[score_Health=0,score_Health_min=0,tag=os] ~ ~ ~ /superpower @s ben_ten:prototypeomnitrix",
			"execute @s[score_Health=0,score_Health_min=0,tag=af] ~ ~ ~ /superpower @s ben_ten:recalibratedomnitrix",
			"execute @s[score_Health=0,score_Health_min=0,tag=ua] ~ ~ ~ /superpower @s ben_ten:ultimatrix",
			"execute @s[score_Health=0,score_Health_min=0,tag=ov] ~ ~ ~ /superpower @s ben_ten:completedomnitrix"]
		},
		"timer":{
			"ability": "lucraftcore:command_loop",
			"show_in_bar": false,
			"title": {"text":"Timer"},			
			"icon": {"type": "texture","texture": "ben_ten:textures/gui/omnitrix_timeout.png"},
			"conditions": [{"type": "lucraftcore:not", 
			            "conditions": [{
						"type": "lucraftcore:scoreboard_tag", 
						"tag": "Master"}]}],
			"commands": ["scoreboard players remove @s Timer 1",
			"scoreboard players set @s[score_Timer=-1,score_Timer_min=-1000000] Timer 1",
			"execute @s[score_Timer=0,score_Timer_min=0] ~ ~ ~ /kill @e[name=GasStand,r=1]",
			"execute @s[score_Timer=30,score_Timer_min=30,tag=ov] ~ ~ ~ /playsound minecraft:custom.ov_timer master @a ~ ~ ~",
			"execute @s[score_Timer=1,score_Timer_min=1,tag=af] ~ ~ ~ /playsound minecraft:custom.recalibratedhuman master @a ~ ~ ~",
			"execute @s[score_Timer=0,score_Timer_min=0,tag=ua] ~ ~ ~ /playsound minecraft:custom.ultimatrixhuman master @a ~ ~ ~",
			"execute @s[score_Timer=1,score_Timer_min=1,tag=ov] ~ ~ ~ /playsound minecraft:custom.ov_human master @a ~ ~ ~",
			"execute @s[score_Timer=0,score_Timer_min=0] ~ ~ ~ /superpower @s ben_ten:transform_human",
			"superpowerxp 1 @s[tag=0]",
			"superpowerxp 4 @s[tag=20]",
			"superpowerxp 6 @s[tag=35]"]
		},
		"base": {	
	        "ability": "lucraftcore:command",		
            "show_in_bar": true,	
            "title": {"text":"Base Form"},
			"icon": {"type": "texture", "texture": "ben_ten:textures/gui/omnitrix_green.png"},
            "bar_color": "green",
			"conditions": [{
						"type": "lucraftcore:scoreboard_tag", 
						"tag": "Sneaking"}],
			"commands": ["kill @e[name=GasStand,r=1]",
			"superpower @s ben_ten:transform_human", 
			"execute @s[tag=af] ~ ~ ~ /playsound minecraft:custom.recalibratedhuman master @a ~ ~ ~",
			"execute @s[tag=ua] ~ ~ ~ /playsound minecraft:custom.ultimatrixhuman master @a ~ ~ ~",
			"execute @s[tag=ov] ~ ~ ~ /playsound minecraft:custom.ov_human master @a ~ ~ ~"]
		}
	}
}