{
	"name": {
		"text": "Galilean"
	},

	"icon": {
		"type": "texture",
		"texture": "ben_ten:textures/gui/completedomnitrix/galilean.png"
	},

	"creative_tab": "ben10",
	
	"max_level": 40,
	
	"capsule_color": 3080117,
	
    "effects": [
        {
            "type": "skin_change",
            "texture": "ben_ten:textures/models/ben/arburian_pelarota_ball.png"
        },
		{
        "type": "skin_overlay",
        "texture": "ben_ten:textures/models/ben/galilean_sphere.png",
        "size": 15
        },
		{
            "type": "skin_overlay",
            "texture": "ben_ten:textures/overlays/glow/galilean_sphere_glow.png",
            "size": 15,
            "glow": true
        }
    ],
	
	"abilities": {
		"radiation_protection": {
            "ability": "the-fifth-world:potion_immunity",
            "show_in_bar": false,
            "title": {"text":"Radiation Protection"},
            "icon": { "type": "internal" },
            "potion": "lucraftcore:radiation"
        },	
        "tough_lungs": {
            "ability": "lucraftcore:tough_lungs",
            "show_in_bar": false,
            "title": {"translate":"lucraftcore.abilities.tough_lungs.name"},
            "icon": { "type": "internal" },
            "bar_color": "green"
        },	
		"big_size": {
			"ability": "lucraftcore:command_loop",
			"show_in_bar": false,
			"title": {"text": "Big Size"},
			"icon": { "type": "internal" },
			"commands": ["sizechange @s 2 lucraftcore:default"]
		},
		"health": {		
			"ability": "lucraftcore:health",			
            "show_in_bar": false,		
            "title": {"text":"Health"},					
			"amount": 20,
			"operation": 0
		},
		"strength": {	
			"ability": "lucraftcore:strength",				
            "show_in_bar": false,		
            "title": {"text":"Strength"},							
			"amount": 9,
			"operation": 0			
		},
		"defense": {
			"ability": "lucraftcore:resistance",			
            "show_in_bar": false,		
            "title": {"text":"Resistance"},						
			"amount": 20,
			"operation": 0			
		},
		"fall_resistance": {
			"ability": "lucraftcore:fall_resistance",
			"show_in_bar": false,
			"title": {"text":"Fall Resistance"},
			"amount": 200,
			"operation": 0
		},
		"flight": {			
			"ability": "lucraftcore:flight",
			"icon": {"type":"internal"},			
            "show_in_bar": true,
            "title": {"text":"Take Off"},	
            "bar_color": "green",				
			"speed": 0.4,
            "sprint_speed": 1,
			"rotate_arms": true			
		},		
		"reduce_gravity":{
			"ability": "lucraftcore:command",
			"title": {"text":"Reduce Gravity"},
            "bar_color": "green",
			"icon": {"type": "texture",
				"texture": "ben_ten:textures/gui/abilities/gravity_up.png"},
			"commands": ["execute @e[rm=1,r=10] ~ ~ ~ effect @s minecraft:levitation 10 3"]
		},		
		"cancel_reduced_gravity":{
            "ability": "lucraftcore:command_held",
            "show_in_bar": false,
            "title": {"text":"Cancel Reduced Gravity"},
            "icon": { "type": "internal" },
            "bar_color": "green",
            "commands": ["execute @e[rm=1,r=25] ~ ~ ~ effect @s minecraft:levitation 0 0"],
            "parent_ability": "increase_gravity"
        },
		"increase_gravity": {
            "ability": "lucraftcore:command_held",
            "bar_color": "green",            
            "show_in_bar": true,
            "title": {"text":"Increase Gravity"},
			"icon": {"type": "texture",
				"texture": "ben_ten:textures/gui/abilities/gravity_down.png"},
			"commands": ["entitydata @e[type=snowball,r=10] {NoGravity:1b,Motion:[0.0,-3.0,0.0]}",
                  "entitydata @e[type=arrow,r=7] {NoGravity:1b,Motion:[0.0,-3.0,0.0]}",
                  "entitydata @e[type=lucraftcore:energy_blast,r=7] {NoGravity:1b,Motion:[0.0,-3.0,0.0]}",
                  "entitydata @e[type=wither_skull,r=7] {NoGravity:1b,Motion:[0.0,-3.0,0.0]}",
                  "entitydata @e[type=fireball,r=7] {NoGravity:1b,Motion:[0.0,-3.0,0.0]}",
                  "entitydata @e[type=small_fireball,r=7] {NoGravity:1b,Motion:[0.0,-3.0,0.0]}",
                  "entitydata @e[type=dragon_fireball,r=7] {NoGravity:1b,Motion:[0.0,-3.0,0.0]}",
                  "entitydata @e[type=potion,r=7] {NoGravity:1b,Motion:[0.0,-3.0,0.0]}",
                  "entitydata @e[type=shulker_bullet,r=7] {NoGravity:1b,Motion:[0.0,-3.0,0.0]}",
                  "entitydata @e[type=llama_spit,r=7] {NoGravity:1b,Motion:[0.0,-3.0,0.0]}",
                  "entitydata @e[type=heroesexpansion:vibranium_arrow,r=7] {NoGravity:1b,Motion:[0.0,-3.0,0.0]}",
                  "entitydata @e[type=heroesexpansion:smoke_arrow,r=7] {NoGravity:1b,Motion:[0.0,-3.0,0.0]}",
                  "entitydata @e[type=heroesexpansion:gas_arrow,r=7] {NoGravity:1b,Motion:[0.0,-3.0,0.0]}",
                  "entitydata @e[type=heroesexpansion:grappling_arrow,r=7] {NoGravity:1b,Motion:[0.0,-3.0,0.0]}",
                  "entitydata @e[type=heroesexpansion:sharpened_arrow,r=7] {NoGravity:1b,Motion:[0.0,-3.0,0.0]}",
                  "entitydata @e[type=heroesexpansion:explosive_arrow,r=7] {NoGravity:1b,Motion:[0.0,-3.0,0.0]}",
                  "entitydata @e[type=heroesexpansion:kryptonite_arrow,r=7] {NoGravity:1b,Motion:[0.0,-3.0,0.0]}",
                  "entitydata @e[type=heroesexpansion:thrown_billy_club,r=7] {NoGravity:1b,Motion:[0.0,-3.0,0.0]}",
                  "entitydata @e[type=heroesexpansion:web_grenade,r=7] {NoGravity:1b,Motion:[0.0,-3.0,0.0]}",
                  "entitydata @e[type=heroesexpansion:thrown_mjolnir,r=7] {NoGravity:1b,Motion:[0.0,-3.0,0.0]}",
                  "entitydata @e[type=heroesexpansion:impact_web,r=7] {NoGravity:1b,Motion:[0.0,-3.0,0.0]}"]
        },
		"black_hole":{
            "ability": "lucraftcore:command",
			"required_level": 30,
            "show_in_bar": true,
			"bar_color": "green",
            "cooldown": 1000,
            "title": {"text":"Black Hole"},
            "icon": {"type": "texture", "texture": "ben_ten:textures/gui/abilities/black_hole.png"},
            "commands": ["/cast ebwizardry:black_hole @p"]
		},
		"normal_mode": {			
			"ability": "lucraftcore:command",
			"icon": {"type": "texture",
				"texture": "ben_ten:textures/gui/placeholder.png"},			
            "show_in_bar": true,
            "title": {"text":"Normal Mode"},	
            "bar_color": "green",				
			"commands": ["superpower @s ben_ten:galilean"]			
		},
		"death_state":{
			"ability": "lucraftcore:command_loop",
			"show_in_bar": false,
			"title": {"text":"Death State"},			
			"icon": {"type": "texture",
				"texture": "ben_ten:textures/gui/completedomnitrix/ov_trix_timeout.png"},
			"commands": ["execute @s[score_Health=0,score_Health_min=0,tag=ov] ~ ~ ~ /superpower @s ben_ten:completedomnitrix"]
		},
		"timer":{
			"ability": "lucraftcore:command_loop",
			"show_in_bar": false,
			"title": {"text":"Timer"},			
			"icon": {"type": "texture","texture": "ben_ten:textures/gui/omnitrix_timeout.png"},
			"conditions": [{"type": "lucraftcore:not", 
			            "conditions": [{
						"type": "lucraftcore:scoreboard_tag", 
						"tag": "Master"}]}],
			"commands": ["scoreboard players remove @s Timer 1",
			"scoreboard players set @s[score_Timer=-1,score_Timer_min=-1000000] Timer 1",
			"execute @s[score_Timer=30,score_Timer_min=30,tag=ov] ~ ~ ~ /playsound minecraft:custom.ov_timer master @a ~ ~ ~",
			"execute @s[score_Timer=1,score_Timer_min=1,tag=af] ~ ~ ~ /playsound minecraft:custom.recalibratedhuman master @a ~ ~ ~",
			"execute @s[score_Timer=0,score_Timer_min=0,tag=ua] ~ ~ ~ /playsound minecraft:custom.ultimatrixhuman master @a ~ ~ ~",
			"execute @s[score_Timer=1,score_Timer_min=1,tag=ov] ~ ~ ~ /playsound minecraft:custom.ov_human master @a ~ ~ ~",
			"execute @s[score_Timer=0,score_Timer_min=0] ~ ~ ~ /superpower @s ben_ten:transform_human",
			"superpowerxp 1 @s[tag=0]",
			"superpowerxp 4 @s[tag=20]",
			"superpowerxp 6 @s[tag=35]"]
		},
		"base": {	
	        "ability": "lucraftcore:command",		
            "show_in_bar": true,	
            "title": {"text":"Base Form"},
			"icon": {"type": "texture", "texture": "ben_ten:textures/gui/omnitrix_green.png"},
            "bar_color": "green",
			"conditions": [{
						"type": "lucraftcore:scoreboard_tag", 
						"tag": "Sneaking"}],
			"commands": ["superpower @s ben_ten:transform_human", 
			"execute @s[tag=af] ~ ~ ~ /playsound minecraft:custom.recalibratedhuman master @a ~ ~ ~",
			"execute @s[tag=ua] ~ ~ ~ /playsound minecraft:custom.ultimatrixhuman master @a ~ ~ ~",
			"execute @s[tag=ov] ~ ~ ~ /playsound minecraft:custom.ov_human master @a ~ ~ ~"]
		}
	}
}