{
	"name": {
		"text": "Galvanic Mechamorph"
	},

	"icon": {
		"type": "texture",
		"texture": "ben_ten:textures/gui/prototype/galvanic_mechamorph.png"
	},

	"creative_tab": "ben10",
	
	"max_level": 40,
	
	"capsule_color": 3080117,
	
    "effects": [
        {"type": "skin_change","texture": "ben_ten:textures/models/ben/galvanic_mechamorph.png"},
		{"type": "skin_overlay","texture": "ben_ten:textures/overlays/glow/galvanic_mechamorph_glow.png","size": 0,"glow": true,"conditions": [{"type": "always"}]},
		{"type": "skin_overlay","texture": "ben_ten:textures/models/ben/timeout/galvanic_mechamorph.png","size": 0,"glow": true,"conditions": [{"type": "ability_enabled","ability": "lucraftcore:healing"}]}
    ],
	
	"abilities": {
		"os_timeout_gm": {
            "ability": "lucraftcore:healing",
			"conditions": [{"type": "lucraftcore:scoreboard_tag","tag": "TO"}],
            "show_in_bar": false,
            "title": {"text":"Timeout Glow"},
            "icon": {"type": "texture","texture": "ben_ten:textures/gui/prototype/redomnitrix.png"},
            "frequency": 0,
            "amount": 0
        },
		"radiation_protection": {
            "ability": "the-fifth-world:potion_immunity",
            "show_in_bar": false,
            "title": {"text":"Radiation Protection"},
            "icon": {"type": "internal"},
            "potion": "lucraftcore:radiation"
        },
        "tough_lungs": {
            "ability": "lucraftcore:tough_lungs",
            "show_in_bar": false,
            "title": {"translate":"lucraftcore.abilities.tough_lungs.name"},
            "icon": {"type": "internal"}
        },
		"water_breathing": {
			"ability": "lucraftcore:water_breathing",
			"show_in_bar": false,
			"title": {"text": "Water Breathing"},
			"icon": {"type": "internal"}
	    },
		"energy_beam": {
			"ability": "heroesexpansion:photon_blast",
			"required_level": 15,
			"show_in_bar": true,
			"title": {"text":"Energy Beam"},
			"icon": {"type": "texture", "texture": "ben_ten:textures/gui/abilities/galvanicmechamorph_laser.png"},
			"bar_color": "green",
			"color": [85, 255, 85]
		},		
		"morph": {
            "ability": "lucraftcore:command",
            "show_in_bar": true,
            "title": {"text":"Morph"},
            "icon": {"type": "texture", "texture": "ben_ten:textures/gui/abilities/upgrade.png"},
            "bar_color": "green",
		    "commands": ["execute @e[type=villager_golem,r=3] ~ ~ ~ /superpower @p ben_ten:galvanic_mechamorph_golem",
			"execute @e[type=villager_golem,r=3] ~ ~ ~ /tp @e[type=villager_golem,r=3] ~ -100 ~",        
			"execute @s ~ ~ ~ detect ~1 ~ ~ furnace 2 superpower @p ben_ten:galvanic_mechamorph_furnace", 
			"execute @s ~ ~ ~ detect ~-1 ~ ~ furnace 2 superpower @p ben_ten:galvanic_mechamorph_furnace", 
			"execute @s ~ ~ ~ detect ~1 ~ ~ furnace 3 superpower @p ben_ten:galvanic_mechamorph_furnace",			 
			"execute @s ~ ~ ~ detect ~-1 ~ ~ furnace 3 superpower @p ben_ten:galvanic_mechamorph_furnace", 
			"execute @s ~ ~ ~ detect ~1 ~ ~ furnace 4 superpower @p ben_ten:galvanic_mechamorph_furnace", 
			"execute @s ~ ~ ~ detect ~-1 ~ ~ furnace 4 superpower @p ben_ten:galvanic_mechamorph_furnace", 
			"execute @s ~ ~ ~ detect ~1 ~ ~ furnace 5 superpower @p ben_ten:galvanic_mechamorph_furnace", 
			"execute @s ~ ~ ~ detect ~-1 ~ ~ furnace 5 superpower @p ben_ten:galvanic_mechamorph_furnace", 
			"execute @s ~ ~ ~ detect ~ ~-1 ~ furnace 2 superpower @p ben_ten:galvanic_mechamorph_furnace",
			"execute @s ~ ~ ~ detect ~ ~-1 ~ furnace 3 superpower @p ben_ten:galvanic_mechamorph_furnace", 
			"execute @s ~ ~ ~ detect ~ ~-1 ~ furnace 4 superpower @p ben_ten:galvanic_mechamorph_furnace",
			"execute @s ~ ~ ~ detect ~ ~-1 ~ furnace 5 superpower @p ben_ten:galvanic_mechamorph_furnace",			
			"execute @s ~ ~ ~ detect ~ ~ ~1 furnace 2 superpower @p ben_ten:galvanic_mechamorph_furnace", 
			"execute @s ~ ~ ~ detect ~ ~ ~-1 furnace 2 superpower @p ben_ten:galvanic_mechamorph_furnace", 
			"execute @s ~ ~ ~ detect ~ ~ ~1 furnace 3 superpower @p ben_ten:galvanic_mechamorph_furnace",			 
			"execute @s ~ ~ ~ detect ~ ~ ~-1 furnace 3 superpower @p ben_ten:galvanic_mechamorph_furnace", 
			"execute @s ~ ~ ~ detect ~ ~ ~1 furnace 4 superpower @p ben_ten:galvanic_mechamorph_furnace", 
			"execute @s ~ ~ ~ detect ~ ~ ~-1 furnace 4 superpower @p ben_ten:galvanic_mechamorph_furnace", 
			"execute @s ~ ~ ~ detect ~ ~ ~1 furnace 5 superpower @p ben_ten:galvanic_mechamorph_furnace", 
			"execute @s ~ ~ ~ detect ~ ~ ~-1 furnace 5 superpower @p ben_ten:galvanic_mechamorph_furnace",			
			"execute @s ~ ~ ~ detect ~1 ~ ~ furnace 2 fill ~1 ~ ~ ~1 ~ ~ air 0 replace furnace 2",			
			"execute @s ~ ~ ~ detect ~-1 ~ ~ furnace 2 fill ~-1 ~ ~ ~-1 ~ ~ air 0 replace furnace 2",
			"execute @s ~ ~ ~ detect ~ ~-1 ~ furnace 2 fill ~ ~-1 ~ ~ ~-1 ~ air 0 replace furnace 2",			
			"execute @s ~ ~ ~ detect ~ ~ ~1 furnace 2 fill ~ ~ ~1 ~ ~ ~1 air 0 replace furnace 2",
			"execute @s ~ ~ ~ detect ~ ~ ~-1 furnace 2 fill ~ ~ ~-1 ~ ~ ~-1 air 0 replace furnace 2",			
			"execute @s ~ ~ ~ detect ~1 ~ ~ furnace 3 fill ~1 ~ ~ ~1 ~ ~ air 0 replace furnace 3",			
			"execute @s ~ ~ ~ detect ~-1 ~ ~ furnace 3 fill ~-1 ~ ~ ~-1 ~ ~ air 0 replace furnace 3",
			"execute @s ~ ~ ~ detect ~ ~-1 ~ furnace 3 fill ~ ~-1 ~ ~ ~-1 ~ air 0 replace furnace 3",			
			"execute @s ~ ~ ~ detect ~ ~ ~1 furnace 3 fill ~ ~ ~1 ~ ~ ~1 air 0 replace furnace 3",
			"execute @s ~ ~ ~ detect ~ ~ ~-1 furnace 3 fill ~ ~ ~-1 ~ ~ ~-1 air 0 replace furnace 3",			
			"execute @s ~ ~ ~ detect ~1 ~ ~ furnace 4 fill ~1 ~ ~ ~1 ~ ~ air 0 replace furnace 4",			
			"execute @s ~ ~ ~ detect ~-1 ~ ~ furnace 4 fill ~-1 ~ ~ ~-1 ~ ~ air 0 replace furnace 4",
			"execute @s ~ ~ ~ detect ~ ~-1 ~ furnace 4 fill ~ ~-1 ~ ~ ~-1 ~ air 0 replace furnace 4",			
			"execute @s ~ ~ ~ detect ~ ~ ~1 furnace 4 fill ~ ~ ~1 ~ ~ ~1 air 0 replace furnace 4",
			"execute @s ~ ~ ~ detect ~ ~ ~-1 furnace 4 fill ~ ~ ~-1 ~ ~ ~-1 air 0 replace furnace 4",			
			"execute @s ~ ~ ~ detect ~1 ~ ~ furnace 5 fill ~1 ~ ~ ~1 ~ ~ air 0 replace furnace 5",			
			"execute @s ~ ~ ~ detect ~-1 ~ ~ furnace 5 fill ~-1 ~ ~ ~-1 ~ ~ air 0 replace furnace 5",
			"execute @s ~ ~ ~ detect ~ ~-1 ~ furnace 5 fill ~ ~-1 ~ ~ ~-1 ~ air 0 replace furnace 5",			
			"execute @s ~ ~ ~ detect ~ ~ ~1 furnace 5 fill ~ ~ ~1 ~ ~ ~1 air 0 replace furnace 5", 
			"execute @s ~ ~ ~ detect ~ ~ ~-1 furnace 5 fill ~ ~ ~-1 ~ ~ ~-1 air 0 replace furnace 5",
			"execute @s ~ ~ ~ detect ~1 ~ ~ dispenser 0 superpower @p ben_ten:galvanic_mechamorph_dispenser", 
			"execute @s ~ ~ ~ detect ~-1 ~ ~ dispenser 0 superpower @p ben_ten:galvanic_mechamorph_dispenser",
			"execute @s ~ ~ ~ detect ~ ~-1 ~ dispenser 0 superpower @p ben_ten:galvanic_mechamorph_dispenser",
			"execute @s ~ ~ ~ detect ~ ~ ~1 dispenser 0 superpower @p ben_ten:galvanic_mechamorph_dispenser", 
			"execute @s ~ ~ ~ detect ~ ~ ~-1 dispenser 0 superpower @p ben_ten:galvanic_mechamorph_dispenser",			
            "execute @s ~ ~ ~ detect ~1 ~ ~ dispenser 1 superpower @p ben_ten:galvanic_mechamorph_dispenser", 
			"execute @s ~ ~ ~ detect ~-1 ~ ~ dispenser 1 superpower @p ben_ten:galvanic_mechamorph_dispenser",
			"execute @s ~ ~ ~ detect ~ ~-1 ~ dispenser 1 superpower @p ben_ten:galvanic_mechamorph_dispenser",
			"execute @s ~ ~ ~ detect ~ ~ ~1 dispenser 1 superpower @p ben_ten:galvanic_mechamorph_dispenser", 
			"execute @s ~ ~ ~ detect ~ ~ ~-1 dispenser 1 superpower @p ben_ten:galvanic_mechamorph_dispenser",			
			"execute @s ~ ~ ~ detect ~1 ~ ~ dispenser 2 superpower @p ben_ten:galvanic_mechamorph_dispenser", 
			"execute @s ~ ~ ~ detect ~-1 ~ ~ dispenser 2 superpower @p ben_ten:galvanic_mechamorph_dispenser", 
			"execute @s ~ ~ ~ detect ~1 ~ ~ dispenser 3 superpower @p ben_ten:galvanic_mechamorph_dispenser",			 
			"execute @s ~ ~ ~ detect ~-1 ~ ~ dispenser 3 superpower @p ben_ten:galvanic_mechamorph_dispenser", 
			"execute @s ~ ~ ~ detect ~1 ~ ~ dispenser 4 superpower @p ben_ten:galvanic_mechamorph_dispenser", 
			"execute @s ~ ~ ~ detect ~-1 ~ ~ dispenser 4 superpower @p ben_ten:galvanic_mechamorph_dispenser", 
			"execute @s ~ ~ ~ detect ~1 ~ ~ dispenser 5 superpower @p ben_ten:galvanic_mechamorph_dispenser", 
			"execute @s ~ ~ ~ detect ~-1 ~ ~ dispenser 5 superpower @p ben_ten:galvanic_mechamorph_dispenser",
			"execute @s ~ ~ ~ detect ~ ~-1 ~ dispenser 2 superpower @p ben_ten:galvanic_mechamorph_dispenser",
			"execute @s ~ ~ ~ detect ~ ~-1 ~ dispenser 3 superpower @p ben_ten:galvanic_mechamorph_dispenser",
			"execute @s ~ ~ ~ detect ~ ~-1 ~ dispenser 4 superpower @p ben_ten:galvanic_mechamorph_dispenser",
			"execute @s ~ ~ ~ detect ~ ~-1 ~ dispenser 5 superpower @p ben_ten:galvanic_mechamorph_dispenser",			
			"execute @s ~ ~ ~ detect ~ ~ ~1 dispenser 2 superpower @p ben_ten:galvanic_mechamorph_dispenser", 
			"execute @s ~ ~ ~ detect ~ ~ ~-1 dispenser 2 superpower @p ben_ten:galvanic_mechamorph_dispenser", 
			"execute @s ~ ~ ~ detect ~ ~ ~1 dispenser 3 superpower @p ben_ten:galvanic_mechamorph_dispenser",			 
			"execute @s ~ ~ ~ detect ~ ~ ~-1 dispenser 3 superpower @p ben_ten:galvanic_mechamorph_dispenser", 
			"execute @s ~ ~ ~ detect ~ ~ ~1 dispenser 4 superpower @p ben_ten:galvanic_mechamorph_dispenser", 
			"execute @s ~ ~ ~ detect ~ ~ ~-1 dispenser 4 superpower @p ben_ten:galvanic_mechamorph_dispenser", 
			"execute @s ~ ~ ~ detect ~ ~ ~1 dispenser 5 superpower @p ben_ten:galvanic_mechamorph_dispenser", 
			"execute @s ~ ~ ~ detect ~ ~ ~-1 dispenser 5 superpower @p ben_ten:galvanic_mechamorph_dispenser",			
			"execute @s ~ ~ ~ detect ~1 ~ ~ dispenser 0 fill ~1 ~ ~ ~1 ~ ~ air 0 replace dispenser 0",			
			"execute @s ~ ~ ~ detect ~-1 ~ ~ dispenser 0 fill ~-1 ~ ~ ~-1 ~ ~ air 0 replace dispenser 0",
			"execute @s ~ ~ ~ detect ~ ~-1 ~ dispenser 0 fill ~ ~-1 ~ ~ ~-1 ~ air 0 replace dispenser 0",			
			"execute @s ~ ~ ~ detect ~ ~ ~1 dispenser 0 fill ~ ~ ~1 ~ ~ ~1 air 0 replace dispenser 0",
			"execute @s ~ ~ ~ detect ~ ~ ~-1 dispenser 0 fill ~ ~ ~-1 ~ ~ ~-1 air 0 replace dispenser 0",			
			"execute @s ~ ~ ~ detect ~1 ~ ~ dispenser 1 fill ~1 ~ ~ ~1 ~ ~ air 0 replace dispenser 1",			
			"execute @s ~ ~ ~ detect ~-1 ~ ~ dispenser 1 fill ~-1 ~ ~ ~-1 ~ ~ air 0 replace dispenser 1",
			"execute @s ~ ~ ~ detect ~ ~-1 ~ dispenser 1 fill ~ ~-1 ~ ~ ~-1 ~ air 0 replace dispenser 1",			
			"execute @s ~ ~ ~ detect ~ ~ ~1 dispenser 1 fill ~ ~ ~1 ~ ~ ~1 air 0 replace dispenser 1",
			"execute @s ~ ~ ~ detect ~ ~ ~-1 dispenser 1 fill ~ ~ ~-1 ~ ~ ~-1 air 0 replace dispenser 1",			
			"execute @s ~ ~ ~ detect ~1 ~ ~ dispenser 2 fill ~1 ~ ~ ~1 ~ ~ air 0 replace dispenser 2",			
			"execute @s ~ ~ ~ detect ~-1 ~ ~ dispenser 2 fill ~-1 ~ ~ ~-1 ~ ~ air 0 replace dispenser 2",
			"execute @s ~ ~ ~ detect ~ ~-1 ~ dispenser 2 fill ~ ~-1 ~ ~ ~-1 ~ air 0 replace dispenser 2",			
			"execute @s ~ ~ ~ detect ~ ~ ~1 dispenser 2 fill ~ ~ ~1 ~ ~ ~1 air 0 replace dispenser 2",
			"execute @s ~ ~ ~ detect ~ ~ ~-1 dispenser 2 fill ~ ~ ~-1 ~ ~ ~-1 air 0 replace dispenser 2",			
			"execute @s ~ ~ ~ detect ~1 ~ ~ dispenser 3 fill ~1 ~ ~ ~1 ~ ~ air 0 replace dispenser 3",			
			"execute @s ~ ~ ~ detect ~-1 ~ ~ dispenser 3 fill ~-1 ~ ~ ~-1 ~ ~ air 0 replace dispenser 3",
			"execute @s ~ ~ ~ detect ~ ~-1 ~ dispenser 3 fill ~ ~-1 ~ ~ ~-1 ~ air 0 replace dispenser 3",			
			"execute @s ~ ~ ~ detect ~ ~ ~1 dispenser 3 fill ~ ~ ~1 ~ ~ ~1 air 0 replace dispenser 3",
			"execute @s ~ ~ ~ detect ~ ~ ~-1 dispenser 3 fill ~ ~ ~-1 ~ ~ ~-1 air 0 replace dispenser 3",			
			"execute @s ~ ~ ~ detect ~1 ~ ~ dispenser 4 fill ~1 ~ ~ ~1 ~ ~ air 0 replace dispenser 4",			
			"execute @s ~ ~ ~ detect ~-1 ~ ~ dispenser 4 fill ~-1 ~ ~ ~-1 ~ ~ air 0 replace dispenser 4",
			"execute @s ~ ~ ~ detect ~ ~-1 ~ dispenser 4 fill ~ ~-1 ~ ~ ~-1 ~ air 0 replace dispenser 4",			
			"execute @s ~ ~ ~ detect ~ ~ ~1 dispenser 4 fill ~ ~ ~1 ~ ~ ~1 air 0 replace dispenser 4",
			"execute @s ~ ~ ~ detect ~ ~ ~-1 dispenser 4 fill ~ ~ ~-1 ~ ~ ~-1 air 0 replace dispenser 4",			
			"execute @s ~ ~ ~ detect ~1 ~ ~ dispenser 5 fill ~1 ~ ~ ~1 ~ ~ air 0 replace dispenser 5",			
			"execute @s ~ ~ ~ detect ~-1 ~ ~ dispenser 5 fill ~-1 ~ ~ ~-1 ~ ~ air 0 replace dispenser 5",
			"execute @s ~ ~ ~ detect ~ ~-1 ~ dispenser 5 fill ~ ~-1 ~ ~ ~-1 ~ air 0 replace dispenser 5",			
			"execute @s ~ ~ ~ detect ~ ~ ~1 dispenser 5 fill ~ ~ ~1 ~ ~ ~1 air 0 replace dispenser 5", 
			"execute @s ~ ~ ~ detect ~ ~ ~-1 dispenser 5 fill ~ ~ ~-1 ~ ~ ~-1 air 0 replace dispenser 5",
			"execute @s ~ ~ ~ detect ~1 ~ ~ jukebox 0 superpower @p ben_ten:galvanic_mechamorph_jukebox", 
			"execute @s ~ ~ ~ detect ~-1 ~ ~ jukebox 0 superpower @p ben_ten:galvanic_mechamorph_jukebox",
			"execute @s ~ ~ ~ detect ~ ~-1 ~ jukebox 0 superpower @p ben_ten:galvanic_mechamorph_jukebox",
			"execute @s ~ ~ ~ detect ~ ~ ~1 jukebox 0 superpower @p ben_ten:galvanic_mechamorph_jukebox", 
			"execute @s ~ ~ ~ detect ~ ~ ~-1 jukebox 0 superpower @p ben_ten:galvanic_mechamorph_jukebox",			
            "execute @s ~ ~ ~ detect ~1 ~ ~ jukebox 1 superpower @p ben_ten:galvanic_mechamorph_jukebox", 
			"execute @s ~ ~ ~ detect ~-1 ~ ~ jukebox 1 superpower @p ben_ten:galvanic_mechamorph_jukebox",
			"execute @s ~ ~ ~ detect ~ ~-1 ~ jukebox 1 superpower @p ben_ten:galvanic_mechamorph_jukebox",
			"execute @s ~ ~ ~ detect ~ ~ ~1 jukebox 1 superpower @p ben_ten:galvanic_mechamorph_jukebox", 
			"execute @s ~ ~ ~ detect ~ ~ ~-1 jukebox 1 superpower @p ben_ten:galvanic_mechamorph_jukebox",			
			"execute @s ~ ~ ~ detect ~1 ~ ~ jukebox 0 fill ~1 ~ ~ ~1 ~ ~ air 0 replace jukebox 0",			
			"execute @s ~ ~ ~ detect ~-1 ~ ~ jukebox 0 fill ~-1 ~ ~ ~-1 ~ ~ air 0 replace jukebox 0",			
			"execute @s ~ ~ ~ detect ~ ~-1 ~ jukebox 0 fill ~ ~-1 ~ ~ ~-1 ~ air 0 replace jukebox 0",			
			"execute @s ~ ~ ~ detect ~ ~ ~1 jukebox 0 fill ~ ~ ~1 ~ ~ ~1 air 0 replace jukebox 0",
			"execute @s ~ ~ ~ detect ~ ~ ~-1 jukebox 0 fill ~ ~ ~-1 ~ ~ ~-1 air 0 replace jukebox 0",			
			"execute @s ~ ~ ~ detect ~1 ~ ~ jukebox 1 fill ~1 ~ ~ ~1 ~ ~ air 0 replace jukebox 1",			
			"execute @s ~ ~ ~ detect ~-1 ~ ~ jukebox 1 fill ~-1 ~ ~ ~-1 ~ ~ air 0 replace jukebox 1",		
			"execute @s ~ ~ ~ detect ~ ~-1 ~ jukebox 1 fill ~ ~-1 ~ ~ ~-1 ~ air 0 replace jukebox 1",			
			"execute @s ~ ~ ~ detect ~ ~ ~1 jukebox 1 fill ~ ~ ~1 ~ ~ ~1 air 0 replace jukebox 1",
			"execute @s ~ ~ ~ detect ~ ~ ~-1 jukebox 1 fill ~ ~ ~-1 ~ ~ ~-1 air 0 replace jukebox 1"]
		},
		"death_state_gm":{
			"ability": "lucraftcore:command_loop",
			"show_in_bar": false,
			"title": {"text":"Death State"},			
			"icon": {"type": "texture",
				"texture": "ben_ten:textures/gui/omnitrix_timeout.png"},
			"commands": ["execute @s[score_Health=0,score_Health_min=0,tag=os] ~ ~ ~ /superpower @s ben_ten:prototypeomnitrix",
			"execute @s[score_Health=0,score_Health_min=0,tag=af] ~ ~ ~ /superpower @s ben_ten:recalibratedomnitrix",
			"execute @s[score_Health=0,score_Health_min=0,tag=ua] ~ ~ ~ /superpower @s ben_ten:ultimatrix",
			"execute @s[score_Health=0,score_Health_min=0,tag=ov] ~ ~ ~ /superpower @s ben_ten:completedomnitrix",
			"sizechange @s 1.2 lucraftcore:default"]
		},
		"timer":{
			"ability": "lucraftcore:command_loop",
			"show_in_bar": false,
			"title": {"text":"Timer"},			
			"icon": {"type": "texture",
				"texture": "ben_ten:textures/gui/prototype/redomnitrix.png"},
			"conditions": [{"type": "lucraftcore:not", 
			            "conditions": [{
						"type": "lucraftcore:scoreboard_tag", 
						"tag": "Master"}]}],
			"commands": ["scoreboard players remove @s Timer 1",
			"scoreboard players set @s[score_Timer=-1,score_Timer_min=-1000000] Timer 1", 
			"execute @s[score_Timer=60,score_Timer_min=60,tag=os] ~ ~ ~ /playsound minecraft:custom.timeout master @a ~ ~ ~",
			"execute @s[score_Timer=60,score_Timer_min=60,tag=os] ~ ~ ~ /scoreboard players tag @s add TO",
			"execute @s[score_Timer=50,score_Timer_min=50,tag=os] ~ ~ ~ /scoreboard players tag @s remove TO",
			"execute @s[score_Timer=40,score_Timer_min=40,tag=os] ~ ~ ~ /scoreboard players tag @s add TO",
			"execute @s[score_Timer=30,score_Timer_min=30,tag=os] ~ ~ ~ /scoreboard players tag @s remove TO",
			"execute @s[score_Timer=20,score_Timer_min=20,tag=os] ~ ~ ~ /scoreboard players tag @s add TO",
			"execute @s[score_Timer=10,score_Timer_min=10,tag=os] ~ ~ ~ /scoreboard players tag @s remove TO",
			"execute @s[score_Timer=1,score_Timer_min=1] ~ ~ ~ /playsound minecraft:custom.transform master @a ~ ~ ~", 
			"execute @s[score_Timer=0,score_Timer_min=0] ~ ~ ~ /superpower @s ben_ten:transform_human_os",
			"superpowerxp 1 @s[tag=0]",
			"superpowerxp 4 @s[tag=20]",
			"superpowerxp 6 @s[tag=35]"]
		},
		"base_os": {	
	        "ability": "lucraftcore:command",
            "show_in_bar": true,	
            "title": {"text":"Base Form"},
			"icon": { "type": "texture", "texture": "ben_ten:textures/gui/omnitrix_green.png" },
			"conditions": [{"type": "lucraftcore:scoreboard_tag", 
			                "tag": "os"},
							{"type": "lucraftcore:or",
                            "conditions": [
                            {"type": "lucraftcore:level",
                             "level": 30},
                            {"type": "lucraftcore:scoreboard_tag",
                             "tag": "Master"}]
                    }],
            "bar_color": "green",				
			"commands": ["superpower @s ben_ten:transform_human", 
			"playsound minecraft:custom.transform master @a ~ ~ ~"]
		}
	}
}