{
	"name": {
		"text": "Galvanic Mechamorph"
	},

	"icon": {
		"type": "texture",
		"texture": "ben_ten:textures/gui/prototype/galvanic_mechamorph.png"
	},

	"creative_tab": "ben10",
	
	"max_level": 40,
	
	"capsule_color": 3080117,
	
    "effects": [ 
		{
            "type": "skin_change",
            "texture": "ben_ten:textures/models/ben/galvanic_mechamorph_golem.png",
			"conditions": [
        		{
            		"type": "ability_enabled",
					"ability": "heroesexpansion:precision"
            	}
			]
			
        },
		{
            "type": "skin_overlay",
            "texture": "ben_ten:textures/overlays/glow/galvanic_mechamorph_golem_glow.png",
            "size": 0,
            "glow": false,
			"conditions": [
        		{
            		"type": "ability_enabled",
					"ability": "heroesexpansion:precision"
            	}
			]
        },
		{
            "type": "skin_overlay",
            "texture": "ben_ten:textures/models/ben/timeout/golem.png",
            "size": 0,
            "glow": true,
            "conditions": [
            	{
            		"type": "ability_enabled",
					"ability": "lucraftcore:healing"
            	}
            ]
        },
		{
        "type": "skin_change",
        "texture": "ben_ten:textures/models/ben/recalibrated/r_galvanic_mechamorph_golem.png",
            "conditions": [            	
				{
            		"type": "ability_enabled",
					"ability": "lucraftcore:knockback_resistance"
            	}
			]
       },
		{
            "type": "skin_overlay",
            "texture": "ben_ten:textures/overlays/glow/recalibrated/r_galvanic_mechamorph_golem_glow.png",
            "size": 0,
            "glow": true,
            "conditions": [
            	{
            		"type": "always"
            	},
				{
            		"type": "ability_enabled",
					"ability": "lucraftcore:knockback_resistance"
            	}
            ]
       },
		{
        "type": "skin_change",
        "texture": "ben_ten:textures/models/ben/ov_galvanic_mechamorph_golem.png",
            "conditions": [            	
				{
            		"type": "ability_enabled",
					"ability": "lucraftcore:step_assist"
            	}
			]
       },
		{
            "type": "skin_overlay",
            "texture": "ben_ten:textures/overlays/glow/ov_galvanic_mechamorph_golem_glow.png",
            "size": 0,
            "glow": true,
            "conditions": [
            	{
            		"type": "always"
            	},
				{
            		"type": "ability_enabled",
					"ability": "lucraftcore:step_assist"
            	}
            ]
       }
    ],
	
	"abilities": {
		"os": {
            "ability": "heroesexpansion:precision",
            "show_in_bar": false,
            "title": {"text":"OS"},
			"conditions": [{
			    "type": "lucraftcore:scoreboard_tag",
				"tag": "os"}]
       },
		"uaf_form": {
            "ability": "lucraftcore:knockback_resistance",
            "show_in_bar": false,
            "title": {"text":"UAF Skin"},
            "icon": {"type": "texture", "texture": "ben_ten:textures/gui/recal/recal_omnitrix.png"},
			"conditions": [{
			    "type": "lucraftcore:scoreboard_tag",
				"tag": "ua"}]
        },
		"ov_form": {
            "ability": "lucraftcore:step_assist",
            "show_in_bar": false,
            "title": {"text":"OV Skin"},
            "icon": {"type": "texture", "texture": "ben_ten:textures/gui/completedomnitrix/ov_trix_master.png"},
			"conditions": [{
			    "type": "lucraftcore:scoreboard_tag",
				"tag": "ov"}]
        },
		"os_timeout_gmg": {
            "ability": "lucraftcore:healing",
			"conditions": [{"type": "lucraftcore:scoreboard_tag","tag": "TO"}],
            "show_in_bar": false,
            "title": {"text":"Timeout Glow"},
            "icon": {"type": "texture","texture": "ben_ten:textures/gui/prototype/redomnitrix.png"},
            "frequency": 0,
            "amount": 0
        },
		"gain": {
            "ability": "lucraftcore:command_on_gain",
            "show_in_bar": false,
            "title": {"translate":"lucraftcore.abilities.command_on_gain.name"},
            "icon": {"type": "internal"},
            "commands": ["scoreboard objectives add Boom dummy"]
        },
		"lose": {
            "ability": "lucraftcore:command_on_lose",
            "show_in_bar": false,
            "title": {"translate":"lucraftcore.abilities.command_on_lose.name"},
            "icon": {"type": "internal"},
            "commands": ["scoreboard objectives remove Boom dummy"]
        },
		"radiation_protection": {
            "ability": "the-fifth-world:potion_immunity",
            "show_in_bar": false,
            "title": {"text":"Radiation Protection"},
            "icon": {"type": "internal"},
            "potion": "lucraftcore:radiation"
		},
		"size": {
			"ability": "lucraftcore:command_loop",
			"show_in_bar": false,
			"title": {"text": "Big size"},
			"icon": {"type": "internal"},
			"bar_color": "green",
			"commands": ["sizechange @s 1.5 lucraftcore:default",
			             "effect @s minecraft:slowness 1 3 true",
						 "execute @e[tag=Boom] ~ ~ ~ /summon Creeper ~ ~1 ~ {Fuse:0}",
			             "execute @s[tag=Boom!!] ~ ~ ~ /scoreboard players add @s Boom 1",
			             "execute @s[score_Boom=10,score_Boom_min=10] ~ ~ ~ /scoreboard players tag @s remove Boom!!",
			             "execute @s[score_Boom=10,score_Boom_min=10] ~ ~ ~ /scoreboard players set @s Boom 1",
						 "execute @s[score_Health=0,score_Health_min=0,tag=os] ~ ~ ~ /superpower @s ben_ten:prototypeomnitrix",
						 "execute @s[score_Health=0,score_Health_min=0,tag=af] ~ ~ ~ /superpower @s ben_ten:recalibratedomnitrix",
						 "execute @s[score_Health=0,score_Health_min=0,tag=ua] ~ ~ ~ /superpower @s ben_ten:ultimatrix",
						 "execute @s[score_Health=0,score_Health_min=0,tag=ov] ~ ~ ~ /superpower @s ben_ten:completedomnitrix",
						 "execute @s[score_Health=0,score_Health_min=0] ~ ~ ~ /summon villager_golem ~1 ~ ~1"]
        },
		"fire_resistance": {
            "ability": "lucraftcore:fire_resistance",
            "show_in_bar": false,
            "title": {"translate":"lucraftcore.abilities.fire_resistance.name"},
            "icon": {"type": "internal"}
        },
		"jump_boost": {
			"ability": "lucraftcore:jump_boost",
			"show_in_bar": false,
			"title": {"text":"Jump Boost"},
			"icon": {"type": "internal"},
			"bar_color": "green",
			"amount": 3
		},
		"fall_resistance": {
			"ability": "lucraftcore:fall_resistance",
			"show_in_bar": false,
			"title": {"text":"Fall Resistance"},
			"amount": 8
		},
		"strength": {	
			"ability": "lucraftcore:strength",				
            "show_in_bar": false,		
            "title": {"text":"Strength"},							
			"amount": 18		
		},
		"defense": {
			"ability": "lucraftcore:resistance",			
            "show_in_bar": false,		
            "title": {"text":"Resistance"},						
			"amount": 40
		},
		"water_breathing": {
			"ability": "lucraftcore:water_breathing",
			"show_in_bar": false,
			"title": {"text": "Water Breathing"},
			"icon": {"type": "internal"}
	    },
        "tough_lungs": {
            "ability": "lucraftcore:tough_lungs",
            "show_in_bar": false,
            "title": {"translate":"lucraftcore.abilities.tough_lungs.name"},
            "icon": {"type": "internal"},
            "bar_color": "green"
        },
		"energy_beam": {
			"ability": "heroesexpansion:photon_blast",
			"show_in_bar": true,
			"title": {"text":"Energy Beam"},
			"icon": {"type": "internal"},
			"bar_color": "green",
			"color": [85, 255, 85]
		},
		"energy_beam_xp": {
            "ability": "lucraftcore:command_held",
			"parent_ability": "energy_beam",
            "show_in_bar": false,
            "title": {"text":"Energy Beam XP"},
            "icon": {"type": "internal"},
            "conditions": [{
			    "type": "ability_enabled",
				"ability": "heroesexpansion:photon_blast"}],
		    "commands": ["superpowerxp 10 @s"]
		},
		"disintegration_beam":{
            "ability": "lucraftcore:command",
			"required_level": 10,
            "show_in_bar": true,
			"bar_color": "green",
            "cooldown": 10,
            "title": {"text":"Disintegration Beam"},
            "icon": {"type": "texture", "texture": "ben_ten:textures/gui/abilities/heat_ray.png"},
            "commands": ["cast ebwizardry:disintegration @p {blast:20}"]
		},
		"electrical_discharge":{
            "ability": "lucraftcore:command",
			"required_level": 5,
            "show_in_bar": true,
			"bar_color": "green",
            "cooldown": 10,
            "title": {"text":"Electrical Discharge"},
            "icon": {"type": "texture", "texture": "ben_ten:textures/gui/abilities/chainshock.png"},
            "commands": ["cast ebwizardry:lightning_web @p 1 {blast:10}"]
		},
		"flight": {			
			"ability": "lucraftcore:flight",
			"required_level": 25,
			"icon": {"type": "internal"},
            "cooldown": 100,			
            "show_in_bar": true,
            "title": {"text":"Booster Jets"},	
            "bar_color": "green",				
			"speed": 1.0,
            "sprint_speed": 1.5,
			"rotate_arms": false
		},
		"flight_particles":{
			"ability": "lucraftcore:command_loop",
			"parent_ability": "flight",
			"show_in_bar": false,
			"title": {"text":"Flight Particles"},			
			"icon": {"type": "texture",
				"texture": "ben_ten:textures/gui/prototype/redomnitrix.png"},
			"commands": ["execute @s[ry=22,rym=-22] ~ ~ ~ /particle cloud ~0.4 ~0.4 ~ 0.05 0.05 0.05 0.001 100 force",
                         "execute @s[ry=22,rym=-22] ~ ~ ~ /particle cloud ~-0.4 ~0.4 ~ 0.05 0.05 0.05 0.001 100 force",
                         "execute @s[ry=67,rym=23] ~ ~ ~ /particle cloud ~0.3 ~0.4 ~0.3 0.05 0.05 0.05 0.001 100 force",
                         "execute @s[ry=67,rym=23] ~ ~ ~ /particle cloud ~-0.3 ~0.4 ~-0.3 0.05 0.05 0.05 0.001 100 force",
                         "execute @s[ry=112,rym=68] ~ ~ ~ /particle cloud ~ ~0.4 ~-0.4 0.05 0.05 0.05 0.001 100 force",
                         "execute @s[ry=112,rym=68] ~ ~ ~ /particle cloud ~ ~0.4 ~0.4 0.05 0.05 0.05 0.001 100 force",
                         "execute @s[ry=157,rym=113] ~ ~ ~ /particle cloud ~-0.3 ~0.4 ~0.3 0.05 0.05 0.05 0.001 100 force",
                         "execute @s[ry=157,rym=113] ~ ~ ~ /particle cloud ~0.3 ~0.4 ~-0.3 0.05 0.05 0.05 0.001 100 force",
                         "execute @s[ry=-158,rym=158] ~ ~ ~ /particle cloud ~0.4 ~0.4 ~ 0.05 0.05 0.05 0.001 100 force",
                         "execute @s[ry=-158,rym=158] ~ ~ ~ /particle cloud ~-0.4 ~0.4 ~ 0.05 0.05 0.05 0.001 100 force",
                         "execute @s[ry=-113,rym=-157] ~ ~ ~ /particle cloud ~-0.3 ~0.4 ~-0.3 0.05 0.05 0.05 0.001 100 force",
                         "execute @s[ry=-113,rym=-157] ~ ~ ~ /particle cloud ~0.3 ~0.4 ~0.3 0.05 0.05 0.05 0.001 100 force",
                         "execute @s[ry=-68,rym=-112] ~ ~ ~ /particle cloud ~ ~0.4 ~0.4 0.05 0.05 0.05 0.001 100 force",
                         "execute @s[ry=-68,rym=-112] ~ ~ ~ /particle cloud ~ ~0.4 ~-0.4 0.05 0.05 0.05 0.001 100 force",
                         "execute @s[ry=-23,rym=-67] ~ ~ ~ /particle cloud ~0.3 ~0.4 ~-0.3 0.05 0.05 0.05 0.001 100 force",
                         "execute @s[ry=-23,rym=-67] ~ ~ ~ /particle cloud ~-0.3 ~0.4 ~0.3 0.05 0.05 0.05 0.001 100 force"],
            "conditions": [{
			    "type": "ability_enabled",
				"ability": "lucraftcore:flight"}]
		},
		"de_merge": {	
	        "ability": "lucraftcore:command",		
            "show_in_bar": true,	
            "title": {"text":"De-merge"},
			"icon": { "type": "texture", "texture": "ben_ten:textures/gui/abilities/upgrade.png" },
            "bar_color": "green",				
			"commands": ["execute @s[tag=os] ~ ~ ~ /superpower @s ben_ten:galvanic_mechamorph",
			             "execute @s[tag=ua] ~ ~ ~ /superpower @s ben_ten:U_galvanic_mechamorph",
			             "execute @s[tag=ov] ~ ~ ~ /superpower @s ben_ten:ov_galvanic_mechamorph",
			             "/summon villager_golem ~1 ~ ~1"]
		},
		"timer":{
			"ability": "lucraftcore:command_loop",
			"show_in_bar": false,
			"title": {"text":"Timer"},			
			"icon": {"type": "texture",
				"texture": "ben_ten:textures/gui/omnitrix_timeout.png"},
			"conditions": [{"type": "lucraftcore:not", 
			            "conditions": [{
						"type": "lucraftcore:scoreboard_tag", 
						"tag": "Master"}]}],
			"commands": ["scoreboard players remove @s Timer 1",
			             "scoreboard players set @s[score_Timer=-1,score_Timer_min=-1000000] Timer 1",
			             "execute @s[score_Timer=60,score_Timer_min=60,tag=os] ~ ~ ~ /playsound minecraft:custom.timeout master @a ~ ~ ~",
			             "execute @s[score_Timer=60,score_Timer_min=60,tag=os] ~ ~ ~ /scoreboard players tag @s add TO",
			             "execute @s[score_Timer=50,score_Timer_min=50,tag=os] ~ ~ ~ /scoreboard players tag @s remove TO",
			             "execute @s[score_Timer=40,score_Timer_min=40,tag=os] ~ ~ ~ /scoreboard players tag @s add TO",
			             "execute @s[score_Timer=30,score_Timer_min=30,tag=os] ~ ~ ~ /scoreboard players tag @s remove TO",
			             "execute @s[score_Timer=20,score_Timer_min=20,tag=os] ~ ~ ~ /scoreboard players tag @s add TO",
			             "execute @s[score_Timer=10,score_Timer_min=10,tag=os] ~ ~ ~ /scoreboard players tag @s remove TO",
			             "execute @s[score_Timer=0,score_Timer_min=0] ~ ~ ~ /summon villager_golem ~1 ~ ~1",
			             "execute @s[score_Timer=0,score_Timer_min=0,tag=os] ~ ~ ~ /superpower @s ben_ten:transform_human_os",
			             "execute @s[score_Timer=1,score_Timer_min=1,tag=os] ~ ~ ~ /playsound minecraft:custom.transform master @a ~ ~ ~",
			             "execute @s[score_Timer=0,score_Timer_min=0,tag=af] ~ ~ ~ /superpower @s ben_ten:transform_human",
			             "execute @s[score_Timer=1,score_Timer_min=1,tag=af] ~ ~ ~ /playsound minecraft:custom.recalibratedhuman master @a ~ ~ ~",
			             "execute @s[score_Timer=0,score_Timer_min=0,tag=ua] ~ ~ ~ /superpower @s ben_ten:transform_human",
			             "execute @s[score_Timer=0,score_Timer_min=0,tag=ua] ~ ~ ~ /playsound minecraft:custom.ultimatrixhuman master @a ~ ~ ~",
			             "execute @s[score_Timer=30,score_Timer_min=30,tag=ov] ~ ~ ~ /playsound minecraft:custom.ov_timer master @a ~ ~ ~",
			             "execute @s[score_Timer=1,score_Timer_min=1,tag=ov] ~ ~ ~ /playsound minecraft:custom.ov_human master @a ~ ~ ~",
			             "execute @s[score_Timer=0,score_Timer_min=0,tag=ov] ~ ~ ~ /superpower @s ben_ten:transform_human",
			             "superpowerxp 1 @s[tag=0]",
			             "superpowerxp 4 @s[tag=20]",
			             "superpowerxp 6 @s[tag=35]"]
		},
		"base": {	
	        "ability": "lucraftcore:command",		
            "show_in_bar": true,	
            "title": {"text":"Base Form"},
			"icon": {"type": "texture", "texture": "ben_ten:textures/gui/omnitrix_green.png"},
            "bar_color": "green",
			"conditions": [{"type": "lucraftcore:scoreboard_tag", 
			                "tag": "Sneaking"},
							{"type": "lucraftcore:or",
                            "conditions": [
                            {"type": "lucraftcore:level",
                             "level": 30},
                            {"type": "lucraftcore:scoreboard_tag",
                             "tag": "Master"},
                            {"type": "lucraftcore:scoreboard_tag",
                             "tag": "af"},
                            {"type": "lucraftcore:scoreboard_tag",
                             "tag": "ua"},
                            {"type": "lucraftcore:scoreboard_tag",
                             "tag": "ov"}]
                    }],
			"commands": ["superpower @s ben_ten:transform_human",
			"/summon villager_golem ~1 ~ ~1",
			"execute @s[tag=os] ~ ~ ~ /playsound minecraft:custom.transform master @a ~ ~ ~",  
			"execute @s[tag=af] ~ ~ ~ /playsound minecraft:custom.recalibratedhuman master @a ~ ~ ~",
			"execute @s[tag=ua] ~ ~ ~ /playsound minecraft:custom.ultimatrixhuman master @a ~ ~ ~",
			"execute @s[tag=ov] ~ ~ ~ /playsound minecraft:custom.ov_human master @a ~ ~ ~"]
		}
	}
}