{
	"name": {"text": "Galvan"},
	"icon": {"type": "texture","texture": "ben_ten:textures/gui/prototype/galvan.png"},
	"creative_tab": "ben10",	
	"max_level": 40,	
    "effects": [
        {"type": "skin_change","texture": "ben_ten:textures/models/ben/galvan.png"},
		{"type": "skin_overlay","texture": "ben_ten:textures/models/ben/timeout/galvan.png","size": 0,"glow": true,"conditions": [{"type": "ability_enabled","ability": "lucraftcore:healing"}]},
		{"type": "skin_change","texture": "ben_ten:textures/models/ben/recalibrated/r_galvan.png","conditions": [{"type": "ability_enabled","ability": "lucraftcore:knockback_resistance"}]},
		{"type": "skin_overlay","texture": "ben_ten:textures/overlays/glow/recalibrated/r_galvan_glow.png","size": 0,"glow": true,"conditions": [{"type": "ability_enabled","ability": "lucraftcore:knockback_resistance"}]},
		{"type": "skin_change","texture": "ben_ten:textures/models/ben/ov_galvan.png","conditions": [{"type": "ability_enabled","ability": "lucraftcore:step_assist"}]},
		{"type": "skin_overlay","texture": "ben_ten:textures/overlays/glow/ov_galvan_glow.png","size": 0,"glow": true,"conditions": [{"type": "ability_enabled","ability": "lucraftcore:step_assist"}]}
    ],
	
	"abilities": {
		"radiation_protection": {
            "ability": "the-fifth-world:potion_immunity",
            "show_in_bar": false,
            "title": {"text":"Radiation Protection"},
            "potion": "lucraftcore:radiation"
       },
		"ov_form": {
            "ability": "lucraftcore:step_assist",
            "show_in_bar": false,
            "title": {"text":"OV Skin"},
            "icon": {"type": "texture", "texture": "ben_ten:textures/gui/completedomnitrix/ov_trix_master.png"},
			"conditions": [{"type": "lucraftcore:scoreboard_tag","tag": "ov"}]
        },
		"uaf_form": {
            "ability": "lucraftcore:knockback_resistance",
            "show_in_bar": false,
            "title": {"text":"UAF Skin"},
            "icon": {"type": "texture", "texture": "ben_ten:textures/gui/recal/recal_omnitrix.png"},
			"conditions": [{"type": "lucraftcore:scoreboard_tag","tag": "ua"}]
        },
		"os_timeout_ga": {
            "ability": "lucraftcore:healing",
			"conditions": [{"type": "lucraftcore:scoreboard_tag","tag": "TO"}],
            "show_in_bar": false,
            "title": {"text":"Timeout Glow"},
            "icon": {"type": "texture","texture": "ben_ten:textures/gui/prototype/redomnitrix.png"},
            "frequency": 0,
            "amount": 0
        },
		"jump_boost": {
			"ability": "lucraftcore:jump_boost",
			"show_in_bar": false,
			"title": {"text":"Jump Boost"},
			"amount": 3
		},
		"fall_resistance": {
			"ability": "lucraftcore:fall_resistance",
			"show_in_bar": false,
			"title": {"text":"Fall Resistance"},
			"amount": 8
		},
		"amphibious": {
            "ability": "lucraftcore:water_breathing",
            "show_in_bar": false,
            "title": {"translate":"lucraftcore.abilities.water_breathing.name"}
       },
		"wall_crawling": {
            "ability": "heroesexpansion:wall_crawling",
            "show_in_bar": true,
            "title": {"translate":"heroesexpansion.abilities.wall_crawling.name"},
            "bar_color": "green"
		},
		"wall_crawling_xp": {
            "ability": "lucraftcore:command",
			"parent_ability": "wall_crawling",
            "show_in_bar": false,
            "title": {"text":"Wall Crawling XP"},
            "conditions": [{
			    "type": "ability_enabled",
				"ability": "heroesexpansion:wall_crawling"}],
		    "commands": ["superpowerxp 50 @s"]
		},
		"craft":{
            "ability": "lucraftcore:command",
			"cooldown": 500,
            "show_in_bar": true,
			"bar_color": "green",
            "title": {"text":"Craft"},
            "icon": {"type": "texture", "texture": "ben_ten:textures/gui/abilities/craft.png"},
            "commands": ["cast ebwizardry:pocket_workbench @p", "superpowerxp 100 @s"]
		},
		"hack":{
            "ability": "lucraftcore:command",
			"required_level": 15,
            "show_in_bar": true,
			"bar_color": "green",
            "cooldown": 247,
            "title": {"text":"Hack Omnitrix"},
			"conditions": [{"type": "lucraftcore:or","conditions": [{"type": "lucraftcore:scoreboard_tag","tag": "os"},{"type": "lucraftcore:scoreboard_tag","tag": "ov"}]}],
            "icon": {"type": "texture", "texture": "ben_ten:textures/gui/prototype/whiteomnitrix.png"},
            "commands": ["execute @s[score_Hack=10,score_Hack_min=0] ~ ~ ~ /superpowerxp 1L @s",
			"execute @s[score_Hack=15,score_Hack_min=11] ~ ~ ~ /superpowerxp -1L @s",
			"execute @s[score_Hack=65,score_Hack_min=61] ~ ~ ~ /superpowerxp 2L @s",
			"execute @s[score_Hack=25,score_Hack_min=21] ~ ~ ~ /superpowerxp -2L @s",			
			"execute @s[score_Hack=30,score_Hack_min=26,tag=os] ~ ~ ~ /tellraw @s {\"text\":\"Hmm, from this I can tell a digit of the master control code is 7\",\"color\":\"green\"}",
			"execute @s[score_Hack=70,score_Hack_min=66,tag=os] ~ ~ ~ /tellraw @s {\"text\":\"Hmm, from this I can tell a digit of the master control code is 5\",\"color\":\"green\"}",
			"execute @s[score_Hack=105,score_Hack_min=101,tag=os] ~ ~ ~ /tellraw @s {\"text\":\"Hmm, from this I can tell a digit of the master control is 6\",\"color\":\"green\"}",
			"execute @s[score_Hack=140,score_Hack_min=136,tag=os] ~ ~ ~ /tellraw @s {\"text\":\"Hmm, from this I can tell a digit of the master control code is 3\",\"color\":\"green\"}",			
			"execute @s[score_Hack=35,score_Hack_min=31,tag=os] ~ ~ ~ /tellraw @s {\"text\":\"Clearly a digit of the self-destruct code is 8\",\"color\":\"green\"}",
			"execute @s[score_Hack=75,score_Hack_min=71,tag=os] ~ ~ ~ /tellraw @s {\"text\":\"Clearly a digit of the self-destruct code is 5\",\"color\":\"green\"}",			
			"execute @s[score_Hack=110,score_Hack_min=106,tag=os] ~ ~ ~ /tellraw @s {\"text\":\"Clearly a digit of the self-destruct code is 3\",\"color\":\"green\"}",
			"execute @s[score_Hack=145,score_Hack_min=141,tag=os] ~ ~ ~ /tellraw @s {\"text\":\"Clearly a digit of the self-destruct code is 7\",\"color\":\"green\"}",			
			"execute @s[score_Hack=40,score_Hack_min=36,tag=os] ~ ~ ~ /tellraw @s {\"text\":\"It looks like one digit of the recalibration code is 4\",\"color\":\"green\"}",
			"execute @s[score_Hack=80,score_Hack_min=76,tag=os] ~ ~ ~ /tellraw @s {\"text\":\"It looks like one digit of the recalibration code is 0\",\"color\":\"green\"}",			
			"execute @s[score_Hack=115,score_Hack_min=111,tag=os] ~ ~ ~ /tellraw @s {\"text\":\"It looks like one digit of the recalibration code is 6\",\"color\":\"green\"}",
			"execute @s[score_Hack=150,score_Hack_min=146,tag=os] ~ ~ ~ /tellraw @s {\"text\":\"It looks like one digit of the recalibration code is 8\",\"color\":\"green\"}",			
			"execute @s[score_Hack=45,score_Hack_min=41,tag=os] ~ ~ ~ /tellraw @s {\"text\":\"If I'm right a digit of the decoupling code is 6\",\"color\":\"green\"}",
			"execute @s[score_Hack=85,score_Hack_min=81,tag=os] ~ ~ ~ /tellraw @s {\"text\":\"If I'm right a digit of the decoupling code is 9\",\"color\":\"green\"}",
			"execute @s[score_Hack=120,score_Hack_min=116,tag=os] ~ ~ ~ /tellraw @s {\"text\":\"If I'm right a digit of the decoupling code is 8\",\"color\":\"green\"}",
			"execute @s[score_Hack=155,score_Hack_min=151,tag=os] ~ ~ ~ /tellraw @s {\"text\":\"If I'm right a digit of the decoupling code is 3\",\"color\":\"green\"}",			
			"execute @s[score_Hack=50,score_Hack_min=46,tag=os] ~ ~ ~ /tellraw @s {\"text\":\"Ah! A digit of the failsafe code is 7\",\"color\":\"green\"}",
			"execute @s[score_Hack=90,score_Hack_min=86,tag=os] ~ ~ ~ /tellraw @s {\"text\":\"Ah! A digit of the failsafe code is 6\",\"color\":\"green\"}",
			"execute @s[score_Hack=125,score_Hack_min=121,tag=os] ~ ~ ~ /tellraw @s {\"text\":\"Ah! A digit of the failsafe code is 4\",\"color\":\"green\"}",
			"execute @s[score_Hack=160,score_Hack_min=156,tag=os] ~ ~ ~ /tellraw @s {\"text\":\"Ah! A digit of the failsafe code is 8\",\"color\":\"green\"}",			
			"execute @s[score_Hack=55,score_Hack_min=51,tag=os] ~ ~ ~ /tellraw @s {\"text\":\"There would appear to be a mystery code, one digit is 2\",\"color\":\"green\"}",
			"execute @s[score_Hack=95,score_Hack_min=91,tag=os] ~ ~ ~ /tellraw @s {\"text\":\"There would appear to be a mystery code, one digit is 3\",\"color\":\"green\"}",
			"execute @s[score_Hack=130,score_Hack_min=126,tag=os] ~ ~ ~ /tellraw @s {\"text\":\"There would appear to be a mystery code, one digit is 0\",\"color\":\"green\"}",
			"execute @s[score_Hack=165,score_Hack_min=161,tag=os] ~ ~ ~ /tellraw @s {\"text\":\"There would appear to be a mystery code, one digit is 9\",\"color\":\"green\"}",			
			"execute @s[score_Hack=60,score_Hack_min=56,tag=os] ~ ~ ~ /tellraw @s {\"text\":\"I can deactivate this DNA block using a 3\",\"color\":\"green\"}",
			"execute @s[score_Hack=100,score_Hack_min=96,tag=os] ~ ~ ~ /tellraw @s {\"text\":\"I can deactivate this DNA block using a 2\",\"color\":\"green\"}",
			"execute @s[score_Hack=135,score_Hack_min=131,tag=os] ~ ~ ~ /tellraw @s {\"text\":\"I can deactivate this DNA block using a 5\",\"color\":\"green\"}",
			"execute @s[score_Hack=170,score_Hack_min=166,tag=os] ~ ~ ~ /tellraw @s {\"text\":\"I can deactivate this DNA block using a 6\",\"color\":\"green\"}",			
			"execute @s[score_Hack=30,score_Hack_min=26,tag=ov] ~ ~ ~ /tellraw @s {\"text\":\"Clearly a digit of a secret code is a 3\",\"color\":\"green\"}",
			"execute @s[score_Hack=35,score_Hack_min=31,tag=ov] ~ ~ ~ /tellraw @s {\"text\":\"Clearly a digit of a secret code is a 4\",\"color\":\"green\"}",
			"execute @s[score_Hack=40,score_Hack_min=36,tag=ov] ~ ~ ~ /tellraw @s {\"text\":\"Clearly a digit of a secret code is a 0\",\"color\":\"green\"}",			
			"execute @s[score_Hack=45,score_Hack_min=41,tag=ov] ~ ~ ~ /tellraw @s {\"text\":\"Clearly a digit of a secret code is a 7\",\"color\":\"green\"}",			
			"execute @s[score_Hack=50,score_Hack_min=46,tag=ov] ~ ~ ~ /tellraw @s {\"text\":\"A digit of a mystery code is a 3\",\"color\":\"green\"}",
			"execute @s[score_Hack=55,score_Hack_min=51,tag=ov] ~ ~ ~ /tellraw @s {\"text\":\"A digit of a mystery code is a 5\",\"color\":\"green\"}",			
			"execute @s[score_Hack=60,score_Hack_min=56,tag=ov] ~ ~ ~ /tellraw @s {\"text\":\"A digit of a mystery code is a 8\",\"color\":\"green\"}",			
			"execute @s[score_Hack=65,score_Hack_min=61,tag=ov] ~ ~ ~ /tellraw @s {\"text\":\"A digit of a mystery code is a 0\",\"color\":\"green\"}",			
			"execute @s[score_Hack=70,score_Hack_min=66,tag=ov] ~ ~ ~ /tellraw @s {\"text\":\"One repeated digit of a strange code is a 2\",\"color\":\"green\"}",
			"execute @s[score_Hack=75,score_Hack_min=71,tag=ov] ~ ~ ~ /tellraw @s {\"text\":\"One digit of a strange code is a 1\",\"color\":\"green\"}",			
			"execute @s[score_Hack=80,score_Hack_min=76,tag=ov] ~ ~ ~ /tellraw @s {\"text\":\"One digit of a strange code is a 0\",\"color\":\"green\"}",			
			"playsound minecraft:custom.fiddle master @a ~ ~ ~"]
		},
		"knowledge": {	
	        "ability": "lucraftcore:command",
			"required_level": 20,
            "show_in_bar": true,	
            "title": {"text":"Alien Knowledge"},
			"icon": {"type": "texture", "texture": "ben_ten:textures/gui/abilities/alienknowledge.png"},
            "bar_color": "green",				
			"commands": ["/recipe give @s ben_ten:ultimatrix"]
		},
		"death_state_galvan":{
			"ability": "lucraftcore:command_loop",
			"show_in_bar": false,
			"title": {"text":"Death State"},			
			"icon": {"type": "texture",
				"texture": "ben_ten:textures/gui/omnitrix_timeout.png"},
			"commands": ["execute @s[score_Health=0,score_Health_min=0,tag=os] ~ ~ ~ /superpower @s ben_ten:prototypeomnitrix",
			"execute @s[score_Health=0,score_Health_min=0,tag=ua] ~ ~ ~ /superpower @s ben_ten:ultimatrix",
			"execute @s[score_Health=0,score_Health_min=0,tag=ov] ~ ~ ~ /superpower @s ben_ten:completedomnitrix",
			"scoreboard players add @s Hack 1", 
			"scoreboard players set @s[score_Hack_min=171,tag=os] Hack 0", 
			"scoreboard players set @s[score_Hack_min=81,tag=ov] Hack 0",
			"sizechange @s 0.3 lucraftcore:default",
			"scoreboard players tag @s[score_Sneak=1,score_Sneak_min=1] add Sneaking",
            "scoreboard players tag @s[score_Sneak=0,score_Sneak_min=0] remove Sneaking",
			"scoreboard players set @s[score_Sneak_min=1] Sneak 0"]
		},
		"timer":{
			"ability": "lucraftcore:command_loop",
			"show_in_bar": false,
			"title": {"text":"Timer"},			
			"icon": {"type": "texture",
				"texture": "ben_ten:textures/gui/omnitrix_timeout.png"},
			"conditions": [{"type": "lucraftcore:not", 
			            "conditions": [{
						"type": "lucraftcore:scoreboard_tag", 
						"tag": "Master"}]}],
			"commands": ["scoreboard players remove @s Timer 1",
			             "scoreboard players set @s[score_Timer=-1,score_Timer_min=-1000000] Timer 1",
			             "execute @s[score_Timer=60,score_Timer_min=60,tag=os] ~ ~ ~ /playsound minecraft:custom.timeout master @a ~ ~ ~",
			             "execute @s[score_Timer=60,score_Timer_min=60,tag=os] ~ ~ ~ /scoreboard players tag @s add TO",
			             "execute @s[score_Timer=50,score_Timer_min=50,tag=os] ~ ~ ~ /scoreboard players tag @s remove TO",
			             "execute @s[score_Timer=40,score_Timer_min=40,tag=os] ~ ~ ~ /scoreboard players tag @s add TO",
			             "execute @s[score_Timer=30,score_Timer_min=30,tag=os] ~ ~ ~ /scoreboard players tag @s remove TO",
			             "execute @s[score_Timer=20,score_Timer_min=20,tag=os] ~ ~ ~ /scoreboard players tag @s add TO",
			             "execute @s[score_Timer=10,score_Timer_min=10,tag=os] ~ ~ ~ /scoreboard players tag @s remove TO",
			             "execute @s[score_Timer=0,score_Timer_min=0,tag=os] ~ ~ ~ /superpower @s ben_ten:transform_human_os",
			             "execute @s[score_Timer=1,score_Timer_min=1,tag=os] ~ ~ ~ /playsound minecraft:custom.transform master @a ~ ~ ~",
			             "execute @s[score_Timer=0,score_Timer_min=0,tag=af] ~ ~ ~ /superpower @s ben_ten:transform_human",
			             "execute @s[score_Timer=1,score_Timer_min=1,tag=af] ~ ~ ~ /playsound minecraft:custom.recalibratedhuman master @a ~ ~ ~",
			             "execute @s[score_Timer=0,score_Timer_min=0,tag=ua] ~ ~ ~ /superpower @s ben_ten:transform_human",
			             "execute @s[score_Timer=0,score_Timer_min=0,tag=ua] ~ ~ ~ /playsound minecraft:custom.ultimatrixhuman master @a ~ ~ ~",
			             "execute @s[score_Timer=30,score_Timer_min=30,tag=ov] ~ ~ ~ /playsound minecraft:custom.ov_timer master @a ~ ~ ~",
			             "execute @s[score_Timer=1,score_Timer_min=1,tag=ov] ~ ~ ~ /playsound minecraft:custom.ov_human master @a ~ ~ ~",
			             "execute @s[score_Timer=0,score_Timer_min=0,tag=ov] ~ ~ ~ /superpower @s ben_ten:transform_human",
			             "superpowerxp 1 @s[tag=0]",
			             "superpowerxp 4 @s[tag=20]",
			             "superpowerxp 6 @s[tag=35]"]
		},
		"base": {	
	        "ability": "lucraftcore:command",		
            "show_in_bar": true,	
            "title": {"text":"Base Form"},
			"icon": {"type": "texture", "texture": "ben_ten:textures/gui/omnitrix_green.png"},
            "bar_color": "green",
			"conditions": [{"type": "lucraftcore:scoreboard_tag", 
			                "tag": "Sneaking"},
							{"type": "lucraftcore:or",
                            "conditions": [
                            {"type": "lucraftcore:level",
                             "level": 30},
                            {"type": "lucraftcore:scoreboard_tag",
                             "tag": "Master"},
                            {"type": "lucraftcore:scoreboard_tag",
                             "tag": "af"},
                            {"type": "lucraftcore:scoreboard_tag",
                             "tag": "ua"},
                            {"type": "lucraftcore:scoreboard_tag",
                             "tag": "ov"}]
                    }],
			"commands": ["superpower @s ben_ten:transform_human", 
			"execute @s[tag=os] ~ ~ ~ /playsound minecraft:custom.transform master @a ~ ~ ~",  
			"execute @s[tag=af] ~ ~ ~ /playsound minecraft:custom.recalibratedhuman master @a ~ ~ ~",
			"execute @s[tag=ua] ~ ~ ~ /playsound minecraft:custom.ultimatrixhuman master @a ~ ~ ~",
			"execute @s[tag=ov] ~ ~ ~ /playsound minecraft:custom.ov_human master @a ~ ~ ~"]
		}
	}
}