{
	"name": {
		"text": "Galvanic Mechamorph Dispenser"
	},

	"icon": {
		"type": "texture",
		"texture": "ben_ten:textures/gui/prototype/galvanic_mechamorph.png"
	},

	"creative_tab": "ben10",
	
	"max_level": 40,
	
	"capsule_color": 3080117,
	
    "effects": [ 
		{
            "type": "skin_change",
            "texture": "ben_ten:textures/models/ben/arburian_pelarota_ball.png"
			
        },
		{
            "type": "skin_overlay",
            "texture": "ben_ten:textures/models/ben/galvanic_mechamorph_dispenser.png",
            "size": 19,
            "glow": false,
			"conditions": [
        		{
            		"type": "ability_enabled",
					"ability": "heroesexpansion:precision"
            	}
			]
        },
        {
            "type": "skin_overlay",
            "texture": "ben_ten:textures/overlays/glow/galvanic_mechamorph_dispenser_glow.png",
            "size": 19,
            "glow": true,
			"conditions": [
        		{
            		"type": "ability_enabled",
					"ability": "heroesexpansion:precision"
            	}
			]
        },
		{
            "type": "skin_overlay",
            "texture": "ben_ten:textures/models/ben/timeout/dispenser.png",
            "size": 0,
            "glow": true,
            "conditions": [
            	{
            		"type": "ability_enabled",
					"ability": "lucraftcore:healing"
            	}
            ]
        },
		{
            "type": "skin_overlay",
            "texture": "ben_ten:textures/models/ben/recalibrated/r_galvanic_mechamorph_dispenser.png",
            "size": 19,
            "glow": false,
            "conditions": [
            	{
            		"type": "ability_enabled",
					"ability": "lucraftcore:knockback_resistance"
            	}
            ]
        },
        {
            "type": "skin_overlay",
            "texture": "ben_ten:textures/overlays/glow/recalibrated/r_galvanic_mechamorph_dispenser_glow.png",
            "size": 19,
            "glow": true,
            "conditions": [
            	{
            		"type": "ability_enabled",
					"ability": "lucraftcore:knockback_resistance"
            	}
            ]
        },
		{
            "type": "skin_overlay",
            "texture": "ben_ten:textures/models/ben/ov_galvanic_mechamorph_dispenser.png",
            "size": 19,
            "glow": false,
            "conditions": [
            	{
            		"type": "always"
            	},
				{
            		"type": "ability_enabled",
					"ability": "lucraftcore:step_assist"
            	}
            ]
        },
        {
            "type": "skin_overlay",
            "texture": "ben_ten:textures/overlays/glow/ov_galvanic_mechamorph_dispenser_glow.png",
            "size": 19,
            "glow": true,
            "conditions": [
            	{
            		"type": "always"
            	},
				{
            		"type": "ability_enabled",
					"ability": "lucraftcore:step_assist"
            	}
            ]
        }
    ],
	
	"abilities": {
		"os": {
            "ability": "heroesexpansion:precision",
            "show_in_bar": false,
            "title": {"text":"OS"},
            "icon": {"type": "internal"},
			"conditions": [{
			    "type": "lucraftcore:scoreboard_tag",
				"tag": "os"}],
            "bar_color": "green"
       },
		"uaf_form": {
            "ability": "lucraftcore:knockback_resistance",
            "show_in_bar": false,
            "title": {"text":"UAF Skin"},
            "icon": {"type": "texture", "texture": "ben_ten:textures/gui/recal/recal_omnitrix.png"},
			"conditions": [{
			    "type": "lucraftcore:scoreboard_tag",
				"tag": "ua"}],
            "amount": 0.0,
            "operation": 0
        },
		"ov_form": {
            "ability": "lucraftcore:step_assist",
            "show_in_bar": false,
            "title": {"text":"OV Skin"},
            "icon": {"type": "texture", "texture": "ben_ten:textures/gui/completedomnitrix/ov_trix_master.png"},
            "amount": 0.0,
			"conditions": [{
			    "type": "lucraftcore:scoreboard_tag",
				"tag": "ov"}]
        },
		"os_timeout_gmd": {
            "ability": "lucraftcore:healing",
			"conditions": [{"type": "lucraftcore:scoreboard_tag","tag": "TO"}],
            "show_in_bar": false,
            "title": {"text":"Timeout Glow"},
            "icon": {"type": "texture","texture": "ben_ten:textures/gui/prototype/redomnitrix.png"},
            "frequency": 0,
            "amount": 0
        },
		"radiation_protection": {
            "ability": "the-fifth-world:potion_immunity",
            "show_in_bar": false,
            "title": {"text":"Radiation Protection"},
            "icon": {"type": "internal"},
            "potion": "lucraftcore:radiation"
        },
	    "small_size": {
			"ability": "lucraftcore:command_loop",
			"show_in_bar": false,
			"title": {"text": "Small size"},
			"icon": {"type": "internal"},
			"bar_color": "green",
			"commands": ["sizechange @s 0.3 lucraftcore:default"]
		},
		"water_breathing": {
			"ability": "lucraftcore:water_breathing",
			"show_in_bar": false,
			"title": {"text": "Water Breathing"},
			"icon": {"type": "internal"}
	    },
        "tough_lungs": {
            "ability": "lucraftcore:tough_lungs",
            "show_in_bar": false,
            "title": {"translate":"lucraftcore.abilities.tough_lungs.name"},
            "icon": {"type": "internal"}
        },
		"fall_resistance": {
			"ability": "lucraftcore:fall_resistance",
			"show_in_bar": false,
			"title": {"text":"Fall Resistance"},
			"amount": 14,
			"operation": 0
		},
		"strength": {	
			"ability": "lucraftcore:strength",				
            "show_in_bar": false,		
            "title": {"text":"Strength"},							
			"amount": 5,
			"operation": 0			
		},
		"defense": {
			"ability": "lucraftcore:resistance",			
            "show_in_bar": false,		
            "title": {"text":"Resistance"},						
			"amount": 26,
			"operation": 0			
		},
		"energy_beam": {
			"ability": "heroesexpansion:photon_blast",
			"required_level": 15,
			"show_in_bar": true,
			"title": {"text":"Energy Beam"},
			"icon": {"type": "internal"},
			"bar_color": "green",
			"color": [85, 255, 85]
		},
		"energy_beam_xp": {
            "ability": "lucraftcore:command_held",
			"parent_ability": "energy_beam",
            "show_in_bar": false,
            "title": {"text":"Energy Beam XP"},
            "icon": {"type": "internal"},
            "conditions": [{
			    "type": "ability_enabled",
				"ability": "heroesexpansion:photon_blast"}],
		    "commands": ["superpowerxp 10 @s"]
		},
		"dart":{
            "ability": "lucraftcore:command",
            "show_in_bar": true,
			"bar_color": "green",
            "title": {"text":"Arrow Shot"},
            "icon": {"type": "texture", "texture": "ben_ten:textures/gui/abilities/arrow.png"},
            "commands": ["cast ebwizardry:dart @p"]
		},
		"arrow_rain":{
            "ability": "lucraftcore:command",
			"required_level": 30,
            "show_in_bar": true,
			"bar_color": "green",
            "cooldown": 400,
            "title": {"text":"Arrow Rain"},
            "icon": {"type": "texture", "texture": "ben_ten:textures/gui/abilities/arrow_rain.png"},
            "commands": ["cast ebwizardry:arrow_rain @p"]
		},
		"de_merge": {	
	        "ability": "lucraftcore:command",		
            "show_in_bar": true,	
            "title": {"text":"De-merge"},
			"icon": { "type": "texture", "texture": "ben_ten:textures/gui/abilities/upgrade.png" },
            "bar_color": "green",				
			"commands": ["execute @s[tag=os] ~ ~ ~ /superpower @s ben_ten:galvanic_mechamorph",
			             "execute @s[tag=ua] ~ ~ ~ /superpower @s ben_ten:U_galvanic_mechamorph",
			             "execute @s[tag=ov] ~ ~ ~ /superpower @s ben_ten:ov_galvanic_mechamorph", 
			             "fill ~1 ~ ~ ~1 ~ ~ dispenser 2 replace {air:0}"]
		},
		"death_state":{
			"ability": "lucraftcore:command_loop",
			"show_in_bar": false,
			"title": {"text":"Death State"},			
			"icon": {"type": "texture",
				"texture": "ben_ten:textures/gui/omnitrix_timeout.png"},
			"commands": ["execute @s[score_Health=0,score_Health_min=0,tag=os] ~ ~ ~ /superpower @s ben_ten:prototypeomnitrix",
			"execute @s[score_Health=0,score_Health_min=0,tag=af] ~ ~ ~ /superpower @s ben_ten:recalibratedomnitrix",
			"execute @s[score_Health=0,score_Health_min=0,tag=ua] ~ ~ ~ /superpower @s ben_ten:ultimatrix",
			"execute @s[score_Health=0,score_Health_min=0,tag=ov] ~ ~ ~ /superpower @s ben_ten:completedomnitrix",
			"execute @s[score_Health=0,score_Health_min=0] ~ ~ ~ /fill ~1 ~ ~ ~1 ~ ~ dispenser 2 replace {air:0}"]
		},
		"timer":{
			"ability": "lucraftcore:command_loop",
			"show_in_bar": false,
			"title": {"text":"Timer"},			
			"icon": {"type": "texture",
				"texture": "ben_ten:textures/gui/omnitrix_timeout.png"},
			"conditions": [{"type": "lucraftcore:not", 
			            "conditions": [{
						"type": "lucraftcore:scoreboard_tag", 
						"tag": "Master"}]}],
			"commands": ["scoreboard players remove @s Timer 1",
			             "scoreboard players set @s[score_Timer=-1,score_Timer_min=-1000000] Timer 1",
			             "execute @s[score_Timer=60,score_Timer_min=60,tag=os] ~ ~ ~ /playsound minecraft:custom.timeout master @a ~ ~ ~",
			             "execute @s[score_Timer=60,score_Timer_min=60,tag=os] ~ ~ ~ /scoreboard players tag @s add TO",
			             "execute @s[score_Timer=50,score_Timer_min=50,tag=os] ~ ~ ~ /scoreboard players tag @s remove TO",
			             "execute @s[score_Timer=40,score_Timer_min=40,tag=os] ~ ~ ~ /scoreboard players tag @s add TO",
			             "execute @s[score_Timer=30,score_Timer_min=30,tag=os] ~ ~ ~ /scoreboard players tag @s remove TO",
			             "execute @s[score_Timer=20,score_Timer_min=20,tag=os] ~ ~ ~ /scoreboard players tag @s add TO",
			             "execute @s[score_Timer=10,score_Timer_min=10,tag=os] ~ ~ ~ /scoreboard players tag @s remove TO",
			             "execute @s[score_Timer=0,score_Timer_min=0] ~ ~ ~ /fill ~1 ~ ~ ~1 ~ ~ dispenser 2 replace {air:0}",
			             "execute @s[score_Timer=0,score_Timer_min=0,tag=os] ~ ~ ~ /superpower @s ben_ten:transform_human_os",
			             "execute @s[score_Timer=1,score_Timer_min=1,tag=os] ~ ~ ~ /playsound minecraft:custom.transform master @a ~ ~ ~",
			             "execute @s[score_Timer=0,score_Timer_min=0,tag=af] ~ ~ ~ /superpower @s ben_ten:transform_human",
			             "execute @s[score_Timer=1,score_Timer_min=1,tag=af] ~ ~ ~ /playsound minecraft:custom.recalibratedhuman master @a ~ ~ ~",
			             "execute @s[score_Timer=0,score_Timer_min=0,tag=ua] ~ ~ ~ /superpower @s ben_ten:transform_human",
			             "execute @s[score_Timer=0,score_Timer_min=0,tag=ua] ~ ~ ~ /playsound minecraft:custom.ultimatrixhuman master @a ~ ~ ~",
			             "execute @s[score_Timer=30,score_Timer_min=30,tag=ov] ~ ~ ~ /playsound minecraft:custom.ov_timer master @a ~ ~ ~",
			             "execute @s[score_Timer=1,score_Timer_min=1,tag=ov] ~ ~ ~ /playsound minecraft:custom.ov_human master @a ~ ~ ~",
			             "execute @s[score_Timer=0,score_Timer_min=0,tag=ov] ~ ~ ~ /superpower @s ben_ten:transform_human",
			             "superpowerxp 1 @s[tag=0]",
			             "superpowerxp 4 @s[tag=20]",
			             "superpowerxp 6 @s[tag=35]"]
		},
		"base": {	
	        "ability": "lucraftcore:command",		
            "show_in_bar": true,	
            "title": {"text":"Base Form"},
			"icon": {"type": "texture", "texture": "ben_ten:textures/gui/omnitrix_green.png"},
            "bar_color": "green",
			"conditions": [{"type": "lucraftcore:scoreboard_tag", 
			                "tag": "Sneaking"},
							{"type": "lucraftcore:or",
                            "conditions": [
                            {"type": "lucraftcore:level",
                             "level": 30},
                            {"type": "lucraftcore:scoreboard_tag",
                             "tag": "Master"},
                            {"type": "lucraftcore:scoreboard_tag",
                             "tag": "af"},
                            {"type": "lucraftcore:scoreboard_tag",
                             "tag": "ua"},
                            {"type": "lucraftcore:scoreboard_tag",
                             "tag": "ov"}]
                    }],
			"commands": ["superpower @s ben_ten:transform_human",
			"fill ~1 ~ ~ ~1 ~ ~ dispenser 2 replace {air:0}", 
			"execute @s[tag=os] ~ ~ ~ /playsound minecraft:custom.transform master @a ~ ~ ~",  
			"execute @s[tag=af] ~ ~ ~ /playsound minecraft:custom.recalibratedhuman master @a ~ ~ ~",
			"execute @s[tag=ua] ~ ~ ~ /playsound minecraft:custom.ultimatrixhuman master @a ~ ~ ~",
			"execute @s[tag=ov] ~ ~ ~ /playsound minecraft:custom.ov_human master @a ~ ~ ~"]
		}
	}
}