{
	"name": {
		"text": "Geochelone Aerio"
	},

	"icon": {
		"type": "texture",
		"texture": "ben_ten:textures/gui/recal/geochelone_aerio.png"
	},

	"creative_tab": "ben10",
	
	"max_level": 40,
	
	"capsule_color": 3080117,
	
    "effects": [

        {
        "type": "skin_change",
        "texture": "ben_ten:textures/models/ben/geochelone_aerio_closed.png"
       },
        {
        	"type": "skin_change",
        	"texture": "ben_ten:textures/models/ben/geochelone_aerio_flying.png",
        	"conditions": [
        		{
        			"type": "ability_enabled",
        			"ability": "lucraftcore:flight"
        		}
        	]
       },
        {
        	"type": "skin_change",
        	"texture": "ben_ten:textures/models/ben/geochelone_aerio_open.png",
        	"conditions": [
        		{
        			"type": "ability_enabled",
        			"ability": "speedsterheroes:arm_vortex"
        		}
        	]
       },
		{
            "type": "skin_overlay",
            "texture": "ben_ten:textures/overlays/glow/geochelone_aerio_glow.png",
            "size": 0,
            "glow": true,
            "conditions": [
            	{
            		"type": "always"
            	}
            ]
       }
    ],
	
	"abilities": {
		"size": {
			"ability": "lucraftcore:command_loop",
			"show_in_bar": false,
			"title": {"text": "Size"},
			"icon": {"type": "texture", "texture": "ben_ten:textures/gui/prototype/omnitrix.png"},
			"commands": ["sizechange @s 1.1 lucraftcore:default"]
       },
		"radiation_protection": {
            "ability": "the-fifth-world:potion_immunity",
            "show_in_bar": false,
            "title": {"text":"Radiation Protection"},
            "icon": {"type": "internal"},
            "potion": "lucraftcore:radiation"
       },
		"health": {		
			"ability": "lucraftcore:health",			
            "show_in_bar": false,		
            "title": {"text":"Health"},					
			"amount": 5,
			"operation": 0		
		},
		"strength": {	
			"ability": "lucraftcore:strength",				
            "show_in_bar": false,		
            "title": {"text":"Strength"},							
			"amount": 7,
			"operation": 0			
		},
		"resistance": {
			"ability": "lucraftcore:resistance",			
            "show_in_bar": false,		
            "title": {"text":"Resistance"},						
			"amount": 15,
			"operation": 0			
		},		
        "fall_resistance": {
			"ability": "lucraftcore:fall_resistance",
			"show_in_bar": false,
			"title": {"text":"Fall Resistance"},
			"amount": 200,
			"operation": 0
		},
        "flight": {			
			"ability": "lucraftcore:flight",
			"icon": {"type": "internal"},			
            "show_in_bar": true,
            "title": {"text":"Flight"},	
            "bar_color": "green",				
			"speed": 1.5,
            "sprint_speed": 4,
			"rotate_arms": false
		},		
        "arm_vortex": {
            "ability": "speedsterheroes:arm_vortex",
            "show_in_bar": true,			
			"icon": {"type": "texture",
				"texture": "ben_ten:textures/gui/abilities/armvortex.png"},
            "title": {"translate":"speedsterheroes.abilities.arm_vortex.name"},
            "bar_color": "green",
            "distance": 20.0
       },
		"tornado":{
            "ability": "lucraftcore:command",
            "show_in_bar": true,
			"bar_color": "green",
            "title": {"text":"Tornado"},
            "icon": {"type": "texture", "texture": "ben_ten:textures/gui/abilities/tornado.png"},
            "commands": ["cast ebwizardry:tornado @p"]		
		},
		"death_state":{
			"ability": "lucraftcore:command_loop",
			"show_in_bar": false,
			"title": {"text":"Death State"},			
			"icon": {"type": "texture",
				"texture": "ben_ten:textures/gui/omnitrix_timeout.png"},
			"commands": [
			"execute @s[score_Health=0,score_Health_min=0,tag=os] ~ ~ ~ /superpower @s ben_ten:prototypeomnitrix",
			"execute @s[score_Health=0,score_Health_min=0,tag=af] ~ ~ ~ /superpower @s ben_ten:recalibratedomnitrix",
			"execute @s[score_Health=0,score_Health_min=0,tag=ua] ~ ~ ~ /superpower @s ben_ten:ultimatrix",
			"execute @s[score_Health=0,score_Health_min=0,tag=ov] ~ ~ ~ /superpower @s ben_ten:completedomnitrix",
			"scoreboard players tag @s[score_Sneak=1,score_Sneak_min=1] add Sneaking",
            "scoreboard players tag @s[score_Sneak=0,score_Sneak_min=0] remove Sneaking",
			"scoreboard players set @s[score_Sneak_min=1] Sneak 0"]
		},
		"timer":{
			"ability": "lucraftcore:command_loop",
			"show_in_bar": false,
			"title": {"text":"Timer"},			
			"icon": {"type": "texture","texture": "ben_ten:textures/gui/omnitrix_timeout.png"},
			"conditions": [{"type": "lucraftcore:not", 
			            "conditions": [{
						"type": "lucraftcore:scoreboard_tag", 
						"tag": "Master"}]}],
			"commands": ["scoreboard players remove @s Timer 1",
			"scoreboard players set @s[score_Timer=-1,score_Timer_min=-1000000] Timer 1",
			"execute @s[score_Timer=30,score_Timer_min=30,tag=ov] ~ ~ ~ /playsound minecraft:custom.ov_timer master @a ~ ~ ~",
			"execute @s[score_Timer=1,score_Timer_min=1,tag=af] ~ ~ ~ /playsound minecraft:custom.recalibratedhuman master @a ~ ~ ~",
			"execute @s[score_Timer=0,score_Timer_min=0,tag=ua] ~ ~ ~ /playsound minecraft:custom.ultimatrixhuman master @a ~ ~ ~",
			"execute @s[score_Timer=1,score_Timer_min=1,tag=ov] ~ ~ ~ /playsound minecraft:custom.ov_human master @a ~ ~ ~",
			"execute @s[score_Timer=0,score_Timer_min=0] ~ ~ ~ /superpower @s ben_ten:transform_human",
			"superpowerxp 1 @s[tag=0]",
			"superpowerxp 4 @s[tag=20]",
			"superpowerxp 6 @s[tag=35]"]
		},
		"base": {	
	        "ability": "lucraftcore:command",		
            "show_in_bar": true,	
            "title": {"text":"Base Form"},
			"icon": {"type": "texture", "texture": "ben_ten:textures/gui/omnitrix_green.png"},
            "bar_color": "green",
			"conditions": [{
						"type": "lucraftcore:scoreboard_tag", 
						"tag": "Sneaking"}],
			"commands": ["superpower @s ben_ten:transform_human", 
			"execute @s[tag=af] ~ ~ ~ /playsound minecraft:custom.recalibratedhuman master @a ~ ~ ~",
			"execute @s[tag=ua] ~ ~ ~ /playsound minecraft:custom.ultimatrixhuman master @a ~ ~ ~",
			"execute @s[tag=ov] ~ ~ ~ /playsound minecraft:custom.ov_human master @a ~ ~ ~"]
		}
	}	
}