{
	"name": {
		"text": "Kineceleran"
	},

	"icon": {
		"type": "texture",
		"texture": "ben_ten:textures/gui/prototype/kineceleran.png"
	},

	"creative_tab": "ben10",
	
	"max_level": 40,
	
	"capsule_color": 3080117,
	
    "effects": [
        {
            "type": "skin_change",
            "texture": "ben_ten:textures/models/ben/kineceleran.png"
        },
        {
            "type": "skin_change",
            "texture": "ben_ten:textures/models/ben/kineceleran_mask.png",
            "conditions": [
        		{
        			"type": "ability_enabled",
        			"ability": "speedsterheroes:super_speed"
        		}
        	]
		},
		{
            "type": "skin_overlay",
            "texture": "ben_ten:textures/models/ben/timeout/kineceleran.png",
            "size": 0,
            "glow": true,
            "conditions": [
            	{
            		"type": "ability_enabled",
					"ability": "lucraftcore:healing"
            	}
            ]
        },
		{
        "type": "skin_change",
        "texture": "ben_ten:textures/models/ben/recalibrated/r_kineceleran.png",
            "conditions": [            	
				{
            		"type": "ability_enabled",
					"ability": "lucraftcore:knockback_resistance"
            	}
			]
        },
		{
            "type": "skin_overlay",
            "texture": "ben_ten:textures/overlays/glow/recalibrated/r_kineceleran_glow.png",
            "size": 0,
            "glow": true,
            "conditions": [
            	{
            		"type": "always"
            	},
				{
            		"type": "ability_enabled",
					"ability": "lucraftcore:knockback_resistance"
            	}
            ]
        },
        {
            "type": "skin_change",
            "texture": "ben_ten:textures/models/ben/recalibrated/r_kineceleran_mask.png",
            "conditions": [
        		{
        			"type": "ability_enabled",
        			"ability": "speedsterheroes:super_speed"
        		},
				{
            		"type": "ability_enabled",
					"ability": "lucraftcore:knockback_resistance"
            	}
        	]
		},
		{
        "type": "skin_change",
        "texture": "ben_ten:textures/models/ben/ov_kineceleran.png",
            "conditions": [            	
				{
            		"type": "ability_enabled",
					"ability": "lucraftcore:punch"
            	}
			]
        },
		{
            "type": "skin_overlay",
            "texture": "ben_ten:textures/overlays/glow/ov_kineceleran_glow.png",
            "size": 0,
            "glow": true,
            "conditions": [
            	{
            		"type": "always"
            	},
				{
            		"type": "ability_enabled",
					"ability": "lucraftcore:punch"
            	}
            ]
        },
        {
            "type": "skin_change",
            "texture": "ben_ten:textures/models/ben/ov_kineceleran_mask.png",
            "conditions": [
        		{
        			"type": "ability_enabled",
        			"ability": "speedsterheroes:super_speed"
        		},
				{
            		"type": "ability_enabled",
					"ability": "lucraftcore:punch"
            	}
        	]
		}
    ],
	"abilities": {
		"uaf_form": {
            "ability": "lucraftcore:knockback_resistance",
            "show_in_bar": false,
            "title": {"text":"UAF Skin"},
            "icon": {"type": "texture", "texture": "ben_ten:textures/gui/recal/recal_omnitrix.png"},
			"conditions": [{
			    "type": "lucraftcore:scoreboard_tag",
				"tag": "ua"}]
        },
		"ov_form": {
            "ability": "lucraftcore:punch",
            "show_in_bar": false,
            "title": {"text":"OV Skin"},
            "icon": {"type": "internal"},
			"conditions": [{
			    "type": "lucraftcore:scoreboard_tag",
				"tag": "ov"}]
        },
		"os_timeout_k": {
            "ability": "lucraftcore:healing",
			"conditions": [{"type": "lucraftcore:scoreboard_tag","tag": "TO"}],
            "show_in_bar": false,
            "title": {"text":"Timeout Glow"},
            "icon": {"type": "texture","texture": "ben_ten:textures/gui/prototype/redomnitrix.png"},
            "frequency": 0,
            "amount": 0
        },
		"size": {
			"ability": "lucraftcore:command_loop",
			"show_in_bar": false,
			"title": {"text": "Size"},
			"icon": {"type": "texture", "texture": "ben_ten:textures/gui/prototype/omnitrix.png"},
			"commands": ["sizechange @s 1 lucraftcore:default", "effect @s minecraft:haste 1 2 true"]
       },
		"radiation_protection": {
            "ability": "the-fifth-world:potion_immunity",
            "show_in_bar": false,
            "title": {"text":"Radiation Protection"},
            "icon": {"type": "internal"},
            "potion": "lucraftcore:radiation"
       },	
		"health": {		
			"ability": "lucraftcore:health",			
            "show_in_bar": false,		
            "title": {"text":"Health"},					
			"amount": 5		
		},
		"strength": {	
			"ability": "lucraftcore:strength",				
            "show_in_bar": false,		
            "title": {"text":"Strength"},							
			"amount": 2,
			"operation": 0			
		},
		"jump_boost": {
			"ability": "lucraftcore:jump_boost",			
            "show_in_bar": false,		
            "title": {"text":"Jump Boost"},									
			"amount": 1.5
		},
		"fall_resistance": {
			"ability": "lucraftcore:fall_resistance",
			"show_in_bar": false,
			"title": {"text":"Fall Resistance"},
			"amount": 2
		},
		"fire_resistance": {
			"ability": "lucraftcore:fire_resistance",
			"show_in_bar": false,
			"title": {"translate":"lucraftcore.abilities.fire_resistance.name"},
			"icon": {"type": "internal"}
		},
		"resistance": {
			"ability": "lucraftcore:resistance",			
            "show_in_bar": false,		
            "title": {"text":"Resistance"},						
			"amount": 6			
		},
        "step_assist": {
            "ability": "lucraftcore:step_assist",
            "show_in_bar": false,
            "title": {"translate":"lucraftcore.abilities.step_assist.name"},
            "icon": {"type": "internal"},
            "conditions": [{
			    "type": "ability_enabled",
				"ability": "speedsterheroes:super_speed"}],
            "amount": 1.0,
            "operation": 0
       },
		"super_speed": {
			"ability": "speedsterheroes:super_speed",
			"show_in_bar": true,
			"title": {"translate":"speedsterheroes.abilities.super_speed.name"},
			"icon": {"type": "texture", "texture": "ben_ten:textures/gui/abilities/kineceleran_superspeed.png"},
			"bar_color": "green",
			"base_speed_levels": 3,
			"gives_xp": false,			
			"commands": ["/playsound minecraft:custom.kineceleran master @a ~ ~ ~"]			
		},
		"mask": {	
	        "ability": "lucraftcore:command",
			"parent_ability": "super_speed",
            "show_in_bar": false,	
            "title": {"text":"Mask Sound"},
			"icon": {"type": "texture", "texture": "ben_ten:textures/gui/abilities/kineceleran_superspeed.png"},
			"commands": ["/playsound minecraft:custom.kineceleran master @a ~ ~ ~"]
		},
		"super_speed_xp": {
            "ability": "lucraftcore:command_loop",
			"parent_ability": "super_speed",
            "show_in_bar": false,
            "title": {"text":"Speed XP"},
            "icon": {"type": "texture", "texture": "ben_ten:textures/gui/abilities/kineceleran_superspeed.png"},
            "conditions": [{
			    "type": "ability_enabled",
				"ability": "speedsterheroes:super_speed"}],
		    "commands": ["superpowerxp 1 @s"]
		},
		"speed_up": {
			"ability": "speedsterheroes:change_speed",
			"show_in_bar": true,
			"title": {"text":"Accelerate"},
			"icon": {"type": "internal"},
			"bar_color": "green",
			"accelerate": true
		},
		"speed_down": {
			"ability": "speedsterheroes:change_speed",
			"show_in_bar": true,
			"title": {"text":"Decelerate"},
			"icon": {"type": "internal"},
			"bar_color": "green",
			"accelerate": false
		},
		"damage": {	
	        "ability": "lucraftcore:command_loop",
            "show_in_bar": false,	
            "title": {"text":"Super Speed"},
			"icon": {"type": "texture", "texture": "ben_ten:textures/gui/abilities/kineceleran_superspeed.png"},
            "bar_color": "green",
            "conditions": [{
			    "type": "ability_enabled",
				"ability": "speedsterheroes:super_speed"}],				
			"commands": ["execute @s ~ ~ ~ effect @e[type=zombie,r=1] minecraft:instant_health 1 1 true",
			             "execute @s ~ ~ ~ effect @e[type=zombie_horse,r=1] minecraft:instant_health 1 1 true",
						 "execute @s ~ ~ ~ effect @e[type=zombie_villager,r=1] minecraft:instant_health 1 1 true",
						 "execute @s ~ ~ ~ effect @e[type=skeleton,r=1] minecraft:instant_health 1 1 true",
						 "execute @s ~ ~ ~ effect @e[type=skeleton_horse,r=1] minecraft:instant_health 1 1 true",
						 "execute @s ~ ~ ~ effect @e[type=husk,r=1] minecraft:instant_health 1 1 true",
						 "execute @s ~ ~ ~ effect @e[type=zombie_pigman,r=1] minecraft:instant_health 1 1 true",
						 "execute @s ~ ~ ~ effect @e[type=wither_skeleton,r=1] minecraft:instant_health 1 1 true",
						 "execute @s ~ ~ ~ effect @e[type=wither,r=1] minecraft:instant_health 1 1 true",
						 "execute @s ~ ~ ~ effect @e[r=1,rm=1] minecraft:instant_damage 1 0 true"]
 		},
		"damage_immunity": {
            "ability": "the-fifth-world:potion_immunity",
            "show_in_bar": false,
            "title": {"text":"Damage Protection"},
            "icon": {"type": "texture", "texture": "ben_ten:textures/gui/abilities/kineceleran_superspeed.png"},
            "conditions": [{
			    "type": "ability_enabled",
				"ability": "speedsterheroes:super_speed"}],
            "potion": "minecraft:instant_damage"
        },
		"water_running": {
			"ability": "speedsterheroes:water_running",
			"required_ability": "super_speed",
			"required_level": 13,				
            "show_in_bar": false,		
            "title": {"text":"Water Running"},		
			"icon": {"type": "internal"},		
			"speed": 1.0			
		},
		"wall_running": {
            "ability": "speedsterheroes:wall_running",
			"required_level": 20,
			"required_ability": "super_speed",				
            "show_in_bar": true,
            "title": {"translate":"speedsterheroes.abilities.wall_running.name"},
            "icon": {"type": "internal"},
            "bar_color": "green",
            "speed": 1.0
        },
		"slow_time":{
            "ability": "lucraftcore:command",
			"required_ability": "super_speed",
            "show_in_bar": true,
			"required_level": 25,
			"bar_color": "green",
            "cooldown": 600,
            "title": {"text":"Slow Time"},
            "icon": {"type": "texture", "texture": "ben_ten:textures/gui/abilities/slow.png"},
            "commands": ["/cast ebwizardry:slow_time @s {range:20}"]
		},
		"death_state":{
			"ability": "lucraftcore:command_loop",
			"show_in_bar": false,
			"title": {"text":"Death State"},			
			"icon": {"type": "texture",
				"texture": "ben_ten:textures/gui/omnitrix_timeout.png"},
			"commands": [
			"execute @s[score_Health=0,score_Health_min=0,tag=os] ~ ~ ~ /superpower @s ben_ten:prototypeomnitrix",
			"execute @s[score_Health=0,score_Health_min=0,tag=af] ~ ~ ~ /superpower @s ben_ten:recalibratedomnitrix",
			"execute @s[score_Health=0,score_Health_min=0,tag=ua] ~ ~ ~ /superpower @s ben_ten:ultimatrix",
			"execute @s[score_Health=0,score_Health_min=0,tag=ov] ~ ~ ~ /superpower @s ben_ten:completedomnitrix",
			"scoreboard players tag @s[score_Sneak=1,score_Sneak_min=1] add Sneaking",
            "scoreboard players tag @s[score_Sneak=0,score_Sneak_min=0] remove Sneaking",
			"scoreboard players set @s[score_Sneak_min=1] Sneak 0"]
		},
		"timer":{
			"ability": "lucraftcore:command_loop",
			"show_in_bar": false,
			"title": {"text":"Timer"},			
			"icon": {"type": "texture",
				"texture": "ben_ten:textures/gui/omnitrix_timeout.png"},
			"conditions": [{"type": "lucraftcore:not", 
			            "conditions": [{
						"type": "lucraftcore:scoreboard_tag", 
						"tag": "Master"}]}],
			"commands": ["scoreboard players remove @s Timer 1",
			             "scoreboard players set @s[score_Timer=-1,score_Timer_min=-1000000] Timer 1",
			             "execute @s[score_Timer=60,score_Timer_min=60,tag=os] ~ ~ ~ /playsound minecraft:custom.timeout master @a ~ ~ ~",
			             "execute @s[score_Timer=60,score_Timer_min=60,tag=os] ~ ~ ~ /scoreboard players tag @s add TO",
			             "execute @s[score_Timer=50,score_Timer_min=50,tag=os] ~ ~ ~ /scoreboard players tag @s remove TO",
			             "execute @s[score_Timer=40,score_Timer_min=40,tag=os] ~ ~ ~ /scoreboard players tag @s add TO",
			             "execute @s[score_Timer=30,score_Timer_min=30,tag=os] ~ ~ ~ /scoreboard players tag @s remove TO",
			             "execute @s[score_Timer=20,score_Timer_min=20,tag=os] ~ ~ ~ /scoreboard players tag @s add TO",
			             "execute @s[score_Timer=10,score_Timer_min=10,tag=os] ~ ~ ~ /scoreboard players tag @s remove TO",
			             "execute @s[score_Timer=0,score_Timer_min=0,tag=os] ~ ~ ~ /superpower @s ben_ten:transform_human_os",
			             "execute @s[score_Timer=1,score_Timer_min=1,tag=os] ~ ~ ~ /playsound minecraft:custom.transform master @a ~ ~ ~",
			             "execute @s[score_Timer=0,score_Timer_min=0,tag=af] ~ ~ ~ /superpower @s ben_ten:transform_human",
			             "execute @s[score_Timer=1,score_Timer_min=1,tag=af] ~ ~ ~ /playsound minecraft:custom.recalibratedhuman master @a ~ ~ ~",
			             "execute @s[score_Timer=0,score_Timer_min=0,tag=ua] ~ ~ ~ /superpower @s ben_ten:transform_human",
			             "execute @s[score_Timer=0,score_Timer_min=0,tag=ua] ~ ~ ~ /playsound minecraft:custom.ultimatrixhuman master @a ~ ~ ~",
			             "execute @s[score_Timer=30,score_Timer_min=30,tag=ov] ~ ~ ~ /playsound minecraft:custom.ov_timer master @a ~ ~ ~",
			             "execute @s[score_Timer=1,score_Timer_min=1,tag=ov] ~ ~ ~ /playsound minecraft:custom.ov_human master @a ~ ~ ~",
			             "execute @s[score_Timer=0,score_Timer_min=0,tag=ov] ~ ~ ~ /superpower @s ben_ten:transform_human",
			             "superpowerxp 1 @s[tag=0]",
			             "superpowerxp 4 @s[tag=20]",
			             "superpowerxp 6 @s[tag=35]"]
		},
		"base": {	
	        "ability": "lucraftcore:command",		
            "show_in_bar": true,	
            "title": {"text":"Base Form"},
			"icon": {"type": "texture", "texture": "ben_ten:textures/gui/omnitrix_green.png"},
            "bar_color": "green",
			"conditions": [{"type": "lucraftcore:scoreboard_tag", 
			                "tag": "Sneaking"},
							{"type": "lucraftcore:or",
                            "conditions": [
                            {"type": "lucraftcore:level",
                             "level": 30},
                            {"type": "lucraftcore:scoreboard_tag",
                             "tag": "Master"},
                            {"type": "lucraftcore:scoreboard_tag",
                             "tag": "af"},
                            {"type": "lucraftcore:scoreboard_tag",
                             "tag": "ua"},
                            {"type": "lucraftcore:scoreboard_tag",
                             "tag": "ov"}]
                    }],
			"commands": ["superpower @s ben_ten:transform_human", 
			"execute @s[tag=os] ~ ~ ~ /playsound minecraft:custom.transform master @a ~ ~ ~",  
			"execute @s[tag=af] ~ ~ ~ /playsound minecraft:custom.recalibratedhuman master @a ~ ~ ~",
			"execute @s[tag=ua] ~ ~ ~ /playsound minecraft:custom.ultimatrixhuman master @a ~ ~ ~",
			"execute @s[tag=ov] ~ ~ ~ /playsound minecraft:custom.ov_human master @a ~ ~ ~"]
		}
	}
}