{
	"name": {
		"text": "Kryptonian"
	},

	"icon": {
		"type": "texture",
		"texture": "ben_ten:textures/gui/recal/kryptonian.png"
	},

	"creative_tab": "ben10",
	
	"max_level": 40,
	
	"capsule_color": 3080117,
	
    "effects": [
        {
            "type": "skin_change",
            "texture": "ben_ten:textures/models/ben/kryptonian.png"
        },
		{
            "type": "skin_overlay",
            "texture": "ben_ten:textures/overlays/glow/kryptonian_glow.png",
            "size": 0,
            "glow": true,
            "conditions": [
            	{
            		"type": "always"
            	}
            ]
        }
    ],
	"abilities": {
		"solar_power": {
            "ability": "lucraftcore:command_on_gain",
            "show_in_bar": false,
            "title": {"translate":"lucraftcore.abilities.command_on_gain.name"},
            "icon": {"type": "internal"},
            "commands": ["solarenergy add 500 @s"]
       },
		"size": {
			"ability": "lucraftcore:command_loop",
			"show_in_bar": false,
			"title": {"text": "Size"},
			"icon": {"type": "texture", 
			          "texture": "ben_ten:textures/gui/recal/recal_omnitrix.png"},
			"commands": ["sizechange @s 1 lucraftcore:default"]
        },
		"radiation_protection": {
            "ability": "the-fifth-world:potion_immunity",
            "show_in_bar": false,
            "title": {"text":"Radiation Protection"},
            "icon": {"type": "internal"},
            "potion": "lucraftcore:radiation"
        },
		"solar_energy": {
			"ability": "heroesexpansion:solar_energy",
			"show_in_bar": true,
			"title": {"translate": "heroesexpansion.abilities.solar_energy.name"},
			"icon": {"type": "internal"},
			"bar_color": "green",
            "conditions": [
            	{
            		"type": "lucraftcore:potion_weakness",
				    "potion": "heroesexpansion:kryptonite_poison"
                }
            ],
			"max_solar_energy": 500,
			"ability_values": [{
					"ability": "heat_vision",
					"amount": 25,
					"frequency": 1},
					{
					"ability": "flight",
					"amount": 10,
					"frequency": 1},
					{
					"ability": "freezebreath",
					"amount": 2.5,
					"frequency": 1},
					{
					"ability": "x-ray_vision",
					"amount": 5,
					"frequency": 1}]
		},		
		"health": {		
			"ability": "lucraftcore:health",			
            "show_in_bar": false,		
            "title": {"text":"Health"},					
			"amount": 10,
			"operation": 0,
            "conditions": [
            	{
            		"type": "lucraftcore:potion_weakness",
				    "potion": "heroesexpansion:kryptonite_poison"
                }
            ]
		},
		"strength": {	
			"ability": "lucraftcore:strength",				
            "show_in_bar": false,		
            "title": {"text":"Strength"},							
			"amount": 20,
			"operation": 0,
            "conditions": [
            	{
            		"type": "lucraftcore:potion_weakness",
				    "potion": "heroesexpansion:kryptonite_poison"
                }
            ]
		},
		"fall_resistance": {
			"ability": "lucraftcore:fall_resistance",
			"show_in_bar": false,
			"title": {"text":"Fall Resistance"},
			"amount": 30,
			"operation": 0,
            "conditions": [
            	{
            		"type": "lucraftcore:potion_weakness",
				    "potion": "heroesexpansion:kryptonite_poison"
                }
            ]
		},
		"sprint": {
			"ability": "lucraftcore:sprint",			
            "show_in_bar": false,		
            "title": {"text":"Speed"},										
			"amount": 0.5,
			"operation": 0,
            "conditions": [
            	{
            		"type": "lucraftcore:potion_weakness",
				    "potion": "heroesexpansion:kryptonite_poison"
                }
            ]
		},
		"resistance": {
			"ability": "lucraftcore:resistance",			
            "show_in_bar": false,		
            "title": {"text":"Resistance"},						
			"amount": 15,
			"operation": 0,
            "conditions": [
            	{
            		"type": "lucraftcore:potion_weakness",
				    "potion": "heroesexpansion:kryptonite_poison"
                }
            ]
		},
		"knockback_resistance": {
            "ability": "lucraftcore:knockback_resistance",
            "show_in_bar": false,
            "title": {"translate":"lucraftcore.abilities.knockback_resistance.name"},
            "icon": {"type": "internal"},
            "amount": 4.5,
            "conditions": [
            	{
            		"type": "lucraftcore:potion_weakness",
				    "potion": "heroesexpansion:kryptonite_poison"
                }
            ]
		},
        "tough_lungs": {
            "ability": "lucraftcore:tough_lungs",
            "show_in_bar": false,
            "title": {"translate":"lucraftcore.abilities.tough_lungs.name"},
            "icon": {"type": "internal"},
            "conditions": [
            	{
            		"type": "lucraftcore:potion_weakness",
				    "potion": "heroesexpansion:kryptonite_poison"
                }
            ]
		},
        "kryptonite_weakness":{
			"ability": "lucraftcore:command_loop",
			"show_in_bar": false,
			"title": {"text":"Kryptonite Weakness"},			
			"icon": {"type": "texture",
				"texture": "ben_ten:textures/gui/completedomnitrix/ov_trix_timeout.png"},
			"commands": ["execute @s ~ ~ ~ detect ~5 ~5 ~5 heroesexpansion:kryponite_block 0 effect @s heroesexpansion:kryptonite_poison 1 1 false", 
			"execute @s ~ ~ ~ detect ~-5 ~-5 ~-5 heroesexpansion:kryponite_block 0 effect @s heroesexpansion:kryptonite_poison 1 1 false", 
			"execute @s ~ ~ ~ detect ~5 ~5 ~5 heroesexpansion:kryponite_block 0 effect @s minecraft:poison 1 1 true", 
			"execute @s ~ ~ ~ detect ~-5 ~-5 ~-5 heroesexpansion:kryponite_block 0 effect @s minecraft:poison 1 1 true"]
		},	
        "water_breathing": {
            "ability": "lucraftcore:water_breathing",
            "show_in_bar": false,
            "title": {"translate":"lucraftcore.abilities.water_breathing.name"},
            "icon": {"type": "internal"},
            "bar_color": "green",
            "conditions": [
            	{
            		"type": "lucraftcore:potion_weakness",
				    "potion": "heroesexpansion:kryptonite_poison"
                }
            ]
		},
		"fire_resistance": {
			"ability": "lucraftcore:fire_resistance",			
            "show_in_bar": false,		
            "title": {"text":"Fire Resistance"},						
			"operation": 0,
            "conditions": [
            	{
            		"type": "lucraftcore:potion_weakness",
				    "potion": "heroesexpansion:kryptonite_poison"
                }
            ]			
		},
		"heat_vision":{
            "ability": "heroesexpansion:heat_vision",
            "show_in_bar": true,
			"bar_color": "green",
            "color": [0, 255, 0],
            "title": {"translate":"heroesexpansion.abilities.heat_vision.name"},
            "conditions": [
            	{
            		"type": "lucraftcore:potion_weakness",
				    "potion": "heroesexpansion:kryptonite_poison"
                },
				{
				"type": "lucraftcore:solar_energy",
				"ability": "solar_energy",
				"minimum": 30
			    }
            ]
		},
		"flight": {			
			"ability": "lucraftcore:flight",
			"icon": {"type": "internal"},			
            "show_in_bar": true,
            "title": {"text":"Flight"},	
            "bar_color": "green",				
			"speed": 2,
            "sprint_speed": 4,
			"rotate_arms": true,
            "conditions": [
            	{
            		"type": "lucraftcore:potion_weakness",
				    "potion": "heroesexpansion:kryptonite_poison"
                },
				{
				"type": "lucraftcore:solar_energy",
				"ability": "solar_energy",
				"minimum": 20
			    }
            ]
		},
		"freezebreath": {
			"ability": "heroesexpansion:freeze_breath",
			"cooldown": 80,			
            "show_in_bar": true,
            "title": {"text":"Freeze Breath"},
            "bar_color": "green",
            "conditions": [
            	{
            		"type": "lucraftcore:potion_weakness",
				    "potion": "heroesexpansion:kryptonite_poison"
                },
				{
				"type": "lucraftcore:solar_energy",
				"ability": "solar_energy",
				"minimum": 10
			    }
            ]
		},
		"x-ray_vision": {
            "ability": "heroesexpansion:x_ray",
            "show_in_bar": true,
            "title": {"text":"X-Ray Vision"},
            "icon": {"type": "internal"},
            "bar_color": "green",
            "conditions": [
            	{
            		"type": "lucraftcore:potion_weakness",
				    "potion": "heroesexpansion:kryptonite_poison"
                },
				{
				"type": "lucraftcore:solar_energy",
				"ability": "solar_energy",
				"minimum": 20
			    }
            ]
		},
		"throw_boulder":{
            "ability": "lucraftcore:command",
            "show_in_bar": true,
			"bar_color": "green",
            "cooldown": 400,
            "title": {"text":"Throw Boulder"},
            "icon": {"type": "texture", "texture": "ben_ten:textures/gui/abilities/boulder_throw.png"},
            "commands": ["cast ebwizardry:boulder @p", "/stopsound @s player ebwizardry:spell.boulder"],
            "conditions": [
            	{
            		"type": "lucraftcore:potion_weakness",
				    "potion": "heroesexpansion:kryptonite_poison"
                },
				{"type": "lucraftcore:not", 
			            "conditions": [{
						"type": "lucraftcore:scoreboard_tag", 
						"tag": "Air"
				}
					]
						}
            ]
		},
		"death_state":{
			"ability": "lucraftcore:command_loop",
			"show_in_bar": false,
			"title": {"text":"Death State"},			
			"icon": {"type": "texture",
				"texture": "ben_ten:textures/gui/omnitrix_timeout.png"},
			"commands": ["execute @s[score_Health=0,score_Health_min=0,tag=ua] ~ ~ ~ /superpower @s ben_ten:ultimatrix",
			"execute @s[tag=Air] ~ ~ ~ scoreboard players tag @s remove Air",
			"execute @s ~ ~ ~ detect ~ ~-1 ~ water 0 scoreboard players tag @s add Air",
			"execute @s ~ ~ ~ detect ~ ~-1 ~ air 0 scoreboard players tag @s add Air",
			"scoreboard players tag @s[score_Sneak=1,score_Sneak_min=1] add Sneaking",
            "scoreboard players tag @s[score_Sneak=0,score_Sneak_min=0] remove Sneaking",
			"scoreboard players set @s[score_Sneak_min=1] Sneak 0"]
		},
		"timer":{
			"ability": "lucraftcore:command_loop",
			"show_in_bar": false,
			"title": {"text":"Timer"},			
			"icon": {"type": "texture","texture": "ben_ten:textures/gui/omnitrix_timeout.png"},
			"conditions": [{"type": "lucraftcore:not", 
			            "conditions": [{
						"type": "lucraftcore:scoreboard_tag", 
						"tag": "Master"}]}],
			"commands": ["scoreboard players remove @s Timer 1",
			"scoreboard players set @s[score_Timer=-1,score_Timer_min=-1000000] Timer 1",
			"execute @s[score_Timer=30,score_Timer_min=30,tag=ov] ~ ~ ~ /playsound minecraft:custom.ov_timer master @a ~ ~ ~",
			"execute @s[score_Timer=1,score_Timer_min=1,tag=af] ~ ~ ~ /playsound minecraft:custom.recalibratedhuman master @a ~ ~ ~",
			"execute @s[score_Timer=0,score_Timer_min=0,tag=ua] ~ ~ ~ /playsound minecraft:custom.ultimatrixhuman master @a ~ ~ ~",
			"execute @s[score_Timer=1,score_Timer_min=1,tag=ov] ~ ~ ~ /playsound minecraft:custom.ov_human master @a ~ ~ ~",
			"execute @s[score_Timer=0,score_Timer_min=0] ~ ~ ~ /superpower @s ben_ten:transform_human",
			"superpowerxp 1 @s[tag=0]",
			"superpowerxp 4 @s[tag=20]",
			"superpowerxp 6 @s[tag=35]"]
		},
		"base": {	
	        "ability": "lucraftcore:command",		
            "show_in_bar": true,	
            "title": {"text":"Base Form"},
			"icon": {"type": "texture", "texture": "ben_ten:textures/gui/omnitrix_green.png"},
            "bar_color": "green",
			"conditions": [{
						"type": "lucraftcore:scoreboard_tag", 
						"tag": "Sneaking"}],
			"commands": ["superpower @s ben_ten:transform_human", 
			"execute @s[tag=af] ~ ~ ~ /playsound minecraft:custom.recalibratedhuman master @a ~ ~ ~",
			"execute @s[tag=ua] ~ ~ ~ /playsound minecraft:custom.ultimatrixhuman master @a ~ ~ ~",
			"execute @s[tag=ov] ~ ~ ~ /playsound minecraft:custom.ov_human master @a ~ ~ ~"]
		}
	}
}