{
	"name": {
		"text": "Lepidopterran"
	},

	"icon": {
		"type": "texture",
		"texture": "ben_ten:textures/gui/prototype/lepidopterran.png"
	},

	"creative_tab": "ben10",
	
	"max_level": 40,
	
	"capsule_color": 3080117,
	
    "effects": [
        {
            "type": "skin_change",
            "texture": "ben_ten:textures/models/ben/lepidopterran.png"
        },
		{
            "type": "skin_overlay",
            "texture": "ben_ten:textures/models/ben/timeout/lepidopterran.png",
            "size": 0,
            "glow": true,
            "conditions": [
            	{
            		"type": "ability_enabled",
					"ability": "lucraftcore:healing"
            	}
            ]
        },
		{
        "type": "skin_change",
        "texture": "ben_ten:textures/models/ben/recalibrated/r_lepidopterran.png",
            "conditions": [            	
				{
            		"type": "ability_enabled",
					"ability": "lucraftcore:knockback_resistance"
            	}
			]
        },
		{
            "type": "skin_overlay",
            "texture": "ben_ten:textures/overlays/glow/recalibrated/r_lepidopterran_glow.png",
            "size": 0,
            "glow": true,
            "conditions": [
            	{
            		"type": "always"
            	},
				{
            		"type": "ability_enabled",
					"ability": "lucraftcore:knockback_resistance"
            	}
            ]
        },
		{
        "type": "skin_change",
        "texture": "ben_ten:textures/models/ben/ov_lepidopterran.png",
            "conditions": [            	
				{
            		"type": "ability_enabled",
					"ability": "lucraftcore:step_assist"
            	}
			]
        },
		{
            "type": "skin_overlay",
            "texture": "ben_ten:textures/overlays/glow/ov_lepidopterran_glow.png",
            "size": 0,
            "glow": true,
            "conditions": [
            	{
            		"type": "always"
            	},
				{
            		"type": "ability_enabled",
					"ability": "lucraftcore:step_assist"
            	}
            ]
        }
		
    ],
	
	"abilities": {
		"uaf_form": {
            "ability": "lucraftcore:knockback_resistance",
            "show_in_bar": false,
            "title": {"text":"UAF Skin"},
            "icon": {"type": "texture", "texture": "ben_ten:textures/gui/recal/recal_omnitrix.png"},
			"conditions": [{
			    "type": "lucraftcore:scoreboard_tag",
				"tag": "ua"}],
            "amount": 0.0,
            "operation": 0
        },
		"ov_form": {
            "ability": "lucraftcore:step_assist",
            "show_in_bar": false,
            "title": {"text":"OV Skin"},
            "icon": {"type": "texture", "texture": "ben_ten:textures/gui/completedomnitrix/ov_trix_master.png"},
            "amount": 0.0,

			"conditions": [{
			    "type": "lucraftcore:scoreboard_tag",
				"tag": "ov"}]
        },
		"os_timeout_le": {
            "ability": "lucraftcore:healing",
			"conditions": [{"type": "lucraftcore:scoreboard_tag","tag": "TO"}],
            "show_in_bar": false,
            "title": {"text":"Timeout Glow"},
            "icon": {"type": "texture","texture": "ben_ten:textures/gui/prototype/redomnitrix.png"},
            "frequency": 0,
            "amount": 0
        },
		"sizelep": {
		    "hidden": true,
			"ability": "lucraftcore:command_loop",
			"show_in_bar": false,
			"title": {"text": "Size"},
			"icon": {"type": "texture", "texture": "ben_ten:textures/gui/prototype/omnitrix.png"},
			"commands": ["sizechange @s 1 lucraftcore:default","execute @e[tag=SlimeBlock] ~ ~ ~ /particle blockcrack ~ ~ ~ 0.1 0.1 0.1 0 150 force @a 0165",
			             "execute @e[tag=SlimeBlock] ~ ~ ~ fill ~-2 ~-2 ~-2 ~2 ~2 ~2 air 0 replace fire ",
						 "execute @s ~ ~ ~ detect ~ ~1 ~ water 0 scoreboard players tag @s add Water",
			             "execute @s ~ ~ ~ detect ~ ~1 ~ air 0 scoreboard players tag @s remove Water"]
       },
		"radiation_protection": {
            "ability": "the-fifth-world:potion_immunity",
            "show_in_bar": false,
            "title": {"text":"Radiation Protection"},
            "icon": {"type": "internal"},
            "potion": "lucraftcore:radiation"
       },
		"health": {		
			"ability": "lucraftcore:health",			
            "show_in_bar": false,		
            "title": {"text":"Health"},					
			"amount": 8		
		},
		"strength": {	
			"ability": "lucraftcore:strength",				
            "show_in_bar": false,		
            "title": {"text":"Strength"},							
			"amount": 5			
		},
		"defense": {
			"ability": "lucraftcore:resistance",			
            "show_in_bar": false,		
            "title": {"text":"Resistance"},						
			"amount": 6			
		},
		"fall_resistance": {
			"ability": "lucraftcore:fall_resistance",
			"show_in_bar": false,
			"title": {"text":"Fall Resistance"},
			"amount": 200
		},
		"mountable": {
			"ability": "the-fifth-world:mountable",
			"show_in_bar": false,
			"title": {"translate":"the-fifth-world.abilities.mountable.name"},
			"icon": {"type": "internal"}
		},
		"slime_ball":{
            "ability": "lucraftcore:command",
            "cooldown": 20,
            "show_in_bar": true,
			"bar_color": "green",
            "title": {"text":"Slime Ball"},
            "icon": {"type": "texture", "texture": "ben_ten:textures/gui/abilities/slimeball.png"},
            "commands": ["cast ebwizardry:slime @p", "superpowerxp 10 @s"]
		},
        "blastlep": {
			"ability": "lucraftcore:energy_blast",	
			"cooldown": 15,
			"show_in_bar": true,
			"color": [0, 255, 0],
			"damage": 2,
			"play_sound": false,
			"invisible": true,
			"title": {"translate":"Slime Blast"},
			"bar_color": "green",
			"icon": {"type": "texture", "texture": "ben_ten:textures/gui/abilities/gourmand_bellyblast.png"}
		},
		"slimeshot": {
			"ability": "lucraftcore:command",
			"parent_ability": "blastlep",
			"show_in_bar": false,
			"title": {"text":"Fire Suppression"},
			"icon": {"type": "texture", "texture": "ben_ten:textures/gui/abilities/gourmand_bellyblast.png"},
			"bar_color": "green",
			"commands": [
			"/scoreboard players tag @e[type=lucraftcore:energy_blast] add SlimeBlock","/playsound minecraft:block.slime.hit master @e[r=10] ~ ~ ~","superpowerxp 10 @s"]
		},		
		"flight": {			
			"ability": "lucraftcore:flight",
			"icon": {"type": "internal"},			
            "show_in_bar": true,
			"conditions": [{"type": "lucraftcore:not", 
			            "conditions": [{
						"type": "lucraftcore:scoreboard_tag", 
						"tag": "Water"}]}],
            "title": {"text":"Flight"},	
            "bar_color": "green",				
			"speed": 1.5,
            "sprint_speed": 2,
			"rotate_arms": false
		},
		"flight_xp": {
            "ability": "lucraftcore:command_toggle",
			"parent_ability": "flight",
            "show_in_bar": false,
            "title": {"text":"Flight XP"},
            "icon": {"type": "internal"},
            "conditions": [{
			    "type": "ability_enabled",
				"ability": "lucraftcore:flight"}],
		    "commands": ["superpowerxp 1 @s"]
		},
		"death_state":{
			"ability": "lucraftcore:command_loop",
			"show_in_bar": false,
			"title": {"text":"Death State"},			
			"icon": {"type": "texture",
				"texture": "ben_ten:textures/gui/omnitrix_timeout.png"},
			"commands": [
			"execute @s[score_Health=0,score_Health_min=0,tag=os] ~ ~ ~ /superpower @s ben_ten:prototypeomnitrix",
			"execute @s[score_Health=0,score_Health_min=0,tag=af] ~ ~ ~ /superpower @s ben_ten:recalibratedomnitrix",
			"execute @s[score_Health=0,score_Health_min=0,tag=ua] ~ ~ ~ /superpower @s ben_ten:ultimatrix",
			"execute @s[score_Health=0,score_Health_min=0,tag=ov] ~ ~ ~ /superpower @s ben_ten:completedomnitrix",
			"scoreboard players tag @s[score_Sneak=1,score_Sneak_min=1] add Sneaking",
            "scoreboard players tag @s[score_Sneak=0,score_Sneak_min=0] remove Sneaking",
			"scoreboard players set @s[score_Sneak_min=1] Sneak 0"]
		},
		"timer":{
			"ability": "lucraftcore:command_loop",
			"show_in_bar": false,
			"title": {"text":"Timer"},			
			"icon": {"type": "texture",
				"texture": "ben_ten:textures/gui/omnitrix_timeout.png"},
			"conditions": [{"type": "lucraftcore:not", 
			            "conditions": [{
						"type": "lucraftcore:scoreboard_tag", 
						"tag": "Master"}]}],
			"commands": ["scoreboard players remove @s Timer 1",
			             "scoreboard players set @s[score_Timer=-1,score_Timer_min=-1000000] Timer 1",
			             "execute @s[score_Timer=60,score_Timer_min=60,tag=os] ~ ~ ~ /playsound minecraft:custom.timeout master @a ~ ~ ~",
			             "execute @s[score_Timer=60,score_Timer_min=60,tag=os] ~ ~ ~ /scoreboard players tag @s add TO",
			             "execute @s[score_Timer=50,score_Timer_min=50,tag=os] ~ ~ ~ /scoreboard players tag @s remove TO",
			             "execute @s[score_Timer=40,score_Timer_min=40,tag=os] ~ ~ ~ /scoreboard players tag @s add TO",
			             "execute @s[score_Timer=30,score_Timer_min=30,tag=os] ~ ~ ~ /scoreboard players tag @s remove TO",
			             "execute @s[score_Timer=20,score_Timer_min=20,tag=os] ~ ~ ~ /scoreboard players tag @s add TO",
			             "execute @s[score_Timer=10,score_Timer_min=10,tag=os] ~ ~ ~ /scoreboard players tag @s remove TO",
			             "execute @s[score_Timer=0,score_Timer_min=0,tag=os] ~ ~ ~ /superpower @s ben_ten:transform_human_os",
			             "execute @s[score_Timer=1,score_Timer_min=1,tag=os] ~ ~ ~ /playsound minecraft:custom.transform master @a ~ ~ ~",
			             "execute @s[score_Timer=0,score_Timer_min=0,tag=af] ~ ~ ~ /superpower @s ben_ten:transform_human",
			             "execute @s[score_Timer=1,score_Timer_min=1,tag=af] ~ ~ ~ /playsound minecraft:custom.recalibratedhuman master @a ~ ~ ~",
			             "execute @s[score_Timer=0,score_Timer_min=0,tag=ua] ~ ~ ~ /superpower @s ben_ten:transform_human",
			             "execute @s[score_Timer=0,score_Timer_min=0,tag=ua] ~ ~ ~ /playsound minecraft:custom.ultimatrixhuman master @a ~ ~ ~",
			             "execute @s[score_Timer=30,score_Timer_min=30,tag=ov] ~ ~ ~ /playsound minecraft:custom.ov_timer master @a ~ ~ ~",
			             "execute @s[score_Timer=1,score_Timer_min=1,tag=ov] ~ ~ ~ /playsound minecraft:custom.ov_human master @a ~ ~ ~",
			             "execute @s[score_Timer=0,score_Timer_min=0,tag=ov] ~ ~ ~ /superpower @s ben_ten:transform_human",
			             "superpowerxp 1 @s[tag=0]",
			             "superpowerxp 4 @s[tag=20]",
			             "superpowerxp 6 @s[tag=35]"]
		},
		"base": {	
	        "ability": "lucraftcore:command",		
            "show_in_bar": true,	
            "title": {"text":"Base Form"},
			"icon": {"type": "texture", "texture": "ben_ten:textures/gui/omnitrix_green.png"},
            "bar_color": "green",
			"conditions": [{"type": "lucraftcore:scoreboard_tag", 
			                "tag": "Sneaking"},
							{"type": "lucraftcore:or",
                            "conditions": [
                            {"type": "lucraftcore:level",
                             "level": 30},
                            {"type": "lucraftcore:scoreboard_tag",
                             "tag": "Master"},
                            {"type": "lucraftcore:scoreboard_tag",
                             "tag": "af"},
                            {"type": "lucraftcore:scoreboard_tag",
                             "tag": "ua"},
                            {"type": "lucraftcore:scoreboard_tag",
                             "tag": "ov"}]
                    }],
			"commands": ["superpower @s ben_ten:transform_human", 
			"execute @s[tag=os] ~ ~ ~ /playsound minecraft:custom.transform master @a ~ ~ ~",  
			"execute @s[tag=af] ~ ~ ~ /playsound minecraft:custom.recalibratedhuman master @a ~ ~ ~",
			"execute @s[tag=ua] ~ ~ ~ /playsound minecraft:custom.ultimatrixhuman master @a ~ ~ ~",
			"execute @s[tag=ov] ~ ~ ~ /playsound minecraft:custom.ov_human master @a ~ ~ ~"]
		}
	}
}