{
	"name": {
		"text": "Necrofriggian"
	},

	"icon": {
		"type": "texture",
		"texture": "ben_ten:textures/gui/recal/necrofriggian.png"
	},

	"creative_tab": "ben10",
	
	"max_level": 40,
	
	"capsule_color": 3080117,
	
    "effects": [
        {
        	"type": "skin_change",
        	"texture": "ben_ten:textures/models/ben/necrofriggian.png",
		"conditions": [            	
				{
            		"type": "ability_enabled",
					"ability": "lucraftcore:knockback_resistance"
            	}
			]
       },
        {
        	"type": "skin_change",
        	"texture": "ben_ten:textures/models/ben/necrofriggian_flying.png",
        	"conditions": [
        		{
        			"type": "ability_enabled",
        			"ability": "lucraftcore:flight"
        		},
				{
            		"type": "ability_enabled",
					"ability": "lucraftcore:knockback_resistance"
            	}
        	]
       },
		{
            "type": "skin_overlay",
            "texture": "ben_ten:textures/overlays/glow/necrofriggian_glow.png",
            "size": 0,
            "glow": true,
            "conditions": [
            	{
            		"type": "ability_enabled",
					"ability": "lucraftcore:knockback_resistance"
            	}
            ]
       },		
		{
        	"type": "skin_change",
        	"texture": "ben_ten:textures/models/ben/ov_necrofriggian.png",
        	"conditions": [
				{
        			"type": "ability_enabled",
        			"ability": "lucraftcore:step_assist"
        		}
        	]
       },
        {
        	"type": "skin_change",
        	"texture": "ben_ten:textures/models/ben/ov_necrofriggian_flying.png",
        	"conditions": [
        		{
        			"type": "ability_enabled",
        			"ability": "lucraftcore:flight"
        		},
				{
        			"type": "ability_enabled",
        			"ability": "lucraftcore:step_assist"
        		}
        	]
       },
		{
            "type": "skin_overlay",
            "texture": "ben_ten:textures/overlays/glow/ov_necrofriggian_glow.png",
            "size": 0,
            "glow": true,
            "conditions": [
            	{
        			"type": "ability_enabled",
        			"ability": "lucraftcore:step_assist"
        		}
            ]
       },
        {
        	"type": "skin_change",
        	"texture": "ben_ten:textures/models/ben/necrofriggian_transparent.png",
        	"conditions": [
        		{
        			"type": "ability_enabled",
        			"ability": "speedsterheroes:phasing"
        		}
        	]
       }
    ],
	
	"abilities": {
		"uaf_form": {
            "ability": "lucraftcore:knockback_resistance",
            "show_in_bar": false,
            "title": {"text":"UAF Skin"},
            "icon": {"type": "texture", "texture": "ben_ten:textures/gui/recal/recal_omnitrix.png"},
			"conditions": [{
                        "type": "lucraftcore:or",
                            "conditions": [
                            {"type": "lucraftcore:scoreboard_tag",
                             "tag": "af"
                           },
                            {"type": "lucraftcore:scoreboard_tag",
                             "tag": "ua"
                           }]
                   }],
            "amount": 0.0,
            "operation": 0
        },
		"ov_form": {
            "ability": "lucraftcore:step_assist",
            "show_in_bar": false,
            "title": {"text":"OV Skin"},
            "icon": {"type": "texture", "texture": "ben_ten:textures/gui/completedomnitrix/ov_trix_master.png"},
            "amount": 0.0,
			"conditions": [{
			    "type": "lucraftcore:scoreboard_tag",
				"tag": "ov"}]
        },
		"radiation_protection": {
            "ability": "the-fifth-world:potion_immunity",
            "show_in_bar": false,
            "title": {"text":"Radiation Protection"},
            "icon": {"type": "internal"},
            "potion": "lucraftcore:radiation"
       },
        "tough_lungs": {
            "ability": "lucraftcore:tough_lungs",
            "show_in_bar": false,
            "title": {"translate":"lucraftcore.abilities.tough_lungs.name"},
            "icon": {"type": "internal"},
            "bar_color": "green"
       },
		"health": {		
			"ability": "lucraftcore:health",			
            "show_in_bar": false,		
            "title": {"text":"Health"},					
			"amount": 5,
			"operation": 0		
		},
		"strength": {	
			"ability": "lucraftcore:strength",				
            "show_in_bar": false,		
            "title": {"text":"Strength"},							
			"amount": 7,
			"operation": 0
		},
		"jump": {
			"ability": "lucraftcore:jump_boost",			
            "show_in_bar": false,		
            "title": {"text":"Jump Boost"},									
			"amount": 4,
			"operation": 0
		},
		"defense": {
			"ability": "lucraftcore:resistance",			
            "show_in_bar": false,		
            "title": {"text":"Resistance"},						
			"amount": 5,
			"operation": 0	
		},
		"fall_resistance": {
			"ability": "lucraftcore:fall_resistance",
			"show_in_bar": false,
			"title": {"text":"Fall Resistance"},
			"amount": 200,
			"operation": 0
		},
		"fire_resistance": {
			"ability": "lucraftcore:fire_resistance",			
            "show_in_bar": false,		
            "title": {"text":"Fire Resistance"},						
			"operation": 0
		},
		"size": {
			"ability": "lucraftcore:command_loop",
			"show_in_bar": false,
			"title": {"text": "Size"},
			"icon": {"type": "texture", "texture": "ben_ten:textures/gui/prototype/omnitrix.png"},
			"commands": ["sizechange @s 1 lucraftcore:default",
			             "scoreboard players tag @s[tag=!Phasing] add Phasing",
						 "fill ~-3 ~-3 ~-3 ~3 ~3 ~3 air 0 replace barrier 0 "]
       },
		"phasing_c": {
            "ability": "lucraftcore:command_held",
            "show_in_bar": true,
            "title": {"text":"phasing"},
			"icon": {"type": "texture",	"texture": "ben_ten:textures/gui/abilities/necrofriggian_phasing.png"},
            "bar_color": "green",
		    "commands": ["execute @s ~ ~ ~ /summon armor_stand ~ ~-1 ~ {CustomName:\"Phase\",Invisible:1b,Invulnerable:1b,NoBasePlate:1b}",
						 "execute @e[name=Phase] ~ ~1 ~ /fill ~ ~ ~ ~ ~ ~ barrier 0 replace air 0",
						 "execute @e[name=Phase] ~ ~ ~ /fill ~ ~ ~ ~ ~ ~ barrier 0 replace air 0",
						 "scoreboard players tag @s remove Phasing",						 
						 "scoreboard players set @s[rx=10,rxm=-10] Facing 0", 
			             "scoreboard players set @s[rx=-10,rxm=-90] Facing 1", 
			             "scoreboard players set @s[rx=90,rxm=10] Facing 2", 
		 	             "execute @s[score_Facing=1,score_Facing_min=1] ~ ~ ~ /tp @s ~ ~0.1 ~ ", 
			             "execute @s[score_Facing=2,score_Facing_min=2] ~ ~ ~ /tp @s ~ ~-0.1 ~ ",
						 "/kill @e[name=Phase]",
						 "effect @e[rm=0,r=1] heroesexpansion:frozen 5 5",
						 "superpowerxp 1 @s"]
		},
		"phasing": {
            "ability": "speedsterheroes:phasing",
			"icon": {"type": "texture", "texture": "ben_ten:textures/gui/abilities/necrofriggian_phasing.png"},
			"parent_ability": "phasing_c",
			"show_in_bar": false,
			"title": {"text":"phasing"}	
		},
		"flight": {			
			"ability": "lucraftcore:flight",
			"conditions": [{
						"type": "lucraftcore:scoreboard_tag", 
						"tag": "Phasing"}],
			"icon": {"type": "internal"},			
            "show_in_bar": true,
            "title": {"text":"Fly"},	
            "bar_color": "green",				
			"speed": 1,
            "sprint_speed": 1.5,
			"rotate_arms": false
		},
		"flight_xp": {
            "ability": "lucraftcore:command_toggle",
			"parent_ability": "flight",
            "show_in_bar": false,
            "title": {"text":"Flight XP"},
            "icon": {"type": "internal"},
            "conditions": [{
			    "type": "ability_enabled",
				"ability": "lucraftcore:flight"}],
		    "commands": ["superpowerxp 1 @s"]
		},
		"freezebreath": {
			"ability": "heroesexpansion:freeze_breath",
			"cooldown": 200,
			"icon": {"type": "texture", "texture": "ben_ten:textures/gui/abilities/necrofriggian_freezebreath.png"},			
            "show_in_bar": true,
            "title": {"text":"Freeze Breath"},
            "bar_color": "green",
            "distance": 10.0		
		},
		"freezebreath_xp": {
            "ability": "lucraftcore:command_held",
			"parent_ability": "freezebreath",
            "show_in_bar": false,
            "title": {"text":"Freeze Breath XP"},
            "icon": {"type": "internal"},
            "conditions": [{
			    "type": "ability_enabled",
				"ability": "heroesexpansion:freeze_breath"}],
		    "commands": ["superpowerxp 10 @s"]
		},
		"frost_wall":{
            "ability": "lucraftcore:command_held",
            "show_in_bar": true,
			"bar_color": "green",
            "cooldown": 100,
            "title": {"text":"Frost Wall"},
            "icon": {"type": "texture", "texture": "ben_ten:textures/gui/abilities/frostwall.png"},
            "commands": ["cast ebwizardry:wall_of_frost @p 1", "superpowerxp @s 2"]
	    },
		"ice_shot":{
            "ability": "lucraftcore:command",
            "show_in_bar": true,
			"bar_color": "green",
            "cooldown": 30,
            "title": {"text":"Ice Shot"},
            "icon": {"type": "texture", "texture": "ben_ten:textures/gui/abilities/ice_shot.png"},
            "commands": ["cast ebwizardry:ice_shard @p", "superpowerxp 5 @s"]
		},
		"ultimate": {	
	        "ability": "lucraftcore:command",
            "show_in_bar": true,	
            "title": {"text":"Ultimate Necrofriggian"},
			"icon": {"type": "texture", "texture": "ben_ten:textures/gui/recal/ultimatrix.png"},
            "bar_color": "green",
			"conditions": [{"type": "lucraftcore:scoreboard_tag", 
			                "tag": "ua"}],				
			"commands": ["superpower @s ben_ten:transform_af",
			"scoreboard players tag @s add UNecrofriggian",			
			"playsound minecraft:custom.ultimate master @a ~ ~ ~"]
		},
		"switch": {	
	        "ability": "lucraftcore:command",
            "show_in_bar": true,	
            "title": {"text":"Switch"},
			"icon": {"type": "texture", "texture": "ben_ten:textures/gui/recal/recal_activate.png"},
            "bar_color": "green",
		    "conditions": [{
			    "type": "lucraftcore:not", 
			        "conditions": [{
						"type": "lucraftcore:scoreboard_tag", 
						"tag": "Sneaking"},
				        {
						"type": "lucraftcore:scoreboard_tag", 
						"tag": "ov"}
						]}],				
			"command": ["superpower @s[score_Timer_min=1200] ben_ten:necrofriggian_switch",
			"execute @s[score_Timer=1199,score_Timer_min=0] ~ ~ ~ /tellraw @s {\"text\":\"Insufficient Power\",\"color\":\"green\"}"]
		},
		"death_state":{
			"ability": "lucraftcore:command_loop",
			"show_in_bar": false,
			"title": {"text":"Death State"},			
			"icon": {"type": "texture",
				"texture": "ben_ten:textures/gui/omnitrix_timeout.png"},
			"commands": [
			"execute @s[score_Health=0,score_Health_min=0,tag=os] ~ ~ ~ /superpower @s ben_ten:prototypeomnitrix",
			"execute @s[score_Health=0,score_Health_min=0,tag=af] ~ ~ ~ /superpower @s ben_ten:recalibratedomnitrix",
			"execute @s[score_Health=0,score_Health_min=0,tag=ua] ~ ~ ~ /superpower @s ben_ten:ultimatrix",
			"execute @s[score_Health=0,score_Health_min=0,tag=ov] ~ ~ ~ /superpower @s ben_ten:completedomnitrix",
			"scoreboard players tag @s[score_Sneak=1,score_Sneak_min=1] add Sneaking",
            "scoreboard players tag @s[score_Sneak=0,score_Sneak_min=0] remove Sneaking",
			"scoreboard players set @s[score_Sneak_min=1] Sneak 0"]
		},
		"timer":{
			"ability": "lucraftcore:command_loop",
			"show_in_bar": false,
			"title": {"text":"Timer"},			
			"icon": {"type": "texture","texture": "ben_ten:textures/gui/omnitrix_timeout.png"},
			"conditions": [{"type": "lucraftcore:not", 
			            "conditions": [{
						"type": "lucraftcore:scoreboard_tag", 
						"tag": "Master"}]}],
			"commands": ["scoreboard players remove @s Timer 1",
			"scoreboard players set @s[score_Timer=-1,score_Timer_min=-1000000] Timer 1",
			"execute @s[score_Timer=30,score_Timer_min=30,tag=ov] ~ ~ ~ /playsound minecraft:custom.ov_timer master @a ~ ~ ~",
			"execute @s[score_Timer=1,score_Timer_min=1,tag=af] ~ ~ ~ /playsound minecraft:custom.recalibratedhuman master @a ~ ~ ~",
			"execute @s[score_Timer=0,score_Timer_min=0,tag=ua] ~ ~ ~ /playsound minecraft:custom.ultimatrixhuman master @a ~ ~ ~",
			"execute @s[score_Timer=1,score_Timer_min=1,tag=ov] ~ ~ ~ /playsound minecraft:custom.ov_human master @a ~ ~ ~",
			"execute @s[score_Timer=0,score_Timer_min=0] ~ ~ ~ /superpower @s ben_ten:transform_human",
			"superpowerxp 1 @s[tag=0]",
			"superpowerxp 4 @s[tag=20]",
			"superpowerxp 6 @s[tag=35]"]
		},
		"base": {	
	        "ability": "lucraftcore:command",		
            "show_in_bar": true,	
            "title": {"text":"Base Form"},
			"icon": {"type": "texture", "texture": "ben_ten:textures/gui/omnitrix_green.png"},
            "bar_color": "green",
			"conditions": [{
						"type": "lucraftcore:scoreboard_tag", 
						"tag": "Sneaking"}],
			"commands": ["superpower @s ben_ten:transform_human", 
			"execute @s[tag=af] ~ ~ ~ /playsound minecraft:custom.recalibratedhuman master @a ~ ~ ~",
			"execute @s[tag=ua] ~ ~ ~ /playsound minecraft:custom.ultimatrixhuman master @a ~ ~ ~",
			"execute @s[tag=ov] ~ ~ ~ /playsound minecraft:custom.ov_human master @a ~ ~ ~"]
		}
	}
}