{
	"name": {
		"text": "Nosedeenian"
	},

	"icon": {
		"type": "texture",
		"texture": "ben_ten:textures/gui/prototype/nosedeenian.png"
	},

	"creative_tab": "ben10",
	
	"max_level": 40,
	
	"capsule_color": 3080117,
	
   "effects": [
        {
            "type": "skin_change",
            "texture": "ben_ten:textures/models/ben/arburian_pelarota_ball.png"
       },
        {
        	"type": "trail",
        	"trail_type": "lightnings",
        	"color": [0, 1, 0],
        	"use_suit_trail": false        	
       },
		    {
        	"type": "trail",
        	"trail_type": "electricity",
        	"color": [0, 1, 0],
        	"use_suit_trail": false
       }
    ],
	
	"abilities": {
		"radiation_protection": {
            "ability": "the-fifth-world:potion_immunity",
            "show_in_bar": false,
            "title": {"text":"Radiation Protection"},
            "icon": {"type": "internal"},
            "potion": "lucraftcore:radiation"
       },
	    "small_size": {
			"ability": "lucraftcore:command_loop",
			"show_in_bar": false,
			"title": {"text": "Small Size"},
			"icon": {"type": "internal"},
			"bar_color": "green",
			"commands": ["sizechange @s 0.4 lucraftcore:default"]
       },
		"defense": {
			"ability": "lucraftcore:resistance",			
            "show_in_bar": false,		
            "title": {"text":"Resistance"},						
			"amount": 3,
			"operation": 0			
		},
        "fall_resistance": {
			"ability": "lucraftcore:fall_resistance",
			"show_in_bar": false,
			"title": {"text":"Fall Resistance"},
			"amount": 200,
			"operation": 0
		},
		"redstone_travel_minus_z":{
			"ability": "lucraftcore:command_loop",
			"show_in_bar": false,
			"title": {"text":"Redstone Travel"},			
			"icon": {"type": "texture",
				"texture": "ben_ten:textures/gui/abilities/redstonetravel.png"},
			"commands": ["execute @s ~ ~ ~ detect ~ ~ ~-1 redstone_wire 0 tp @s ~ ~ ~-1", 
			"execute @s ~ ~ ~ detect ~ ~1 ~-1 redstone_wire 0 tp @s ~ ~1 ~-1", 
			"execute @s ~ ~ ~ detect ~ ~-1 ~-1 redstone_wire 0 tp @s ~ ~-1 ~-1",
			"execute @s ~ ~ ~ detect ~-1 ~ ~ redstone_wire 0 superpower @s ben_ten:nosedeenian_x_minus", 
			"execute @s ~ ~ ~ detect ~1 ~ ~ redstone_wire 0 superpower @s ben_ten:nosedeenian_x", 
			"superpowerxp @s 1"]
		},
		"cancel_redstone_travel":{
			"ability": "lucraftcore:command",
			"show_in_bar": true,
			"title": {"text":"Cancel Redstone Travel"},			
			"icon": {"type": "texture",
				"texture": "ben_ten:textures/gui/abilities/redstonetravel.png"},
			"commands": ["superpower @s ben_ten:nosedeenian"]
		},
		"death_state":{
			"ability": "lucraftcore:command_loop",
			"show_in_bar": false,
			"title": {"text":"Death State"},			
			"icon": {"type": "texture",
				"texture": "ben_ten:textures/gui/omnitrix_timeout.png"},
			"commands": [
			"execute @s[score_Health=0,score_Health_min=0,tag=os] ~ ~ ~ /superpower @s ben_ten:prototypeomnitrix",
			"execute @s[score_Health=0,score_Health_min=0,tag=af] ~ ~ ~ /superpower @s ben_ten:recalibratedomnitrix",
			"execute @s[score_Health=0,score_Health_min=0,tag=ua] ~ ~ ~ /superpower @s ben_ten:ultimatrix",
			"execute @s[score_Health=0,score_Health_min=0,tag=ov] ~ ~ ~ /superpower @s ben_ten:completedomnitrix",
			"scoreboard players tag @s[score_Sneak=1,score_Sneak_min=1] add Sneaking",
            "scoreboard players tag @s[score_Sneak=0,score_Sneak_min=0] remove Sneaking",
			"scoreboard players set @s[score_Sneak_min=1] Sneak 0"]
		},
		"timer":{
			"ability": "lucraftcore:command_loop",
			"show_in_bar": false,
			"title": {"text":"Timer"},			
			"icon": {"type": "texture",
				"texture": "ben_ten:textures/gui/omnitrix_timeout.png"},
			"conditions": [{"type": "lucraftcore:not", 
			            "conditions": [{
						"type": "lucraftcore:scoreboard_tag", 
						"tag": "Master"}]}],
			"commands": ["scoreboard players remove @s Timer 1",
			             "scoreboard players set @s[score_Timer=-1,score_Timer_min=-1000000] Timer 1",
			             "execute @s[score_Timer=60,score_Timer_min=60,tag=os] ~ ~ ~ /playsound minecraft:custom.timeout master @a ~ ~ ~",
			             "execute @s[score_Timer=0,score_Timer_min=0,tag=os] ~ ~ ~ /superpower @s ben_ten:transform_human_os",
			             "execute @s[score_Timer=1,score_Timer_min=1,tag=os] ~ ~ ~ /playsound minecraft:custom.transform master @a ~ ~ ~",
			             "execute @s[score_Timer=0,score_Timer_min=0,tag=af] ~ ~ ~ /superpower @s ben_ten:transform_human",
			             "execute @s[score_Timer=1,score_Timer_min=1,tag=af] ~ ~ ~ /playsound minecraft:custom.recalibratedhuman master @a ~ ~ ~",
			             "execute @s[score_Timer=0,score_Timer_min=0,tag=ua] ~ ~ ~ /superpower @s ben_ten:transform_human",
			             "execute @s[score_Timer=0,score_Timer_min=0,tag=ua] ~ ~ ~ /playsound minecraft:custom.ultimatrixhuman master @a ~ ~ ~",
			             "execute @s[score_Timer=30,score_Timer_min=30,tag=ov] ~ ~ ~ /playsound minecraft:custom.ov_timer master @a ~ ~ ~",
			             "execute @s[score_Timer=1,score_Timer_min=1,tag=ov] ~ ~ ~ /playsound minecraft:custom.ov_human master @a ~ ~ ~",
			             "execute @s[score_Timer=0,score_Timer_min=0,tag=ov] ~ ~ ~ /superpower @s ben_ten:transform_human",
			             "superpowerxp 1 @s[tag=0]",
			             "superpowerxp 4 @s[tag=20]",
			             "superpowerxp 6 @s[tag=35]"]
		}
	}
}
