{
	"name" : {
		"text": "Failsafe"
	},

	"icon": {
		"type": "texture",
		"texture": "ben_ten:textures/gui/prototype/omnitrix.png"
	},
	
	"creative_tab": "ben10",
	
	"max_level": 40,
	
	"capsule_color" : 65280,
	
	"effects": [
        {
            "type": "skin_overlay",
            "texture": "ben_ten:textures/overlays/omnitrix/prototype_omnitrix.png",
            "size": 0,
            "glow": false,
            "conditions": [
            	{
            		"type": "ability_enabled",
					"ability": "heroesexpansion:precision"
            	}
            ]
        },
		{
            "type": "skin_overlay",
            "texture": "ben_ten:textures/overlays/glow/omnitrix/prototype_omnitrix_glow.png",
            "size": 0,
            "glow": true,
            "conditions": [
            	{
            		"type": "ability_enabled",
					"ability": "heroesexpansion:precision"
            	}
            ]
        },
		{
            "type": "skin_overlay",
            "texture": "ben_ten:textures/overlays/omnitrix/recalibrated_omnitrix.png",
            "size": 0,
            "glow": false,
            "conditions": [
            	{
            		"type": "ability_enabled",
					"ability": "lucraftcore:knockback_resistance"
            	}
            ]
        },
		{
            "type": "skin_overlay",
            "texture": "ben_ten:textures/overlays/ultimatrix/ultimatrix.png",
            "size": 0,
            "glow": false,
            "conditions": [
            	{
            		"type": "ability_enabled",
					"ability": "lucraftcore:fall_resistance"
				}
			]
	    },
		{
            "type": "skin_overlay",
            "texture": "ben_ten:textures/overlays/ultimatrix/ultimatrix_glow.png",
            "size": 0,
            "glow": true,
            "conditions": [
            	{
            		"type": "ability_enabled",
					"ability": "lucraftcore:fall_resistance"
            	}
            ]
        },
		{
            "type": "skin_overlay",
            "texture": "ben_ten:textures/overlays/omnitrix/omnitrix.png",
            "size": 0,
            "glow": false,
            "conditions": [
            	{
            		"type": "ability_enabled",
					"ability": "lucraftcore:step_assist"
				}
			]
	    },
		{
			"type": "glowing_hand",
			"color": [0, 1, 0.16],
			"size": 15
        },
		{
            "type": "skin_overlay",
            "texture": "ben_ten:textures/overlays/glow/failsafe_glow.png",
            "size": 0.11,
            "glow": true,
            "conditions": [
            	{
            		"type": "always"
                }
            ]
        }
    ],

	"abilities": {
		"failsafe_set": {
            "ability": "lucraftcore:command_on_gain",
            "show_in_bar": false,
            "title": {"translate":"lucraftcore.abilities.command_on_gain.name"},
            "icon": { "type": "internal" },
            "commands": ["scoreboard players set @s Failsafe 0"]
        },
		"failsafe_reset": {
            "ability": "lucraftcore:command_on_lose",
            "show_in_bar": false,
            "title": {"translate":"lucraftcore.abilities.command_on_lose.name"},
            "icon": { "type": "internal" },
            "commands": ["scoreboard players set @s Failsafe 0"]
        },
		"counter": {
			"hidden": true,
			"ability": "lucraftcore:command_loop",
			"show_in_bar": false,
			"title": {"text": "Omnitrix Failsafe"},
			"icon": {"type": "texture",
				"texture": "ben_ten:textures/gui/prototype/redomnitrix.png"},
			"commands": ["scoreboard players add @s Failsafe 1",
			"stopsound @p player ebwizardry:spell.shockwave",
			"execute @s[score_Failsafe=40,score_Failsafe_min=40] ~ ~ ~ /scoreboard players tag @s add Explode",
			"execute @s[score_Failsafe=40,score_Failsafe_min=40] ~ ~ ~ /cast ebwizardry:shockwave @p {blast:10}",
			"execute @s[score_Failsafe=40,score_Failsafe_min=40] ~ ~ ~ /scoreboard players set @s Timer 6000",
			"execute @s[score_Failsafe=40,score_Failsafe_min=40,tag=os] ~ ~ ~ /superpower @s ben_ten:prototypeomnitrix",
			"execute @s[score_Failsafe=40,score_Failsafe_min=40,tag=af] ~ ~ ~ /superpower @s ben_ten:recalibratedomnitrix",
			"execute @s[score_Failsafe=40,score_Failsafe_min=40,tag=ua] ~ ~ ~ /superpower @s ben_ten:ultimatrix",
			"execute @s[score_Failsafe=40,score_Failsafe_min=40,tag=ov] ~ ~ ~ /superpower @s ben_ten:completedomnitrix"]
		},
		"os": {
            "ability": "heroesexpansion:precision",
            "show_in_bar": false,
            "title": {"text":"OS"},
            "icon": { "type": "internal" },
			"conditions": [{
			    "type": "lucraftcore:scoreboard_tag",
				"tag": "os"}],
            "bar_color": "green"
        },
		"af": {
            "ability": "lucraftcore:knockback_resistance",
            "show_in_bar": false,
            "title": {"text":"AF"},
            "icon": { "type": "internal" },
			"conditions": [{
			    "type": "lucraftcore:scoreboard_tag",
				"tag": "af"}],
            "amount": 0.0,
            "operation": 0
        },
		"ua": {
			"ability": "lucraftcore:fall_resistance",
			"show_in_bar": false,
			"title": {"text":"UA"},
			"amount": 0,
			"operation": 0,
			"conditions": [{
			    "type": "lucraftcore:scoreboard_tag",
				"tag": "ua"}]
		},
		"ov": {
            "ability": "lucraftcore:step_assist",
            "show_in_bar": false,
            "title": {"text":"OV"},
            "icon": { "type": "internal" },
            "amount": 0.0,
            "operation": 0,
			"conditions": [{
			    "type": "lucraftcore:scoreboard_tag",
				"tag": "ov"}]
        }
	}
}