{
	"name": {
		"text": "Orthopterran"
	},

	"icon": {
		"type": "texture",
		"texture": "ben_ten:textures/gui/completedomnitrix/orthopterran.png"
	},

	"creative_tab": "ben10",
	
	"max_level": 40,
	
	"capsule_color": 3080117,
	
    "effects": [
        {
            "type": "skin_change",
            "texture": "ben_ten:textures/models/ben/orthopterran.png"
        },
		{
            "type": "skin_overlay",
            "texture": "ben_ten:textures/overlays/glow/orthopterran_glow.png",
            "size": 0,
            "glow": true,
            "conditions": [
            	{
            		"type": "always"
            	}
            ]
        }
    ],
	"abilities": {
		"gain": {
            "ability": "lucraftcore:command_on_gain",
            "show_in_bar": false,
            "title": {"translate":"lucraftcore.abilities.command_on_gain.name"},
            "icon": { "type": "internal" },
            "commands": ["scoreboard objectives add Jump stat.jump jump"]
        },
		"lose": {
            "ability": "lucraftcore:command_on_lose",
            "show_in_bar": false,
            "title": {"translate":"lucraftcore.abilities.command_on_lose.name"},
            "icon": { "type": "internal" },
            "commands": ["scoreboard objectives remove Jump stat.jump jump",
			"scoreboard objectives remove airborne"]
        },
		"size": {
			"ability": "lucraftcore:command_loop",
			"show_in_bar": false,
			"title": {"text": "Size"},
			"icon": { "type": "texture", "texture": "ben_ten:textures/gui/prototype/omnitrix.png" },
			"commands": ["sizechange @s 1.1"]
        },
		"radiation_protection": {
            "ability": "the-fifth-world:potion_immunity",
            "show_in_bar": false,
            "title": {"text":"Radiation Protection"},
            "icon": { "type": "internal" },
            "potion": "lucraftcore:radiation"
        },
		"health": {		
			"ability": "lucraftcore:health",			
            "show_in_bar": false,		
            "title": {"text":"Health"},					
			"amount": 8,
			"operation": 0		
		},
		"strength": {	
			"ability": "lucraftcore:strength",				
            "show_in_bar": false,		
            "title": {"text":"Strength"},							
			"amount": 2,
			"operation": 0			
		},
		"sprint": {
			"ability": "lucraftcore:sprint",			
            "show_in_bar": false,		
            "title": {"text":"Speed"},										
			"amount": 1.2,
			"operation": 0							
		},
		"fall_resistance": {
			"ability": "lucraftcore:fall_resistance",
			"show_in_bar": false,
			"title": {"text":"Fall Resistance"},
			"amount": 200,
			"operation": 0
		},
		"resistance": {
			"ability": "lucraftcore:resistance",			
            "show_in_bar": false,		
            "title": {"text":"Resistance"},						
			"amount": 17,
			"operation": 0			
		},
		"jump": {
			"ability": "lucraftcore:jump_boost",
            "show_in_bar": false,		
            "title": {"text":"Jump Boost "},									
			"amount": 5,
			"operation": 0	
		},
		"toggle_High_Jump": {
            "ability": "lucraftcore:toggle_power",
            "show_in_bar": true,
            "title": {"text":"Charge Jump"},
            "icon": { "type": "texture", "texture": "ben_ten:textures/gui/abilities/orthopterran_jump.png" },
            "bar_color": "green"
        },
		"High_jump": {
			"ability": "lucraftcore:jump_boost",
			"required_ability": "toggle_High_Jump",		
            "show_in_bar": false,		
            "title": {"text":"Jump Boost "},									
			"amount": 10,
			"operation": 0	
		},
		"high_jump_attack": {
			"required_ability": "toggle_High_Jump",	
			"ability": "lucraftcore:command_loop",
			"show_in_bar": false,
			"title": {"text": "Attacks"},
			"icon": { "type": "texture", "texture": "ben_ten:textures/gui/abilities/chargejump.png" },
			"commands": ["execute @s[score_Jump=1,score_Jump_min=1] ~ ~ ~ /cast ebwizardry:charge @p",
			             "scoreboard players set @s Jump 0"]
        },
		"toggle_very_high_jump": {
            "ability": "lucraftcore:toggle_power",
            "show_in_bar": true,
            "title": {"text":"ShockBoost"},
            "icon": { "type": "texture", "texture": "ben_ten:textures/gui/abilities/shockboost.png" },
            "bar_color": "green"
        },
		"very_high_jump": {
			"ability": "lucraftcore:jump_boost",
			"required_ability": "toggle_very_high_jump",		
            "show_in_bar": false,		
            "title": {"text":"Jump Boost "},									
			"amount": 15,
			"operation": 0
		},
		"very_high_jump_attack": {
			"required_ability": "toggle_very_high_jump",
			"ability": "lucraftcore:command_loop",
			"show_in_bar": false,
			"title": {"text": "Attacks"},
			"icon": { "type": "texture", "texture": "ben_ten:textures/gui/abilities/chargejump.png" },
			"commands": ["execute @s[score_Jump=1,score_Jump_min=1] ~ ~ ~ /cast ebwizardry:shockwave @p {blast:2}",
			             "scoreboard players set @s Jump 0"]
        },
		"toggle_extreme_jump": {
            "ability": "lucraftcore:toggle_power",
            "show_in_bar": true,
            "title": {"text":"Toggle Jump"},
            "icon": { "type": "texture", "texture": "ben_ten:textures/gui/abilities/chargejump.png" },
            "bar_color": "green"
        },
		"extreme_jump": {
			"ability": "lucraftcore:jump_boost",
			"required_ability": "toggle_extreme_jump",		
            "show_in_bar": false,		
            "title": {"text":"Jump Boost "},									
			"amount": 20,
			"operation": 0	
		},
		"extreme_jump_attack": {
			"required_ability": "toggle_extreme_jump",	
			"ability": "lucraftcore:command_loop",
			"show_in_bar": false,
			"title": {"text": "Attacks"},
			"icon": { "type": "texture", "texture": "ben_ten:textures/gui/abilities/chargejump.png" },
			"commands": ["execute @s[score_Jump=1,score_Jump_min=1] ~ ~ ~ /cast ebwizardry:shockwave @p",             
			             "execute @s[score_Jump=1,score_Jump_min=1] ~ ~ ~ /cast ebwizardry:charge @p {blast:2}", 
						 "execute @s[score_Jump=1,score_Jump_min=1] ~ ~ ~ /summon Creeper ~ ~-6 ~ {powered:4,Fuse:0}",
			             "scoreboard players set @s Jump 0"]
        },
		"death_state":{
			"ability": "lucraftcore:command_loop",
			"show_in_bar": false,
			"title": {"text":"Death State"},			
			"icon": {"type": "texture",
				"texture": "ben_ten:textures/gui/omnitrix_timeout.png"},
			"commands": [
			"execute @s[score_Health=0,score_Health_min=0,tag=os] ~ ~ ~ /superpower @s ben_ten:prototypeomnitrix",
			"execute @s[score_Health=0,score_Health_min=0,tag=af] ~ ~ ~ /superpower @s ben_ten:recalibratedomnitrix",
			"execute @s[score_Health=0,score_Health_min=0,tag=ua] ~ ~ ~ /superpower @s ben_ten:ultimatrix",
			"execute @s[score_Health=0,score_Health_min=0,tag=ov] ~ ~ ~ /superpower @s ben_ten:completedomnitrix",
			"scoreboard players tag @s[score_Sneak=1,score_Sneak_min=1] add Sneaking",
            "scoreboard players tag @s[score_Sneak=0,score_Sneak_min=0] remove Sneaking",
			"scoreboard players set @s[score_Sneak_min=1] Sneak 0"]
		},
		"timer":{
			"ability": "lucraftcore:command_loop",
			"show_in_bar": false,
			"title": {"text":"Timer"},			
			"icon": {"type": "texture","texture": "ben_ten:textures/gui/omnitrix_timeout.png"},
			"conditions": [{"type": "lucraftcore:not", 
			            "conditions": [{
						"type": "lucraftcore:scoreboard_tag", 
						"tag": "Master"}]}],
			"commands": ["scoreboard players remove @s Timer 1",
			"scoreboard players set @s[score_Timer=-1,score_Timer_min=-1000000] Timer 1",
			"execute @s[score_Timer=30,score_Timer_min=30,tag=ov] ~ ~ ~ /playsound minecraft:custom.ov_timer master @a ~ ~ ~",
			"execute @s[score_Timer=1,score_Timer_min=1,tag=af] ~ ~ ~ /playsound minecraft:custom.recalibratedhuman master @a ~ ~ ~",
			"execute @s[score_Timer=0,score_Timer_min=0,tag=ua] ~ ~ ~ /playsound minecraft:custom.ultimatrixhuman master @a ~ ~ ~",
			"execute @s[score_Timer=1,score_Timer_min=1,tag=ov] ~ ~ ~ /playsound minecraft:custom.ov_human master @a ~ ~ ~",
			"execute @s[score_Timer=0,score_Timer_min=0] ~ ~ ~ /superpower @s ben_ten:transform_human",
			"superpowerxp 1 @s[tag=0]",
			"superpowerxp 4 @s[tag=20]",
			"superpowerxp 6 @s[tag=35]"]
		},
		"base": {	
	        "ability": "lucraftcore:command",		
            "show_in_bar": true,	
            "title": {"text":"Base Form"},
			"icon": {"type": "texture", "texture": "ben_ten:textures/gui/omnitrix_green.png"},
            "bar_color": "green",
			"conditions": [{
						"type": "lucraftcore:scoreboard_tag", 
						"tag": "Sneaking"}],
			"commands": ["superpower @s ben_ten:transform_human", 
			"execute @s[tag=af] ~ ~ ~ /playsound minecraft:custom.recalibratedhuman master @a ~ ~ ~",
			"execute @s[tag=ua] ~ ~ ~ /playsound minecraft:custom.ultimatrixhuman master @a ~ ~ ~",
			"execute @s[tag=ov] ~ ~ ~ /playsound minecraft:custom.ov_human master @a ~ ~ ~"]
		}
	}
}