{
	"name": {
		"text": "Celestialsapien"
	},

	"icon": {
		"type": "texture",
		"texture": "ben_ten:textures/gui/completedomnitrix/celestialsapien.png"
	},

	"creative_tab": "ben10",
	
	"max_level": 40,
	
	"capsule_color": 3080117,
	
    "effects": [
        {
        	"type": "skin_change",
        	"texture": "ben_ten:textures/models/ben/ov_celestialsapien.png"
        },
		{
            "type": "skin_overlay",
            "texture": "ben_ten:textures/overlays/glow/ov_celestialsapien_glow.png",
            "size": 0,
            "glow": true,
            "conditions": [
            	{
            		"type": "always"
            	}
            ]
        },
        {
        	"type": "hud",
        	"texture": "ben_ten:textures/hud/bellicus_and_serena.png"
        }
    ],
	
	"abilities": {
		"radiation_protection": {
            "ability": "the-fifth-world:potion_immunity",
            "show_in_bar": false,
            "title": {"text":"Radiation Protection"},
            "icon": {"type": "internal"},
            "potion": "lucraftcore:radiation"
        },
        "tough_lungs": {
            "ability": "lucraftcore:tough_lungs",
            "show_in_bar": false,
            "title": {"translate":"lucraftcore.abilities.tough_lungs.name"},
            "icon": {"type": "internal"},
            "bar_color": "green"
        },
		"health": {		
			"ability": "lucraftcore:health",			
            "show_in_bar": false,		
            "title": {"text":"Health"},					
			"amount": 10,
			"operation": 0		
		},
		"random_choice": {
			"ability": "lucraftcore:command_loop",
			"show_in_bar": false,
			"title": {"text": "Choice Value"},
			"icon": { "type": "texture", "texture": "ben_ten:textures/gui/abilities/celestialsapien.png" },
			"commands": ["scoreboard players add @s Choice 1", 
			"scoreboard players set @s[score_Choice_min=925] Choice 0", 
			"sizechange @s 1.5 lucraftcore:default",
			"superpower @s[tag=X] ben_ten:ov_celestialsapien",
			"execute @s[score_Limit=0,score_Limit_min=0] ~ ~ ~ /scoreboard players set @s Limit 600"]
        },
		"celestialsapien_resistance": {
			"ability": "lucraftcore:command_loop",
			"show_in_bar": false,
			"title": {"translate":"lucraftcore.abilities.command.name"},
			"icon": {"type": "internal"},
			"commands": ["effect @s resistance 1 255 true",
			"effect @s ebwizardry:paralysis 1 1 true",
			"sizechange @s 1.5 lucraftcore:default"]
		},
		"fall_resistance": {
			"ability": "lucraftcore:fall_resistance",
			"show_in_bar": false,
			"title": {"text":"Fall Resistance"},
			"amount": 2000,
			"operation": 0
		},
		"knockback_resistance": {
            "ability": "lucraftcore:knockback_resistance",
            "show_in_bar": false,
            "title": {"translate":"lucraftcore.abilities.knockback_resistance.name"},
            "icon": {"type": "internal"},
            "amount": 500.0,
            "operation": 0
        },
		"fire_resistance": {
			"ability": "lucraftcore:fire_resistance",			
            "show_in_bar": false,		
            "title": {"text":"Fire Resistance"},						
			"operation": 0			
		},
		"water_breathing": {
			"ability": "lucraftcore:water_breathing",
			"show_in_bar": false,
			"title": {"text": "Water Breathing"},
			"icon": {"type": "internal"}
		},
		"inner_world": {
            "ability": "the-fifth-world:deafness",
            "show_in_bar": false,
            "title": {"translate":"the-fifth-world.abilities.deafness.name"},
            "icon": {"type": "internal"}
        },
		"debate": {
			"ability": "lucraftcore:command",
			"cooldown": 175,
			"show_in_bar": true,
			"title": {"text":"Alien X"},
			"icon": { "type": "texture", "texture": "ben_ten:textures/gui/abilities/celestialsapien_face.png"},
			"bar_color": "green",
			"commands": [ 
				"execute @s[score_Ask=0,score_Ask_min=0] ~ ~ ~ /tellraw @s {\"text\":\"Give me control, please!\"}", 
				"execute @s[score_Ask=1,score_Ask_min=1] ~ ~ ~ /tellraw @s {\"text\":\"Guys, I promise to come back and debate another time.\"}",
				"execute @s[score_Ask=2,score_Ask_min=2] ~ ~ ~ /tellraw @s {\"text\":\"Please guys, this is important!\"}",
				"execute @s[score_Ask=3,score_Ask_min=3] ~ ~ ~ /tellraw @s {\"text\":\"Why can't you just let me handle the decisions, and you can debate to your hearts content!\"}",
				"execute @s[score_Ask=4,score_Ask_min=4] ~ ~ ~ /tellraw @s {\"text\":\"Come on, we're getting nowhere!\"}",
				"execute @s[score_Ask=5,score_Ask_min=5] ~ ~ ~ /tellraw @s {\"text\":\"Wouldn't it be easier to just let me have control?\"}",
				"execute @s[score_Choice=250,score_Choice_min=0] ~ ~ ~ /tellraw @s {\"text\":\"This matter must be further discussed\",\"color\":\"red\"}",
				"execute @s[score_Choice=500,score_Choice_min=251] ~ ~ ~ /tellraw @s {\"text\":\"All three of us must agree upon this, Motion Denied!\",\"color\":\"red\"}",
				"execute @s[score_Choice=750,score_Choice_min=501] ~ ~ ~ /tellraw @s {\"text\":\"Motion Denied.\",\"color\":\"red\"}",
				"execute @s[score_Choice=925,score_Choice_min=751] ~ ~ ~ /scoreboard players add @s Ask 1",
				"execute @s[score_Choice=925,score_Choice_min=751] ~ ~ ~ /tellraw @s[score_Ask=1,score_Ask_min=1] {\"text\":\"We shall consider it.\",\"color\":\"green\"}",
				"execute @s[score_Choice=925,score_Choice_min=751] ~ ~ ~ /tellraw @s[score_Ask=2,score_Ask_min=2] {\"text\":\"We are still deliberating, be patient.\",\"color\":\"green\"}",
				"execute @s[score_Choice=925,score_Choice_min=751] ~ ~ ~ /tellraw @s[score_Ask=3,score_Ask_min=3] {\"text\":\"You make a convincing argument.\",\"color\":\"green\"}",
				"execute @s[score_Choice=925,score_Choice_min=751] ~ ~ ~ /tellraw @s[score_Ask=4,score_Ask_min=4] {\"text\":\"That is a tempting offer.\",\"color\":\"green\"}",
				"execute @s[score_Choice=925,score_Choice_min=751] ~ ~ ~ /tellraw @s[score_Ask=5,score_Ask_min=5] {\"text\":\"Motion to allow full control carried!.\",\"color\":\"green\"}",
			    "execute @s ~ ~ ~ /tellraw @s[score_Ask=6,score_Ask_min=6] {\"text\":\"Very well, to stop you pestering us we will give you full control.\",\"color\":\"green\"}"
				]
		},
		"death_state":{
			"ability": "lucraftcore:command_loop",
			"show_in_bar": false,
			"title": {"text":"Death State"},			
			"icon": {"type": "texture",
				"texture": "ben_ten:textures/gui/recal/recal_timeout.png"},
			"commands": ["execute @s[score_Health=0,score_Health_min=0,tag=os] ~ ~ ~ /superpower @s ben_ten:prototypeomnitrix",
			"execute @s[score_Health=0,score_Health_min=0,tag=af] ~ ~ ~ /superpower @s ben_ten:recalibratedomnitrix",
			"execute @s[score_Health=0,score_Health_min=0,tag=ua] ~ ~ ~ /superpower @s ben_ten:ultimatrix",
			"execute @s[score_Health=0,score_Health_min=0,tag=ov] ~ ~ ~ /superpower @s ben_ten:completedomnitrix",
			"execute @s[score_Ask_min=6] ~ ~ ~ /superpower @s ben_ten:ov_celestialsapien",
			"execute @s[score_Ask_min=6] ~ ~ ~ /scoreboard players tag @s[tag=!X] add X"]
		},
		"base": {
			"ability": "lucraftcore:command",
			"show_in_bar": true,
			"title": {"text":"Base Form"},
			"icon": { "type": "texture", "texture": "ben_ten:textures/gui/completedomnitrix/ov_trix_master.png"},
			"bar_color": "green",
			"commands": ["execute @s[score_Ask=0,score_Ask_min=0] ~ ~ ~ /tellraw @s {\"text\":\"You can't leave yet, we have so much to discuss\",\"color\":\"red\"}",
			"execute @s[score_Ask=5,score_Ask_min=1] ~ ~ ~ /tellraw @s {\"text\":\"You two are impossible. Forget this!.\"}", 
			"execute @s[score_Ask=5,score_Ask_min=1] ~ ~ ~ /scoreboard players set @s Choice 0", 
			"execute @s[score_Ask=5,score_Ask_min=1] ~ ~ ~ /superpower @s ben_ten:transform_human",  
			"execute @s[score_Ask=5,score_Ask_min=1] ~ ~ ~ /scoreboard players set @s Ask 0",
			"execute @s[score_Ask=5,score_Ask_min=1] ~ ~ ~ /playsound minecraft:custom.ov_human master @a ~ ~ ~"]
		}
	}
}