{
	"name": {
		"text": "Petrosapien"
	},

	"icon": {
		"type": "texture",
		"texture": "ben_ten:textures/gui/prototype/petrosapien.png"
	},

	"creative_tab": "ben10",
	
	"max_level": 40,
	
	"capsule_color": 3080117,
	
    "effects": [
        {
            "type": "skin_change",
            "texture": "ben_ten:textures/models/ben/petrosapien.png"
        },
		{
            "type": "skin_overlay",
            "texture": "ben_ten:textures/models/ben/timeout/petrosapien.png",
            "size": 0,
            "glow": true,
            "conditions": [
            	{
            		"type": "ability_enabled",
					"ability": "lucraftcore:healing"
            	}
            ]
        },
		{
        "type": "skin_change",
        "texture": "ben_ten:textures/models/ben/recalibrated/r_petrosapien.png",
            "conditions": [            	
				{
            		"type": "ability_enabled",
					"ability": "lucraftcore:knockback_resistance"
            	}
			]
        },
		{
            "type": "skin_overlay",
            "texture": "ben_ten:textures/overlays/glow/recalibrated/r_petrosapien_glow.png",
            "size": 0,
            "glow": true,
            "conditions": [
            	{
            		"type": "ability_enabled",
					"ability": "lucraftcore:knockback_resistance"
            	}
            ]
        },
		{
        "type": "skin_change",
        "texture": "ben_ten:textures/models/ben/ov_petrosapien.png",
            "conditions": [            	
				{
            		"type": "ability_enabled",
					"ability": "lucraftcore:step_assist"
            	}
			]
        },
		{
            "type": "skin_overlay",
            "texture": "ben_ten:textures/overlays/glow/ov_petrosapien_glow.png",
            "size": 0,
            "glow": true,
            "conditions": [
            	{
            		"type": "ability_enabled",
					"ability": "lucraftcore:step_assist"
            	}
            ]
        }
    ],
	
	"abilities": {
		"uaf_form": {
            "ability": "lucraftcore:knockback_resistance",
            "show_in_bar": false,
            "title": {"text":"UAF Skin"},
            "icon": {"type": "texture", "texture": "ben_ten:textures/gui/recal/recal_omnitrix.png"},
			"conditions": [{
                        "type": "lucraftcore:or",
                            "conditions": [
                            {"type": "lucraftcore:scoreboard_tag",
                             "tag": "af"
                           },
                            {"type": "lucraftcore:scoreboard_tag",
                             "tag": "ua"
                           }]
                   }]
        },
		"ov_form": {
            "ability": "lucraftcore:step_assist",
            "show_in_bar": false,
            "title": {"text":"OV Skin"},
            "icon": {"type": "texture", "texture": "ben_ten:textures/gui/completedomnitrix/ov_trix_master.png"},
			"conditions": [{
			    "type": "lucraftcore:scoreboard_tag",
				"tag": "ov"}]
        },
		"os_timeout_pe": {
            "ability": "lucraftcore:healing",
			"conditions": [{"type": "lucraftcore:scoreboard_tag","tag": "TO"}],
            "show_in_bar": false,
            "title": {"text":"Timeout Glow"},
            "icon": {"type": "texture","texture": "ben_ten:textures/gui/prototype/redomnitrix.png"},
            "frequency": 0,
            "amount": 0
        },		
		"sneak": {
			"ability": "lucraftcore:command_loop",
			"show_in_bar": false,
			"title": {"text": "Sneak"},
			"icon": {"type": "texture", "texture": "ben_ten:textures/gui/placeholder.png"},
			"commands": ["scoreboard players tag @s[score_Sneak=1,score_Sneak_min=1] add Sneaking",
            "scoreboard players tag @s[score_Sneak=0,score_Sneak_min=0] remove Sneaking",
			"execute @s[score_Sneak_min=1] ~ ~ ~ /fill ~-10 ~-10 ~-10 ~10 ~10 ~10 air 0 replace prismarine 1",
			"scoreboard players set @s[score_Sneak_min=1] Sneak 0"]
        },
		"radiation_protection": {
            "ability": "the-fifth-world:potion_immunity",
            "show_in_bar": false,
            "title": {"text":"Radiation Protection"},
            "icon": {"type": "internal"},
            "potion": "lucraftcore:radiation"
        },
		"size_petro": {
			"ability": "lucraftcore:command_loop",
			"show_in_bar": false,
			"title": {"text": "Big size"},
			"icon": {"type": "internal"},
			"commands": ["sizechange @s 1.3",
			"execute @e[tag=DPath,rm=2,r=18] ~ ~-1 ~ /fill ~-1 ~-1 ~-1 ~1 ~ ~1 prismarine 1 replace air 0 ",
			"execute @e[tag=DPath,rm=2,r=18] ~ ~-1 ~ /fill ~-1 ~-1 ~-1 ~1 ~ ~1 prismarine 1 replace water 0 ",
			"execute @e[tag=DPath,rm=2,r=18] ~ ~-1 ~ /fill ~-1 ~-1 ~-1 ~1 ~ ~1 prismarine 1 replace tallgrass 1",
			"execute @e[tag=DPath,rm=2,r=18] ~ ~-1 ~ /fill ~-1 ~-1 ~-1 ~1 ~ ~1 prismarine 1 replace double_plant 2 ",
		    "execute @e[tag=DPath,rm=14,r=15] ~ ~ ~ /kill @e[tag=DPath]",
			"scoreboard players tag @s[tag=af,tag=!Petro] add Petro",
			"scoreboard players tag @s[tag=af,tag=Crystal] remove Crystal"]
		},
		"health": {		
			"ability": "lucraftcore:health",			
            "show_in_bar": false,		
            "title": {"text":"Health"},					
			"amount": 14		
		},
		"strength": {	
			"ability": "lucraftcore:strength",				
            "show_in_bar": false,		
            "title": {"text":"Strength"},							
			"amount": 12			
		},
		"defense": {
			"ability": "lucraftcore:resistance",			
            "show_in_bar": false,		
            "title": {"text":"Resistance"},						
			"amount": 25		
		},
		"fire_resistance": {
			"ability": "lucraftcore:fire_resistance"									
		},
        "diamond_shot":{
            "ability": "lucraftcore:command_held",
            "show_in_bar": true,
			"bar_color": "green",
            "cooldown": 10,
            "title": {"text":"Diamond Shot"},
            "icon": {"type": "texture", "texture": "ben_ten:textures/gui/abilities/diamond_shot.png"},
            "commands": ["cast ebwizardry:ice_shard @p", "superpowerxp 5 @s"]
		},		
		"diamond_shield":{
            "ability": "lucraftcore:command",
            "cooldown": 20,
            "show_in_bar": true,
			"bar_color": "green",
            "title": {"text":"Diamond Shield"},
            "icon": {"type": "texture", "texture": "ben_ten:textures/gui/abilities/diamond_shield.png"},
            "commands": ["execute @s[ry=-68,rym=-112] ~ ~ ~ /summon armor_stand ~3 ~ ~ {CustomName:\"Wall1\",Small:1,Invisible:1,NoGravity:1}",
                         "execute @e[name=Wall1] ~ ~ ~ /fill ~ ~ ~-4 ~ ~3 ~4 prismarine 1 replace air 0",
						 "execute @e[name=Wall1] ~ ~ ~ /fill ~ ~ ~-4 ~ ~3 ~4 prismarine 1 replace tallgrass 1",
						 "execute @e[name=Wall1] ~ ~ ~ /fill ~ ~ ~-4 ~ ~3 ~4 prismarine 1 replace double_plant 2",
                         "execute @s[ry=112,rym=68] ~ ~ ~ /summon armor_stand ~-3 ~ ~ {CustomName:\"Wall2\",Small:1,Invisible:1,NoGravity:1}",
                         "execute @e[name=Wall2] ~ ~ ~ /fill ~ ~ ~-4 ~ ~3 ~4 prismarine 1 replace air 0",
						 "execute @e[name=Wall2] ~ ~ ~ /fill ~ ~ ~-4 ~ ~3 ~4 prismarine 1 replace tallgrass 1",
						 "execute @e[name=Wall2] ~ ~ ~ /fill ~ ~ ~-4 ~ ~3 ~4 prismarine 1 replace double_plant 2",
                         "execute @s[ry=22,rym=-22] ~ ~ ~ /summon armor_stand ~ ~ ~3 {CustomName:\"Wall3\",Small:1,Invisible:1,NoGravity:1}",
                         "execute @e[name=Wall3] ~ ~ ~ /fill ~-4 ~ ~ ~4 ~3 ~ prismarine 1 replace air 0",
						 "execute @e[name=Wall3] ~ ~ ~ /fill ~-4 ~ ~ ~4 ~3 ~ prismarine 1 replace tallgrass 1",
						 "execute @e[name=Wall3] ~ ~ ~ /fill ~-4 ~ ~ ~4 ~3 ~ prismarine 1 replace double_plant 2",
						 "execute @s[ry=-158,rym=158] ~ ~ ~ /summon armor_stand ~ ~ ~-3 {CustomName:\"Wall4\",Small:1,Invisible:1,NoGravity:1}",
                         "execute @e[name=Wall4] ~ ~ ~ /fill ~-4 ~ ~ ~4 ~3 ~ prismarine 1 replace air 0",
						 "execute @e[name=Wall4] ~ ~ ~ /fill ~-4 ~ ~ ~4 ~3 ~ prismarine 1 replace tallgrass 1",
						 "execute @e[name=Wall4] ~ ~ ~ /fill ~-4 ~ ~ ~4 ~3 ~ prismarine 1 replace double_plant 2",
						 "execute @e[type=armor_stand,r=10] ~ ~ ~ /particle blockcrack ~ ~ ~ 2 1.2 2 50 1000 force @a 4264",
						 "execute @s ~ ~ ~ kill @e[type=armor_stand,r=10]"]
		},
		"blastdia": {
			"ability": "lucraftcore:energy_blast",	
			 "required_level": 20,
            "show_in_bar": true,
			"color": [0, 255, 0],
			"damage": 5,
			"play_sound": false,
			"invisible": true,
            "title": {"text":"Diamond Path"},
            "icon": { "type": "texture", "texture": "ben_ten:textures/gui/abilities/diamond_path.png" },
            "bar_color": "green"
		},
		"diashot": {
			"ability": "lucraftcore:command",
			"parent_ability": "blastdia",
			"show_in_bar": false,
			"title": {"text":"Diamond Path"},
			"icon": {"type": "texture", "texture": "ben_ten:textures/gui/abilities/diamond_path.png"},
			"bar_color": "green",
			"commands": [
			"/scoreboard players tag @e[type=lucraftcore:energy_blast] add DPath ",
			"playsound minecraft:custom.cocoon master @a[r=10] ~ ~ ~", 
            "superpowerxp 15 @s"]
		},
		"diamond_spikes":{
            "ability": "lucraftcore:command",
			"required_level": 12,
            "cooldown": 200,
            "show_in_bar": true,
			"bar_color": "green",
            "title": {"text":"Diamond Spikes"},
            "icon": {"type": "texture", "texture": "ben_ten:textures/gui/abilities/diamond_spikes.png"},
            "commands": ["cast ebwizardry:ice_spikes @p", "superpowerxp 30 @s"]
		},
		"switch":{
			"ability": "lucraftcore:command",
			"show_in_bar": true,
			"title": {"text":"Switch"},			
			"icon": {"type": "texture",
				"texture": "ben_ten:textures/gui/recal/recal_activate.png"},
			"conditions": [{
			    "type": "lucraftcore:not", 
			        "conditions": [{
						"type": "lucraftcore:scoreboard_tag", 
						"tag": "Sneaking"},
				        {
						"type": "lucraftcore:scoreboard_tag", 
						"tag": "ov"},
				        {
						"type": "lucraftcore:scoreboard_tag", 
						"tag": "os"}
						]}],
			"commands": ["superpower @s[score_Timer_min=1200,tag=af] ben_ten:crystalsapien_switch",
			             "superpower @s[score_Timer_min=1200,tag=ua] ben_ten:petrosapien_switch",
			             "execute @s[score_Timer=1199,score_Timer_min=0] ~ ~ ~ /tellraw @s {\"text\":\"Insufficient Power\",\"color\":\"green\"}"],
			"bar_color": "green"
		},
		"death_state":{
			"ability": "lucraftcore:command_loop",
			"show_in_bar": false,
			"title": {"text":"Death State"},			
			"icon": {"type": "texture",
				"texture": "ben_ten:textures/gui/omnitrix_timeout.png"},
			"commands": [
			"execute @s[score_Health=0,score_Health_min=0,tag=os] ~ ~ ~ /superpower @s ben_ten:prototypeomnitrix",
			"execute @s[score_Health=0,score_Health_min=0,tag=af] ~ ~ ~ /superpower @s ben_ten:recalibratedomnitrix",
			"execute @s[score_Health=0,score_Health_min=0,tag=ua] ~ ~ ~ /superpower @s ben_ten:ultimatrix",
			"execute @s[score_Health=0,score_Health_min=0,tag=ov] ~ ~ ~ /superpower @s ben_ten:completedomnitrix"]
		},
		"timer":{
			"ability": "lucraftcore:command_loop",
			"show_in_bar": false,
			"title": {"text":"Timer"},			
			"icon": {"type": "texture",
				"texture": "ben_ten:textures/gui/omnitrix_timeout.png"},
			"conditions": [{"type": "lucraftcore:not", 
			            "conditions": [{
						"type": "lucraftcore:scoreboard_tag", 
						"tag": "Master"}]}],
			"commands": ["scoreboard players remove @s Timer 1",
			             "scoreboard players set @s[score_Timer=-1,score_Timer_min=-1000000] Timer 1",
			             "execute @s[score_Timer=60,score_Timer_min=60,tag=os] ~ ~ ~ /playsound minecraft:custom.timeout master @a ~ ~ ~",
			             "execute @s[score_Timer=60,score_Timer_min=60,tag=os] ~ ~ ~ /scoreboard players tag @s add TO",
			             "execute @s[score_Timer=50,score_Timer_min=50,tag=os] ~ ~ ~ /scoreboard players tag @s remove TO",
			             "execute @s[score_Timer=40,score_Timer_min=40,tag=os] ~ ~ ~ /scoreboard players tag @s add TO",
			             "execute @s[score_Timer=30,score_Timer_min=30,tag=os] ~ ~ ~ /scoreboard players tag @s remove TO",
			             "execute @s[score_Timer=20,score_Timer_min=20,tag=os] ~ ~ ~ /scoreboard players tag @s add TO",
			             "execute @s[score_Timer=10,score_Timer_min=10,tag=os] ~ ~ ~ /scoreboard players tag @s remove TO",
			             "execute @s[score_Timer=0,score_Timer_min=0] ~ ~ ~ /fill ~-15 ~-15 ~-15 ~15 ~15 ~15 air 0 replace prismarine 1",
			             "execute @s[score_Timer=0,score_Timer_min=0,tag=os] ~ ~ ~ /superpower @s ben_ten:transform_human_os",
			             "execute @s[score_Timer=1,score_Timer_min=1,tag=os] ~ ~ ~ /playsound minecraft:custom.transform master @a ~ ~ ~",
			             "execute @s[score_Timer=0,score_Timer_min=0,tag=af] ~ ~ ~ /superpower @s ben_ten:transform_human",
			             "execute @s[score_Timer=1,score_Timer_min=1,tag=af] ~ ~ ~ /playsound minecraft:custom.recalibratedhuman master @a ~ ~ ~",
			             "execute @s[score_Timer=0,score_Timer_min=0,tag=ua] ~ ~ ~ /superpower @s ben_ten:transform_human",
			             "execute @s[score_Timer=0,score_Timer_min=0,tag=ua] ~ ~ ~ /playsound minecraft:custom.ultimatrixhuman master @a ~ ~ ~",
			             "execute @s[score_Timer=30,score_Timer_min=30,tag=ov] ~ ~ ~ /playsound minecraft:custom.ov_timer master @a ~ ~ ~",
			             "execute @s[score_Timer=1,score_Timer_min=1,tag=ov] ~ ~ ~ /playsound minecraft:custom.ov_human master @a ~ ~ ~",
			             "execute @s[score_Timer=0,score_Timer_min=0,tag=ov] ~ ~ ~ /superpower @s ben_ten:transform_human",
			             "superpowerxp 1 @s[tag=0]",
			             "superpowerxp 4 @s[tag=20]",
			             "superpowerxp 6 @s[tag=35]"]
		},
		"base": {	
	        "ability": "lucraftcore:command",		
            "show_in_bar": true,	
            "title": {"text":"Base Form"},
			"icon": {"type": "texture", "texture": "ben_ten:textures/gui/omnitrix_green.png"},
            "bar_color": "green",
			"conditions": [{"type": "lucraftcore:scoreboard_tag", 
			                "tag": "Sneaking"},
							{"type": "lucraftcore:or",
                            "conditions": [
                            {"type": "lucraftcore:level",
                             "level": 30},
                            {"type": "lucraftcore:scoreboard_tag",
                             "tag": "Master"},
                            {"type": "lucraftcore:scoreboard_tag",
                             "tag": "af"},
                            {"type": "lucraftcore:scoreboard_tag",
                             "tag": "ua"},
                            {"type": "lucraftcore:scoreboard_tag",
                             "tag": "ov"}]
                    }],
			"commands": ["superpower @s ben_ten:transform_human",
			"fill ~-15 ~-15 ~-15 ~15 ~15 ~15 air 0 replace prismarine 1", 
			"execute @s[tag=os] ~ ~ ~ /playsound minecraft:custom.transform master @a ~ ~ ~",  
			"execute @s[tag=af] ~ ~ ~ /playsound minecraft:custom.recalibratedhuman master @a ~ ~ ~",
			"execute @s[tag=ua] ~ ~ ~ /playsound minecraft:custom.ultimatrixhuman master @a ~ ~ ~",
			"execute @s[tag=ov] ~ ~ ~ /playsound minecraft:custom.ov_human master @a ~ ~ ~"]
		}
	}
}