{
	"name": {
		"text": "Polar Manzardill"
	},

	"icon": {
		"type": "texture",
		"texture": "ben_ten:textures/gui/prototype/polar_manzardill.png"
	},

	"creative_tab": "ben10",
	
	"max_level": 40,
	
	"capsule_color": 3080117,
	
    "effects": [
        {
            "type": "skin_change",
            "texture": "ben_ten:textures/models/ben/polar_manzardill.png"
        },
		{
            "type": "skin_overlay",
            "texture": "ben_ten:textures/models/ben/timeout/polar_manzardill.png",
            "size": 0,
            "glow": true,
            "conditions": [
            	{
            		"type": "ability_enabled",
					"ability": "lucraftcore:healing"
            	}
            ]
        },
		{
        "type": "skin_change",
        "texture": "ben_ten:textures/models/ben/recalibrated/r_polar_manzardill.png",
            "conditions": [            	
				{
            		"type": "ability_enabled",
					"ability": "lucraftcore:knockback_resistance"
            	}
			]
        },
		{
            "type": "skin_overlay",
            "texture": "ben_ten:textures/overlays/glow/recalibrated/r_polar_manzardill_glow.png",
            "size": 0,
            "glow": true,
            "conditions": [
            	{
            		"type": "ability_enabled",
					"ability": "lucraftcore:knockback_resistance"
            	}
            ]
        },
		{
        "type": "skin_change",
        "texture": "ben_ten:textures/models/ben/recalibrated/r_polar_manzardill.png",
            "conditions": [            	
				{
            		"type": "ability_enabled",
					"ability": "lucraftcore:step_assist"
            	}
			]
        },
		{
            "type": "skin_overlay",
            "texture": "ben_ten:textures/overlays/glow/recalibrated/r_polar_manzardill_glow.png",
            "size": 0,
            "glow": true,
            "conditions": [
            	{
            		"type": "ability_enabled",
					"ability": "lucraftcore:step_assist"
            	}
            ]
        }
    ],
	
	"abilities": {
		"uaf_form": {
            "ability": "lucraftcore:knockback_resistance",
            "show_in_bar": false,
            "title": {"text":"UAF Skin"},
            "icon": {"type": "texture", "texture": "ben_ten:textures/gui/recal/recal_omnitrix.png"},
			"conditions": [{
			    "type": "lucraftcore:scoreboard_tag",
				"tag": "ua"}],
            "amount": 0.0,
            "operation": 0
        },
		"ov_form": {
            "ability": "lucraftcore:step_assist",
            "show_in_bar": false,
            "title": {"text":"OV Skin"},
            "icon": {"type": "texture", "texture": "ben_ten:textures/gui/completedomnitrix/ov_trix_master.png"},
            "amount": 0.0,
			"conditions": [{
			    "type": "lucraftcore:scoreboard_tag",
				"tag": "ov"}]
        },
		"os_timeout_po": {
            "ability": "lucraftcore:healing",
			"conditions": [{"type": "lucraftcore:scoreboard_tag","tag": "TO"}],
            "show_in_bar": false,
            "title": {"text":"Timeout Glow"},
            "icon": {"type": "texture","texture": "ben_ten:textures/gui/prototype/redomnitrix.png"},
            "frequency": 0,
            "amount": 0
        },
		"size": {
			"ability": "lucraftcore:command_loop",
			"show_in_bar": false,
			"title": {"text": "Size"},
			"icon": {"type": "texture", "texture": "ben_ten:textures/gui/prototype/omnitrix.png"},
			"commands": ["sizechange @s 1 lucraftcore:default"]
       },
		"radiation_protection": {
            "ability": "the-fifth-world:potion_immunity",
            "show_in_bar": false,
            "title": {"text":"Radiation Protection"},
            "icon": {"type": "internal"},
            "potion": "lucraftcore:radiation"
       },
		"health": {		
			"ability": "lucraftcore:health",			
            "show_in_bar": false,		
            "title": {"text":"Health"},					
			"amount": 10		
		},
		"strength": {	
			"ability": "lucraftcore:strength",				
            "show_in_bar": false,		
            "title": {"text":"Strength"},							
			"amount": 5			
		},
		"defense": {
			"ability": "lucraftcore:resistance",			
            "show_in_bar": false,		
            "title": {"text":"Resistance"},						
			"amount": 5
		},	
		"freezing_immunity":{
			"ability": "the-fifth-world:potion_immunity",
			"show_in_bar": false,
			"potion": "heroesexpansion:frozen",
			"title": {"text":"Freezing Immunity"},
			"icon": {"type": "texture", "texture": "ben_ten:textures/gui/abilities/blaze.png"}
		},
		"icy_body":{
			"ability": "lucraftcore:command_loop",
            "show_in_bar": false,			
			"title": {"text": "Icy Body"},	
			"icon": {"type": "texture",	"texture": "ben_ten:textures/gui/abilities/freezing_aura.png"},
            "bar_color": "green", 
			"commands": ["effect @s ebwizardry:ice_shroud 1 1 true"]			
		},
		"freezebreath":{
			"ability": "lucraftcore:command",
            "cooldown": 100,
			"title": {"text": "Freezebreath"},	
            "bar_color": "green",			
			"icon": {"type": "texture", "texture": "ben_ten:textures/gui/abilities/freezebreath.png"},
            "bar_color": "green", 
			"commands": ["cast ebwizardry:frost_ray @p 5", "superpowerxp 20 @s"]			
		},
		"ice_ball":{
			"ability": "lucraftcore:command",
            "cooldown": 40,
			"title": {"text": "Ice Ball"},	
            "bar_color": "green",			
			"icon": {"type": "texture", "texture": "ben_ten:textures/gui/abilities/iceball.png"},
            "bar_color": "green", 
			"commands": ["cast ebwizardry:ice_charge @s", "superpowerxp 5 @s"]			
		},
		"freeze_aura":{
			"ability": "lucraftcore:command",
            "cooldown": 400,
			"title": {"text": "Freezing Aura"},
			"required_level": 15,	
            "bar_color": "green",			
			"icon": {"type": "texture",	"texture": "ben_ten:textures/gui/abilities/freezing_aura.png"},
            "bar_color": "green", 
			"commands": ["particle snowballpoof ~ ~ ~ 6 6 6 0.5 5000",
			"execute @s ~ ~ ~ /execute @e[rm=1,r=6] ~ ~ ~ effect @s heroesexpansion:frozen 5 5", 
			"superpowerxp 5 @s"]			
		},
		"frost_wall":{
            "ability": "lucraftcore:command",
			"required_level": 18,
            "show_in_bar": true,
			"bar_color": "green",
            "cooldown": 150,
            "title": {"text":"Frost Wall"},
            "icon": {"type": "texture", "texture": "ben_ten:textures/gui/abilities/frostwall.png"},
            "commands": ["cast ebwizardry:wall_of_frost @p 5", "superpowerxp 10 @s"]
	    },
		"death_state":{
			"ability": "lucraftcore:command_loop",
			"show_in_bar": false,
			"title": {"text":"Death State"},			
			"icon": {"type": "texture",
				"texture": "ben_ten:textures/gui/omnitrix_timeout.png"},
			"commands": [
			"execute @s[score_Health=0,score_Health_min=0,tag=os] ~ ~ ~ /superpower @s ben_ten:prototypeomnitrix",
			"execute @s[score_Health=0,score_Health_min=0,tag=af] ~ ~ ~ /superpower @s ben_ten:recalibratedomnitrix",
			"execute @s[score_Health=0,score_Health_min=0,tag=ua] ~ ~ ~ /superpower @s ben_ten:ultimatrix",
			"execute @s[score_Health=0,score_Health_min=0,tag=ov] ~ ~ ~ /superpower @s ben_ten:completedomnitrix",
			"scoreboard players tag @s[score_Sneak=1,score_Sneak_min=1] add Sneaking",
            "scoreboard players tag @s[score_Sneak=0,score_Sneak_min=0] remove Sneaking",
			"scoreboard players set @s[score_Sneak_min=1] Sneak 0"]
		},
		"timer":{
			"ability": "lucraftcore:command_loop",
			"show_in_bar": false,
			"title": {"text":"Timer"},			
			"icon": {"type": "texture",
				"texture": "ben_ten:textures/gui/omnitrix_timeout.png"},
			"conditions": [{"type": "lucraftcore:not", 
			            "conditions": [{
						"type": "lucraftcore:scoreboard_tag", 
						"tag": "Master"}]}],
			"commands": ["scoreboard players remove @s Timer 1",
			             "scoreboard players set @s[score_Timer=-1,score_Timer_min=-1000000] Timer 1",
			             "execute @s[score_Timer=60,score_Timer_min=60,tag=os] ~ ~ ~ /playsound minecraft:custom.timeout master @a ~ ~ ~",
			             "execute @s[score_Timer=60,score_Timer_min=60,tag=os] ~ ~ ~ /scoreboard players tag @s add TO",
			             "execute @s[score_Timer=50,score_Timer_min=50,tag=os] ~ ~ ~ /scoreboard players tag @s remove TO",
			             "execute @s[score_Timer=40,score_Timer_min=40,tag=os] ~ ~ ~ /scoreboard players tag @s add TO",
			             "execute @s[score_Timer=30,score_Timer_min=30,tag=os] ~ ~ ~ /scoreboard players tag @s remove TO",
			             "execute @s[score_Timer=20,score_Timer_min=20,tag=os] ~ ~ ~ /scoreboard players tag @s add TO",
			             "execute @s[score_Timer=10,score_Timer_min=10,tag=os] ~ ~ ~ /scoreboard players tag @s remove TO",
			             "execute @s[score_Timer=0,score_Timer_min=0,tag=os] ~ ~ ~ /superpower @s ben_ten:transform_human_os",
			             "execute @s[score_Timer=1,score_Timer_min=1,tag=os] ~ ~ ~ /playsound minecraft:custom.transform master @a ~ ~ ~",
			             "execute @s[score_Timer=0,score_Timer_min=0,tag=af] ~ ~ ~ /superpower @s ben_ten:transform_human",
			             "execute @s[score_Timer=1,score_Timer_min=1,tag=af] ~ ~ ~ /playsound minecraft:custom.recalibratedhuman master @a ~ ~ ~",
			             "execute @s[score_Timer=0,score_Timer_min=0,tag=ua] ~ ~ ~ /superpower @s ben_ten:transform_human",
			             "execute @s[score_Timer=0,score_Timer_min=0,tag=ua] ~ ~ ~ /playsound minecraft:custom.ultimatrixhuman master @a ~ ~ ~",
			             "execute @s[score_Timer=30,score_Timer_min=30,tag=ov] ~ ~ ~ /playsound minecraft:custom.ov_timer master @a ~ ~ ~",
			             "execute @s[score_Timer=1,score_Timer_min=1,tag=ov] ~ ~ ~ /playsound minecraft:custom.ov_human master @a ~ ~ ~",
			             "execute @s[score_Timer=0,score_Timer_min=0,tag=ov] ~ ~ ~ /superpower @s ben_ten:transform_human",
			             "superpowerxp 1 @s[tag=0]",
			             "superpowerxp 4 @s[tag=20]",
			             "superpowerxp 6 @s[tag=35]"]
		},
		"base": {	
	        "ability": "lucraftcore:command",		
            "show_in_bar": true,	
            "title": {"text":"Base Form"},
			"icon": {"type": "texture", "texture": "ben_ten:textures/gui/omnitrix_green.png"},
            "bar_color": "green",
			"conditions": [{"type": "lucraftcore:scoreboard_tag", 
			                "tag": "Sneaking"},
							{"type": "lucraftcore:or",
                            "conditions": [
                            {"type": "lucraftcore:level",
                             "level": 30},
                            {"type": "lucraftcore:scoreboard_tag",
                             "tag": "Master"},
                            {"type": "lucraftcore:scoreboard_tag",
                             "tag": "af"},
                            {"type": "lucraftcore:scoreboard_tag",
                             "tag": "ua"},
                            {"type": "lucraftcore:scoreboard_tag",
                             "tag": "ov"}]
                    }],
			"commands": ["superpower @s ben_ten:transform_human", 
			"execute @s[tag=os] ~ ~ ~ /playsound minecraft:custom.transform master @a ~ ~ ~",  
			"execute @s[tag=af] ~ ~ ~ /playsound minecraft:custom.recalibratedhuman master @a ~ ~ ~",
			"execute @s[tag=ua] ~ ~ ~ /playsound minecraft:custom.ultimatrixhuman master @a ~ ~ ~",
			"execute @s[tag=ov] ~ ~ ~ /playsound minecraft:custom.ov_human master @a ~ ~ ~"]
		}
	}
}