{
	"name" : {"text": "Prototype Omnitrix"},	
	"icon": {"type": "texture",
	"texture": "ben_ten:textures/gui/prototype/whiteomnitrix.png"},	
	"creative_tab": "ben10",	
	"max_level": 40,	
	"effects": [{"type": "skin_overlay","texture": "ben_ten:textures/overlays/omnitrix/prototype_omnitrix_active.png","size": 0,"glow": false,"conditions":[{"type": "always"}]},		
	    {"type": "skin_overlay","texture": "ben_ten:textures/overlays/glow/omnitrix/prototype_omnitrix_active_glow.png","size": 0,"glow": true,"conditions":[{"type": "always"}]}],
	"abilities": {
		"timeout": {
			"ability": "lucraftcore:command_loop",
			"title": {"text": "Recharge Mode"},
			 "icon": { "type": "internal" },
			"commands": [
			"scoreboard players add @s Random 1",
			"scoreboard players set @s[score_Random_min=25] Random 0",
			"scoreboard players add @s SLR 1",
			"scoreboard players set @s[score_SLR_min=25] SLR 0 ",
			"sizechange @s 1 lucraftcore:default",
			"scoreboard players tag @s[tag=!0] add 0",
			  "scoreboard players tag @s[score_Sneak=1,score_Sneak_min=1] add Sneaking",
            "scoreboard players tag @s[score_Sneak=0,score_Sneak_min=0] add Sneaking",
			"scoreboard players set @s[score_Sneak_min=1] Sneak 0"]
		},
		"arburian_pelarota": {
			"ability": "lucraftcore:command",
			"required_level": 15,
			"title": {"text": "Arburian Pelarota"},
			"icon": {"type": "texture","texture": "ben_ten:textures/gui/prototype/arburian_pelarota.png"},
			"bar_color": "green",
			"commands": ["execute @s[score_Health_min=20] ~ ~ ~ /effect @s minecraft:instant_health 1 18","/execute @s[tag=SDM] ~ ~ ~ /scoreboard players add @s Destruct 10",
				"playsound minecraft:custom.transform master @a ~ ~ ~",
			"scoreboard players tag @s add Arburian_Pelarota",	
		    "execute @s[score_SLR=10,score_SLR_min=0,tag=0] ~ ~ ~ superpower @s ben_ten:transform_os",
			"execute @s[score_SLR=25,score_SLR_min=11,tag=0] ~ ~ ~ superpower @s ben_ten:proto_r ",
			"execute @s[score_SLR=15,score_SLR_min=0,tag=20] ~ ~ ~ superpower @s ben_ten:transform_os",
			"execute @s[score_SLR=25,score_SLR_min=16,tag=20] ~ ~ ~ superpower @s ben_ten:proto_r ",
			"execute @s[score_SLR=20,score_SLR_min=0,tag=35] ~ ~ ~ superpower @s ben_ten:transform_os",
			"execute @s[score_SLR=25,score_SLR_min=21,tag=35] ~ ~ ~ superpower @s ben_ten:proto_r "]
		},
		"florauna": {
			"ability": "lucraftcore:command",
			"title": {"text": "Florauna"},
			"conditions": [{"type": "lucraftcore:scoreboard_tag",
			                "tag": "Florauna"}],
			"icon": {"type": "texture","texture": "ben_ten:textures/gui/prototype/florauna.png"},
			"bar_color": "green",
			"commands": ["execute @s[score_Health_min=20] ~ ~ ~ /effect @s minecraft:instant_health 1 18","/execute @s[tag=SDM] ~ ~ ~ /scoreboard players add @s Destruct 10",
				"playsound minecraft:custom.transform master @a ~ ~ ~",
			"scoreboard players tag @s add FloraunaT",	
			"execute @s[score_SLR=10,score_SLR_min=0,tag=0] ~ ~ ~ superpower @s ben_ten:transform_os",
			"execute @s[score_SLR=25,score_SLR_min=11,tag=0] ~ ~ ~ superpower @s ben_ten:proto_r ",
			"execute @s[score_SLR=15,score_SLR_min=0,tag=20] ~ ~ ~ superpower @s ben_ten:transform_os",
			"execute @s[score_SLR=25,score_SLR_min=16,tag=20] ~ ~ ~ superpower @s ben_ten:proto_r ",
			"execute @s[score_SLR=20,score_SLR_min=0,tag=35] ~ ~ ~ superpower @s ben_ten:transform_os",
			"execute @s[score_SLR=25,score_SLR_min=21,tag=35] ~ ~ ~ superpower @s ben_ten:proto_r "]
		},
		"loboan": {
			"ability": "lucraftcore:command",
			"parent_ability": "effects",
			"title": {"text": "Loboan"},
			"icon": {"type": "texture","texture": "ben_ten:textures/gui/prototype/loboan.png"},
			"bar_color": "green",
			"conditions": [{"type": "lucraftcore:scoreboard_tag","tag": "Loboan"}],
			"commands": ["execute @s[score_Health_min=20] ~ ~ ~ /effect @s minecraft:instant_health 1 18","/execute @s[tag=SDM] ~ ~ ~ /scoreboard players add @s Destruct 10",
				"playsound minecraft:custom.transform master @a ~ ~ ~",
			"scoreboard players tag @s add LoboanT",	
			"execute @s[score_SLR=10,score_SLR_min=0,tag=0] ~ ~ ~ superpower @s ben_ten:transform_os",
			"execute @s[score_SLR=25,score_SLR_min=11,tag=0] ~ ~ ~ superpower @s ben_ten:proto_r ",
			"execute @s[score_SLR=15,score_SLR_min=0,tag=20] ~ ~ ~ superpower @s ben_ten:transform_os",
			"execute @s[score_SLR=25,score_SLR_min=16,tag=20] ~ ~ ~ superpower @s ben_ten:proto_r ",
			"execute @s[score_SLR=20,score_SLR_min=0,tag=35] ~ ~ ~ superpower @s ben_ten:transform_os",
			"execute @s[score_SLR=25,score_SLR_min=21,tag=35] ~ ~ ~ superpower @s ben_ten:proto_r "]
		},
		"thep_khufan": {
			"ability": "lucraftcore:command",
			"parent_ability": "effects",
			"title": {"text": "Thep Khufan"},
			"icon": {"type": "texture","texture": "ben_ten:textures/gui/prototype/thep_khufan.png"},
			"bar_color": "green",
			"conditions": [{"type": "lucraftcore:scoreboard_tag","tag": "Khufan"}],
			"commands": ["execute @s[score_Health_min=20] ~ ~ ~ /effect @s minecraft:instant_health 1 18","/execute @s[tag=SDM] ~ ~ ~ /scoreboard players add @s Destruct 10",
				"playsound minecraft:custom.transform master @a ~ ~ ~",
			"scoreboard players tag @s add Thep_KhufanT",	
			"execute @s[score_SLR=10,score_SLR_min=0,tag=0] ~ ~ ~ superpower @s ben_ten:transform_os",
			"execute @s[score_SLR=25,score_SLR_min=11,tag=0] ~ ~ ~ superpower @s ben_ten:proto_r ",
			"execute @s[score_SLR=15,score_SLR_min=0,tag=20] ~ ~ ~ superpower @s ben_ten:transform_os",
			"execute @s[score_SLR=25,score_SLR_min=16,tag=20] ~ ~ ~ superpower @s ben_ten:proto_r ",
			"execute @s[score_SLR=20,score_SLR_min=0,tag=35] ~ ~ ~ superpower @s ben_ten:transform_os",
			"execute @s[score_SLR=25,score_SLR_min=21,tag=35] ~ ~ ~ superpower @s ben_ten:proto_r "]
			    
		},
		"transylian": {
			"ability": "lucraftcore:command",
			"parent_ability": "effects",
			"title": {"text": "Transylian"},
			"icon": {"type": "texture","texture": "ben_ten:textures/gui/prototype/transylian.png"},
			"bar_color": "green",
			"conditions": [{"type": "lucraftcore:scoreboard_tag","tag": "Transylian"}],
			"commands": ["execute @s[score_Health_min=20] ~ ~ ~ /effect @s minecraft:instant_health 1 18","/execute @s[tag=SDM] ~ ~ ~ /scoreboard players add @s Destruct 10",
				"playsound minecraft:custom.transform master @a ~ ~ ~",
			"scoreboard players tag @s add TransylianT",	
			"execute @s[score_SLR=10,score_SLR_min=0,tag=0] ~ ~ ~ superpower @s ben_ten:transform_os",
			"execute @s[score_SLR=25,score_SLR_min=11,tag=0] ~ ~ ~ superpower @s ben_ten:proto_r ",
			"execute @s[score_SLR=15,score_SLR_min=0,tag=20] ~ ~ ~ superpower @s ben_ten:transform_os",
			"execute @s[score_SLR=25,score_SLR_min=16,tag=20] ~ ~ ~ superpower @s ben_ten:proto_r ",
			"execute @s[score_SLR=20,score_SLR_min=0,tag=35] ~ ~ ~ superpower @s ben_ten:transform_os",
			"execute @s[score_SLR=25,score_SLR_min=21,tag=35] ~ ~ ~ superpower @s ben_ten:proto_r "]
		},
		"perk_gourmand": {
			"ability": "lucraftcore:command",
			"parent_ability": "effects",
			"title": {"text": "Perk Gourmand"},
			"icon": {"type": "texture","texture": "ben_ten:textures/gui/prototype/gourmand.png"},
			"bar_color": "green",
			"conditions": [{"type": "lucraftcore:scoreboard_tag",
			                "tag": "Gourmand"}],
			"commands": ["execute @s[score_Health_min=20] ~ ~ ~ /effect @s minecraft:instant_health 1 18","/execute @s[tag=SDM] ~ ~ ~ /scoreboard players add @s Destruct 10",
				"playsound minecraft:custom.transform master @a ~ ~ ~",
			"scoreboard players tag @s add Perk_Gourmand",	
			"execute @s[score_SLR=10,score_SLR_min=0,tag=0] ~ ~ ~ superpower @s ben_ten:transform_os",
			"execute @s[score_SLR=25,score_SLR_min=11,tag=0] ~ ~ ~ superpower @s ben_ten:proto_r ",
			"execute @s[score_SLR=15,score_SLR_min=0,tag=20] ~ ~ ~ superpower @s ben_ten:transform_os",
			"execute @s[score_SLR=25,score_SLR_min=16,tag=20] ~ ~ ~ superpower @s ben_ten:proto_r ",
			"execute @s[score_SLR=20,score_SLR_min=0,tag=35] ~ ~ ~ superpower @s ben_ten:transform_os",
			"execute @s[score_SLR=25,score_SLR_min=21,tag=35] ~ ~ ~ superpower @s ben_ten:proto_r "]
		},
		"sphoeroid": {
			"ability": "lucraftcore:command",
			"required_level": 22,
			"title": {"text":"Sphoeroid"},
			"bar_color": "green",
			"icon": { "type": "texture", "texture": "ben_ten:textures/gui/prototype/sphoeroid.png"},
		    "commands": [
		    "/execute @s[tag=SDM] ~ ~ ~ /scoreboard players add @s Destruct 10",
		    "playsound minecraft:custom.transform master @a ~ ~ ~",
		    "execute @s[score_Health_min=20] ~ ~ ~ /effect @s minecraft:instant_health 1 18",
		    "scoreboard players tag @s add SphoeroidT",
		    "execute @s[score_SLR=10,score_SLR_min=0,tag=0] ~ ~ ~ superpower @s ben_ten:transform_os",
			"execute @s[score_SLR=25,score_SLR_min=11,tag=0] ~ ~ ~ superpower @s ben_ten:proto_r ",
			"execute @s[score_SLR=15,score_SLR_min=0,tag=20] ~ ~ ~ superpower @s ben_ten:transform_os",
			"execute @s[score_SLR=25,score_SLR_min=16,tag=20] ~ ~ ~ superpower @s ben_ten:proto_r ",
			"execute @s[score_SLR=20,score_SLR_min=0,tag=35] ~ ~ ~ superpower @s ben_ten:transform_os",
			"execute @s[score_SLR=25,score_SLR_min=21,tag=35] ~ ~ ~ superpower @s ben_ten:proto_r "]
		},
		"nosedeenian": {
			"ability": "lucraftcore:command",
			"required_level": 27,
			"title": {"text": "Nosedeenian"},
			"bar_color": "green",
			"icon": {"type": "texture","texture": "ben_ten:textures/gui/prototype/nosedeenian.png"},
		"commands": [
		"/execute @s[tag=SDM] ~ ~ ~ /scoreboard players add @s Destruct 10",
		"playsound minecraft:custom.transform master @a ~ ~ ~",
		"execute @s[score_Health_min=20] ~ ~ ~ /effect @s minecraft:instant_health 1 18",
		"scoreboard players tag @s add NosedeenianT",
		   "execute @s[score_SLR=10,score_SLR_min=0,tag=0] ~ ~ ~ superpower @s ben_ten:transform_os",
			"execute @s[score_SLR=25,score_SLR_min=11,tag=0] ~ ~ ~ superpower @s ben_ten:proto_r ",
			"execute @s[score_SLR=15,score_SLR_min=0,tag=20] ~ ~ ~ superpower @s ben_ten:transform_os",
			"execute @s[score_SLR=25,score_SLR_min=16,tag=20] ~ ~ ~ superpower @s ben_ten:proto_r ",
			"execute @s[score_SLR=20,score_SLR_min=0,tag=35] ~ ~ ~ superpower @s ben_ten:transform_os",
			"execute @s[score_SLR=25,score_SLR_min=21,tag=35] ~ ~ ~ superpower @s ben_ten:proto_r "]
		},
		"polar_manzardill": {
			"ability": "lucraftcore:command",
			"required_level": 30,
			"title": {"text": "Polar Manzardill"},
			"bar_color": "green",
			"icon": {"type": "texture","texture": "ben_ten:textures/gui/prototype/polar_manzardill.png"},
		"commands": [
		"/execute @s[tag=SDM] ~ ~ ~ /scoreboard players add @s Destruct 10",
		"playsound minecraft:custom.transform master @a ~ ~ ~",
		"execute @s[score_Health_min=20] ~ ~ ~ /effect @s minecraft:instant_health 1 18",
		"scoreboard players tag @s add Polar_Manzardill",
		    "execute @s[score_SLR=10,score_SLR_min=0,tag=0] ~ ~ ~ superpower @s ben_ten:transform_os",
			"execute @s[score_SLR=25,score_SLR_min=11,tag=0] ~ ~ ~ superpower @s ben_ten:proto_r ",
			"execute @s[score_SLR=15,score_SLR_min=0,tag=20] ~ ~ ~ superpower @s ben_ten:transform_os",
			"execute @s[score_SLR=25,score_SLR_min=16,tag=20] ~ ~ ~ superpower @s ben_ten:proto_r ",
			"execute @s[score_SLR=20,score_SLR_min=0,tag=35] ~ ~ ~ superpower @s ben_ten:transform_os",
			"execute @s[score_SLR=25,score_SLR_min=21,tag=35] ~ ~ ~ superpower @s ben_ten:proto_r "]
		},
		"splixson": {
			"ability": "lucraftcore:command",
			"required_level": 33,
			"title": {"text": "Splixson"},
			"bar_color": "green",
			"icon": {"type": "texture","texture": "ben_ten:textures/gui/prototype/splixson.png"},
		"commands": [
		"/execute @s[tag=SDM] ~ ~ ~ /scoreboard players add @s Destruct 10",
		"playsound minecraft:custom.transform master @a ~ ~ ~",
		"execute @s[score_Health_min=20] ~ ~ ~ /effect @s minecraft:instant_health 1 18",
		"scoreboard players tag @s add Splixson",
		"execute @s[score_SLR=10,score_SLR_min=0,tag=0] ~ ~ ~ superpower @s ben_ten:transform_os",
			"execute @s[score_SLR=25,score_SLR_min=11,tag=0] ~ ~ ~ superpower @s ben_ten:proto_r ",
			"execute @s[score_SLR=15,score_SLR_min=0,tag=20] ~ ~ ~ superpower @s ben_ten:transform_os",
			"execute @s[score_SLR=25,score_SLR_min=16,tag=20] ~ ~ ~ superpower @s ben_ten:proto_r ",
			"execute @s[score_SLR=20,score_SLR_min=0,tag=35] ~ ~ ~ superpower @s ben_ten:transform_os",
			"execute @s[score_SLR=25,score_SLR_min=21,tag=35] ~ ~ ~ superpower @s ben_ten:proto_r "]
		},
		"opticoid": {
			"ability": "lucraftcore:command",
			"required_level": 37,
			"title": {"text": "Opticoid"},
			"bar_color": "green",
			"icon": {"type": "texture","texture": "ben_ten:textures/gui/prototype/opticoid.png"},
		"commands": [
		"/execute @s[tag=SDM] ~ ~ ~ /scoreboard players add @s Destruct 10",
		"playsound minecraft:custom.transform master @a ~ ~ ~",
		"execute @s[score_Health_min=20] ~ ~ ~ /effect @s minecraft:instant_health 1 18",
		"scoreboard players tag @s add OpticoidT",
		"execute @s[score_SLR=10,score_SLR_min=0,tag=0] ~ ~ ~ superpower @s ben_ten:transform_os",
			"execute @s[score_SLR=25,score_SLR_min=11,tag=0] ~ ~ ~ superpower @s ben_ten:proto_r ",
			"execute @s[score_SLR=15,score_SLR_min=0,tag=20] ~ ~ ~ superpower @s ben_ten:transform_os",
			"execute @s[score_SLR=25,score_SLR_min=16,tag=20] ~ ~ ~ superpower @s ben_ten:proto_r ",
			"execute @s[score_SLR=20,score_SLR_min=0,tag=35] ~ ~ ~ superpower @s ben_ten:transform_os",
			"execute @s[score_SLR=25,score_SLR_min=21,tag=35] ~ ~ ~ superpower @s ben_ten:proto_r "]
		},
		"to'kustar": {
			"ability": "lucraftcore:command",
			"required_level": 40,
			"title": {"text": "To'kustar"},
			"bar_color": "green",
			"icon": {"type": "texture","texture": "ben_ten:textures/gui/prototype/tokustar.png"},
		"commands": [
		"/execute @s[tag=SDM] ~ ~ ~ /scoreboard players add @s Destruct 10",
		"playsound minecraft:custom.transform master @a ~ ~ ~",
		"execute @s[score_Health_min=20] ~ ~ ~ /effect @s minecraft:instant_health 1 18",
		"scoreboard players tag @s add Tokustar",
		"execute @s[score_SLR=10,score_SLR_min=0,tag=0] ~ ~ ~ superpower @s ben_ten:transform_os",
			"execute @s[score_SLR=25,score_SLR_min=11,tag=0] ~ ~ ~ superpower @s ben_ten:proto_r ",
			"execute @s[score_SLR=15,score_SLR_min=0,tag=20] ~ ~ ~ superpower @s ben_ten:transform_os",
			"execute @s[score_SLR=25,score_SLR_min=16,tag=20] ~ ~ ~ superpower @s ben_ten:proto_r ",
			"execute @s[score_SLR=20,score_SLR_min=0,tag=35] ~ ~ ~ superpower @s ben_ten:transform_os",
			"execute @s[score_SLR=25,score_SLR_min=21,tag=35] ~ ~ ~ superpower @s ben_ten:proto_r "]
		},
		"conductoid": {
			"ability": "lucraftcore:command",
			"parent_ability": "effects",
			"title": {"text": "Conductoid"},
			"icon": {"type": "texture","texture": "ben_ten:textures/gui/prototype/conductoid.png"},
			"bar_color": "green",
			"conditions": [{"type": "lucraftcore:scoreboard_tag","tag": "Conductoid"}],
			"commands": ["execute @s[score_Health_min=20] ~ ~ ~ /effect @s minecraft:instant_health 1 18",
			"playsound minecraft:custom.transform master @a ~ ~ ~",
			"scoreboard players tag @s add ConductoidT",
			"execute @s[score_SLR=10,score_SLR_min=0,tag=0] ~ ~ ~ superpower @s ben_ten:conductoid",
			"execute @s[tag=SDM] ~ ~ ~ /scoreboard players add @s Destruct 10",
		"execute @s[score_SLR=10,score_SLR_min=0,tag=0] ~ ~ ~ superpower @s ben_ten:transform_os",
			"execute @s[score_SLR=25,score_SLR_min=11,tag=0] ~ ~ ~ superpower @s ben_ten:proto_r ",
			"execute @s[score_SLR=15,score_SLR_min=0,tag=20] ~ ~ ~ superpower @s ben_ten:transform_os",
			"execute @s[score_SLR=25,score_SLR_min=16,tag=20] ~ ~ ~ superpower @s ben_ten:proto_r ",
			"execute @s[score_SLR=20,score_SLR_min=0,tag=35] ~ ~ ~ superpower @s ben_ten:transform_os",
			"execute @s[score_SLR=25,score_SLR_min=21,tag=35] ~ ~ ~ superpower @s ben_ten:proto_r "]
		},
		"menu": {"ability": "lucraftcore:command",
		"conditions": [{
						"type": "lucraftcore:scoreboard_tag", 
						"tag": "Sneaking"}],
		"required_level": 25,"title": {"text": "Main Menu"},
		"icon": {"type": "texture","texture": "ben_ten:textures/gui/prototype/omnitrix_base.png"},
		"bar_color": "green","commands": ["superpower @s ben_ten:prototypeomnitrix","playsound minecraft:custom.fiddle master @a ~ ~ ~"]
		},
		"select1": {	
	        "ability": "lucraftcore:command",
			"conditions": [{"type": "lucraftcore:not",
			"conditions": [{"type": "lucraftcore:scoreboard_tag","tag": "Sneaking"}]}],
            "show_in_bar": true,	
            "title": {"text":"Playlist 1"},
			"icon": { "type": "texture", "texture": "ben_ten:textures/gui/prototype/activate.png" },
            "bar_color": "green",		
			"commands": ["execute @s[tag=!Master] ~ ~ ~ /superpower @s ben_ten:prototypeomnitrix_selection","playsound minecraft:custom.omnitrixactivate master @a ~ ~ ~"]
		},
		"failsafe": {
			"ability": "lucraftcore:command_loop",
			"show_in_bar": false,
			"title": {"text": "Omnitrix Failsafe"},
			"icon": {"type": "texture",
				     "texture": "ben_ten:textures/gui/prototype/omnitrix.png"},
			"commands": ["execute @s[score_Failsafe=12000,score_Failsafe_min=12000] ~ ~ ~ /scoreboard players tag @s add Explode",
			"execute @s[score_Failsafe=11999,score_Failsafe_min=0] ~ ~ ~ /scoreboard players add @s Failsafe 1",
			"execute @s[score_Health=6,score_Health_min=1,tag=Failsafe,tag=!Explode] ~ ~ ~ /playsound minecraft:custom.failsafe master @a ~ ~ ~",
			"effect @s[score_Health=6,score_Health_min=1,tag=Failsafe,tag=!Explode] minecraft:resistance 3 255 true",
			"execute @s[score_Health=6,score_Health_min=1,tag=Failsafe,tag=!Explode] ~ ~ ~ /superpower @s ben_ten:omnitrix_failsafe"]
		}
	}
}