{
	"name" : {
		"text": "Prototype Omnitrix"
	},

	"icon": {
		"type": "texture",
		"texture": "ben_ten:textures/gui/prototype/omnitrix.png"
	},
	
	"creative_tab": "ben10",
	
	"max_level": 40,
	
	"capsule_color" : 65280,
	
	"effects": [
        {
            "type": "skin_overlay",
            "texture": "ben_ten:textures/overlays/omnitrix/prototype_omnitrix.png",
            "size": 0,
            "glow": false,
            "conditions": [
            	{
            		"type": "always"
            	}
            ]
        },
		{
            "type": "skin_overlay",
            "texture": "ben_ten:textures/overlays/glow/omnitrix/prototype_omnitrix_glow.png",
            "size": 0,
            "glow": true,
            "conditions": [
            	{
            		"type": "always"
            	}
            ]
        }	
    ],

	"abilities": {
		"select_alien": {	
	        "ability": "lucraftcore:command",
            "show_in_bar": true,	
            "title": {"text":"Alien Selection"},
			"icon": { "type": "texture", "texture": "ben_ten:textures/gui/prototype/activate.png" },
            "bar_color": "green",
			"conditions": [{"type": "lucraftcore:not", 
			        "conditions": [{
						"type": "lucraftcore:scoreboard_tag", 
						"tag": "Sneaking"}]}],				
			"commands": [
			"execute @s[tag=!Master] ~ ~ ~ /superpower @s ben_ten:prototypeomnitrix_selection", 
			"execute @s[tag=Master] ~ ~ ~ /superpower @s[tag=Master] ben_ten:prototypeomnitrix_master_selection",
			"playsound minecraft:custom.omnitrixactivate master @a ~ ~ ~",
			"scoreboard players tag @s[tag=ov] remove ov",
			"scoreboard players tag @s[tag=af] remove af",
			"scoreboard players tag @s[tag=ua] remove ua"]
		},
		"random": {	
	        "ability": "lucraftcore:command",            
			"show_in_bar": true,	
            "title": {"text":"Random Alien"},
			"icon": { "type": "texture", "texture": "ben_ten:textures/gui/prototype/prototype_random.png" },
            "bar_color": "green",
			"conditions": [{
						"type": "lucraftcore:scoreboard_tag", 
						"tag": "Sneaking"}],				
			"commands": ["/execute @s[tag=SDM] ~ ~ ~ /scoreboard players add @s Destruct 10",
			"/superpower @s ben_ten:proto_r ",
			"playsound minecraft:custom.transform master @a ~ ~ ~",
			"scoreboard players tag @s[tag=ov] remove ov",
			"scoreboard players tag @s[tag=af] remove af",
			"scoreboard players tag @s[tag=ua] remove ua"]
		},
		"sub_select": {
			"ability": "lucraftcore:command",
			"show_in_bar": true,
			"title": {"text": "Sub-Menu"},
			"icon": {"type": "texture",
				"texture": "ben_ten:textures/gui/prototype/omnitrix.png"},
			"bar_color": "green",
			"commands": ["superpower @s ben_ten:prototype_sub",			
			"title @s actionbar [{\"text\":\"<\",\"color\":\"black\"},{\"text\":\"Code\",\"color\":\"green\"},{\"text\":\">\",\"color\":\"black\"},{\"text\":\"<\",\"color\":\"black\"},{\"score\":{\"name\":\"@s\",\"objective\":\"Code\"},\"color\":\"green\"},{\"text\":\">\",\"color\":\"black\"}]",
			"playsound minecraft:custom.switch master @a ~ ~ ~",
			"scoreboard players tag @s[tag=ov] remove ov",
			"scoreboard players tag @s[tag=af] remove af",
			"scoreboard players tag @s[tag=ua] remove ua"]
		},
		"force_decouple": {
			"ability": "lucraftcore:command",
			"conditions": [{"type": "lucraftcore:held_item",
                            "item": "lucraftcore:advanced_circuit",
                            "hand": "main_hand"},
							{"type": "lucraftcore:not", 
			        "conditions": [{
						"type": "lucraftcore:scoreboard_tag", 
						"tag": "Cooldown"}]}],			
			"title": {"text": "Forcefully Remove Omnitrix"},
			"required_level": 20,
			"icon": {"type": "texture",
				"texture": "ben_ten:textures/gui/prototype/decouple_omnitrix.png"},
			"bar_color": "gray",
	        "commands": ["scoreboard players set @s[score_Cooldown=0,score_Cooldown_min=0,tag=!Failsafe] Timer 12000",
			             "scoreboard players tag @s[score_Cooldown=0,score_Cooldown_min=0,tag=!Failsafe] add Force-Remove",
			             "scoreboard players tag @s[score_Cooldown=0,score_Cooldown_min=0,tag=!Failsafe] remove Master",
			             "scoreboard players tag @s[score_Cooldown=0,score_Cooldown_min=0,tag=!Failsafe] remove Arburian",
			             "scoreboard players tag @s[score_Cooldown=0,score_Cooldown_min=0,tag=!Failsafe] remove Sphoeroid",
			             "scoreboard players tag @s[score_Cooldown=0,score_Cooldown_min=0,tag=!Failsafe] remove Nosedeenian",
			             "scoreboard players tag @s[score_Cooldown=0,score_Cooldown_min=0,tag=!Failsafe] remove Polar",
			             "scoreboard players tag @s[score_Cooldown=0,score_Cooldown_min=0,tag=!Failsafe] remove Optocoid",
			             "scoreboard players tag @s[score_Cooldown=0,score_Cooldown_min=0,tag=!Failsafe] remove To'kustar",
						 "superpowerxp -40l @s[score_Cooldown=0,score_Cooldown_min=0,tag=!Failsafe]",
			             "give @s[score_Cooldown=0,score_Cooldown_min=0,tag=!Failsafe] ben_ten:omnitrix_chest",
			             "superpower @s[score_Cooldown=0,score_Cooldown_min=0,tag=!Failsafe] ben_ten:prototypeomnitrix_removed",
						 "execute @s[score_Cooldown=0,score_Cooldown_min=0,tag=Failsafe] ~ ~ ~ /superpower @s ben_ten:omnitrix_failsafe",
			             "execute @s[score_Cooldown=0,score_Cooldown_min=0,tag=Failsafe] ~ ~ ~ /playsound minecraft:custom.failsafe master @a ~ ~ ~",
						 "effect @s[score_Cooldown=0,score_Cooldown_min=0,tag=Failsafe] minecraft:instant_damage 1 1 true",
			             "scoreboard players set @s[score_Cooldown=0,score_Cooldown_min=0] Cooldown 6000",
			             "scoreboard players tag @s[score_Cooldown=6000,score_Cooldown_min=6000] add Cooldown"],
            "show_in_bar": true						 
        },
		"tout_os": {
			"ability": "lucraftcore:command_loop",
			"show_in_bar": false,
			"title": {"text": "Recharge Mode"},
			"icon": {"type": "texture",
				"texture": "ben_ten:textures/gui/prototype/redomnitrix.png"},
			"commands": [
			"execute @s[tag=Florauna] ~ ~ ~ /scoreboard players tag @s add Scanned",
			"execute @s[tag=Loboan] ~ ~ ~ /scoreboard players tag @s add Scanned",
			"execute @s[tag=Khufan] ~ ~ ~ /scoreboard players tag @s add Scanned",
			"execute @s[tag=Transylian] ~ ~ ~ /scoreboard players tag @s add Scanned",
			"execute @s[tag=Gourmand] ~ ~ ~ /scoreboard players tag @s add Scanned",
			"execute @s[tag=Conductoid] ~ ~ ~ /scoreboard players tag @s add Scanned",
			"scoreboard players add @s Random 1", 
			"scoreboard players set @s[score_Random_min=25] Random 1",
			"sizechange @s 1 lucraftcore:default", 
			"execute @s[score_Timer=0,score_Timer_min=0] ~ ~ ~ /superpower @s ben_ten:prototypeomnitrix_timeout",
			"scoreboard players add @s[score_Timer=5999,score_Timer_min=1] Timer 1",
            "scoreboard players tag @s[score_Sneak=1,score_Sneak_min=1] add Sneaking",
            "scoreboard players tag @s[score_Sneak=0,score_Sneak_min=0] remove Sneaking",
			"scoreboard players set @s[score_Sneak_min=1] Sneak 0",
			"execute @s[score_Destruct=100,score_Destruct_min=100] ~ ~ ~ /superpower @s ben_ten:prototype_destruct ",
			"execute @e[type=wolf,r=5] ~ ~ ~ /superpower @p[tag=!Loboan,r=5] ben_ten:scan_mode",
			"execute @e[type=wolf,r=5] ~ ~ ~ /playsound minecraft:custom.destruct master @a[tag=!Loboan,r=5] ~ ~ ~",
			"execute @e[type=husk,r=5] ~ ~ ~ /superpower @p[tag=!Khufan,r=5] ben_ten:scan_mode",
			"execute @e[type=husk,r=5] ~ ~ ~ /playsound minecraft:custom.destruct master @a[tag=!Khufan,r=5] ~ ~ ~",
			"execute @e[type=zombie_villager,r=5] ~ ~ ~ /superpower @p[tag=!Transylian,r=5] ben_ten:scan_mode",
			"execute @e[type=zombie_villager,r=5] ~ ~ ~ /playsound minecraft:custom.destruct master @a[tag=!Transylian,r=5] ~ ~ ~",
			"execute @s[tag=!Florauna] ~ ~ ~ detect ~3 ~ ~ minecraft:mycelium 0 superpower @s[tag=!Florauna] ben_ten:scan_mode",
			"execute @s[tag=!Florauna] ~ ~ ~ detect ~3 ~ ~ minecraft:mycelium 0 playsound minecraft:custom.destruct master @a[r=5] ~ ~ ~",			
			"execute @s[tag=!Florauna] ~ ~ ~ detect ~-3 ~ ~ minecraft:mycelium 0 superpower @s[tag=!Florauna] ben_ten:scan_mode",
			"execute @s[tag=!Florauna] ~ ~ ~ detect ~-3 ~ ~ minecraft:mycelium 0 playsound minecraft:custom.destruct master @a[r=5] ~ ~ ~",			
			"execute @s[tag=!Florauna] ~ ~ ~ detect ~ ~-1 ~ minecraft:mycelium 0 superpower @s[tag=!Florauna] ben_ten:scan_mode",
			"execute @s[tag=!Florauna] ~ ~ ~ detect ~ ~-1 ~ minecraft:mycelium 0 playsound minecraft:custom.destruct master @a[r=5] ~ ~ ~",			
			"execute @s[tag=!Florauna] ~ ~ ~ detect ~ ~ ~3 minecraft:mycelium 0 superpower @s[tag=!Florauna] ben_ten:scan_mode",
			"execute @s[tag=!Florauna] ~ ~ ~ detect ~ ~ ~3 minecraft:mycelium 0 playsound minecraft:custom.destruct master @a[r=5] ~ ~ ~",			
			"execute @s[tag=!Florauna] ~ ~ ~ detect ~ ~ ~-3 minecraft:mycelium 0 superpower @s[tag=!Florauna] ben_ten:scan_mode",
			"execute @s[tag=!Florauna] ~ ~ ~ detect ~ ~ ~-3 minecraft:mycelium 0 playsound minecraft:custom.destruct master @a[r=5] ~ ~ ~",			
			"execute @s[tag=!Florauna] ~ ~ ~ detect ~3 ~ ~ minecraft:brown_mushroom_block 10 superpower @s[tag=!Florauna] ben_ten:scan_mode",
			"execute @s[tag=!Florauna] ~ ~ ~ detect ~3 ~ ~ minecraft:brown_mushroom_block 10 playsound minecraft:custom.destruct master @a[r=5] ~ ~ ~",			
			"execute @s[tag=!Florauna] ~ ~ ~ detect ~3 ~ ~ minecraft:red_mushroom_block 10 superpower @s[tag=!Florauna] ben_ten:scan_mode",
			"execute @s[tag=!Florauna] ~ ~ ~ detect ~3 ~ ~ minecraft:red_mushroom_block 10 playsound minecraft:custom.destruct master @a[r=5] ~ ~ ~",			
			"execute @s[tag=!Florauna] ~ ~ ~ detect ~-3 ~ ~ minecraft:brown_mushroom_block 10 superpower @s[tag=!Florauna] ben_ten:scan_mode",
			"execute @s[tag=!Florauna] ~ ~ ~ detect ~-3 ~ ~ minecraft:brown_mushroom_block 10 playsound minecraft:custom.destruct master @a[r=5] ~ ~ ~",			
			"execute @s[tag=!Florauna] ~ ~ ~ detect ~-3 ~ ~ minecraft:red_mushroom_block 10 superpower @s[tag=!Florauna] ben_ten:scan_mode",
			"execute @s[tag=!Florauna] ~ ~ ~ detect ~-3 ~ ~ minecraft:red_mushroom_block 10 playsound minecraft:custom.destruct master @a[r=5] ~ ~ ~",			
			"execute @s[tag=!Florauna] ~ ~ ~ detect ~ ~-1 ~ minecraft:brown_mushroom_block 10 superpower @s[tag=!Florauna] ben_ten:scan_mode",
			"execute @s[tag=!Florauna] ~ ~ ~ detect ~ ~-1 ~ minecraft:brown_mushroom_block 10 playsound minecraft:custom.destruct master @a[r=5] ~ ~ ~",			
			"execute @s[tag=!Florauna] ~ ~ ~ detect ~ ~-1 ~ minecraft:red_mushroom_block 10 superpower @s[tag=!Florauna] ben_ten:scan_mode",
			"execute @s[tag=!Florauna] ~ ~ ~ detect ~ ~-1 ~ minecraft:red_mushroom_block 10 playsound minecraft:custom.destruct master @a[r=5] ~ ~ ~",			
			"execute @s[tag=!Florauna] ~ ~ ~ detect ~ ~ ~3 minecraft:brown_mushroom_block 10 superpower @s[tag=!Florauna] ben_ten:scan_mode",
			"execute @s[tag=!Florauna] ~ ~ ~ detect ~ ~ ~3 minecraft:brown_mushroom_block 10 playsound minecraft:custom.destruct master @a[r=5] ~ ~ ~",		
			"execute @s[tag=!Florauna] ~ ~ ~ detect ~ ~ ~3 minecraft:red_mushroom_block 10 superpower @s[tag=!Florauna] ben_ten:scan_mode",
			"execute @s[tag=!Florauna] ~ ~ ~ detect ~ ~ ~3 minecraft:red_mushroom_block 10 playsound minecraft:custom.destruct master @a[r=5] ~ ~ ~",			
			"execute @s[tag=!Florauna] ~ ~ ~ detect ~ ~ ~-3 minecraft:brown_mushroom_block 10 superpower @s[tag=!Florauna] ben_ten:scan_mode",
			"execute @s[tag=!Florauna] ~ ~ ~ detect ~ ~ ~-3 minecraft:brown_mushroom_block 10 playsound minecraft:custom.destruct master @a[r=5] ~ ~ ~",			
			"execute @s[tag=!Florauna] ~ ~ ~ detect ~ ~ ~-3 minecraft:red_mushroom_block 10 superpower @s[tag=!Florauna] ben_ten:scan_mode",
			"execute @s[tag=!Florauna] ~ ~ ~ detect ~ ~ ~-3 minecraft:red_mushroom_block 10 playsound minecraft:custom.destruct master @a[r=5] ~ ~ ~",
			"superpowerxp -40L @s[tag=ov]",
			"superpowerxp -40L @s[tag=af]",
			"superpowerxp -40L @s[tag=ua]"]
		},
		"failsafe": {
			"ability": "lucraftcore:command_loop",
			"show_in_bar": false,
			"title": {"text": "Omnitrix Failsafe"},
			"icon": {"type": "texture",
				     "texture": "ben_ten:textures/gui/prototype/omnitrix.png"},
			"commands": ["execute @s[score_Failsafe=12000,score_Failsafe_min=12000] ~ ~ ~ /scoreboard players tag @s remove Explode",
			"execute @s[score_Failsafe=11999,score_Failsafe_min=0] ~ ~ ~ /scoreboard players add @s Failsafe 1",
			"execute @s[score_Health=6,score_Health_min=1,tag=Failsafe,tag=!Explode] ~ ~ ~ /playsound minecraft:custom.failsafe master @a ~ ~ ~",
			"effect @s[score_Health=6,score_Health_min=1,tag=Failsafe,tag=!Explode] minecraft:resistance 3 255 true",
			"execute @s[score_Health=6,score_Health_min=1,tag=Failsafe,tag=!Explode] ~ ~ ~ /superpower @s ben_ten:omnitrix_failsafe"]
		},
		"lvl_0": {
			"ability": "lucraftcore:command_loop",
			"show_in_bar": false,
			"title": {"text": "Novice User"},
			 "icon": { "type": "internal" },
			"commands": ["scoreboard players tag @s[tag=!20] add 0",
			             "scoreboard players remove @s[score_Cooldown=6000,score_Cooldown_min=0] Cooldown 1",
			             "scoreboard players set @s[score_Cooldown=-1,score_Cooldown_min=-1000000] Cooldown 0",
			             "scoreboard players tag @s[score_Cooldown=0,score_Cooldown_min=0] remove Cooldown"]
		},
		"lvl_20": {
			"ability": "lucraftcore:command_loop",
			"required_level": 20,
			"show_in_bar": false,
			"title": {"text": "Moderate User"},
			 "icon": { "type": "internal" },
			"commands": ["scoreboard players tag @s remove 0",
			             "scoreboard players tag @s add 20"]
		},
		"lvl_35": {
			"ability": "lucraftcore:command_loop",
			"required_level": 35,
			"title": {"text": "Experienced User"},
			 "icon": { "type": "internal" },
			"commands": ["scoreboard players tag @s remove 0",
			             "scoreboard players tag @s remove 20",
			             "scoreboard players tag @s add 35"]
		},
		"arburiangain": {
            "ability": "lucraftcore:command_on_gain",
            "show_in_bar": false,
			"required_level": 15,
            "title": {"translate":"Background Commands"},
            "icon": { "type": "internal" },
            "commands": ["scoreboard players tag @s add Arburian"]
        },
		"sphoeroidgain": {
            "ability": "lucraftcore:command_on_gain",
            "show_in_bar": false,
			"required_level": 22,
            "title": {"translate":"Background Commands"},
            "icon": { "type": "internal" },
            "commands": ["scoreboard players tag @s add Sphoeroid"]
        },
		"nosedeeniangain": {
            "ability": "lucraftcore:command_on_gain",
            "show_in_bar": false,
			"required_level": 27,
            "title": {"translate":"Background Commands"},
            "icon": { "type": "internal" },
            "commands": ["scoreboard players tag @s add Nosedeenian"]
        },
		"polargain": {
            "ability": "lucraftcore:command_on_gain",
            "show_in_bar": false,
			"required_level": 30,
            "title": {"translate":"Background Commands"},
            "icon": { "type": "internal" },
            "commands": ["scoreboard players tag @s add Polar"]
        },
		"opticoidgain": {
            "ability": "lucraftcore:command_on_gain",
            "show_in_bar": false,
			"required_level": 37,
            "title": {"translate":"Background Commands"},
            "icon": { "type": "internal" },
            "commands": ["scoreboard players tag @s add Opticoid"]
        },
		"togain": {
            "ability": "lucraftcore:command_on_gain",
            "show_in_bar": false,
			"required_level": 40,
            "title": {"translate":"Background Commands"},
            "icon": { "type": "internal" },
            "commands": ["scoreboard players tag @s add To'kustar"]
        }
	}
}