{
	"name" : {
		"text": "Prototype Omnitrix"
	},

	"icon": {
		"type": "texture",
		"texture": "ben_ten:textures/gui/prototype/redomnitrix.png"
	},
	
	"creative_tab": "ben10",
	
	"max_level": 40,
	
	"capsule_color" : 65280,
	
	"effects": [
        {
            "type": "skin_overlay",
            "texture": "ben_ten:textures/overlays/omnitrix/prototype_omnitrix.png",
            "size": 0,
            "glow": false,
            "conditions": [
            	{
            		"type": "always"
				}
			]
	    },
		{
            "type": "skin_overlay",
            "texture": "ben_ten:textures/overlays/glow/omnitrix/prototype_omnitrix_timeout.png",
            "size": 0,
            "glow": true,
            "conditions": [
            	{
            		"type": "always"
            	}
            ]
        }		
    ],

	"abilities": {	
		"timer_reset": {
			"ability": "lucraftcore:command_loop",
			"show_in_bar": false,
			"title": {"text": "Timer Reset"},
			"icon": { "type": "texture", "texture": "ben_ten:textures/gui/prototype/redomnitrix.png" },
			"commands": ["scoreboard players add @s[score_Timer_min=0] Timer 1", 
			"execute @s[score_Timer_min=6000] ~ ~ ~ /superpower @s ben_ten:prototypeomnitrix", 
			"execute @s[score_Timer_min=6000] ~ ~ ~ /playsound minecraft:custom.omnitrixactivate master @a ~ ~ ~", 
			"scoreboard players add @s Random 1", 
			"scoreboard players set @s[score_Random_min=10000] Random 0", 
			"sizechange @s 1 lucraftcore:default"]
        },
		"failsafe": {
			"ability": "lucraftcore:command_loop",
			"show_in_bar": false,
			"title": {"text": "Omnitrix Failsafe"},
			"icon": {"type": "texture",
				"texture": "ben_ten:textures/gui/prototype/omnitrix.png"},
			"commands": ["execute @s[score_Failsafe=12000,score_Failsafe_min=12000] ~ ~ ~ /scoreboard players tag @s remove Explode",
			"execute @s[score_Failsafe=11999,score_Failsafe_min=0] ~ ~ ~ /scoreboard players add @s Failsafe 1",
			"execute @s[score_Health=6,score_Health_min=1,tag=Failsafe,tag=!Explode] ~ ~ ~ /playsound minecraft:custom.failsafe master @a ~ ~ ~",
			"effect @s[score_Health=6,score_Health_min=1,tag=Failsafe,tag=!Explode] minecraft:resistance 3 255 true",
			"execute @s[score_Health=6,score_Health_min=1,tag=Failsafe,tag=!Explode] ~ ~ ~ /superpower @s ben_ten:omnitrix_failsafe"]
		},
		"dial": {
			"ability": "lucraftcore:command",
			"show_in_bar": true,
			"title": {"text": "Use Dial"},
			"icon": { "type": "texture", "texture": "ben_ten:textures/gui/prototype/redomnitrix.png" },
			"bar_color": "red",
			"commands": ["playsound minecraft:custom.fiddle master @a ~ ~ ~"]
        }
	}
}
