{
	"name" : {
		"text": "Prototype Omnitrix"
	},

	"icon": {
		"type": "texture",
		"texture": "ben_ten:textures/gui/prototype/whiteomnitrix.png"
	},
	
	"creative_tab": "ben10",
	
	"max_level": 40,
	
	"effects": [
        {
            "type": "skin_overlay",
            "texture": "ben_ten:textures/overlays/omnitrix/prototype_omnitrix_active.png",
            "size": 0,
            "glow": false,
            "conditions": [
            	{
            		"type": "always"
				}
			]
	    },
		{
            "type": "skin_overlay",
            "texture": "ben_ten:textures/overlays/glow/omnitrix/prototype_omnitrix_active_glow.png",
            "size": 0,
            "glow": true,
            "conditions": [
            	{
            		"type": "always"
            	}
            ]
        }		
    ],

	"abilities": {
		"timeout": {
			"ability": "lucraftcore:command_loop",
			"show_in_bar": false,
			"title": {"text": "Recharge Mode"},
			"icon": {"type": "texture",
				"texture": "ben_ten:textures/gui/prototype/redomnitrix.png"},
			"commands": ["sizechange @s 1 lucraftcore:default"]
		},
		"pyronite": {
			"ability": "lucraftcore:command",
			"show_in_bar": true,
			"title": {"text": "Pyronite"},
			"icon": {"type": "texture",
				"texture": "ben_ten:textures/gui/prototype/pyronite.png"},
			"bar_color": "green",
			"commands": ["execute @s[score_Health_min=20] ~ ~ ~ /effect @s minecraft:instant_health 1 18",
			"scoreboard players tag @s add Pyronite",
			"superpower @s ben_ten:transform_os",
			"execute @s[tag=SDM] ~ ~ ~ /scoreboard players add @s Destruct 10",
			"playsound minecraft:custom.transform master @a ~ ~ ~"]
		},
		"petrosapien": {
			"ability": "lucraftcore:command",
			"show_in_bar": true,
			"title": {"text": "Petrosapien"},
			"icon": {"type": "texture",
				"texture": "ben_ten:textures/gui/prototype/petrosapien.png"},
			"bar_color": "green",
			"commands": ["execute @s[score_Health_min=20] ~ ~ ~ /effect @s minecraft:instant_health 1 18",
			"scoreboard players tag @s add Petrosapien",
			"superpower @s ben_ten:transform_os",
			"execute @s[tag=SDM] ~ ~ ~ /scoreboard players add @s Destruct 10",
			"playsound minecraft:custom.transform master @a ~ ~ ~"]
		},
		"ectonurite": {
			"ability": "lucraftcore:command",
			"show_in_bar": true,
			"title": {"text": "Ectonurite"},
			"icon": {
				"type": "texture",
				"texture": "ben_ten:textures/gui/prototype/ectonurite.png"},
			"bar_color": "green",
			"commands": ["execute @s[score_Health_min=20] ~ ~ ~ /effect @s minecraft:instant_health 1 18",
			"scoreboard players tag @s add Ectonurite",
			"superpower @s ben_ten:transform_os",
			"execute @s[tag=SDM] ~ ~ ~ /scoreboard players add @s Destruct 10",
			"playsound minecraft:custom.transform master @a ~ ~ ~",
			"effect @s minecraft:night_vision 1000000 1 true"]
		},
		"tetramand": {
			"ability": "lucraftcore:command",
			"show_in_bar": true,
			"title": {"text": "Tetramand"},
			"icon": {"type": "texture",
				"texture": "ben_ten:textures/gui/prototype/tetramand.png"},
			"bar_color": "green",
			"commands": ["execute @s[score_Health_min=20] ~ ~ ~ /effect @s minecraft:instant_health 1 18",
			"scoreboard players tag @s add Tetramand",
			"superpower @s ben_ten:transform_os",
			"execute @s[tag=SDM] ~ ~ ~ /scoreboard players add @s Destruct 10",
			"playsound minecraft:custom.transform master @a ~ ~ ~"]
		},
		"lepidopterran": {
			"ability": "lucraftcore:command",
			"show_in_bar": true,
			"title": {"text": "Lepidopterran"},
			"icon": {"type": "texture",
				"texture": "ben_ten:textures/gui/prototype/lepidopterran.png"},
			"bar_color": "green",
			"commands": ["execute @s[score_Health_min=20] ~ ~ ~ /effect @s minecraft:instant_health 1 18",
			"scoreboard players tag @s add Lepidopterran",
			"superpower @s ben_ten:transform_os",
			"execute @s[tag=SDM] ~ ~ ~ /scoreboard players add @s Destruct 10",
			"playsound minecraft:custom.transform master @a ~ ~ ~"]
		},
		"kineceleran": {
			"ability": "lucraftcore:command",
			"show_in_bar": true,
			"title": {"text": "Kineceleran"},
			"icon": {"type": "texture",
				"texture": "ben_ten:textures/gui/prototype/kineceleran.png"},
			"bar_color": "green",
			"commands": ["execute @s[score_Health_min=20] ~ ~ ~ /effect @s minecraft:instant_health 1 18",
			"scoreboard players tag @s add Kineceleran",
			"superpower @s ben_ten:transform_os",
			"execute @s[tag=SDM] ~ ~ ~ /scoreboard players add @s Destruct 10",
			"playsound minecraft:custom.transform master @a ~ ~ ~"]
		},
		"vulpimancer": {
			"ability": "lucraftcore:command",
			"show_in_bar": true,
			"title": {"text": "Vulpimancer"},
			"icon": {"type": "texture",
				"texture": "ben_ten:textures/gui/prototype/vulpimancer.png"},
			"bar_color": "green",
			"commands": ["execute @s[score_Health_min=20] ~ ~ ~ /effect @s minecraft:instant_health 1 18",
			"scoreboard players tag @s add Vulpimancer",
			"superpower @s ben_ten:transform_os",
			"execute @s[tag=SDM] ~ ~ ~ /scoreboard players add @s Destruct 10",
			"playsound minecraft:custom.transform master @a ~ ~ ~"]
		},
		"galvan": {
			"ability": "lucraftcore:command",
			"show_in_bar": true,
			"title": {"text": "Galvan"},
			"icon": {"type": "texture",
				"texture": "ben_ten:textures/gui/prototype/galvan.png"},
			"bar_color": "green",
			"commands": ["execute @s[score_Health_min=20] ~ ~ ~ /effect @s minecraft:instant_health 1 18",
			"scoreboard players tag @s add Galvan",
			"superpower @s ben_ten:transform_os",
			"execute @s[tag=SDM] ~ ~ ~ /scoreboard players add @s Destruct 10",
			"playsound minecraft:custom.transform master @a ~ ~ ~"]
		},
		"piscciss_volan": {
			"ability": "lucraftcore:command",
			"show_in_bar": true,
			"title": {"text": "Piscciss Volan"},
			"icon": {"type": "texture",
				"texture": "ben_ten:textures/gui/prototype/piscciss_volan.png"},
			"bar_color": "green",
			"commands": ["execute @s[score_Health_min=20] ~ ~ ~ /effect @s minecraft:instant_health 1 18",
			"scoreboard players tag @s add Piscciss_Volan",
			"superpower @s ben_ten:transform_os",
			"execute @s[tag=SDM] ~ ~ ~ /scoreboard players add @s Destruct 10",
			"playsound minecraft:custom.transform master @a ~ ~ ~"]
		},
		"galvanic_mechamorph": {
			"ability": "lucraftcore:command",
			"show_in_bar": true,
			"title": {"text": "Galvanic Mechamorph"},
			"icon": {"type": "texture",
				"texture": "ben_ten:textures/gui/prototype/galvanic_mechamorph.png"},
			"bar_color": "green",
			"commands": ["execute @s[score_Health_min=20] ~ ~ ~ /effect @s minecraft:instant_health 1 18",
			"scoreboard players tag @s add Galvanic_Mechamorph",
			"superpower @s ben_ten:transform_os", 
			"execute @s[tag=SDM] ~ ~ ~ /scoreboard players add @s Destruct 10",
			"playsound minecraft:custom.transform master @a ~ ~ ~"]
		},
		"arburian_pelarota": {
			"ability": "lucraftcore:command",
			"show_in_bar": true,
			"title": {"text": "Arburian Pelarota"},
			"icon": {"type": "texture",
				"texture": "ben_ten:textures/gui/prototype/arburian_pelarota.png"},
			"bar_color": "green",
			"commands": ["execute @s[score_Health_min=20] ~ ~ ~ /effect @s minecraft:instant_health 1 18",
			"scoreboard players tag @s add Arburian_Pelarota",
			"superpower @s ben_ten:transform_os",
			"execute @s[tag=SDM] ~ ~ ~ /scoreboard players add @s Destruct 10",
			"playsound minecraft:custom.transform master @a ~ ~ ~"]
		},
		"florauna": {
			"ability": "lucraftcore:command",
			"show_in_bar": true,
			"title": {"text": "Florauna"},
			"icon": {"type": "texture",
				"texture": "ben_ten:textures/gui/prototype/florauna.png"},
			"bar_color": "green",
			"conditions": [{"type": "lucraftcore:scoreboard_tag",
			                "tag": "Florauna"}],
			"commands": ["execute @s[score_Health_min=20] ~ ~ ~ /effect @s minecraft:instant_health 1 18",
			"scoreboard players tag @s add FloraunaT",
			"superpower @s ben_ten:transform_os",
			"execute @s[tag=SDM] ~ ~ ~ /scoreboard players add @s Destruct 10",
			"playsound minecraft:custom.transform master @a ~ ~ ~"]
		},
		"sphoeroid": {
			"ability": "lucraftcore:command",
			"show_in_bar": true,
			"title": {"text":"Sphoeroid"},
			"icon": { "type": "texture", "texture": "ben_ten:textures/gui/prototype/sphoeroid.png"},
			"bar_color": "green",
			"commands": ["execute @s[score_Health_min=20] ~ ~ ~ /effect @s minecraft:instant_health 1 18",
			"scoreboard players tag @s add SphoeroidT",
			"superpower @s ben_ten:transform_os",
			"execute @s[tag=SDM] ~ ~ ~ /scoreboard players add @s Destruct 10",
			"playsound minecraft:custom.transform master @a ~ ~ ~"]
		},
		"nosedeenian": {
			"ability": "lucraftcore:command",
			"show_in_bar": true,
			"title": {"text": "Nosedeenian"},
			"icon": {"type": "texture",
				"texture": "ben_ten:textures/gui/prototype/nosedeenian.png"},
			"bar_color": "green",
			"commands": ["execute @s[score_Health_min=20] ~ ~ ~ /effect @s minecraft:instant_health 1 18",
			"scoreboard players tag @s add NosedeenianT",
			"superpower @s ben_ten:transform_os",
			"execute @s[tag=SDM] ~ ~ ~ /scoreboard players add @s Destruct 10",
			"playsound minecraft:custom.transform master @a ~ ~ ~"]
		},
		"polar_manzardill": {
			"ability": "lucraftcore:command",
			"show_in_bar": true,
			"title": {"text": "Polar Manzardill"},
			"icon": {"type": "texture",
				"texture": "ben_ten:textures/gui/prototype/polar_manzardill.png"},
			"bar_color": "green",
			"commands": ["execute @s[score_Health_min=20] ~ ~ ~ /effect @s minecraft:instant_health 1 18",
			"scoreboard players tag @s add Polar_Manzardill",
			"superpower @s ben_ten:transform_os",
			"execute @s[tag=SDM] ~ ~ ~ /scoreboard players add @s Destruct 10",
			"playsound minecraft:custom.transform master @a ~ ~ ~"]
		},
		"loboan": {
			"ability": "lucraftcore:command",
			"show_in_bar": true,
			"title": {"text": "Loboan"},
			"icon": {"type": "texture",
				"texture": "ben_ten:textures/gui/prototype/loboan.png"},
			"bar_color": "green",
			"conditions": [{"type": "lucraftcore:scoreboard_tag",
			                "tag": "Loboan"}],
			"commands": ["execute @s[score_Health_min=20] ~ ~ ~ /effect @s minecraft:instant_health 1 18",
			"scoreboard players tag @s add LoboanT",
			"superpower @s ben_ten:transform_os",
			"execute @s[tag=SDM] ~ ~ ~ /scoreboard players add @s Destruct 10",
			"playsound minecraft:custom.transform master @a ~ ~ ~", 
			"effect @s ebwizardry:sixth_sense 1000000 1 true"]
		},
		"perk_gourmand": {
			"ability": "lucraftcore:command",
			"show_in_bar": true,
			"title": {"text": "Perk Gourmand"},
			"icon": {"type": "texture",
				"texture": "ben_ten:textures/gui/prototype/gourmand.png"},
			"bar_color": "green",
			"conditions": [{"type": "lucraftcore:scoreboard_tag",
			                "tag": "Gourmand"}],
			"commands": ["execute @s[score_Health_min=20] ~ ~ ~ /effect @s minecraft:instant_health 1 18",
			"scoreboard players tag @s add Perk_Gourmand",
			"superpower @s ben_ten:transform_os",
			"execute @s[tag=SDM] ~ ~ ~ /scoreboard players add @s Destruct 10",
			"playsound minecraft:custom.transform master @a ~ ~ ~"]
		},
		"thep_khufan": {
			"ability": "lucraftcore:command",
			"show_in_bar": true,
			"title": {"text": "Thep Khufan"},
			"icon": {"type": "texture",
				"texture": "ben_ten:textures/gui/prototype/thep_khufan.png"},
			"bar_color": "green",
			"conditions": [{"type": "lucraftcore:scoreboard_tag",
			                "tag": "Khufan"}],
			"commands": ["execute @s[score_Health_min=20] ~ ~ ~ /effect @s minecraft:instant_health 1 18",
			"scoreboard players tag @s add Thep_KhufanT",
			"superpower @s ben_ten:transform_os",
			"execute @s[tag=SDM] ~ ~ ~ /scoreboard players add @s Destruct 10",
			"playsound minecraft:custom.transform master @a ~ ~ ~"]
		},
		"transylian": {
			"ability": "lucraftcore:command",
			"show_in_bar": true,
			"title": {"text": "Transylian"},
			"icon": {"type": "texture",
				"texture": "ben_ten:textures/gui/prototype/transylian.png"},
			"bar_color": "green",
			"conditions": [{"type": "lucraftcore:scoreboard_tag",
			                "tag": "Transylian"}],
			"commands": ["execute @s[score_Health_min=20] ~ ~ ~ /effect @s minecraft:instant_health 1 18",
			"scoreboard players tag @s add TransylianT",
			"superpower @s ben_ten:transform_os",
			"execute @s[tag=SDM] ~ ~ ~ /scoreboard players add @s Destruct 10",
			"playsound minecraft:custom.transform master @a ~ ~ ~"]
		},
		"splixson": {
			"ability": "lucraftcore:command",
			"show_in_bar": true,
			"title": {"text": "Splixson"},
			"icon": {"type": "texture",
				"texture": "ben_ten:textures/gui/prototype/splixson.png"},
			"bar_color": "green",
			"commands": ["execute @s[score_Health_min=20] ~ ~ ~ /effect @s minecraft:instant_health 1 18",
			"scoreboard players tag @s add Splixson",
			"superpower @s ben_ten:transform_os",
			"execute @s[tag=SDM] ~ ~ ~ /scoreboard players add @s Destruct 10",
			"playsound minecraft:custom.transform master @a ~ ~ ~"]
		},
		"opticoid": {
			"ability": "lucraftcore:command",
			"show_in_bar": true,
			"title": {"text": "Opticoid"},
			"icon": {"type": "texture",
				"texture": "ben_ten:textures/gui/prototype/opticoid.png"},
			"bar_color": "green",
			"commands": ["execute @s[score_Health_min=20] ~ ~ ~ /effect @s minecraft:instant_health 1 18",
			"scoreboard players tag @s add OpticoidT",
			"superpower @s ben_ten:transform_os",
			"execute @s[tag=SDM] ~ ~ ~ /scoreboard players add @s Destruct 10",
			"playsound minecraft:custom.transform master @a ~ ~ ~"]
		},
		"to'kustar": {
			"ability": "lucraftcore:command",
			"show_in_bar": true,
			"title": {"text": "To'kustar"},
			"icon": {"type": "texture",
				"texture": "ben_ten:textures/gui/prototype/tokustar.png"},
			"bar_color": "green",
			"commands": ["execute @s[score_Health_min=20] ~ ~ ~ /effect @s minecraft:instant_health 1 18",
			"scoreboard players tag @s add Tokustar",
			"superpower @s ben_ten:transform_os",
			"execute @s[tag=SDM] ~ ~ ~ /scoreboard players add @s Destruct 10",
			"playsound minecraft:custom.transform master @a ~ ~ ~"]
		},
		"conductoid": {
			"ability": "lucraftcore:command",
			"show_in_bar": true,
			"title": {"text": "Conductoid"},
			"icon": {"type": "texture",
				"texture": "ben_ten:textures/gui/prototype/conductoid.png"},
			"bar_color": "green",
			"conditions": [{"type": "lucraftcore:scoreboard_tag",
			                "tag": "Conductoid"}],
			"commands": ["execute @s[score_Health_min=20] ~ ~ ~ /effect @s minecraft:instant_health 1 18",
			"scoreboard players tag @s add ConductoidT",
			"superpower @s ben_ten:transform_os",
			"execute @s[tag=SDM] ~ ~ ~ /scoreboard players add @s Destruct 10",
			"playsound minecraft:custom.transform master @a ~ ~ ~"]
		},
		"menu": {
			"ability": "lucraftcore:command",
			"required_level": 25,
			"show_in_bar": true,
			"title": {"text": "Main Menu"},
			"icon": {"type": "texture","texture": "ben_ten:textures/gui/prototype/omnitrix.png"},
			"bar_color": "green",
			"commands": ["superpower @s ben_ten:prototypeomnitrix","playsound minecraft:custom.fiddle master @a ~ ~ ~"]
		},
		"failsafe": {
			"ability": "lucraftcore:command_loop",
			"show_in_bar": false,
			"title": {"text": "Omnitrix Failsafe"},
			"icon": {"type": "texture",
				     "texture": "ben_ten:textures/gui/prototype/omnitrix.png"},
			"commands": ["execute @s[score_Failsafe=12000,score_Failsafe_min=12000] ~ ~ ~ /scoreboard players tag @s remove Explode",
			"execute @s[score_Failsafe=11999,score_Failsafe_min=0] ~ ~ ~ /scoreboard players add @s Failsafe 1",
			"execute @s[score_Health=6,score_Health_min=1,tag=Failsafe,tag=!Explode] ~ ~ ~ /playsound minecraft:custom.failsafe master @a ~ ~ ~",
			"effect @s[score_Health=6,score_Health_min=1,tag=Failsafe,tag=!Explode] minecraft:resistance 3 255 true",
			"execute @s[score_Health=6,score_Health_min=1,tag=Failsafe,tag=!Explode] ~ ~ ~ /superpower @s ben_ten:omnitrix_failsafe"]
		}		
	}
}