{
	"name" : {"text": "Prototype Omnitrix"},
	"icon": {"type": "texture","texture": "ben_ten:textures/gui/prototype/whiteomnitrix.png"},	
	"creative_tab": "ben10",	
	"max_level": 40,	
	"capsule_color" : 65280,	
	"effects": [
        {"type": "skin_overlay","texture": "ben_ten:textures/overlays/omnitrix/prototype_omnitrix.png","size": 0,"glow": false,"conditions": [{"type": "always"}]},
		{"type": "skin_overlay","texture": "ben_ten:textures/overlays/glow/omnitrix/prototype_omnitrix_glow.png","size": 0,"glow": true,"conditions": [{"type": "always"}]}	
    ],

	"abilities": {
		"timeout": {
			"ability": "lucraftcore:command_loop",
			"show_in_bar": false,
			"title": {"text": "Recharge Mode"},
			"icon": {"type": "texture","texture": "ben_ten:textures/gui/prototype/whiteomnitrix.png"},
			"commands": ["sizechange @s 1 lucraftcore:default",
			"execute @s[score_Destruct=100,score_Destruct_min=100] ~ ~ ~ /superpower @s ben_ten:prototype_destruct",
            "scoreboard players tag @s[score_Sneak=1,score_Sneak_min=1] add Sneaking",
            "scoreboard players tag @s[score_Sneak=0,score_Sneak_min=0] remove Sneaking",
			"scoreboard players set @s[score_Sneak_min=1] Sneak 0"]
		},
		"title": {
			"ability": "lucraftcore:command_loop",
			"required_level": 20,
			"show_in_bar": false,
			"title": {"text": "Code Display"},
			"icon": {"type": "texture","texture": "ben_ten:textures/gui/prototype/redomnitrix.png"},
			"commands": ["scoreboard players add @s Title 1",
			"execute @s[score_Title_min=5] ~ ~ ~ /scoreboard players set @s Title 1",
			"execute @s[score_Title=4,score_Title_min=3] ~ ~ ~ /title @s actionbar [{\"text\":\"<\",\"color\":\"black\"},{\"text\":\"Code\",\"color\":\"green\"},{\"text\":\">\",\"color\":\"black\"},{\"text\":\"<\",\"color\":\"black\"},{\"score\":{\"name\":\"@s\",\"objective\":\"Code1\"},\"color\":\"green\"},{\"text\":\"-\",\"color\":\"black\"},{\"score\":{\"name\":\"@s\",\"objective\":\"Code2\"},\"color\":\"green\"},{\"text\":\"-\",\"color\":\"black\"},{\"score\":{\"name\":\"@s\",\"objective\":\"Code3\"},\"color\":\"green\"},{\"text\":\"-\",\"color\":\"black\"},{\"score\":{\"name\":\"@s\",\"objective\":\"Code4\"},\"color\":\"green\"},{\"text\":\">\",\"color\":\"black\"}]"]
		},
		"full_turn": {
			"ability": "lucraftcore:command",
			"required_level": 20,
			"cooldown": 10,
			"show_in_bar": true,
			"title": {"text": "Full Turn"},
			"icon": {"type": "texture","texture": "ben_ten:textures/gui/prototype/proto_full_turn.png"},
			"bar_color": "green",
			"commands": ["scoreboard players add @s[tag=!Sneaking] Code1 1", 
			"scoreboard players remove @s[tag=Sneaking] Code1 1",			 
			"scoreboard players set @s[score_Code1=-1,score_Code1_min=-1000,tag=Sneaking] Code1 9",
			"scoreboard players set @s[score_Code1=10,score_Code1_min=10] Code1 0",
			"playsound minecraft:custom.fiddle master @a ~ ~ ~"]
		},
		"half_turn": {
			"ability": "lucraftcore:command",
			"required_level": 20,
			"cooldown": 10,
			"show_in_bar": true,
			"title": {"text": "Half Turn"},
			"icon": {"type": "texture","texture": "ben_ten:textures/gui/prototype/proto_half_turn.png"},
			"bar_color": "green",
			"commands": ["scoreboard players add @s[tag=!Sneaking] Code2 1", 
			"scoreboard players remove @s[tag=Sneaking] Code2 1",			 
			"scoreboard players set @s[score_Code2=-1,score_Code2_min=-1000,tag=Sneaking] Code2 9", 
			"scoreboard players set @s[score_Code2=10,score_Code2_min=10] Code2 0", 
			"playsound minecraft:custom.fiddle master @a ~ ~ ~"]
		},
		"quarter_turn": {
			"ability": "lucraftcore:command",
			"required_level": 20,
			"cooldown": 10,
			"show_in_bar": true,
			"title": {"text": "Quarter Turn"},
			"icon": {"type": "texture","texture": "ben_ten:textures/gui/prototype/proto_quarter_turn.png"},
			"bar_color": "green",
			"commands": ["scoreboard players add @s[tag=!Sneaking] Code3 1", 
			"scoreboard players remove @s[tag=Sneaking] Code3 1",			 
			"scoreboard players set @s[score_Code3=-1,score_Code3_min=-1000,tag=Sneaking] Code3 9", 
			"scoreboard players set @s[score_Code3=10,score_Code3_min=10] Code3 0", 
			"playsound minecraft:custom.fiddle master @a ~ ~ ~"]
		},
		"eighth_turn": {
			"ability": "lucraftcore:command",
			"required_level": 20,
			"cooldown": 10,
			"show_in_bar": true,
			"title": {"text": "Eigth Turn"},
			"icon": {"type": "texture","texture": "ben_ten:textures/gui/prototype/proto_eighth_turn.png"},
			"bar_color": "green",
			"commands": ["scoreboard players add @s[tag=!Sneaking] Code4 1", 
			"scoreboard players remove @s[tag=Sneaking] Code4 1",			 
			"scoreboard players set @s[score_Code4=-1,score_Code4_min=-1000,tag=Sneaking] Code4 9", 
			"scoreboard players set @s[score_Code4=10,score_Code4_min=10] Code4 0", 
			"playsound minecraft:custom.fiddle master @a ~ ~ ~"]
		},
		"enter_code": {
			"ability": "lucraftcore:command",
			"required_level": 20,
			"cooldown": 60,
			"show_in_bar": true,
			"title": {"text": "Enter Code"},
			"icon": {"type": "texture","texture": "ben_ten:textures/gui/prototype/whiteomnitrix.png"},
			"bar_color": "green",
			"commands": ["execute @s[score_Code1=7,score_Code1_min=7,score_Code2=5,score_Code2_min=5,score_Code3=6,score_Code3_min=6,score_Code4=4,score_Code4_min=3] ~ ~ ~ /playsound minecraft:custom.destruct master @a ~ ~ ~",
			"execute @s[score_Code1=7,score_Code1_min=7,score_Code2=5,score_Code2_min=5,score_Code3=6,score_Code3_min=6,score_Code4=3,score_Code4_min=3,tag=!Master] ~ ~ ~ /scoreboard players tag @s add Master",			
			"execute @s[score_Code1=7,score_Code1_min=7,score_Code2=5,score_Code2_min=5,score_Code3=6,score_Code3_min=6,score_Code4=4,score_Code4_min=4,tag=Master] ~ ~ ~ /scoreboard players tag @s remove Master", 
			"execute @s[score_Code1=7,score_Code1_min=7,score_Code2=5,score_Code2_min=5,score_Code3=6,score_Code3_min=6,score_Code4=4,score_Code4_min=3] ~ ~ ~ /superpower @s ben_ten:prototypeomnitrix",			
			"execute @s[score_Code1=7,score_Code1_min=7,score_Code2=6,score_Code2_min=6,score_Code3=4,score_Code3_min=4,score_Code4=8,score_Code4_min=8,tag=!Failsafe] ~ ~ ~ /tellraw @s {\"text\":\"Omnitrix Failsafe Enabled\"}", 
			"execute @s[score_Code1=7,score_Code1_min=7,score_Code2=6,score_Code2_min=6,score_Code3=4,score_Code3_min=4,score_Code4=8,score_Code4_min=8,tag=Failsafe] ~ ~ ~ /tellraw @s {\"text\":\"Failsafe already enabled\"}", 
			"execute @s[score_Code1=7,score_Code1_min=7,score_Code2=6,score_Code2_min=6,score_Code3=4,score_Code3_min=4,score_Code4=8,score_Code4_min=8,tag=!Failsafe] ~ ~ ~ /scoreboard players tag @s add Failsafe", 
			"execute @s[score_Code1=7,score_Code1_min=7,score_Code2=6,score_Code2_min=6,score_Code3=4,score_Code3_min=4,score_Code4=9,score_Code4_min=9,tag=Failsafe] ~ ~ ~ /tellraw @s {\"text\":\"Omnitrix Failsafe Disabled\"}", 
			"execute @s[score_Code1=7,score_Code1_min=7,score_Code2=6,score_Code2_min=6,score_Code3=4,score_Code3_min=4,score_Code4=8,score_Code4_min=8,tag=!Failsafe] ~ ~ ~ /tellraw @s {\"text\":\"Failsafe already disabled\"}",
			"execute @s[score_Code1=7,score_Code1_min=7,score_Code2=6,score_Code2_min=6,score_Code3=4,score_Code3_min=4,score_Code4=9,score_Code4_min=9,tag=Failsafe] ~ ~ ~ /scoreboard players tag @s remove Failsafe",			
			"execute @s[score_Code1=8,score_Code1_min=8,score_Code2=5,score_Code2_min=5,score_Code3=3,score_Code3_min=3,score_Code4=7,score_Code4_min=7] ~ ~ ~ /scoreboard objectives add Destruct dummy",
			"execute @s[score_Code1=8,score_Code1_min=8,score_Code2=5,score_Code2_min=5,score_Code3=3,score_Code3_min=3,score_Code4=7,score_Code4_min=7] ~ ~ ~ /scoreboard players set @s Destruct 0", 
			"execute @s[score_Code1=8,score_Code1_min=8,score_Code2=5,score_Code2_min=5,score_Code3=3,score_Code3_min=3,score_Code4=7,score_Code4_min=7] ~ ~ ~ /playsound minecraft:custom.destruct master @a ~ ~ ~",
			"execute @s[score_Code1=8,score_Code1_min=8,score_Code2=5,score_Code2_min=5,score_Code3=3,score_Code3_min=3,score_Code4=7,score_Code4_min=7] ~ ~ ~ /scoreboard players tag @s add SDM",
			"execute @s[score_Code1=8,score_Code1_min=8,score_Code2=5,score_Code2_min=5,score_Code3=3,score_Code3_min=3,score_Code4=7,score_Code4_min=7] ~ ~ ~ /tellraw @s {\"text\":\"Self-Destruct Enabled\"}",
			"execute @s[score_Code1=2,score_Code1_min=2,score_Code2=3,score_Code2_min=3,score_Code3=0,score_Code3_min=0,score_Code4=9,score_Code4_min=9,tag=Gourmand] ~ ~ ~ /tellraw @s {\"text\":\"DNA already unlocked\"}",
			"execute @s[score_Code1=2,score_Code1_min=2,score_Code2=3,score_Code2_min=3,score_Code3=0,score_Code3_min=0,score_Code4=9,score_Code4_min=9,tag=!Gourmand] ~ ~ ~ /tellraw @s {\"text\":\"Gourmand DNA now available\"}",
			"execute @s[score_Code1=2,score_Code1_min=2,score_Code2=3,score_Code2_min=3,score_Code3=0,score_Code3_min=0,score_Code4=9,score_Code4_min=9,tag=!Gourmand] ~ ~ ~ /playsound minecraft:custom.destruct master @a ~ ~ ~",			
			"execute @s[score_Code1=2,score_Code1_min=2,score_Code2=3,score_Code2_min=3,score_Code3=0,score_Code3_min=0,score_Code4=9,score_Code4_min=9,tag=!Gourmand] ~ ~ ~ /scoreboard players tag @s add Gourmand",
			"execute @s[score_Code1=3,score_Code1_min=3,score_Code2=2,score_Code2_min=2,score_Code3=5,score_Code3_min=5,score_Code4=6,score_Code4_min=6,tag=Conductoid] ~ ~ ~ /tellraw @s {\"text\":\"DNA already unlocked\"}",
			"execute @s[score_Code1=3,score_Code1_min=3,score_Code2=2,score_Code2_min=2,score_Code3=5,score_Code3_min=5,score_Code4=6,score_Code4_min=6,tag=!Conductoid] ~ ~ ~ /tellraw @s {\"text\":\"Conductoid DNA now available\"}",				
			"execute @s[score_Code1=3,score_Code1_min=3,score_Code2=2,score_Code2_min=2,score_Code3=5,score_Code3_min=5,score_Code4=6,score_Code4_min=6,tag=!Conductoid] ~ ~ ~ /playsound minecraft:custom.destruct master @a ~ ~ ~",            			
			"execute @s[score_Code1=3,score_Code1_min=3,score_Code2=2,score_Code2_min=2,score_Code3=5,score_Code3_min=5,score_Code4=6,score_Code4_min=6,tag=!Conductoid] ~ ~ ~ /scoreboard players tag @s add Conductoid",			
			"execute @s[score_Code1=6,score_Code1_min=6,score_Code2=9,score_Code2_min=9,score_Code3=8,score_Code3_min=8,score_Code4=3,score_Code4_min=3,score_Timer=5999,score_Timer_min=0,tag=!Master] ~ ~ ~ /tellraw @s {\"text\":\"Omnitrix power supply drained. Recharge required\"}",
			"execute @s[score_Code1=6,score_Code1_min=6,score_Code2=9,score_Code2_min=9,score_Code3=8,score_Code3_min=8,score_Code4=3,score_Code4_min=3,score_Timer_min=6000,tag=!Master] ~ ~ ~ /tellraw @s {\"text\":\"Omnitrix Command Code: 000 - Release Coupling - 0\"}",
            "execute @s[score_Code1=6,score_Code1_min=6,score_Code2=9,score_Code2_min=9,score_Code3=8,score_Code3_min=8,score_Code4=3,score_Code4_min=3,score_Timer_min=6000,tag=!Master] ~ ~ ~ /scoreboard players tag @s remove Master",
            "execute @s[score_Code1=6,score_Code1_min=6,score_Code2=9,score_Code2_min=9,score_Code3=8,score_Code3_min=8,score_Code4=3,score_Code4_min=3,score_Timer_min=6000,tag=!Master] ~ ~ ~ /give @s ben_ten:omnitrix_chest",
            "execute @s[score_Code1=6,score_Code1_min=6,score_Code2=9,score_Code2_min=9,score_Code3=8,score_Code3_min=8,score_Code4=3,score_Code4_min=3,score_Timer_min=6000,tag=!Master] ~ ~ ~ /superpower @s remove",			
			"execute @s[score_Code1=6,score_Code1_min=6,score_Code2=9,score_Code2_min=9,score_Code3=8,score_Code3_min=8,score_Code4=3,score_Code4_min=3,tag=Master] ~ ~ ~ /tellraw @s {\"text\":\"Omnitrix Command Code: 000 - Release Coupling - 0\"}",
            "execute @s[score_Code1=6,score_Code1_min=6,score_Code2=9,score_Code2_min=9,score_Code3=8,score_Code3_min=8,score_Code4=3,score_Code4_min=3,tag=Master] ~ ~ ~ /give @s ben_ten:omnitrix_chest",
            "execute @s[score_Code1=6,score_Code1_min=6,score_Code2=9,score_Code2_min=9,score_Code3=8,score_Code3_min=8,score_Code4=3,score_Code4_min=3,tag=Master] ~ ~ ~ /superpower @s remove",
            "execute @s[score_Code1=6,score_Code1_min=6,score_Code2=9,score_Code2_min=9,score_Code3=8,score_Code3_min=8,score_Code4=3,score_Code4_min=3,tag=Master] ~ ~ ~ /scoreboard players tag @s remove Master",			
            "execute @s[score_Code1=4,score_Code1_min=4,score_Code2=0,score_Code2_min=0,score_Code3=6,score_Code3_min=6,score_Code4=8,score_Code4_min=8] ~ ~ ~ /superpowerxp -40L @s",
            "execute @s[score_Code1=4,score_Code1_min=4,score_Code2=0,score_Code2_min=0,score_Code3=6,score_Code3_min=6,score_Code4=8,score_Code4_min=8] ~ ~ ~ /scoreboard players tag @s remove Master",
            "execute @s[score_Code1=4,score_Code1_min=4,score_Code2=0,score_Code2_min=0,score_Code3=6,score_Code3_min=6,score_Code4=8,score_Code4_min=8] ~ ~ ~ /scoreboard players tag @s remove os",
            "execute @s[score_Code1=4,score_Code1_min=4,score_Code2=0,score_Code2_min=0,score_Code3=6,score_Code3_min=6,score_Code4=8,score_Code4_min=8] ~ ~ ~ /scoreboard players tag @s add af",
            "execute @s[score_Code1=4,score_Code1_min=4,score_Code2=0,score_Code2_min=0,score_Code3=6,score_Code3_min=6,score_Code4=8,score_Code4_min=8] ~ ~ ~ /scoreboard objectives setdisplay list Timer",
            "execute @s[score_Code1=4,score_Code1_min=4,score_Code2=0,score_Code2_min=0,score_Code3=6,score_Code3_min=6,score_Code4=8,score_Code4_min=8] ~ ~ ~ /scoreboard players set @s Timer 6000",
            "execute @s[score_Code1=4,score_Code1_min=4,score_Code2=0,score_Code2_min=0,score_Code3=6,score_Code3_min=6,score_Code4=8,score_Code4_min=8] ~ ~ ~ /scoreboard objectives add Health health",
			"execute @s[score_Code1=4,score_Code1_min=4,score_Code2=0,score_Code2_min=0,score_Code3=6,score_Code3_min=6,score_Code4=8,score_Code4_min=8] ~ ~ ~ /superpower @s ben_ten:recalibrating_omnitrix",			
			"scoreboard players set @s Code1 0", 
			"scoreboard players set @s Code2 0", 
			"scoreboard players set @s Code3 0", 
			"scoreboard players set @s Code4 0"]
		},
		"recalibrate": {
			"ability": "lucraftcore:command",
			"required_level": 40,
			"show_in_bar": true,
			"title": {"text": "Recalibrate Omnitrix"},
			"icon": {"type": "texture","texture": "ben_ten:textures/gui/prototype/blueomnitrix.png"},
			"bar_color": "green",
			"commands": ["superpowerxp -40L @s",
			"scoreboard players tag @s remove Master",
			"scoreboard players tag @s remove os",
			"scoreboard players tag @s add af", 
			"scoreboard objectives setdisplay list Timer", 
			"scoreboard objectives add Health health",
			"scoreboard players set @s Timer 6000",
			"/superpower @s ben_ten:recalibrating_omnitrix"]
		},
		"sdm": {
			"ability": "lucraftcore:command",
			"conditions": [{"type": "lucraftcore:scoreboard_tag","tag": "SDM"}],
			"show_in_bar": true,
			"title": {"text": "Self Destruct Setting"},
			"icon": {"type": "texture","texture": "ben_ten:textures/gui/prototype/omnitrix_destruct.png"},
			"bar_color": "green",
			"commands": ["superpower @s ben_ten:prototype_destruct"]
		},
		"failsafe": {
			"ability": "lucraftcore:command_loop",
			"show_in_bar": false,
			"title": {"text": "Omnitrix Failsafe"},
			"icon": {"type": "texture","texture": "ben_ten:textures/gui/prototype/omnitrix.png"},
			"commands": ["execute @s[score_Failsafe=12000,score_Failsafe_min=12000] ~ ~ ~ /scoreboard players tag @s remove Explode",
			"execute @s[score_Failsafe=11999,score_Failsafe_min=0] ~ ~ ~ /scoreboard players add @s Failsafe 1",
			"execute @s[score_Health=6,score_Health_min=1,tag=Failsafe,tag=!Explode] ~ ~ ~ /playsound minecraft:custom.failsafe master @a ~ ~ ~",
			"effect @s[score_Health=6,score_Health_min=1,tag=Failsafe,tag=!Explode] minecraft:resistance 3 255 true",
			"execute @s[score_Health=6,score_Health_min=1,tag=Failsafe,tag=!Explode] ~ ~ ~ /superpower @s ben_ten:omnitrix_failsafe"]
		},
		"main": {
			"ability": "lucraftcore:command",
			"show_in_bar": true,
			"title": {"text": "Main Menu"},
			"icon": {"type": "texture","texture": "ben_ten:textures/gui/prototype/omnitrix.png"},
			"bar_color": "green",
			"commands": ["superpower @s ben_ten:prototypeomnitrix","playsound minecraft:custom.switch master @a ~ ~ ~","title @s clear"]
		}
	}
}
