{
	"name" : {"text": "Prototype Omnitrix"},	
	
	"icon": {"type": "texture",
	"texture": "ben_ten:textures/gui/prototype/whiteomnitrix.png"},	
	
	"creative_tab": "ben10",
	
	"max_level": 40,
	
	"effects": [
	{
	"type": "skin_overlay",
	 "texture": "ben_ten:textures/overlays/omnitrix/prototype_omnitrix_active.png",
	 "size": 0,
	 "glow": false,
	 "conditions":[{"type": "always"}]},		
	{
	"type": "skin_overlay",
	 "texture": "ben_ten:textures/overlays/glow/omnitrix/prototype_omnitrix_active_glow.png",
	 "size": 0,
	 "glow": true,
	 "conditions":[{"type": "always"}]}],
		 
	"abilities": {
		"timeout": {
			"ability": "lucraftcore:command_loop",
			"title": {"text": "Recharge Mode"},
			 "icon": { "type": "internal" },
			"commands": [
			"scoreboard players add @s Random 1",
			"scoreboard players set @s[score_Random_min=25] Random 0",
			"scoreboard players add @s SLR 1",
			"scoreboard players set @s[score_SLR_min=25] SLR 0 ",
			"sizechange @s 1 lucraftcore:default",
			"scoreboard players tag @s[tag=!0] add 0",
			"scoreboard players tag @s[score_Sneak=1,score_Sneak_min=1] add Sneaking",
            "scoreboard players tag @s[score_Sneak=0,score_Sneak_min=0] remove Sneaking",
			"scoreboard players set @s[score_Sneak_min=1] Sneak 0"]
		},
		"pyronite": {
			"ability": "lucraftcore:command",
			"title": {"text": "Pyronite"},
			"icon": {"type": "texture",
				"texture": "ben_ten:textures/gui/prototype/pyronite.png"},
			"bar_color": "green",
			"commands": ["execute @s[tag=SDM] ~ ~ ~ /scoreboard players add @s Destruct 10",
			"playsound minecraft:custom.transform master @a ~ ~ ~",
			"execute @s[score_Health_min=20] ~ ~ ~ /effect @s minecraft:instant_health 1 18",
		    "scoreboard players tag @s add Pyronite",
			"execute @s[score_SLR=10,score_SLR_min=0,tag=0] ~ ~ ~ superpower @s ben_ten:transform_os",
			"execute @s[score_SLR=25,score_SLR_min=11,tag=0] ~ ~ ~ superpower @s ben_ten:proto_r ",
			"execute @s[score_SLR=15,score_SLR_min=0,tag=20] ~ ~ ~ superpower @s ben_ten:transform_os",
			"execute @s[score_SLR=25,score_SLR_min=16,tag=20] ~ ~ ~ superpower @s ben_ten:proto_r ",
			"execute @s[score_SLR=20,score_SLR_min=0,tag=35] ~ ~ ~ superpower @s ben_ten:transform_os",
			"execute @s[score_SLR=25,score_SLR_min=21,tag=35] ~ ~ ~ superpower @s ben_ten:proto_r "]
		},
		"petrosapien": {
			"ability": "lucraftcore:command",
			"title": {"text": "Petrosapien"},
			"icon": {"type": "texture",
				"texture": "ben_ten:textures/gui/prototype/petrosapien.png"},
			"bar_color": "green",
			"commands": ["playsound minecraft:custom.transform master @a ~ ~ ~","execute @s[tag=SDM] ~ ~ ~ /scoreboard players add @s Destruct 10",
			"execute @s[score_Health_min=20] ~ ~ ~ /effect @s minecraft:instant_health 1 18",
			"scoreboard players tag @s add Petrosapien",
			"execute @s[score_SLR=10,score_SLR_min=0,tag=0] ~ ~ ~ superpower @s ben_ten:transform_os",
			"execute @s[score_SLR=25,score_SLR_min=11,tag=0] ~ ~ ~ superpower @s ben_ten:proto_r ",
			"execute @s[score_SLR=15,score_SLR_min=0,tag=20] ~ ~ ~ superpower @s ben_ten:transform_os",
			"execute @s[score_SLR=25,score_SLR_min=16,tag=20] ~ ~ ~ superpower @s ben_ten:proto_r ",
			"execute @s[score_SLR=20,score_SLR_min=0,tag=35] ~ ~ ~ superpower @s ben_ten:transform_os",
			"execute @s[score_SLR=25,score_SLR_min=21,tag=35] ~ ~ ~ superpower @s ben_ten:proto_r "]
		},
		"ectonurite": {
			"ability": "lucraftcore:command",
			"title": {"text": "Ectonurite"},
			"icon": {
				"type": "texture",
				"texture": "ben_ten:textures/gui/prototype/ectonurite.png"},
			"bar_color": "green",
			"commands": ["playsound minecraft:custom.transform master @a ~ ~ ~","execute @s[tag=SDM] ~ ~ ~ /scoreboard players add @s Destruct 10",
			"execute @s[score_Health_min=20] ~ ~ ~ /effect @s minecraft:instant_health 1 18",
			"scoreboard players tag @s add Ectonurite",
			"execute @s[score_SLR=10,score_SLR_min=0,tag=0] ~ ~ ~ superpower @s ben_ten:transform_os",
			"execute @s[score_SLR=25,score_SLR_min=11,tag=0] ~ ~ ~ superpower @s ben_ten:proto_r ",
			"execute @s[score_SLR=15,score_SLR_min=0,tag=20] ~ ~ ~ superpower @s ben_ten:transform_os",
			"execute @s[score_SLR=25,score_SLR_min=16,tag=20] ~ ~ ~ superpower @s ben_ten:proto_r ",
			"execute @s[score_SLR=20,score_SLR_min=0,tag=35] ~ ~ ~ superpower @s ben_ten:transform_os",
			"execute @s[score_SLR=25,score_SLR_min=21,tag=35] ~ ~ ~ superpower @s ben_ten:proto_r "]
		},
		"tetramand": {
			"ability": "lucraftcore:command",
			"title": {"text": "Tetramand"},
			"icon": {"type": "texture",
				"texture": "ben_ten:textures/gui/prototype/tetramand.png"},
			"bar_color": "green",
			"commands": ["playsound minecraft:custom.transform master @a ~ ~ ~","execute @s[tag=SDM] ~ ~ ~ /scoreboard players add @s Destruct 10",
			"execute @s[score_Health_min=20] ~ ~ ~ /effect @s minecraft:instant_health 1 18",
			"scoreboard players tag @s add Tetramand",
			"execute @s[score_SLR=10,score_SLR_min=0,tag=0] ~ ~ ~ superpower @s ben_ten:transform_os",
			"execute @s[score_SLR=25,score_SLR_min=11,tag=0] ~ ~ ~ superpower @s ben_ten:proto_r ",
			"execute @s[score_SLR=15,score_SLR_min=0,tag=20] ~ ~ ~ superpower @s ben_ten:transform_os",
			"execute @s[score_SLR=25,score_SLR_min=16,tag=20] ~ ~ ~ superpower @s ben_ten:proto_r ",
			"execute @s[score_SLR=20,score_SLR_min=0,tag=35] ~ ~ ~ superpower @s ben_ten:transform_os",
			"execute @s[score_SLR=25,score_SLR_min=21,tag=35] ~ ~ ~ superpower @s ben_ten:proto_r "]
		},
		"lepidopterran": {
			"ability": "lucraftcore:command",
			"title": {"text": "Lepidopterran"},
			"icon": {"type": "texture",
				"texture": "ben_ten:textures/gui/prototype/lepidopterran.png"},
			"bar_color": "green",
			"commands": ["playsound minecraft:custom.transform master @a ~ ~ ~","execute @s[tag=SDM] ~ ~ ~ /scoreboard players add @s Destruct 10",
			"execute @s[score_Health_min=20] ~ ~ ~ /effect @s minecraft:instant_health 1 18",
			"scoreboard players tag @s add Lepidopterran",
			"execute @s[score_SLR=10,score_SLR_min=0,tag=0] ~ ~ ~ superpower @s ben_ten:transform_os",
			"execute @s[score_SLR=25,score_SLR_min=11,tag=0] ~ ~ ~ superpower @s ben_ten:proto_r ",
			"execute @s[score_SLR=15,score_SLR_min=0,tag=20] ~ ~ ~ superpower @s ben_ten:transform_os",
			"execute @s[score_SLR=25,score_SLR_min=16,tag=20] ~ ~ ~ superpower @s ben_ten:proto_r ",
			"execute @s[score_SLR=20,score_SLR_min=0,tag=35] ~ ~ ~ superpower @s ben_ten:transform_os",
			"execute @s[score_SLR=25,score_SLR_min=21,tag=35] ~ ~ ~ superpower @s ben_ten:proto_r "]
		},
		"kineceleran": {
			"ability": "lucraftcore:command",
			"title": {"text": "Kineceleran"},
			"icon": {"type": "texture",
				"texture": "ben_ten:textures/gui/prototype/kineceleran.png"},
			"bar_color": "green",
			"commands": ["playsound minecraft:custom.transform master @a ~ ~ ~","execute @s[tag=SDM] ~ ~ ~ /scoreboard players add @s Destruct 10",
			"execute @s[score_Health_min=20] ~ ~ ~ /effect @s minecraft:instant_health 1 18",
			"scoreboard players tag @s add Kineceleran",
			"execute @s[score_SLR=10,score_SLR_min=0,tag=0] ~ ~ ~ superpower @s ben_ten:transform_os",
			"execute @s[score_SLR=25,score_SLR_min=11,tag=0] ~ ~ ~ superpower @s ben_ten:proto_r ",
			"execute @s[score_SLR=15,score_SLR_min=0,tag=20] ~ ~ ~ superpower @s ben_ten:transform_os",
			"execute @s[score_SLR=25,score_SLR_min=16,tag=20] ~ ~ ~ superpower @s ben_ten:proto_r ",
			"execute @s[score_SLR=20,score_SLR_min=0,tag=35] ~ ~ ~ superpower @s ben_ten:transform_os",
			"execute @s[score_SLR=25,score_SLR_min=21,tag=35] ~ ~ ~ superpower @s ben_ten:proto_r "]
		},
		"vulpimancer": {
			"ability": "lucraftcore:command",
			"title": {"text": "Vulpimancer"},
			"icon": {"type": "texture",
				"texture": "ben_ten:textures/gui/prototype/vulpimancer.png"},
			"bar_color": "green",
			"commands": ["playsound minecraft:custom.transform master @a ~ ~ ~","execute @s[tag=SDM] ~ ~ ~ /scoreboard players add @s Destruct 10",
			"execute @s[score_Health_min=20] ~ ~ ~ /effect @s minecraft:instant_health 1 18",
			"scoreboard players tag @s add Vulpimancer",
			"execute @s[score_SLR=10,score_SLR_min=0,tag=0] ~ ~ ~ superpower @s ben_ten:transform_os",
			"execute @s[score_SLR=25,score_SLR_min=11,tag=0] ~ ~ ~ superpower @s ben_ten:proto_r ",
			"execute @s[score_SLR=15,score_SLR_min=0,tag=20] ~ ~ ~ superpower @s ben_ten:transform_os",
			"execute @s[score_SLR=25,score_SLR_min=16,tag=20] ~ ~ ~ superpower @s ben_ten:proto_r ",
			"execute @s[score_SLR=20,score_SLR_min=0,tag=35] ~ ~ ~ superpower @s ben_ten:transform_os",
			"execute @s[score_SLR=25,score_SLR_min=21,tag=35] ~ ~ ~ superpower @s ben_ten:proto_r "]
		},
		"galvan": {
			"ability": "lucraftcore:command",
			"title": {"text": "Galvan"},
			"icon": {"type": "texture",
				"texture": "ben_ten:textures/gui/prototype/galvan.png"},
			"bar_color": "green",
			"commands": ["playsound minecraft:custom.transform master @a ~ ~ ~","execute @s[tag=SDM] ~ ~ ~ /scoreboard players add @s Destruct 10",
			"execute @s[score_Health_min=20] ~ ~ ~ /effect @s minecraft:instant_health 1 18",
			"scoreboard players tag @s add Galvan",
			"execute @s[score_SLR=10,score_SLR_min=0,tag=0] ~ ~ ~ superpower @s ben_ten:transform_os",
			"execute @s[score_SLR=25,score_SLR_min=11,tag=0] ~ ~ ~ superpower @s ben_ten:proto_r ",
			"execute @s[score_SLR=15,score_SLR_min=0,tag=20] ~ ~ ~ superpower @s ben_ten:transform_os",
			"execute @s[score_SLR=25,score_SLR_min=16,tag=20] ~ ~ ~ superpower @s ben_ten:proto_r ",
			"execute @s[score_SLR=20,score_SLR_min=0,tag=35] ~ ~ ~ superpower @s ben_ten:transform_os",
			"execute @s[score_SLR=25,score_SLR_min=21,tag=35] ~ ~ ~ superpower @s ben_ten:proto_r "]
		},
		"piscciss_volan": {
			"ability": "lucraftcore:command",
			"title": {"text": "Piscciss Volan"},
			"icon": {"type": "texture",
				"texture": "ben_ten:textures/gui/prototype/piscciss_volan.png"},
			"bar_color": "green",
			"commands": ["playsound minecraft:custom.transform master @a ~ ~ ~",
			"execute @s[tag=SDM] ~ ~ ~ /scoreboard players add @s Destruct 10",
			"execute @s[score_Health_min=20] ~ ~ ~ /effect @s minecraft:instant_health 1 18",
			"scoreboard players tag @s add Piscciss_Volan",
			"execute @s[score_SLR=10,score_SLR_min=0,tag=0] ~ ~ ~ superpower @s ben_ten:transform_os",
			"execute @s[score_SLR=25,score_SLR_min=11,tag=0] ~ ~ ~ superpower @s ben_ten:proto_r ",
			"execute @s[score_SLR=15,score_SLR_min=0,tag=20] ~ ~ ~ superpower @s ben_ten:transform_os",
			"execute @s[score_SLR=25,score_SLR_min=16,tag=20] ~ ~ ~ superpower @s ben_ten:proto_r ",
			"execute @s[score_SLR=20,score_SLR_min=0,tag=35] ~ ~ ~ superpower @s ben_ten:transform_os",
			"execute @s[score_SLR=25,score_SLR_min=21,tag=35] ~ ~ ~ superpower @s ben_ten:proto_r "]
		},
		"galvanic_mechamorph": {
			"ability": "lucraftcore:command",
			"title": {"text": "Galvanic Mechamorph"},
			"icon": {"type": "texture",
				"texture": "ben_ten:textures/gui/prototype/galvanic_mechamorph.png"},
			"bar_color": "green",
			"commands": ["playsound minecraft:custom.transform master @a ~ ~ ~","execute @s[tag=SDM] ~ ~ ~ /scoreboard players add @s Destruct 10",
	         "execute @s[score_Health_min=20] ~ ~ ~ /effect @s minecraft:instant_health 1 18",
			"scoreboard players tag @s add Galvanic_Mechamorph",
			"execute @s[score_SLR=10,score_SLR_min=0,tag=0] ~ ~ ~ superpower @s ben_ten:transform_os",
			"execute @s[score_SLR=25,score_SLR_min=11,tag=0] ~ ~ ~ superpower @s ben_ten:proto_r ",
			"execute @s[score_SLR=15,score_SLR_min=0,tag=20] ~ ~ ~ superpower @s ben_ten:transform_os",
			"execute @s[score_SLR=25,score_SLR_min=16,tag=20] ~ ~ ~ superpower @s ben_ten:proto_r ",
			"execute @s[score_SLR=20,score_SLR_min=0,tag=35] ~ ~ ~ superpower @s ben_ten:transform_os",
			"execute @s[score_SLR=25,score_SLR_min=21,tag=35] ~ ~ ~ superpower @s ben_ten:proto_r "]
		},
		"menu": {
		    "ability": "lucraftcore:command",
		    "required_level": 25,
			"title": {"text": "Main Menu"},
		    "icon": {"type": "texture","texture": "ben_ten:textures/gui/prototype/omnitrix_base.png"},
		    "conditions": [{
				"type": "lucraftcore:scoreboard_tag", 
				"tag": "Sneaking"}],
		    "bar_color": "green",
			"commands": ["superpower @s ben_ten:prototypeomnitrix","playsound minecraft:custom.fiddle master @a ~ ~ ~"]
		},
		"select2": {	
	        "ability": "lucraftcore:command",
			"conditions": [{"type": "lucraftcore:not",
			"conditions": [{"type": "lucraftcore:scoreboard_tag","tag": "Sneaking"}]},
			{"type": "lucraftcore:or",
			"conditions": [{
            "type": "lucraftcore:level",
            "level": 15},
			{"type": "lucraftcore:or",
			"conditions": [{
            "type": "lucraftcore:scoreboard_tag",
            "tag": "Scanned"}]}]}],	
            "title": {"text":"Playlist 2"},
			"icon": { "type": "texture", "texture": "ben_ten:textures/gui/prototype/activate.png" },
            "bar_color": "green",		
			"commands": ["execute @s[tag=!Master] ~ ~ ~ /superpower @s ben_ten:prototypeomnitrix_selection_2","playsound minecraft:custom.omnitrixactivate master @a ~ ~ ~"]
		},
		"failsafe": {
			"ability": "lucraftcore:command_loop",
			"show_in_bar": false,
			"title": {"text": "Omnitrix Failsafe"},
			"icon": {"type": "texture",
				     "texture": "ben_ten:textures/gui/prototype/omnitrix.png"},
			"commands": ["execute @s[score_Failsafe=12000,score_Failsafe_min=12000] ~ ~ ~ /scoreboard players tag @s add Explode",
			"execute @s[score_Failsafe=11999,score_Failsafe_min=0] ~ ~ ~ /scoreboard players add @s Failsafe 1",
			"execute @s[score_Health=6,score_Health_min=1,tag=Failsafe,tag=!Explode] ~ ~ ~ /playsound minecraft:custom.failsafe master @a ~ ~ ~",
			"effect @s[score_Health=6,score_Health_min=1,tag=Failsafe,tag=!Explode] minecraft:resistance 3 255 true",
			"execute @s[score_Health=6,score_Health_min=1,tag=Failsafe,tag=!Explode] ~ ~ ~ /superpower @s ben_ten:omnitrix_failsafe"]
		}
	}
}