{
	"name" : {
		"text": "Prototype Omnitrix"
	},

	"icon": {
		"type": "texture",
		"texture": "ben_ten:textures/gui/prototype/omnitrix.png"
	},
	
	"creative_tab": "ben10",	
    "effects": [
        {"type": "skin_change","texture": "ben_ten:textures/models/ben/transform.png"},
        {"type": "glowing_hand","color": [0, 1, 0.16],"size": 6},
		{"type": "skin_overlay","texture": "ben_ten:textures/overlays/glow/failsafe_glow.png","size": 0.11,"glow": true,"conditions": [{"type": "always"}]}
    ],
	
	"abilities": {
	    "gain_reset_os": {
            "ability": "lucraftcore:command_on_gain",
            "show_in_bar": false,
            "title": {"translate":"Background Commands"},
            "icon": { "type": "internal" },
            "commands": ["scoreboard players set @s Transform 0"]
        },
		"lose_reset_os": {
            "ability": "lucraftcore:command_on_gain",
            "show_in_bar": false,
            "title": {"translate":"Background Commands"},
            "icon": { "type": "internal" },
            "commands": ["scoreboard players set @s Transform 0"]
        },
		"os_random": {
			"ability": "lucraftcore:command_loop",
			"show_in_bar": false,
			"title": {"text": "Random"},
			"icon": { "type": "texture", 
			          "texture": "ben_ten:textures/gui/prototype/redomnitrix.png" },
			"commands": ["scoreboard players add @s Transform 1",
			"execute @s[score_Transform=25,score_Transform_min=25,score_Random=1,score_Random_min=1] ~ ~ ~ /superpower @s ben_ten:pyronite",
			"execute @s[score_Transform=25,score_Transform_min=25,score_Random=2,score_Random_min=2] ~ ~ ~ /superpower @s ben_ten:petrosapien",
			"execute @s[score_Transform=25,score_Transform_min=25,score_Random=3,score_Random_min=3] ~ ~ ~ /superpower @s ben_ten:kineceleran",
			"execute @s[score_Transform=25,score_Transform_min=25,score_Random=4,score_Random_min=4] ~ ~ ~ /superpower @s ben_ten:lepidopterran",
			"execute @s[score_Transform=25,score_Transform_min=25,score_Random=5,score_Random_min=5] ~ ~ ~ /superpower @s ben_ten:galvan",
			"execute @s[score_Transform=25,score_Transform_min=25,score_Random=6,score_Random_min=6] ~ ~ ~ /superpower @s ben_ten:vulpimancer",
			"execute @s[score_Transform=25,score_Transform_min=25,score_Random=7,score_Random_min=7] ~ ~ ~ /superpower @s ben_ten:piscciss_volan",
			"execute @s[score_Transform=25,score_Transform_min=25,score_Random=8,score_Random_min=8] ~ ~ ~ /superpower @s ben_ten:tetramand",
			"execute @s[score_Transform=25,score_Transform_min=25,score_Random=9,score_Random_min=9] ~ ~ ~ /superpower @s ben_ten:ectonurite",
			"execute @s[score_Transform=25,score_Transform_min=25,score_Random=10,score_Random_min=10] ~ ~ ~ /superpower @s ben_ten:galvanic_mechamorph",			
			"execute @s[score_Transform=25,score_Transform_min=25,score_Random=11,score_Random_min=11,tag=Arburian] ~ ~ ~ /superpower @s ben_ten:arburian_pelarota",
			"execute @s[score_Transform=25,score_Transform_min=25,score_Random=11,score_Random_min=11,tag=!Arburian] ~ ~ ~ /superpower @s ben_ten:petrosapien",			
			"execute @s[score_Transform=25,score_Transform_min=25,score_Random=12,score_Random_min=12,tag=Loboan] ~ ~ ~ /superpower @s ben_ten:loboan",
			"execute @s[score_Transform=25,score_Transform_min=25,score_Random=12,score_Random_min=12,tag=!Loboan] ~ ~ ~ /superpower @s ben_ten:ectonurite",			
			"execute @s[score_Transform=25,score_Transform_min=25,score_Random=13,score_Random_min=13,tag=Khufan] ~ ~ ~ /superpower @s ben_ten:thep_khufan",
			"execute @s[score_Transform=25,score_Transform_min=25,score_Random=13,score_Random_min=13,tag=!Khufan] ~ ~ ~ /superpower @s ben_ten:galvanic_mechamorph ",			
			"execute @s[score_Transform=25,score_Transform_min=25,score_Random=14,score_Random_min=14,tag=Transylian] ~ ~ ~ /superpower @s ben_ten:transylian",
			"execute @s[score_Transform=25,score_Transform_min=25,score_Random=14,score_Random_min=14,tag=!Transylian] ~ ~ ~ /superpower @s ben_ten:kineceleran",			
			"execute @s[score_Transform=25,score_Transform_min=25,score_Random=15,score_Random_min=15,tag=Gourmand] ~ ~ ~ /superpower @s ben_ten:perk_gourmand",
			"execute @s[score_Transform=25,score_Transform_min=25,score_Random=15,score_Random_min=15,tag=!Gourmand] ~ ~ ~ /superpower @s ben_ten:vulpimancer",			
			"execute @s[score_Transform=25,score_Transform_min=25,score_Random=16,score_Random_min=16,tag=Florauna] ~ ~ ~ /superpower @s ben_ten:florauna",
			"execute @s[score_Transform=25,score_Transform_min=25,score_Random=16,score_Random_min=16,tag=!Florauna] ~ ~ ~ /superpower @s ben_ten:tetramand",			
			"execute @s[score_Transform=25,score_Transform_min=25,score_Random=17,score_Random_min=17,tag=Splixson] ~ ~ ~ /superpower @s ben_ten:splixson ",
			"execute @s[score_Transform=25,score_Transform_min=25,score_Random=17,score_Random_min=17,tag=!Splixson] ~ ~ ~ /superpower @s ben_ten:petrosapien ",			
			"execute @s[score_Transform=25,score_Transform_min=25,score_Random=18,score_Random_min=18,tag=Opticoid] ~ ~ ~ /superpower @s ben_ten:opticoid ",
			"execute @s[score_Transform=25,score_Transform_min=25,score_Random=18,score_Random_min=18,tag=!Opticoid] ~ ~ ~ /superpower @s ben_ten:ectonurite ",			
			"execute @s[score_Transform=25,score_Transform_min=25,score_Random=19,score_Random_min=19,tag=To'kustar] ~ ~ ~ /superpower @s ben_ten:tokustar",
			"execute @s[score_Transform=25,score_Transform_min=25,score_Random=19,score_Random_min=19,tag=!To'kustar] ~ ~ ~ /superpower @s ben_ten:kineceleran ",			
			"execute @s[score_Transform=25,score_Transform_min=25,score_Random=20,score_Random_min=20,tag=Sphoeroid] ~ ~ ~ /superpower @s ben_ten:sphoeroid ",
			"execute @s[score_Transform=25,score_Transform_min=25,score_Random=20,score_Random_min=20,tag=!Sphoeroid] ~ ~ ~ /superpower @s ben_ten:piscciss_volan",			
			"execute @s[score_Transform=25,score_Transform_min=25,score_Random=21,score_Random_min=21,tag=Nosedeenian] ~ ~ ~ /superpower @s ben_ten:nosedeenian", 
			"execute @s[score_Transform=25,score_Transform_min=25,score_Random=21,score_Random_min=21,tag=!Nosedeenian] ~ ~ ~ /superpower @s ben_ten:pyronite",			
			"execute @s[score_Transform=25,score_Transform_min=25,score_Random=22,score_Random_min=22,tag=Polar] ~ ~ ~ /superpower @s ben_ten:polar_manzardill ",
			"execute @s[score_Transform=25,score_Transform_min=25,score_Random=22,score_Random_min=22,tag=!Polar] ~ ~ ~ /superpower @s ben_ten:lepidopterran ",			
			"execute @s[score_Transform=25,score_Transform_min=25,score_Random=23,score_Random_min=23,tag=!Conductoid] ~ ~ ~ /superpower @s ben_ten:galvan",
			"execute @s[score_Transform=25,score_Transform_min=25,score_Random=23,score_Random_min=23,tag=Conductoid] ~ ~ ~ /superpower @s ben_ten:conductoid",			
			"execute @s[score_Transform=25,score_Transform_min=25,score_Random=24,score_Random_min=24] ~ ~ ~ /superpower @s ben_ten:kineceleran",
			"execute @s[score_Transform=25,score_Transform_min=25,score_Random=25,score_Random_min=25] ~ ~ ~ /superpower @s ben_ten:galvan"]
			
        }
	}
}
