{
	"name" : {
		"text": "Prototype Omnitrix Removed"
	},

	"icon": {
		"type": "texture",
		"texture": "ben_ten:textures/gui/prototype/omnitrix.png"
	},
	
	"creative_tab": "ben10",
	
	"max_level": 40,
	
	"capsule_color" : 65280,
	
	"abilities": {
		"command_on_gain": {
            "ability": "lucraftcore:command_on_gain",
            "show_in_bar": false,
            "title": {"translate":"lucraftcore.abilities.command_on_gain.name"},
            "icon": { "type": "internal" },
            "commands": ["scoreboard players set @s Timer 12000"]
        },
		"removed_timer": {
			"ability": "lucraftcore:command_loop",
			"show_in_bar": false,
			"title": {"text": "Reset Timer"},
			"icon": {"type": "texture",
				"texture": "ben_ten:textures/gui/prototype/blueomnitrix.png"},
			"conditions": [{
					"type": "lucraftcore:scoreboard_tag", 
					"tag": "Force-Remove"}],
			"commands": ["execute @s[score_Timer=12000,score_Timer_min=0] ~ ~ ~ scoreboard players remove @s Timer 1",
                         "scoreboard players tag @s[tag=!Recalibrate] add Recalibrate",			
			             "execute @s[score_Timer=0,score_Timer_min=-1000000] ~ ~ ~ superpower @s remove"]
		},
		"injection_fail": {	
	        "ability": "lucraftcore:command_loop",	
            "conditions": [{
                "type": "lucraftcore:held_item",
                "item": "lucraftcore:injection",
                "hand": "main_hand"},
				{
					"type": "lucraftcore:scoreboard_tag", 
					"tag": "Force-Remove"
				}],
            "show_in_bar": false,	
            "title": {"text":"Injection Failure"},
			"icon": {"type": "texture", "texture": "ben_ten:textures/gui/prototype/redomnitrix.png"},
			"commands": ["replaceitem entity @s slot.weapon.mainhand lucraftcore:injection"]	
		}
	}
}