{
	"name": {
		"text": "Prypiatosian A"
	},

	"icon": {
		"type": "texture",
		"texture": "ben_ten:textures/gui/completedomnitrix/prypiatosian_a.png"
	},

	"max_level": 40,
	
	"capsule_color": 3080117,
	
    "effects": [

        {
        "type": "skin_change",
        "texture": "ben_ten:textures/models/ben/prypiatosian_a.png"
        },		
		{
            "type": "skin_overlay",
            "texture": "ben_ten:textures/overlays/glow/prypiatosian_a_glow.png",
            "size": 0,
            "glow": true            
        }
    ],
	
	"abilities": {			
		"big_size": {
			"ability": "lucraftcore:command_loop",
			"show_in_bar": false,
			"title": {"text": "Big Size"},
			"icon": { "type": "internal" },
			"commands": ["sizechange @s 1.6 lucraftcore:default"]
		},
		"health": {		
			"ability": "lucraftcore:health",			
            "show_in_bar": false,		
            "title": {"text":"Health"},					
			"amount": 20,
			"operation": 0		
		},
		"strength": {	
			"ability": "lucraftcore:strength",				
            "show_in_bar": false,		
            "title": {"text":"Strength"},							
			"amount": 20,
			"operation": 0			
		},		
		"defense": {
			"ability": "lucraftcore:resistance",			
            "show_in_bar": false,		
            "title": {"text":"Resistance"},						
			"amount": 45,
			"operation": 0			
		},
		"jump_boost": {
            "ability": "lucraftcore:jump_boost",
            "show_in_bar": false,
            "title": {"translate":"lucraftcore.abilities.jump_boost.name"},
            "icon": {"type": "internal"},
            "amount": 5.0,
            "operation": 0
       },
		"fall_resistance": {
			"ability": "lucraftcore:fall_resistance",
			"show_in_bar": false,
			"title": {"text":"Fall Resistance"},
			"amount": 50,
			"operation": 0
		},		
		"radiation_immunity":{
			"ability": "the-fifth-world:potion_immunity",
			"show_in_bar": false,
			"potion": "lucraftcore:radiation",
			"title": {"text":"Radiation Immunity"},
			"icon": {"type": "texture",
				"texture": "ben_ten:textures/gui/abilities/radioactive_icon.png"}
		},
		"radiation_beam": {
            "ability": "heroesexpansion:heat_vision",
            "cooldown": 150,
            "show_in_bar": true,
            "title": {"text":"Radiation Beam"},
            "icon": { "type": "internal" },
            "bar_color": "green",
            "color": [85, 255, 85]
        },		
		"flight": {			
			"ability": "lucraftcore:flight",			
			"icon": { "type": "internal" },			
            "show_in_bar": true,
            "title": {"text":"Flight"},	
            "bar_color": "green",
			"speed": 1.0,
            "sprint_speed": 4,
			"rotate_arms": true
		},
		"fusion_cuisine":{
            "ability": "lucraftcore:command",
            "show_in_bar": true,
			"bar_color": "green",
            "cooldown": 800,
            "title": {"text":"Fusion Cuisine"},
            "icon": {"type": "texture", "texture": "ben_ten:textures/gui/abilities/radioactive_icon.png"},
            "commands": ["/cast ebwizardry:radiant_totem @p"]				
	    },
		"mini_sun":{
            "ability": "lucraftcore:command",
            "show_in_bar": true,
			"bar_color": "green",
            "cooldown": 200,
            "title": {"text":"Miniature Sun"},
            "icon": {"type": "texture", "texture": "ben_ten:textures/gui/abilities/mini_sun.png"},
            "commands": ["/cast ebwizardry:light @p"]				
	    },
		"flash_bang":{
            "ability": "lucraftcore:command",
            "show_in_bar": true,
			"bar_color": "green",
            "cooldown": 300,
            "title": {"text":"Flash Bang"},
            "icon": {"type": "texture", "texture": "ben_ten:textures/gui/placeholder.png"},
            "commands": ["/cast ebwizardry:blinding_flash @p"]				
	    },
		"shockwave":{
            "ability": "lucraftcore:command",
            "show_in_bar": true,
			"bar_color": "green",
            "cooldown": 200,
            "title": {"text":"Shockwave"},
            "icon": {"type": "texture", "texture": "ben_ten:textures/gui/abilities/shockwave.png"},
            "commands": ["/cast ebwizardry:shockwave @p"]				
	    },
		"energy_shot":{
            "ability": "lucraftcore:command",
            "show_in_bar": true,
			"bar_color": "green",
            "cooldown": 100,
            "title": {"text":"Energy shot"},
            "icon": {"type": "texture", "texture": "ben_ten:textures/gui/abilities/energy_shot.png"},
            "commands": ["/cast ebwizardry:force_arrow @p"]				
		},
		"energy_bomb":{
            "ability": "lucraftcore:command",
            "show_in_bar": true,
			"bar_color": "green",
            "cooldown": 200,
            "title": {"text":"Energy Bomb"},
            "icon": {"type": "texture", "texture": "ben_ten:textures/gui/abilities/gourmand_bellyblast.png"},
            "commands": ["/cast ebwizardry:force_orb @p"]				
	    },
		"nuclear_winner": {
			"ability": "lucraftcore:set_punch",
			"icon": { "type": "internal" },
			"cooldown": 1000,
			"damage": 55,
            "reach_distance": 5.0,
            "arm": 0,			
            "show_in_bar": true,
            "title": {"text":"Nuclear Winner"},
            "bar_color": "green"
		},
		"atomic_bang": {
			"ability": "the-fifth-world:explode",
            "cooldown": 1000,			
            "parent_ability": "nuclear_winner",
            "show_in_bar": false,
            "title": {"text":"Atomic Bang"},
            "icon": { "type": "internal" },
            "bar_color": "green",			
			"strength": 10.0,
            "conditions": [
			{"type": "lucraftcore:ability_enabled",
            "ability": "set_punch"}]
        },
		"death_state":{
			"ability": "lucraftcore:command_loop",
			"show_in_bar": false,
			"title": {"text":"Death State"},			
			"icon": {"type": "texture",
				"texture": "ben_ten:textures/gui/omnitrix_timeout.png"},
			"commands": [
			"execute @s[score_Health=0,score_Health_min=0,tag=os] ~ ~ ~ /superpower @s ben_ten:prototypeomnitrix",
			"execute @s[score_Health=0,score_Health_min=0,tag=af] ~ ~ ~ /superpower @s ben_ten:recalibratedomnitrix",
			"execute @s[score_Health=0,score_Health_min=0,tag=ua] ~ ~ ~ /superpower @s ben_ten:ultimatrix",
			"execute @s[score_Health=0,score_Health_min=0,tag=ov] ~ ~ ~ /superpower @s ben_ten:completedomnitrix",
			"scoreboard players tag @s[score_Sneak=1,score_Sneak_min=1] add Sneaking",
            "scoreboard players tag @s[score_Sneak=0,score_Sneak_min=0] remove Sneaking",
			"scoreboard players set @s[score_Sneak_min=1] Sneak 0"]
		},
		"timer":{
			"ability": "lucraftcore:command_loop",
			"show_in_bar": false,
			"title": {"text":"Timer"},			
			"icon": {"type": "texture","texture": "ben_ten:textures/gui/omnitrix_timeout.png"},
			"conditions": [{"type": "lucraftcore:not", 
			            "conditions": [{
						"type": "lucraftcore:scoreboard_tag", 
						"tag": "Master"}]}],
			"commands": ["scoreboard players remove @s Timer 1",
			"scoreboard players set @s[score_Timer=-1,score_Timer_min=-1000000] Timer 1",
			"execute @s[score_Timer=30,score_Timer_min=30,tag=ov] ~ ~ ~ /playsound minecraft:custom.ov_timer master @a ~ ~ ~",
			"execute @s[score_Timer=1,score_Timer_min=1,tag=af] ~ ~ ~ /playsound minecraft:custom.recalibratedhuman master @a ~ ~ ~",
			"execute @s[score_Timer=0,score_Timer_min=0,tag=ua] ~ ~ ~ /playsound minecraft:custom.ultimatrixhuman master @a ~ ~ ~",
			"execute @s[score_Timer=1,score_Timer_min=1,tag=ov] ~ ~ ~ /playsound minecraft:custom.ov_human master @a ~ ~ ~",
			"execute @s[score_Timer=0,score_Timer_min=0] ~ ~ ~ /superpower @s ben_ten:transform_human",
			"superpowerxp 1 @s[tag=0]",
			"superpowerxp 4 @s[tag=20]",
			"superpowerxp 6 @s[tag=35]"]
		},
		"base": {	
	        "ability": "lucraftcore:command",		
            "show_in_bar": true,	
            "title": {"text":"Base Form"},
			"icon": {"type": "texture", "texture": "ben_ten:textures/gui/omnitrix_green.png"},
            "bar_color": "green",
			"conditions": [{
						"type": "lucraftcore:scoreboard_tag", 
						"tag": "Sneaking"}],
			"commands": ["superpower @s ben_ten:transform_human", 
			"execute @s[tag=af] ~ ~ ~ /playsound minecraft:custom.recalibratedhuman master @a ~ ~ ~",
			"execute @s[tag=ua] ~ ~ ~ /playsound minecraft:custom.ultimatrixhuman master @a ~ ~ ~",
			"execute @s[tag=ov] ~ ~ ~ /playsound minecraft:custom.ov_human master @a ~ ~ ~"]
		}
	}	
}