{
	"name": {"text": "Pyronite"},
	"icon": {"type": "texture","texture": "ben_ten:textures/gui/prototype/pyronite.png"},
	"creative_tab": "ben10",
	"max_level": 40,
	"capsule_color": 3080117,
    
	"effects": [
	    {"type": "glowing_hand","color": [1, 0.3, 0.0],"size": 1.3,"conditions": [{"type": "ability_enabled","ability": "lucraftcore:flight"}]},
        {"type": "skin_change","texture": "ben_ten:textures/models/ben/pyronite.png","conditions": [{"type": "ability_enabled","ability": "heroesexpansion:precision"}]},
		{"type": "skin_overlay","texture": "ben_ten:textures/overlays/glow/pyronite_glow.png","size": 0,"glow": true,"conditions": [{"type": "ability_enabled","ability": "heroesexpansion:precision"}]},
		{"type": "skin_overlay","texture": "ben_ten:textures/models/ben/timeout/pyronite.png","size": 0,"glow": true,"conditions": [{"type": "ability_enabled","ability": "lucraftcore:healing"}]},
		{"type": "skin_change","texture": "ben_ten:textures/models/ben/recalibrated/r_pyronite.png","conditions": [{"type": "ability_enabled","ability": "lucraftcore:knockback_resistance"}]},
		{"type": "skin_overlay","texture": "ben_ten:textures/overlays/glow/recalibrated/r_pyronite_glow.png","size": 0,"glow": true,"conditions": [{"type": "ability_enabled","ability": "lucraftcore:knockback_resistance"}]},
		{"type": "skin_change","texture": "ben_ten:textures/models/ben/ov_pyronite.png","conditions": [{"type": "ability_enabled","ability": "lucraftcore:step_assist"}]},
		{"type": "skin_overlay","texture": "ben_ten:textures/overlays/glow/ov_pyronite_glow.png","size": 0,"glow": true,"conditions": [{"type": "ability_enabled","ability": "lucraftcore:step_assist"}]}
    ],
	
	"abilities": {
		"os_form": {
            "ability": "heroesexpansion:precision",
            "title": {"text":"OS Skin"},
            "icon": {"type": "texture", "texture": "ben_ten:textures/gui/prototype/omnitrix.png"},
			"conditions": [{
			    "type": "lucraftcore:scoreboard_tag",
				"tag": "os"}]
        },
		"uaf_form": {
            "ability": "lucraftcore:knockback_resistance",
            "title": {"text":"UAF Skin"},
            "icon": {"type": "texture", "texture": "ben_ten:textures/gui/recal/recal_omnitrix.png"},
			"conditions": [{
			    "type": "lucraftcore:scoreboard_tag",
				"tag": "ua"}]
        },
		"ov_form": {
            "ability": "lucraftcore:step_assist",
            "title": {"text":"OV Skin"},
            "icon": {"type": "texture", "texture": "ben_ten:textures/gui/completedomnitrix/ov_trix_master.png"},
			"conditions": [{
			    "type": "lucraftcore:scoreboard_tag",
				"tag": "ov"}]
        },
		"os_timeout_py": {
            "ability": "lucraftcore:healing",
			"conditions": [{"type": "lucraftcore:scoreboard_tag","tag": "TO"}],
            "title": {"text":"Timeout Glow"},
            "icon": {"type": "internal"},
            "frequency": 0,
            "amount": 0
        },
		"radiation_protection": {
            "ability": "the-fifth-world:potion_immunity",
            "title": {"text":"Radiation Protection"},
            "icon": {"type": "internal"},
            "potion": "lucraftcore:radiation"
       },
		"health": {		
			"ability": "lucraftcore:health",
            "title": {"text":"Health"},					
			"amount": 8		
		},
		"strength": {	
			"ability": "lucraftcore:strength",
            "title": {"text":"Strength"},							
			"amount": 10		
		},
		"defense": {
			"ability": "lucraftcore:resistance",
            "title": {"text":"Resistance"},						
			"amount": 8			
		},
		"fall_resistance": {
			"ability": "lucraftcore:fall_resistance",
			"title": {"text":"Fall Resistance"},
			"amount": 200
		},
		"fire_resistance": {
			"ability": "lucraftcore:fire_resistance",
            "title": {"text":"Fire Resistance"}									
		},
		"freezing_immunity":{
			"ability": "the-fifth-world:potion_immunity",
			"potion": "heroesexpansion:frozen",
			"title": {"text":"Freezing Immunity"}
		},
		"water_breathing":{
			"ability": "lucraftcore:water_breathing"
		},
		"sz": {
			"ability": "lucraftcore:command_loop",
			"title": {"text": "Size"},
			"icon": {"type": "texture", "texture": "ben_ten:textures/gui/prototype/omnitrix.png"},
			"commands": ["sizechange @s 1 lucraftcore:default",
			             "execute @s ~ ~ ~ detect ~ ~-1 ~ magma 0 /fill ~-3 ~-3 ~-3 ~3 ~3 ~3 air 0 replace magma 0",
						 "scoreboard players tag @s add Platform",
						 "effect @s ebwizardry:fireskin 1 1 true",
						 "execute @s ~ ~ ~ detect ~ ~ ~ water 0 superpower @s ben_ten:pyronite_extinguished "]
        },
		"punch": {
            "ability": "lucraftcore:fire_punch",
			"conditions": [{
						"type": "lucraftcore:scoreboard_tag", 
						"tag": "Sneaking"}],	
            "show_in_bar": true,
            "title": {"translate":"lucraftcore.abilities.fire_punch.name"},
            "icon": {"type": "texture", "texture": "ben_ten:textures/gui/abilities/pyronite_punch.png"},
            "bar_color": "green",
            "duration": 50
       },
		"punch_xp": {
            "ability": "lucraftcore:command_toggle",
			"parent_ability": "fire_punch",
            "show_in_bar": false,
            "title": {"text":"Fire Punch XP"},
            "icon": {"type": "internal"},
            "conditions": [{
			    "type": "ability_enabled",
				"ability": "lucraftcore:fire_punch"}],
		    "commands": ["superpowerxp 5 @s"]
		},
		"fireball":{
            "ability": "lucraftcore:command",
			 "conditions": [{"type": "lucraftcore:not", 
			        "conditions": [{
						"type": "lucraftcore:scoreboard_tag", 
						"tag": "Sneaking"}]}],
            "show_in_bar": true,
			"bar_color": "green",
            "cooldown": 20,
            "title": {"text":"Throw Fireball"},
            "icon": {"type": "texture", "texture": "ben_ten:textures/gui/abilities/fireball.png"},
            "commands": ["cast ebwizardry:greater_fireball @p","superpowerxp 50 @s"]	
		},
		"beam": {
			"ability": "heroesexpansion:photon_blast",
			"required_level": 5,
			"cooldown": 50,
			"show_in_bar": true,
			 "title": {"text":"Fire Beam"},
            "icon": {"type": "texture", "texture": "ben_ten:textures/gui/abilities/fire_blast.png"},
			"bar_color": "green",
			"color": [255, 69, 0]
		},
		"beam_xp": {
            "ability": "lucraftcore:command_loop",
			"parent_ability": "beam",
            "title": {"text":"Fire Beam XP"},
            "icon": {"type": "internal"},
		    "commands": ["superpowerxp 5 @s"]
		},
		"volcanic_breath":{
            "ability": "lucraftcore:command_held",
			 "conditions": [{"type": "lucraftcore:not", 
			        "conditions": [{
						"type": "lucraftcore:scoreboard_tag", 
						"tag": "Sneaking"}]}],	
			"required_level": 30,
            "show_in_bar": true,
			"bar_color": "green",
            "cooldown": 100,
            "title": {"text":"Volcanic Breath"},
            "icon": {"type": "texture", "texture": "ben_ten:textures/gui/abilities/volcanic_breath.png"},
            "commands": ["cast ebwizardry:fire_breath @p 1", "superpowerxp @s 50"]
		},
		"supernova":{
            "ability": "lucraftcore:command",
			"conditions": [{
						"type": "lucraftcore:scoreboard_tag", 
						"tag": "Sneaking"}],
			"required_level": 30,
            "show_in_bar": true,
			"bar_color": "green",
            "cooldown": 600,
            "title": {"text":"Supernova"},
            "icon": {"type": "texture", "texture": "ben_ten:textures/gui/abilities/supernova.png"},
            "commands": ["cast ebwizardry:firestorm @p", "superpowerxp @s 100"]
		},	
		"flight": {			
			"ability": "lucraftcore:flight",
			"cooldown": 500,
			"conditions": [{"type": "lucraftcore:not", 
                  "conditions": [ {
                "type": "lucraftcore:ability",
                    "ability": "m_p"} ]
                }],	
			"required_level": 30,
			"icon": {"type": "internal"},			
            "show_in_bar": true,
            "title": {"text":"Flight"},	
            "bar_color": "green",				
			"speed": 1.0,
            "sprint_speed": 3,
			"rotate_arms": false
		},
		"f_p":{
			"ability": "lucraftcore:command_loop",
			"parent_ability": "flight",
			"title": {"text":"Flight Particles"},			
			"icon": {"type": "internal"},
			"commands": ["execute @s[tag=Platform,ry=22,rym=-22] ~ ~ ~ /particle flame ~0.4 ~0.4 ~ 0.05 0.05 0.05 0.001 100 force",
                         "execute @s[tag=Platform,ry=22,rym=-22] ~ ~ ~ /particle flame ~-0.4 ~0.4 ~ 0.05 0.05 0.05 0.001 100 force",
                         "execute @s[tag=Platform,ry=67,rym=23] ~ ~ ~ /particle flame ~0.3 ~0.4 ~0.3 0.05 0.05 0.05 0.001 100 force",
                         "execute @s[tag=Platform,ry=67,rym=23] ~ ~ ~ /particle flame ~-0.3 ~0.4 ~-0.3 0.05 0.05 0.05 0.001 100 force",
                         "execute @s[tag=Platform,ry=112,rym=68] ~ ~ ~ /particle flame ~ ~0.4 ~-0.4 0.05 0.05 0.05 0.001 100 force",
                         "execute @s[tag=Platform,ry=112,rym=68] ~ ~ ~ /particle flame ~ ~0.4 ~0.4 0.05 0.05 0.05 0.001 100 force",
                         "execute @s[tag=Platform,ry=157,rym=113] ~ ~ ~ /particle flame ~-0.3 ~0.4 ~0.3 0.05 0.05 0.05 0.001 100 force",
                         "execute @s[tag=Platform,ry=157,rym=113] ~ ~ ~ /particle flame ~0.3 ~0.4 ~-0.3 0.05 0.05 0.05 0.001 100 force",
                         "execute @s[tag=Platform,ry=-158,rym=158] ~ ~ ~ /particle flame ~0.4 ~0.4 ~ 0.05 0.05 0.05 0.001 100 force",
                         "execute @s[tag=Platform,ry=-158,rym=158] ~ ~ ~ /particle flame ~-0.4 ~0.4 ~ 0.05 0.05 0.05 0.001 100 force",
                         "execute @s[tag=Platform,ry=-113,rym=-157] ~ ~ ~ /particle flame ~-0.3 ~0.4 ~-0.3 0.05 0.05 0.05 0.001 100 force",
                         "execute @s[tag=Platform,ry=-113,rym=-157] ~ ~ ~ /particle flame ~0.3 ~0.4 ~0.3 0.05 0.05 0.05 0.001 100 force",
                         "execute @s[tag=Platform,ry=-68,rym=-112] ~ ~ ~ /particle flame ~ ~0.4 ~0.4 0.05 0.05 0.05 0.001 100 force",
                         "execute @s[tag=Platform,ry=-68,rym=-112] ~ ~ ~ /particle flame ~ ~0.4 ~-0.4 0.05 0.05 0.05 0.001 100 force",
                         "execute @s[tag=Platform,ry=-23,rym=-67] ~ ~ ~ /particle flame ~0.3 ~0.4 ~-0.3 0.05 0.05 0.05 0.001 100 force",
                         "execute @s[tag=Platform,ry=-23,rym=-67] ~ ~ ~ /particle flame ~-0.3 ~0.4 ~0.3 0.05 0.05 0.05 0.001 100 force",
						 "superpowerxp 1 @s"],
            "conditions": [{
			    "type": "ability_enabled",
				"ability": "lucraftcore:flight"}]
		},
		"m_p": {
            "ability": "lucraftcore:command_toggle",
			"conditions": [{"type": "lucraftcore:not", 
                  "conditions": [ {
                "type": "lucraftcore:ability",
                    "ability": "flight"} ]
                }],	
			"required_level": 15,
			"cooldown": 600,
            "show_in_bar": true,
            "title": {"text":"Magma Platform"},
			"icon": {"type": "texture","texture": "ben_ten:textures/gui/abilities/magma_platform.png"},
            "bar_color": "green",
            "commands": ["superpowerxp 1 @s","scoreboard players tag @s remove Platform",
			             "execute @s ~ ~ ~ /summon armor_stand ~ ~-1 ~ {CustomName:\"Magma\",Invisible:1b,Invulnerable:1b,NoBasePlate:1b}",
						 "execute @e[name=Magma] ~ ~ ~ /fill ~ ~ ~-1 ~ ~ ~1 magma 0 replace air 0","execute @e[name=Magma] ~ ~ ~ /fill ~-1 ~ ~ ~1 ~ ~ magma 0 replace air 0",
						 "execute @e[name=Magma] ~ ~-1 ~ /fill ~ ~ ~ ~ ~ ~ fire 0 replace air 0 ","execute @e[name=Magma] ~ ~-2 ~ /fill ~ ~ ~ ~ ~ ~ fire 0 replace air 0 ",
						 "execute @s[tag=!Sneaking] ~ ~ ~ /particle lava ~ ~-1.5 ~ 0.05 0.05 0.05 0.01 10 force","execute @s[tag=!Sneaking] ~ ~ ~ /particle flame ~ ~-1.5 ~ 0.3 0.3 0.3 0.0001 100 force",
						 "/kill @e[name=Magma]","/execute @s[tag=Sneaking] ~ ~ ~ detect ~ ~-2 ~ air 0 /tp @s ~ ~-0.1 ~ "]
		},	
		"extinguish_fires": {	
	        "ability": "lucraftcore:command",		
			"cooldown": 10,
            "show_in_bar": true,	
            "title": {"text":"Absorb Flames"},
			"icon": {"type": "texture", "texture": "ben_ten:textures/gui/abilities/pancakes.png"},
            "bar_color": "green",				
			"commands": ["/particle lava ~ ~ ~ 3 3 3 0 7000 force ", "/fill ~-3 ~-3 ~-3 ~3 ~3 ~3 air 0 replace fire"]
		},
		"death_state":{
			"ability": "lucraftcore:command_loop",
			"show_in_bar": false,
			"title": {"text":"Death State"},			
			"icon": {"type": "texture",
				"texture": "ben_ten:textures/gui/omnitrix_timeout.png"},
			"commands": [
			"execute @s[score_Health=0,score_Health_min=0,tag=os] ~ ~ ~ /superpower @s ben_ten:prototypeomnitrix",
			"execute @s[score_Health=0,score_Health_min=0,tag=af] ~ ~ ~ /superpower @s ben_ten:recalibratedomnitrix",
			"execute @s[score_Health=0,score_Health_min=0,tag=ua] ~ ~ ~ /superpower @s ben_ten:ultimatrix",
			"execute @s[score_Health=0,score_Health_min=0,tag=ov] ~ ~ ~ /superpower @s ben_ten:completedomnitrix",
			"scoreboard players tag @s[score_Sneak=1,score_Sneak_min=1] add Sneaking",
            "scoreboard players tag @s[score_Sneak=0,score_Sneak_min=0] remove Sneaking",
			"scoreboard players set @s[score_Sneak_min=1] Sneak 0"]
		},
		"timer":{
			"ability": "lucraftcore:command_loop",
			"show_in_bar": false,
			"title": {"text":"Timer"},			
			"icon": {"type": "texture",
				"texture": "ben_ten:textures/gui/omnitrix_timeout.png"},
			"conditions": [{"type": "lucraftcore:not", 
			            "conditions": [{
						"type": "lucraftcore:scoreboard_tag", 
						"tag": "Master"}]}],
			"commands": ["scoreboard players remove @s Timer 1",
			             "scoreboard players set @s[score_Timer=-1,score_Timer_min=-1000000] Timer 1",
			             "execute @s[score_Timer=60,score_Timer_min=60,tag=os] ~ ~ ~ /playsound minecraft:custom.timeout master @a ~ ~ ~",
			             "execute @s[score_Timer=60,score_Timer_min=60,tag=os] ~ ~ ~ /scoreboard players tag @s add TO",
			             "execute @s[score_Timer=50,score_Timer_min=50,tag=os] ~ ~ ~ /scoreboard players tag @s remove TO",
			             "execute @s[score_Timer=40,score_Timer_min=40,tag=os] ~ ~ ~ /scoreboard players tag @s add TO",
			             "execute @s[score_Timer=30,score_Timer_min=30,tag=os] ~ ~ ~ /scoreboard players tag @s remove TO",
			             "execute @s[score_Timer=20,score_Timer_min=20,tag=os] ~ ~ ~ /scoreboard players tag @s add TO",
			             "execute @s[score_Timer=10,score_Timer_min=10,tag=os] ~ ~ ~ /scoreboard players tag @s remove TO",
			             "execute @s[score_Timer=0,score_Timer_min=0,tag=os] ~ ~ ~ /superpower @s ben_ten:transform_human_os",
			             "execute @s[score_Timer=1,score_Timer_min=1,tag=os] ~ ~ ~ /playsound minecraft:custom.transform master @a ~ ~ ~",
			             "execute @s[score_Timer=0,score_Timer_min=0,tag=af] ~ ~ ~ /superpower @s ben_ten:transform_human",
			             "execute @s[score_Timer=1,score_Timer_min=1,tag=af] ~ ~ ~ /playsound minecraft:custom.recalibratedhuman master @a ~ ~ ~",
			             "execute @s[score_Timer=0,score_Timer_min=0,tag=ua] ~ ~ ~ /superpower @s ben_ten:transform_human",
			             "execute @s[score_Timer=0,score_Timer_min=0,tag=ua] ~ ~ ~ /playsound minecraft:custom.ultimatrixhuman master @a ~ ~ ~",
			             "execute @s[score_Timer=30,score_Timer_min=30,tag=ov] ~ ~ ~ /playsound minecraft:custom.ov_timer master @a ~ ~ ~",
			             "execute @s[score_Timer=1,score_Timer_min=1,tag=ov] ~ ~ ~ /playsound minecraft:custom.ov_human master @a ~ ~ ~",
			             "execute @s[score_Timer=0,score_Timer_min=0,tag=ov] ~ ~ ~ /superpower @s ben_ten:transform_human",
			             "superpowerxp 1 @s[tag=0]",
			             "superpowerxp 4 @s[tag=20]",
			             "superpowerxp 6 @s[tag=35]"]
		},
		"base": {	
	        "ability": "lucraftcore:command",		
            "show_in_bar": true,	
            "title": {"text":"Base Form"},
			"icon": {"type": "texture", "texture": "ben_ten:textures/gui/omnitrix_green.png"},
            "bar_color": "green",
			"conditions": [{"type": "lucraftcore:scoreboard_tag", 
			                "tag": "Sneaking"},
							{"type": "lucraftcore:or",
                            "conditions": [
                            {"type": "lucraftcore:level",
                             "level": 30},
                            {"type": "lucraftcore:scoreboard_tag",
                             "tag": "Master"},
                            {"type": "lucraftcore:scoreboard_tag",
                             "tag": "af"},
                            {"type": "lucraftcore:scoreboard_tag",
                             "tag": "ua"},
                            {"type": "lucraftcore:scoreboard_tag",
                             "tag": "ov"}]
                    }],
			"commands": ["superpower @s ben_ten:transform_human", 
			"execute @s[tag=os] ~ ~ ~ /playsound minecraft:custom.transform master @a ~ ~ ~",  
			"execute @s[tag=af] ~ ~ ~ /playsound minecraft:custom.recalibratedhuman master @a ~ ~ ~",
			"execute @s[tag=ua] ~ ~ ~ /playsound minecraft:custom.ultimatrixhuman master @a ~ ~ ~",
			"execute @s[tag=ov] ~ ~ ~ /playsound minecraft:custom.ov_human master @a ~ ~ ~"]
		}
	}
}	