{
	"name" : {
		"text": "Recalibrating Omnitrix"
	},

	"icon": {
		"type": "texture",
		"texture": "ben_ten:textures/gui/prototype/blueomnitrix.png"
	},
	
	"creative_tab": "ben10",
	
	"max_level": 40,
	
	"capsule_color" : 65280,
	
	"effects": [
        {
            "type": "skin_overlay",
            "texture": "ben_ten:textures/overlays/omnitrix/recalibrating_omnitrix.png",
            "size": 0,
            "glow": false,
            "conditions": [
            	{
            		"type": "always"
				}
			]
	    },
		{
            "type": "skin_overlay",
            "texture": "ben_ten:textures/overlays/glow/omnitrix/recalibrating_omnitrix_glow.png",
            "size": 0,
            "glow": true,
            "conditions": [
            	{
            		"type": "always"
            	}
            ]
        }
    ],

	"abilities": {
		"timer":{
			"ability": "lucraftcore:command_loop",
			"show_in_bar": false,
			"title": {"text":"Recalibration"},			
			"icon": {"type": "texture",
				"texture": "ben_ten:textures/gui/prototype/blueomnitrix.png"},
			"commands": ["scoreboard players remove @s Timer 1",
			"superpowerxp -40l @s",
			"scoreboard players set @s[score_Timer=-1,score_Timer_min=-1000000] Timer 1", 
			"execute @s[score_Timer=0,score_Timer_min=0] ~ ~ ~ /superpower @s ben_ten:recalibratedomnitrix", 
			"execute @s[score_Timer=0,score_Timer_min=0] ~ ~ ~ /playsound minecraft:custom.recalibratedactivate master @a ~ ~ ~",
			"execute @s[score_Timer=0,score_Timer_min=0] ~ ~ ~ /scoreboard objectives setdisplay list Timer",
			"execute @s[score_Timer=0,score_Timer_min=0] ~ ~ ~ /scoreboard objectives add Blocks dummy",
			"execute @s[score_Timer=0,score_Timer_min=0] ~ ~ ~ /scoreboard players set @s Blocks 0", 
			"execute @s[score_Timer=0,score_Timer_min=0] ~ ~ ~ /scoreboard objectives add Choice dummy",
			"execute @s[score_Timer=0,score_Timer_min=0] ~ ~ ~ /scoreboard players set @s Choice 0", 
			"execute @s[score_Timer=0,score_Timer_min=0] ~ ~ ~ /scoreboard objectives add Ask dummy",
			"execute @s[score_Timer=0,score_Timer_min=0] ~ ~ ~ /scoreboard players set @s Ask 0",
			"execute @s[score_Timer=0,score_Timer_min=0] ~ ~ ~ /scoreboard players tag @s add af",
			"execute @s[score_Timer=0,score_Timer_min=0] ~ ~ ~ /scoreboard players tag @s[tag=!Failsafe] add Failsafe",
			"execute @s[score_Timer=0,score_Timer_min=0] ~ ~ ~ /scoreboard players tag @s remove os",
			"execute @s[score_Timer=0,score_Timer_min=0] ~ ~ ~ /scoreboard players tag @s remove 40",
			"execute @s[score_Timer=0,score_Timer_min=0] ~ ~ ~ /scoreboard players tag @s add 0",
			"execute @s[score_Timer=0,score_Timer_min=0] ~ ~ ~ /scoreboard players tag @s remove Force-Remove",		
			"execute @s[score_Timer=0,score_Timer_min=0] ~ ~ ~ /scoreboard objectives add Random dummy", 
			"execute @s[score_Timer=0,score_Timer_min=0] ~ ~ ~ /scoreboard players set @s Random 1",
			"execute @s[score_Timer=0,score_Timer_min=0] ~ ~ ~ /scoreboard objectives add Roll stat.walkOneCm",
			"execute @s[score_Timer=0,score_Timer_min=0] ~ ~ ~ /scoreboard objectives add Cdeath dummy",
			"execute @s[score_Timer=0,score_Timer_min=0] ~ ~ ~ /scoreboard players set @s Cdeath 0",
			"execute @s[score_Timer=0,score_Timer_min=0] ~ ~ ~ /scoreboard objectives add Sneak stat.sneakTime",
			"execute @s[score_Timer=0,score_Timer_min=0] ~ ~ ~ /scoreboard objectives add Limit dummy",
			"execute @s[score_Timer=0,score_Timer_min=0] ~ ~ ~ /scoreboard players set @s Limit 600", 
			"execute @s[score_Timer=0,score_Timer_min=0] ~ ~ ~ /scoreboard objectives add Facing dummy",
			"execute @s[score_Timer=0,score_Timer_min=0] ~ ~ ~ /scoreboard players set @s Facing 0", 
			"execute @s[score_Timer=0,score_Timer_min=0] ~ ~ ~ /scoreboard objectives add Health health",
			"execute @s[score_Timer=0,score_Timer_min=0] ~ ~ ~ /scoreboard players tag @s remove Arburian",
			"execute @s[score_Timer=0,score_Timer_min=0] ~ ~ ~ /scoreboard players tag @s remove Sphoeroid",
			"execute @s[score_Timer=0,score_Timer_min=0] ~ ~ ~ /scoreboard players tag @s remove Nosedeenian",
			"execute @s[score_Timer=0,score_Timer_min=0] ~ ~ ~ /scoreboard players tag @s remove Polar",
			"execute @s[score_Timer=0,score_Timer_min=0] ~ ~ ~ /scoreboard players tag @s remove Optocoid",
			"execute @s[score_Timer=0,score_Timer_min=0] ~ ~ ~ /scoreboard players tag @s remove To'kustar",
			"execute @s[score_Timer=0,score_Timer_min=0] ~ ~ ~ /scoreboard objectives add Title dummy",			 
			"execute @s[score_Timer=0,score_Timer_min=0] ~ ~ ~ /scoreboard players set @s Timer 6000"]
		},
		"display_code":{
			"ability": "lucraftcore:command_loop",
			"show_in_bar": false,
			"title": {"text":"Recalibration Display"},			
			"icon": {"type": "texture",
				"texture": "ben_ten:textures/gui/prototype/blueomnitrix.png"},
			"conditions": [{"type": "lucraftcore:not", 
			        "conditions": [{
						"type": "lucraftcore:scoreboard_tag", 
						"tag": "Force-Remove"}]}],
			"commands": ["execute @s[score_Timer=6000,score_Timer_min=5401] ~ ~ ~ /title @s actionbar [{\"text\":\"<\",\"color\":\"black\"},{\"text\":\"Recalibration Progress\",\"color\":\"green\"},{\"text\":\">\",\"color\":\"black\"},{\"text\":\"<\",\"color\":\"black\"},{\"text\":\"⬜⬜⬜⬜⬜⬜⬜⬜⬜⬜\",\"color\":\"blue\"},{\"text\":\">\",\"color\":\"black\"}]",
			"execute @s[score_Timer=5400,score_Timer_min=4801] ~ ~ ~ /title @s actionbar [{\"text\":\"<\",\"color\":\"black\"},{\"text\":\"Recalibration Progress\",\"color\":\"green\"},{\"text\":\">\",\"color\":\"black\"},{\"text\":\"<\",\"color\":\"black\"},{\"text\":\"⬛⬜⬜⬜⬜⬜⬜⬜⬜⬜\",\"color\":\"blue\"},{\"text\":\">\",\"color\":\"black\"}]",
			"execute @s[score_Timer=4800,score_Timer_min=4201] ~ ~ ~ /title @s actionbar [{\"text\":\"<\",\"color\":\"black\"},{\"text\":\"Recalibration Progress\",\"color\":\"green\"},{\"text\":\">\",\"color\":\"black\"},{\"text\":\"<\",\"color\":\"black\"},{\"text\":\"⬛⬛⬜⬜⬜⬜⬜⬜⬜⬜\",\"color\":\"blue\"},{\"text\":\">\",\"color\":\"black\"}]",
			"execute @s[score_Timer=4200,score_Timer_min=3601] ~ ~ ~ /title @s actionbar [{\"text\":\"<\",\"color\":\"black\"},{\"text\":\"Recalibration Progress\",\"color\":\"green\"},{\"text\":\">\",\"color\":\"black\"},{\"text\":\"<\",\"color\":\"black\"},{\"text\":\"⬛⬛⬛⬜⬜⬜⬜⬜⬜⬜\",\"color\":\"blue\"},{\"text\":\">\",\"color\":\"black\"}]",
			"execute @s[score_Timer=3600,score_Timer_min=3001] ~ ~ ~ /title @s actionbar [{\"text\":\"<\",\"color\":\"black\"},{\"text\":\"Recalibration Progress\",\"color\":\"green\"},{\"text\":\">\",\"color\":\"black\"},{\"text\":\"<\",\"color\":\"black\"},{\"text\":\"⬛⬛⬛⬛⬜⬜⬜⬜⬜⬜\",\"color\":\"blue\"},{\"text\":\">\",\"color\":\"black\"}]",
			"execute @s[score_Timer=3000,score_Timer_min=2401] ~ ~ ~ /title @s actionbar [{\"text\":\"<\",\"color\":\"black\"},{\"text\":\"Recalibration Progress\",\"color\":\"green\"},{\"text\":\">\",\"color\":\"black\"},{\"text\":\"<\",\"color\":\"black\"},{\"text\":\"⬛⬛⬛⬛⬛⬜⬜⬜⬜⬜\",\"color\":\"blue\"},{\"text\":\">\",\"color\":\"black\"}]",
			"execute @s[score_Timer=2400,score_Timer_min=1801] ~ ~ ~ /title @s actionbar [{\"text\":\"<\",\"color\":\"black\"},{\"text\":\"Recalibration Progress\",\"color\":\"green\"},{\"text\":\">\",\"color\":\"black\"},{\"text\":\"<\",\"color\":\"black\"},{\"text\":\"⬛⬛⬛⬛⬛⬛⬜⬜⬜⬜\",\"color\":\"blue\"},{\"text\":\">\",\"color\":\"black\"}]",
			"execute @s[score_Timer=1800,score_Timer_min=1201] ~ ~ ~ /title @s actionbar [{\"text\":\"<\",\"color\":\"black\"},{\"text\":\"Recalibration Progress\",\"color\":\"green\"},{\"text\":\">\",\"color\":\"black\"},{\"text\":\"<\",\"color\":\"black\"},{\"text\":\"⬛⬛⬛⬛⬛⬛⬛⬜⬜⬜\",\"color\":\"blue\"},{\"text\":\">\",\"color\":\"black\"}]",
			"execute @s[score_Timer=1200,score_Timer_min=601] ~ ~ ~ /title @s actionbar [{\"text\":\"<\",\"color\":\"black\"},{\"text\":\"Recalibration Progress\",\"color\":\"green\"},{\"text\":\">\",\"color\":\"black\"},{\"text\":\"<\",\"color\":\"black\"},{\"text\":\"⬛⬛⬛⬛⬛⬛⬛⬛⬜⬜\",\"color\":\"blue\"},{\"text\":\">\",\"color\":\"black\"}]",
			"execute @s[score_Timer=600,score_Timer_min=301] ~ ~ ~ /title @s actionbar [{\"text\":\"<\",\"color\":\"black\"},{\"text\":\"Recalibration Progress\",\"color\":\"green\"},{\"text\":\">\",\"color\":\"black\"},{\"text\":\"<\",\"color\":\"black\"},{\"text\":\"⬛⬛⬛⬛⬛⬛⬛⬛⬛⬜\",\"color\":\"blue\"},{\"text\":\">\",\"color\":\"black\"}]",
			"execute @s[score_Timer=300,score_Timer_min=0] ~ ~ ~ /title @s actionbar [{\"text\":\"<\",\"color\":\"black\"},{\"text\":\"Recalibration Progress\",\"color\":\"green\"},{\"text\":\">\",\"color\":\"black\"},{\"text\":\"<\",\"color\":\"black\"},{\"text\":\"⬛⬛⬛⬛⬛⬛⬛⬛⬛⬛\",\"color\":\"blue\"},{\"text\":\">\",\"color\":\"black\"}]"]
		},
		"display_forced":{
			"ability": "lucraftcore:command_loop",
			"show_in_bar": false,
			"title": {"text":"Recalibration Display"},			
			"icon": {"type": "texture",
				"texture": "ben_ten:textures/gui/prototype/blueomnitrix.png"},
			"conditions": [{
					"type": "lucraftcore:scoreboard_tag", 
					"tag": "Force-Remove"}],
			"commands": ["execute @s[score_Timer=900,score_Timer_min=900] ~ ~ ~ /title @s actionbar [{\"text\":\"<\",\"color\":\"black\"},{\"text\":\"Recalibration Progress\",\"color\":\"green\"},{\"text\":\">\",\"color\":\"black\"},{\"text\":\"<\",\"color\":\"black\"},{\"text\":\"⬜⬜⬜⬜⬜⬜⬜⬜⬜⬜\",\"color\":\"blue\"},{\"text\":\">\",\"color\":\"black\"}]",
			"execute @s[score_Timer=899,score_Timer_min=811] ~ ~ ~ /title @s actionbar [{\"text\":\"<\",\"color\":\"black\"},{\"text\":\"Recalibration Progress\",\"color\":\"green\"},{\"text\":\">\",\"color\":\"black\"},{\"text\":\"<\",\"color\":\"black\"},{\"text\":\"⬛⬜⬜⬜⬜⬜⬜⬜⬜⬜\",\"color\":\"blue\"},{\"text\":\">\",\"color\":\"black\"}]",
			"execute @s[score_Timer=810,score_Timer_min=721] ~ ~ ~ /title @s actionbar [{\"text\":\"<\",\"color\":\"black\"},{\"text\":\"Recalibration Progress\",\"color\":\"green\"},{\"text\":\">\",\"color\":\"black\"},{\"text\":\"<\",\"color\":\"black\"},{\"text\":\"⬛⬛⬜⬜⬜⬜⬜⬜⬜⬜\",\"color\":\"blue\"},{\"text\":\">\",\"color\":\"black\"}]",
			"execute @s[score_Timer=720,score_Timer_min=631] ~ ~ ~ /title @s actionbar [{\"text\":\"<\",\"color\":\"black\"},{\"text\":\"Recalibration Progress\",\"color\":\"green\"},{\"text\":\">\",\"color\":\"black\"},{\"text\":\"<\",\"color\":\"black\"},{\"text\":\"⬛⬛⬛⬜⬜⬜⬜⬜⬜⬜\",\"color\":\"blue\"},{\"text\":\">\",\"color\":\"black\"}]",
			"execute @s[score_Timer=630,score_Timer_min=541] ~ ~ ~ /title @s actionbar [{\"text\":\"<\",\"color\":\"black\"},{\"text\":\"Recalibration Progress\",\"color\":\"green\"},{\"text\":\">\",\"color\":\"black\"},{\"text\":\"<\",\"color\":\"black\"},{\"text\":\"⬛⬛⬛⬛⬜⬜⬜⬜⬜⬜\",\"color\":\"blue\"},{\"text\":\">\",\"color\":\"black\"}]",
			"execute @s[score_Timer=540,score_Timer_min=451] ~ ~ ~ /title @s actionbar [{\"text\":\"<\",\"color\":\"black\"},{\"text\":\"Recalibration Progress\",\"color\":\"green\"},{\"text\":\">\",\"color\":\"black\"},{\"text\":\"<\",\"color\":\"black\"},{\"text\":\"⬛⬛⬛⬛⬛⬜⬜⬜⬜⬜\",\"color\":\"blue\"},{\"text\":\">\",\"color\":\"black\"}]",
			"execute @s[score_Timer=450,score_Timer_min=361] ~ ~ ~ /title @s actionbar [{\"text\":\"<\",\"color\":\"black\"},{\"text\":\"Recalibration Progress\",\"color\":\"green\"},{\"text\":\">\",\"color\":\"black\"},{\"text\":\"<\",\"color\":\"black\"},{\"text\":\"⬛⬛⬛⬛⬛⬛⬜⬜⬜⬜\",\"color\":\"blue\"},{\"text\":\">\",\"color\":\"black\"}]",
			"execute @s[score_Timer=360,score_Timer_min=271] ~ ~ ~ /title @s actionbar [{\"text\":\"<\",\"color\":\"black\"},{\"text\":\"Recalibration Progress\",\"color\":\"green\"},{\"text\":\">\",\"color\":\"black\"},{\"text\":\"<\",\"color\":\"black\"},{\"text\":\"⬛⬛⬛⬛⬛⬛⬛⬜⬜⬜\",\"color\":\"blue\"},{\"text\":\">\",\"color\":\"black\"}]",
			"execute @s[score_Timer=270,score_Timer_min=181] ~ ~ ~ /title @s actionbar [{\"text\":\"<\",\"color\":\"black\"},{\"text\":\"Recalibration Progress\",\"color\":\"green\"},{\"text\":\">\",\"color\":\"black\"},{\"text\":\"<\",\"color\":\"black\"},{\"text\":\"⬛⬛⬛⬛⬛⬛⬛⬛⬜⬜\",\"color\":\"blue\"},{\"text\":\">\",\"color\":\"black\"}]",
			"execute @s[score_Timer=180,score_Timer_min=11] ~ ~ ~ /title @s actionbar [{\"text\":\"<\",\"color\":\"black\"},{\"text\":\"Recalibration Progress\",\"color\":\"green\"},{\"text\":\">\",\"color\":\"black\"},{\"text\":\"<\",\"color\":\"black\"},{\"text\":\"⬛⬛⬛⬛⬛⬛⬛⬛⬛⬜\",\"color\":\"blue\"},{\"text\":\">\",\"color\":\"black\"}]",
			"execute @s[score_Timer=10,score_Timer_min=0] ~ ~ ~ /title @s actionbar [{\"text\":\"<\",\"color\":\"black\"},{\"text\":\"Recalibration Progress\",\"color\":\"green\"},{\"text\":\">\",\"color\":\"black\"},{\"text\":\"<\",\"color\":\"black\"},{\"text\":\"⬛⬛⬛⬛⬛⬛⬛⬛⬛⬛\",\"color\":\"blue\"},{\"text\":\">\",\"color\":\"black\"}]"]
		},
		"dial": {
		    "hidden": true,
			"ability": "lucraftcore:command",
			"show_in_bar": true,
			"title": {"text": "Use Dial"},
			"icon": { "type": "texture", "texture": "ben_ten:textures/gui/prototype/blueomnitrix.png" },
			"bar_color": "blue",
			"commands": ["playsound minecraft:custom.fiddle master @a ~ ~ ~"]
        }
	}
}