{
	"name" : {
		"text": "Recalibrated Omnitrix"
	},

	"icon": {
		"type": "texture",
		"texture": "ben_ten:textures/gui/recal/recal_random.png"
	},
	
	"creative_tab": "ben10",	
    "effects": [
        {"type": "skin_change","texture": "ben_ten:textures/models/ben/transform.png"},
        {"type": "glowing_hand","color": [0, 1, 0.16],"size": 6},
		{"type": "skin_overlay","texture": "ben_ten:textures/overlays/glow/failsafe_glow.png","size": 0.11,"glow": true,"conditions": [{"type": "always"}]}
    ],
	
	"abilities": {
	    "gain_reset_af": {
            "ability": "lucraftcore:command_on_gain",
            "show_in_bar": false,
            "title": {"translate":"Background Commands"},
            "icon": { "type": "internal" },
            "commands": ["scoreboard players set @s Transform 0"]
        },
		"lose_reset_af": {
            "ability": "lucraftcore:command_on_gain",
            "show_in_bar": false,
            "title": {"translate":"Background Commands"},
            "icon": { "type": "internal" },
            "commands": ["scoreboard players set @s Transform 0"]
        },
		"af_random": {
			"ability": "lucraftcore:command_loop",
			"show_in_bar": false,
			"title": {"text": "Random"},
			"icon": { "type": "texture", 
			          "texture": "ben_ten:textures/gui/recal/recal_random.png"},
			"commands": ["scoreboard players add @s Transform 1",
			"execute @s[score_Transform=25,score_Transform_min=25,score_Random=1,score_Random_min=1] ~ ~ ~ /superpower @s ben_ten:necrofriggian",
			"execute @s[score_Transform=25,score_Transform_min=25,score_Random=2,score_Random_min=2] ~ ~ ~ /superpower @s ben_ten:crystalsapien",
			"execute @s[score_Transform=25,score_Transform_min=25,score_Random=3,score_Random_min=3] ~ ~ ~ /superpower @s ben_ten:methanosian",
			"execute @s[score_Random=4,score_Random_min=4] ~ ~ ~ /sizechange @s 0.7 lucraftcore:default",
			"execute @s[score_Transform=25,score_Transform_min=25,score_Random=4,score_Random_min=4] ~ ~ ~ /superpower @s ben_ten:sonorosian",
			"execute @s[score_Random=5,score_Random_min=5] ~ ~ ~ /sizechange @s 3 lucraftcore:default",
			"execute @s[score_Transform=25,score_Transform_min=25,score_Random=5,score_Random_min=5] ~ ~ ~ /superpower @s ben_ten:vaxasaurian",
			"execute @s[score_Transform=25,score_Transform_min=25,score_Random=6,score_Random_min=6] ~ ~ ~ /superpower @s ben_ten:aerophibian",
			"execute @s[score_Transform=25,score_Transform_min=25,score_Random=7,score_Random_min=7] ~ ~ ~ /superpower @s ben_ten:cerebrocrustacean",
			"execute @s[score_Transform=25,score_Transform_min=25,score_Random=8,score_Random_min=8] ~ ~ ~ /superpower @s ben_ten:arachnichimp",
			"execute @s[score_Transform=25,score_Transform_min=25,score_Random=9,score_Random_min=9] ~ ~ ~ /superpower @s ben_ten:polymorph",
			"execute @s[score_Transform=25,score_Transform_min=25,score_Random=10,score_Random_min=10] ~ ~ ~ /scoreboard objectives add Choice dummy",
			"execute @s[score_Transform=25,score_Transform_min=25,score_Random=10,score_Random_min=10] ~ ~ ~ /scoreboard players set @s Choice 0",
			"execute @s[score_Transform=25,score_Transform_min=25,score_Random=10,score_Random_min=10] ~ ~ ~ /scoreboard objectives add Ask dummy",
			"execute @s[score_Transform=25,score_Transform_min=25,score_Random=10,score_Random_min=10] ~ ~ ~ /scoreboard players set @s Ask 0",
			"execute @s[score_Transform=25,score_Transform_min=25,score_Random=10,score_Random_min=10] ~ ~ ~ /superpower @s ben_ten:celestialsapien_new",			
			"execute @s[score_Transform=25,score_Transform_min=25,score_Random=11,score_Random_min=11,tag=Arburian] ~ ~ ~ /superpower @s ben_ten:arburian_pelarota",
			"execute @s[score_Transform=25,score_Transform_min=25,score_Random=11,score_Random_min=11,tag=!Arburian] ~ ~ ~ /superpower @s ben_ten:arachnichimp",
			"execute @s[score_Random=12,score_Random_min=12,tag=Murk] ~ ~ ~ /sizechange @s 0.7 lucraftcore:default",
			"execute @s[score_Transform=25,score_Transform_min=25,score_Random=12,score_Random_min=12,tag=Murk] ~ ~ ~ /superpower @s ben_ten:murk_gourmand",
			"execute @s[score_Transform=25,score_Transform_min=25,score_Random=12,score_Random_min=12,tag=!Murk] ~ ~ ~ /superpower @s ben_ten:methanosian",
			"execute @s[score_Random=13,score_Random_min=13,tag=Toku] ~ ~ ~ /sizechange @s 12 lucraftcore:default",
			"execute @s[score_Transform=25,score_Transform_min=25,score_Random=13,score_Random_min=13,tag=Toku] ~ ~ ~ /superpower @s ben_ten:tokustar",
			"execute @s[score_Transform=25,score_Transform_min=25,score_Random=13,score_Random_min=13,tag=!Toku] ~ ~ ~ /superpower @s ben_ten:aerophibian",
			"execute @s[score_Transform=25,score_Transform_min=25,score_Random=14,score_Random_min=14,tag=Bio] ~ ~ ~ /superpower @s ben_ten:biosovortian",
			"execute @s[score_Transform=25,score_Transform_min=25,score_Random=14,score_Random_min=14,tag=!Bio] ~ ~ ~ /superpower @s ben_ten:cerebrocrustacean",
			"execute @s[score_Random=15,score_Random_min=15,tag=Nano] ~ ~ ~ /sizechange @s 0.1 lucraftcore:default",
			"execute @s[score_Transform=25,score_Transform_min=25,score_Random=15,score_Random_min=15,tag=Nano] ~ ~ ~ /superpower @s ben_ten:nanomech",
			"execute @s[score_Random=15,score_Random_min=15,tag=!Nano] ~ ~ ~ /sizechange @s 3 lucraftcore:default",
			"execute @s[score_Transform=25,score_Transform_min=25,score_Random=15,score_Random_min=15,tag=!Nano] ~ ~ ~ /superpower @s ben_ten:vaxasaurian",
			"execute @s[score_Transform=25,score_Transform_min=25,score_Random=16,score_Random_min=16,tag=Ecto] ~ ~ ~ /superpower @s ben_ten:ectonurite_true",
			"execute @s[score_Transform=25,score_Transform_min=25,score_Random=16,score_Random_min=16,tag=!Ecto] ~ ~ ~ /superpower @s ben_ten:crystalsapien",
			"execute @s[score_Transform=25,score_Transform_min=25,score_Random=17,score_Random_min=17,tag=Appo] ~ ~ ~ /superpower @s ben_ten:appoplexian",
			"execute @s[score_Random=17,score_Random_min=17,tag=!Appo] ~ ~ ~ /sizechange @s 0.7 lucraftcore:default",
			"execute @s[score_Transform=25,score_Transform_min=25,score_Random=17,score_Random_min=17,tag=!Appo] ~ ~ ~ /superpower @s ben_ten:sonorosian"
			]
			
        }
	}
}
