{
	"name" : {
		"text": "Recalibrated Omnitrix"
	},

	"icon": {
		"type": "texture",
		"texture": "ben_ten:textures/gui/recal/recal_omnitrix.png"
	},
	
	"creative_tab": "ben10",
	
	"max_level": 40,
	
	"capsule_color" : 65280,
	
	"effects": [
        {
            "type": "skin_overlay",
            "texture": "ben_ten:textures/overlays/omnitrix/recalibrated_omnitrix.png",
            "size": 0,
            "glow": false,
            "conditions": [
            	{
            		"type": "always"
            	}
            ]
        }
    ],

	"abilities": {
		"level_removal": {
			"ability": "lucraftcore:command_loop",
			"show_in_bar": false,
			"title": {"text": "Levels"},
			"icon": {"type": "texture",
				"texture": "ben_ten:textures/gui/recal/recal_omnitrix.png"},
			"commands": ["superpowerxp -40L @s[tag=os]",
			             "superpowerxp -40L @s[tag=ov]",
			             "superpowerxp -40L @s[tag=ua]"]
		},
		"levelling_0": {
			"ability": "lucraftcore:command_loop",
			"show_in_bar": false,
			"title": {"text": "Novice User"},
			"icon": {"type": "texture",
				"texture": "ben_ten:textures/gui/recal/recal_omnitrix.png"},
			"commands": ["scoreboard players tag @s[tag=!20] add 0"]
		},
		"levelling_20": {
			"ability": "lucraftcore:command_loop",
			"required_level": 20,
			"show_in_bar": false,
			"title": {"text": "Moderate User"},
			"icon": {"type": "texture",
				"texture": "ben_ten:textures/gui/recal/recal_omnitrix.png"},
			"commands": ["scoreboard players tag @s remove 0",
			             "scoreboard players tag @s add 20"]
		},
		"levelling_35": {
			"ability": "lucraftcore:command_loop",
			"required_level": 35,
			"title": {"text": "Experienced User"},
			"icon": {"type": "texture",
				"texture": "ben_ten:textures/gui/recal/recal_omnitrix.png"},
			"commands": ["scoreboard players tag @s remove 0",
			             "scoreboard players tag @s remove 20",
			             "scoreboard players tag @s add 35"]
		},	
		"levelling_40": {
			"ability": "lucraftcore:command_loop",
			"required_level": 40,
			"title": {"text": "Master User"},
			"icon": {"type": "texture",
				"texture": "ben_ten:textures/gui/recal/recal_omnitrix.png"},
			"commands": ["scoreboard players tag @s remove 0",
			             "scoreboard players tag @s remove 20",
			             "scoreboard players tag @s remove 35",
			             "scoreboard players tag @s add 40"]
		},
		"arburian_unlock": {
			"ability": "lucraftcore:command_loop",
			"required_level": 15,
			"show_in_bar": false,
			"title": {"text": "Level Function"},
			"icon": {"type": "texture",
				"texture": "ben_ten:textures/gui/recal/recal_omnitrix.png"},
			"commands": ["scoreboard players tag @s add Arburian"]
		},
		"gourmand_unlock": {
			"ability": "lucraftcore:command_loop",
			"required_level": 16,
			"show_in_bar": false,
			"title": {"text": "Level Function"},
			"icon": {"type": "texture",
				"texture": "ben_ten:textures/gui/recal/recal_omnitrix.png"},
			"commands": ["scoreboard players tag @s add Murk"]
		},
		"tokustar_unlock": {
			"ability": "lucraftcore:command_loop",
			"required_level": 17,
			"show_in_bar": false,
			"title": {"text": "Level Function"},
			"icon": {"type": "texture",
				"texture": "ben_ten:textures/gui/recal/recal_omnitrix.png"},
			"commands": ["scoreboard players tag @s add Toku"]
		},
		"biosovortian_unlock": {
			"ability": "lucraftcore:command_loop",
			"required_level": 22,
			"show_in_bar": false,
			"title": {"text": "Level Function"},
			"icon": {"type": "texture",
				"texture": "ben_ten:textures/gui/recal/recal_omnitrix.png"},
			"commands": ["scoreboard players tag @s add Bio"]
		},
		"nanomech_unlock": {
			"ability": "lucraftcore:command_loop",
			"required_level": 28,
			"show_in_bar": false,
			"title": {"text": "Level Function"},
			"icon": {"type": "texture",
				"texture": "ben_ten:textures/gui/recal/recal_omnitrix.png"},
			"commands": ["scoreboard players tag @s add Nano"]
		},
		"ectonurite_unlock": {
			"ability": "lucraftcore:command_loop",
			"required_level": 31,
			"show_in_bar": false,
			"title": {"text": "Level Function"},
			"icon": {"type": "texture",
				"texture": "ben_ten:textures/gui/recal/recal_omnitrix.png"},
			"commands": ["scoreboard players tag @s add Ecto"]
		},
		"appoplexian_unlock": {
			"ability": "lucraftcore:command_loop",
			"required_level": 37,
			"show_in_bar": false,
			"title": {"text": "Level Function"},
			"icon": {"type": "texture",
				"texture": "ben_ten:textures/gui/recal/recal_omnitrix.png"},
			"commands": ["scoreboard players tag @s add Appo"]
		},
		"timeout_af": {
			"ability": "lucraftcore:command_loop",
			"show_in_bar": false,
			"title": {"text": "Recharge Mode"},
			"icon": { "type": "texture", "texture": "ben_ten:textures/gui/recal/recal_timeout.png" },
			"bar_color": "light_gray",
			"commands": ["execute @s[score_Timer=5999,score_Timer_min=0] ~ ~ ~ /scoreboard players add @s Timer 1", 
			"sizechange @s 1 lucraftcore:default",
			"scoreboard players add @s Random 1", 
			"scoreboard players set @s[score_Random_min=201] Random 0",
            "scoreboard players tag @s[score_Sneak=1,score_Sneak_min=1] add Sneaking",
            "scoreboard players tag @s[score_Sneak=0,score_Sneak_min=0] remove Sneaking",
			"scoreboard players set @s[score_Sneak_min=1] Sneak 0"]
        },
		"failsafe": {
			"ability": "lucraftcore:command_loop",
			"show_in_bar": false,
			"title": {"text": "Omnitrix Failsafe"},
			"icon": {"type": "texture",
				"texture": "ben_ten:textures/gui/recal/recal_omnitrix.png"},
			"commands": ["execute @s[score_Failsafe=12000,score_Failsafe_min=12000] ~ ~ ~ /scoreboard players tag @s remove Explode",
			"execute @s[score_Failsafe=11999,score_Failsafe_min=0] ~ ~ ~ /scoreboard players add @s Failsafe 1",
			"execute @s[score_Health=6,score_Health_min=1,tag=Failsafe,tag=!Explode] ~ ~ ~ /playsound minecraft:custom.failsafe master @a ~ ~ ~",
			"effect @s[score_Health=6,score_Health_min=1,tag=Failsafe,tag=!Explode] minecraft:resistance 3 255 true",
			"execute @s[score_Health=6,score_Health_min=1,tag=Failsafe,tag=!Explode] ~ ~ ~ /superpower @s ben_ten:omnitrix_failsafe"]
		},			
		"select_alien": {	
	        "ability": "lucraftcore:command",
            "show_in_bar": true,	
            "title": {"text":"Alien Selection"},
			"icon": { "type": "texture", "texture": "ben_ten:textures/gui/recal/recal_activate.png" },
            "bar_color": "green",
			"conditions": [{"type": "lucraftcore:not", 
			        "conditions": [{
						"type": "lucraftcore:scoreboard_tag", 
						"tag": "Sneaking"}]}],				
			"commands": ["superpower @s[tag=!Master] ben_ten:recalibratedomnitrix_selection", 
			"execute @s[tag=Master] ~ ~ ~ /superpower @s ben_ten:recalibratedomnitrix_master_selection",
			"playsound minecraft:custom.recalibratedactivate master @a ~ ~ ~",
			"scoreboard players tag @s[tag=ov] remove ov",
			"scoreboard players tag @s[tag=os] remove os",
			"scoreboard players tag @s[tag=ua] remove ua"]
		},	
		"randomiser_af": {
			"ability": "lucraftcore:command_loop",
			"show_in_bar": false,
			"title": {"text": "Randomiser"},
			"icon": {"type": "texture", 
			         "texture": "ben_ten:textures/gui/recal/recal_random.png"},
			"commands": ["scoreboard players add @s Random 1", 
			"scoreboard players set @s[score_Random_min=17] Random 1"]
        },
		"random": {	
	        "ability": "lucraftcore:command",            
			"show_in_bar": true,	
            "title": {"text":"Random Alien"},
			"icon": { "type": "texture", "texture": "ben_ten:textures/gui/recal/recal_random.png" },
            "bar_color": "green",
			"conditions": [{
						"type": "lucraftcore:scoreboard_tag", 
						"tag": "Sneaking"}],				
			"commands": ["playsound minecraft:custom.recaltransform master @a ~ ~ ~",
			"superpower @s ben_ten:recal_r",
			"scoreboard players tag @s[tag=ov] remove ov",
			"scoreboard players tag @s[tag=os] remove os",
			"scoreboard players tag @s[tag=ua] remove ua"]
		},
		"sub_selection": {
			"ability": "lucraftcore:command",
			"show_in_bar": true,
			"title": {"text": "Sub-Menu"},
			"icon": {"type": "texture",
				"texture": "ben_ten:textures/gui/recal/recal_omnitrix.png"},
			"bar_color": "green",
			"commands": ["/superpower @s ben_ten:recalibrated_sub",			
			"title @s actionbar [{\"text\":\"<\",\"color\":\"black\"},{\"text\":\"Code\",\"color\":\"green\"},{\"text\":\">\",\"color\":\"black\"},{\"text\":\"<\",\"color\":\"black\"},{\"score\":{\"name\":\"@s\",\"objective\":\"Code\"},\"color\":\"green\"},{\"text\":\">\",\"color\":\"black\"}]",
			"playsound minecraft:custom.switch master @a ~ ~ ~",
			"scoreboard players tag @s[tag=ov] remove ov",
			"scoreboard players tag @s[tag=os] remove os",
			"scoreboard players tag @s[tag=ua] remove ua"]
		}
	}
}