{
	"name" : {
		"text": "Recalibrated Omnitrix"
	},

	"icon": {
		"type": "texture",
		"texture": "ben_ten:textures/gui/recal/recal_omnitrix.png"
	},
	
	"creative_tab": "ben10",
	
	"max_level": 40,
	
	"capsule_color" : 65280,
	
	"effects": [
        {
            "type": "skin_overlay",
            "texture": "ben_ten:textures/overlays/omnitrix/recalibrated_omnitrix_active.png",
            "size": 0,
            "glow": false,
            "conditions": [
            	{
            		"type": "always"
				}
			]
	    },
		{
            "type": "skin_overlay",
            "texture": "ben_ten:textures/overlays/glow/omnitrix/recalibrated_omnitrix_active_glow.png",
            "size": 0,
            "glow": true,
            "conditions": [
            	{
            		"type": "always"
            	}
            ]
        }
    ],

	"abilities": {
		"normal_size": {
			"ability": "lucraftcore:command_loop",
			"show_in_bar": false,
			"title": {"text": "Normal Size"},
			"icon": { "type": "internal" },
			"commands": ["sizechange @s 1 lucraftcore:default",
			"execute @s[score_Cdeath_min=11] ~ ~ ~ /scoreboard players set @s Cdeath 1"]
        },
        "methanosian": {	
	        "ability": "lucraftcore:command",		
            "show_in_bar": true,	
            "title": {"text":"Methanosian"},
			"icon": { "type": "texture", "texture": "ben_ten:textures/gui/recal/methanosian.png" },
            "bar_color": "green",				
			"commands": ["execute @s[score_Health_min=20] ~ ~ ~ /effect @s minecraft:instant_health 1 18",
			"scoreboard players tag @s add Methanosian",
			"superpower @s ben_ten:transform_af",
			"playsound minecraft:custom.recaltransform master @a ~ ~ ~"] 
		},
		"sonorosian": {	
	        "ability": "lucraftcore:command",		
            "show_in_bar": true,	
            "title": {"text":"Sonorosian"},
			"icon": { "type": "texture", "texture": "ben_ten:textures/gui/recal/sonorosian.png" },
            "bar_color": "green",				
			"commands": ["execute @s[score_Health_min=20] ~ ~ ~ /effect @s minecraft:instant_health 1 18",
			"scoreboard players tag @s add Sonorosian",
			"superpower @s ben_ten:transform_af",
			"playsound minecraft:custom.recaltransform master @a ~ ~ ~"] 
		},		
		"crystalsapien": {
			"ability": "lucraftcore:command",
			"show_in_bar": true,
			"title": {"text":"Crystalsapien"},
			"icon": { "type": "texture", "texture": "ben_ten:textures/gui/recal/crystalsapien.png" },
			"bar_color": "green",
			"commands": [
			"execute @s[score_Health_min=20] ~ ~ ~ /effect @s minecraft:instant_health 1 18",
			"execute @s[score_Cdeath=5,score_Cdeath_min=0] ~ ~ ~ /solarenergy add 150 @s",
			"execute @s[score_Cdeath=5,score_Cdeath_min=0] ~ ~ ~ /scoreboard players tag @s add Crystalsapien",
			"execute @s[score_Cdeath=5,score_Cdeath_min=0] ~ ~ ~ /superpower @s ben_ten:transform_af",
			"execute @s[score_Cdeath_min=6] ~ ~ ~ /scoreboard players tag @s add Petrosapien",
			"execute @s[score_Cdeath_min=6] ~ ~ ~ /superpower @s ben_ten:transform_os",
			"playsound minecraft:custom.recaltransform master @a ~ ~ ~"] 
		},
		"vaxasaurian": {
			"ability": "lucraftcore:command",
			"show_in_bar": true,
			"title": {"text":"Vaxasaurian"},
			"icon": { "type": "texture", "texture": "ben_ten:textures/gui/recal/vaxasaurian.png" },
			"bar_color": "green",
			"commands": ["execute @s[score_Health_min=20] ~ ~ ~ /effect @s minecraft:instant_health 1 18",
			"scoreboard players tag @s add Vaxasaurian",
			"superpower @s ben_ten:transform_af",
			"playsound minecraft:custom.recaltransform master @a ~ ~ ~", 
			"sizechange @s 3 lucraftcore:default"] 
		},
		"necrofriggian": {	
	        "ability": "lucraftcore:command",		
            "show_in_bar": true,	
            "title": {"text":"Necrofriggian"},
			"icon": { "type": "texture", "texture": "ben_ten:textures/gui/recal/necrofriggian.png" },
            "bar_color": "green",				
			"commands": ["execute @s[score_Health_min=20] ~ ~ ~ /effect @s minecraft:instant_health 1 18",
			"scoreboard players tag @s add Necrofriggian",
			"superpower @s ben_ten:transform_af",
			"playsound minecraft:custom.recaltransform master @a ~ ~ ~"] 
		},
		"aerophibian": {	
	        "ability": "lucraftcore:command",		
            "show_in_bar": true,	
            "title": {"text":"Aerophibian"},
			"icon": { "type": "texture", "texture": "ben_ten:textures/gui/recal/aerophibian.png" },
            "bar_color": "green",				
			"commands": ["execute @s[score_Health_min=20] ~ ~ ~ /effect @s minecraft:instant_health 1 18",
			"scoreboard players tag @s add Aerophibian",
			"superpower @s ben_ten:transform_af",
			"playsound minecraft:custom.recaltransform master @a ~ ~ ~"] 
		},
		"cerebrocrustacean": {	
	        "ability": "lucraftcore:command",		
            "show_in_bar": true,	
            "title": {"text":"Cerebrocrustacean"},
			"icon": { "type": "texture", "texture": "ben_ten:textures/gui/recal/cerebrocrustacean.png" },
            "bar_color": "green",				
			"commands": ["execute @s[score_Health_min=20] ~ ~ ~ /effect @s minecraft:instant_health 1 18",
			"scoreboard players tag @s add Cerebrocrustacean",
			"superpower @s ben_ten:transform_af",
			"playsound minecraft:custom.recaltransform master @a ~ ~ ~"] 
		},
		"arachnichimp": {
			"ability": "lucraftcore:command",
			"show_in_bar": true,
			"title": {"text":"Arachnichimp"},
			"icon": { "type": "texture", "texture": "ben_ten:textures/gui/recal/arachnichimp.png" },
			"bar_color": "green",
			"commands": ["execute @s[score_Health_min=20] ~ ~ ~ /effect @s minecraft:instant_health 1 18",
			"scoreboard players tag @s add Arachnichimp",
			"superpower @s ben_ten:transform_af",
			"playsound minecraft:custom.recaltransform master @a ~ ~ ~"] 
		},
		"polymorph": {	
	        "ability": "lucraftcore:command",		
            "show_in_bar": true,	
            "title": {"text":"Polymorph"},
			"icon": { "type": "texture", "texture": "ben_ten:textures/gui/recal/polymorph.png" },
            "bar_color": "green",				
			"commands": ["execute @s[score_Health_min=20] ~ ~ ~ /effect @s minecraft:instant_health 1 18",
			"scoreboard players tag @s add Polymorph",
			"superpower @s ben_ten:transform_af",
			"playsound minecraft:custom.recaltransform master @a ~ ~ ~"] 
		},
		"celestialsapien": {	
	        "ability": "lucraftcore:command",            		
			"show_in_bar": true,	
            "title": {"text":"Celestialsapien"},
			"icon": { "type": "texture", "texture": "ben_ten:textures/gui/recal/celestialsapien.png" },
            "bar_color": "green",				
			"commands": ["scoreboard objectives add Choice dummy",
			"scoreboard players add @s Choice 0", 
			"scoreboard objectives add Ask dummy",
			"scoreboard players add @s Ask 0",
			"execute @s[score_Health_min=20] ~ ~ ~ /effect @s minecraft:instant_health 1 18",
			"scoreboard players tag @s add Celestialsapien",
			"superpower @s ben_ten:transform_af",
			"playsound minecraft:custom.recaltransform master @a ~ ~ ~"] 
		},
		"arburian_pelarota": {	
	        "ability": "lucraftcore:command",
			"show_in_bar": true,	
            "title": {"text":"Arburian Pelarota"},
			"icon": { "type": "texture", "texture": "ben_ten:textures/gui/recal/arburian_pelarota.png" },
            "bar_color": "green",				
			"commands": ["execute @s[score_Health_min=20] ~ ~ ~ /effect @s minecraft:instant_health 1 18",
			"scoreboard players tag @s add Arburian_Pelarota",
			"superpower @s ben_ten:transform_os",
			"playsound minecraft:custom.recaltransform master @a ~ ~ ~"] 
		},
		"murk_gourmand": {	
	        "ability": "lucraftcore:command",
			"show_in_bar": true,	
            "title": {"text":"Murk Gourmand"},
			"icon": { "type": "texture", "texture": "ben_ten:textures/gui/recal/gourmand.png" },
            "bar_color": "green",
			"conditions": [{"type": "lucraftcore:scoreboard_tag",
			                "tag": "Gourmand"}],				
			"commands": ["execute @s[score_Health_min=20] ~ ~ ~ /effect @s minecraft:instant_health 1 18",
			"scoreboard players tag @s add Murk_Gourmand",
			"superpower @s ben_ten:transform_af",
			"playsound minecraft:custom.recaltransform master @a ~ ~ ~"] 
		},
		"tokustar": {	
	        "ability": "lucraftcore:command",
			"show_in_bar": true,	
            "title": {"text":"To'kustar"},
			"icon": { "type": "texture", "texture": "ben_ten:textures/gui/recal/tokustar.png" },
            "bar_color": "green",				
			"commands": ["execute @s[score_Health_min=20] ~ ~ ~ /effect @s minecraft:instant_health 1 18",
			"sizechange @s 12 lucraftcore:default",
			"scoreboard players tag @s add Tokustar",
			"superpower @s ben_ten:transform_os",
			"playsound minecraft:custom.recaltransform master @a ~ ~ ~"] 
		},
		"biosovortian": {	
	        "ability": "lucraftcore:command",
			"show_in_bar": true,	
            "title": {"text":"Biosovortian"},
			"icon": { "type": "texture", "texture": "ben_ten:textures/gui/recal/biosovortian.png" },
            "bar_color": "green",				
			"commands": ["execute @s[score_Health_min=20] ~ ~ ~ /effect @s minecraft:instant_health 1 18",
			"scoreboard players tag @s add Biosovortian",
			"superpower @s ben_ten:transform_af",
			"playsound minecraft:custom.recaltransform master @a ~ ~ ~"] 
		},
		"chip_hybrid": {	
	        "ability": "lucraftcore:command",
			"show_in_bar": true,	
            "title": {"text":"Human/Chip Hybrid"},
			"icon": { "type": "texture", "texture": "ben_ten:textures/gui/recal/nanomech.png" },
            "bar_color": "green",				
			"commands": ["execute @s[score_Health_min=20] ~ ~ ~ /effect @s minecraft:instant_health 1 18",
			"scoreboard players tag @s add Nanomech",
			"superpower @s ben_ten:transform_af",
			"playsound minecraft:custom.recaltransform master @a ~ ~ ~"] 
		},
		"ectonurite": {	
	        "ability": "lucraftcore:command",
			"show_in_bar": true,	
            "title": {"text":"Ectonurite"},
			"icon": { "type": "texture", "texture": "ben_ten:textures/gui/recal/ectonurite.png" },
            "bar_color": "green",				
			"commands": ["execute @s[score_Health_min=20] ~ ~ ~ /effect @s minecraft:instant_health 1 18", 
			"scoreboard players tag @s add True_ectonurite",
			"scoreboard players tag @s add TEctonurite",
			"superpower @s ben_ten:transform_af",
			"playsound minecraft:custom.recaltransform master @a ~ ~ ~"] 
		},
		"appoplexian": {	
	        "ability": "lucraftcore:command",
			"show_in_bar": true,	
            "title": {"text":"Appoplexian"},
			"icon": { "type": "texture", "texture": "ben_ten:textures/gui/recal/appoplexian.png" },
            "bar_color": "green",				
			"commands": ["execute @s[score_Health_min=20] ~ ~ ~ /effect @s minecraft:instant_health 1 18",
			"scoreboard players tag @s add Appoplexian",
			"superpower @s ben_ten:transform_af",
			"playsound minecraft:custom.recaltransform master @a ~ ~ ~"] 
		},
		"deselect": {	
	        "ability": "lucraftcore:command",
            "show_in_bar": true,	
            "title": {"text":"Deselect"},
			"icon": { "type": "texture", "texture": "ben_ten:textures/gui/recal/recal_omnitrix.png" },
            "bar_color": "green",				
			"commands": ["/superpower @s ben_ten:recalibratedomnitrix"]
        },
		"failsafe": {
			"ability": "lucraftcore:command_loop",
			"show_in_bar": false,
			"title": {"text": "Omnitrix Failsafe"},
			"icon": {"type": "texture",
				"texture": "ben_ten:textures/gui/recal/recal_omnitrix.png"},
			"commands": ["execute @s[score_Failsafe=12000,score_Failsafe_min=12000] ~ ~ ~ /scoreboard players tag @s remove Explode",
			"execute @s[score_Failsafe=11999,score_Failsafe_min=0] ~ ~ ~ /scoreboard players add @s Failsafe 1",
			"execute @s[score_Health=6,score_Health_min=1,tag=Failsafe,tag=!Explode] ~ ~ ~ /playsound minecraft:custom.failsafe master @a ~ ~ ~",
			"effect @s[score_Health=6,score_Health_min=1,tag=Failsafe,tag=!Explode] minecraft:resistance 3 255 true",
			"execute @s[score_Health=6,score_Health_min=1,tag=Failsafe,tag=!Explode] ~ ~ ~ /superpower @s ben_ten:omnitrix_failsafe"]
		}
	}
}	
