{
	"name" : {
		"text": "Scan Mode"
	},

	"icon": {
		"type": "texture",
		"texture": "ben_ten:textures/gui/placeholder_scan.png"
	},
	
	"creative_tab": "ben10",
	
	"max_level": 40,
	
	"capsule_color" : 65280,
	
	"effects": [
        {
            "type": "skin_overlay",
            "texture": "ben_ten:textures/overlays/omnitrix/prototype_scan.png",
            "size": 0,
            "glow": false,
            "conditions": [
            	{
            		"type": "ability_enabled",
					"ability": "heroesexpansion:precision"
            	}
            ]
        },
		{
            "type": "skin_overlay",
            "texture": "ben_ten:textures/overlays/glow/omnitrix/prototype_scan_glow.png",
            "size": 0,
            "glow": true,
            "conditions": [
            	{
            		"type": "ability_enabled",
					"ability": "heroesexpansion:precision"
            	}
            ]
        },
        {
            "type": "skin_overlay",
            "texture": "ben_ten:textures/overlays/ultimatrix/ultimatrix_scan.png",
            "size": 0,
            "glow": false,
            "conditions": [
            	{
            		"type": "ability_enabled",
					"ability": "lucraftcore:jump_boost"
				}
			]
	    },
		{
            "type": "skin_overlay",
            "texture": "ben_ten:textures/overlays/ultimatrix/ultimatrix_scan_glow.png",
            "size": 0,
            "glow": true,
            "conditions": [
            	{
            		"type": "ability_enabled",
					"ability": "lucraftcore:jump_boost"
            	}
            ]
        },
        {
            "type": "skin_overlay",
            "texture": "ben_ten:textures/overlays/omnitrix/omnitrix_scan.png",
            "size": 0,
            "glow": false,
            "conditions": [
            	{
            		"type": "ability_enabled",
					"ability": "lucraftcore:step_assist"
				}
			]
	    },
		{
            "type": "skin_overlay",
            "texture": "ben_ten:textures/overlays/omnitrix/omnitrix_scan_glow.png",
            "size": 0,
            "glow": true,
            "conditions": [
            	{
            		"type": "ability_enabled",
					"ability": "lucraftcore:step_assist"
            	}
            ]
        }	
    ],

	"abilities": {
		"os_scan": {
            "ability": "heroesexpansion:precision",
            "show_in_bar": false,
            "title": {"text":"OS"},
            "icon": {"type": "internal"},
			"conditions": [{
			    "type": "lucraftcore:scoreboard_tag",
				"tag": "os"}]
       },
		"ua_scan": {
            "ability": "lucraftcore:jump_boost",
            "show_in_bar": false,
            "title": {"translate":"lucraftcore.abilities.jump_boost.name"},
            "icon": {"type": "internal"},
            "amount": 0.0,
            "operation": 0, 
			"conditions": [{
			    "type": "lucraftcore:scoreboard_tag",
				"tag": "ua"}]
       },
		"ov_scan": {
            "ability": "lucraftcore:step_assist",
            "show_in_bar": false,
            "title": {"translate":"lucraftcore.abilities.step_assist.name"},
            "icon": {"type": "internal"},
            "amount": 0.0,
            "operation": 0,
			"conditions": [{
			    "type": "lucraftcore:scoreboard_tag",
				"tag": "ov"}]
       },
	   "scanning": {
			"ability": "lucraftcore:command_loop",
			"show_in_bar": false,
			"title": {"text": "Scanning"},
			"icon": {"type": "texture",
				"texture": "ben_ten:textures/gui/placeholder_scan.png"},
			"commands": ["execute @s[score_Scan=30,score_Scan_min=0,tag=af] ~ ~ ~ /scoreboard players set @s Scan 0", 
			"execute @s[score_Scan=30,score_Scan_min=0,tag=af] ~ ~ ~ /superpower @s ben_ten:recalibratedomnitrix",
			"scoreboard players add @s Scan 1", 
			"sizechange @s 1 lucraftcore:default",  
			"execute @e[type=creeper,r=5] ~ ~ ~ /scoreboard players tag @p[tag=!Creeper,r=5] add Creeper",  
			"execute @e[type=enderman,r=5] ~ ~ ~ /scoreboard players tag @p[tag=!Enderman,r=5] add Enderman",  
			"execute @e[type=villager_golem,r=5] ~ ~ ~ /scoreboard players tag @p[tag=!Golem,r=5] add Golem",  
			"execute @e[type=heroesexpansion:mjolnir,r=5] ~ ~ ~ /scoreboard players tag @p[tag=!Asgard,r=5] add Asgard",  
			"execute @e[type=heroesexpansion:kree,r=5] ~ ~ ~ /scoreboard players tag @p[tag=!Kree,r=5] add Kree",  
			"execute @e[type=bat,r=5] ~ ~ ~ /scoreboard players tag @p[tag=!Vladat,r=5] add Vladat",  
			"execute @e[type=wolf,r=5] ~ ~ ~ /scoreboard players tag @p[tag=!Loboan,r=5] add Loboan",  
			"execute @e[type=husk,r=5] ~ ~ ~ /scoreboard players tag @p[tag=!Khufan,r=5] add Khufan",			  
			"execute @e[type=zombie_villager,r=5] ~ ~ ~ /scoreboard players tag @p[tag=!Transylian,r=5] add Transylian",
			"execute @s[tag=!Florauna] ~ ~ ~ detect ~3 ~ ~ minecraft:mycelium 0 scoreboard players tag @s[tag=!Florauna] add Florauna",
			"execute @s[tag=!Florauna] ~ ~ ~ detect ~-3 ~ ~ minecraft:mycelium 0 scoreboard players tag @s[tag=!Florauna] add Florauna",
			"execute @s[tag=!Florauna] ~ ~ ~ detect ~ ~-1 ~ minecraft:mycelium 0 scoreboard players tag @s[tag=!Florauna] add Florauna",
			"execute @s[tag=!Florauna] ~ ~ ~ detect ~ ~ ~3 minecraft:mycelium 0 scoreboard players tag @s[tag=!Florauna] add Florauna",
			"execute @s[tag=!Florauna] ~ ~ ~ detect ~ ~ ~-3 minecraft:mycelium 0 scoreboard players tag @s[tag=!Florauna] add Florauna",			
			"execute @s[tag=!Florauna] ~ ~ ~ detect ~3 ~ ~ minecraft:brown_mushroom_block 10 scoreboard players tag @s[tag=!Florauna] add Florauna",			
			"execute @s[tag=!Florauna] ~ ~ ~ detect ~3 ~ ~ minecraft:red_mushroom_block 10 scoreboard players tag @s[tag=!Florauna] add Florauna",			
			"execute @s[tag=!Florauna] ~ ~ ~ detect ~-3 ~ ~ minecraft:brown_mushroom_block 10 scoreboard players tag @s[tag=!Florauna] add Florauna",			
			"execute @s[tag=!Florauna] ~ ~ ~ detect ~-3 ~ ~ minecraft:red_mushroom_block 10 scoreboard players tag @s[tag=!Florauna] add Florauna",			
			"execute @s[tag=!Florauna] ~ ~ ~ detect ~ ~-1 ~ minecraft:brown_mushroom_block 10 scoreboard players tag @s[tag=!Florauna] add Florauna",
			"execute @s[tag=!Florauna] ~ ~ ~ detect ~ ~-1 ~ minecraft:red_mushroom_block 10 scoreboard players tag @s[tag=!Florauna] add Florauna",			
			"execute @s[tag=!Florauna] ~ ~ ~ detect ~ ~ ~3 minecraft:brown_mushroom_block 10 scoreboard players tag @s[tag=!Florauna] add Florauna",
			"execute @s[tag=!Florauna] ~ ~ ~ detect ~ ~ ~3 minecraft:red_mushroom_block 10 scoreboard players tag @s[tag=!Florauna] add Florauna",			
			"execute @s[tag=!Florauna] ~ ~ ~ detect ~ ~ ~-3 minecraft:brown_mushroom_block 10 scoreboard players tag @s[tag=!Florauna] add Florauna",
			"execute @s[tag=!Florauna] ~ ~ ~ detect ~ ~ ~-3 minecraft:red_mushroom_block 10 scoreboard players tag @s[tag=!Florauna] add Florauna"]
		}, 
	   "end_scan": {
			"ability": "lucraftcore:command_loop",
			"show_in_bar": false,
			"title": {"text": "Scanning"},
			"icon": {"type": "texture",
				"texture": "ben_ten:textures/gui/placeholder_scan.png"},
			"commands": [			
			"execute @s[score_Scan=30,score_Scan_min=30,tag=ov] ~ ~ ~ /playsound minecraft:custom.ov_playlist master @a ~ ~ ~",
			"execute @s[score_Scan=30,score_Scan_min=30,tag=os] ~ ~ ~ /playsound minecraft:custom.omnitrixactivate master @a ~ ~ ~", 
			"execute @s[score_Scan=30,score_Scan_min=30,tag=ua] ~ ~ ~ /playsound minecraft:custom.ultimatrix_switch master @a ~ ~ ~",			
			"execute @s[score_Scan=30,score_Scan_min=30,tag=os] ~ ~ ~ /superpower @s ben_ten:prototypeomnitrix",			
			"execute @s[score_Scan=30,score_Scan_min=30,tag=ua] ~ ~ ~ /superpower @s ben_ten:ultimatrix",			
			"execute @s[score_Scan=30,score_Scan_min=30,tag=ov] ~ ~ ~ /superpower @s ben_ten:completedomnitrix",
			"execute @s[score_Scan=30,score_Scan_min=30] ~ ~ ~ /scoreboard players set @s Scan 0"]
		}, 
		"krypton": {
			"ability": "lucraftcore:command_loop",
			"show_in_bar": false,
			"title": {"text": "Scanning"},
			"icon": {"type": "texture",
				"texture": "ben_ten:textures/gui/placeholder_scan.png"},
			"conditions": [{"type": "lucraftcore:scoreboard_tag",
			                "tag": "Krypton"},
						    {"type": "lucraftcore:not", 
			                    "conditions": [{
						         "type": "lucraftcore:scoreboard_tag", 
						         "tag": "Scanned"}]}],
			"commands": ["sizechange @s 1 lucraftcore:default",			
			"execute @s[score_Scan=30,score_Scan_min=30,tag=ua] ~ ~ ~ /playsound minecraft:custom.ultimatrix_switch master @a ~ ~ ~",			
			"execute @s[score_Scan=30,score_Scan_min=30,tag=ua] ~ ~ ~ /superpower @s ben_ten:ultimatrix",
			"execute @s[score_Scan=30,score_Scan_min=30,tag=ua] ~ ~ ~ /scoreboard players set @s Scan 0",
			"execute @s[score_Scan=30,score_Scan_min=30,tag=ua] ~ ~ ~ /scoreboard players tag @s add Scanned"]
		}, 
		"non_omnitrix_cancel": {
			"ability": "lucraftcore:command",
			"show_in_bar": true,
			"title": {"text": "Exit"},
			"icon": {"type": "texture",
				"texture": "ben_ten:textures/gui/placeholder_scan.png"},
			"conditions": [
			    {"type": "lucraftcore:not",
				    "conditions": [ 
			        {"type": "lucraftcore:or",
                            "conditions": [
							{"type": "lucraftcore:scoreboard_tag","tag": "af"},
                            {"type": "lucraftcore:scoreboard_tag","tag": "ua"},
                            {"type": "lucraftcore:scoreboard_tag","tag": "os"},
                            {"type": "lucraftcore:scoreboard_tag","tag": "ov"}
						]
                    }
				]
			}
			],
			"commands": ["sizechange @s 1 lucraftcore:default",			
			             "superpower @s remove"]
		}
	}
}