{
	"name": {
		"text": "Sonorosian"
	},

	"icon": {
		"type": "texture",
		"texture": "ben_ten:textures/gui/recal/sonorosian.png"
	},

	"creative_tab": "ben10",
	
	"max_level": 40,
	
	"capsule_color": 3080117,
	
    "effects": [
        {
        "type": "skin_change",
        "texture": "ben_ten:textures/models/ben/sonorosian.png",
		"conditions": [            	
				{
            		"type": "ability_enabled",
					"ability": "lucraftcore:knockback_resistance"
            	}
			]
       },
        {
        	"type": "skin_change",
        	"texture": "ben_ten:textures/models/ben/sonorosian_scream.png",
        	"conditions": [
        		{
        			"type": "ability_enabled",
        			"ability": "the-fifth-world:screech"
        		},
				{
            		"type": "ability_enabled",
					"ability": "lucraftcore:knockback_resistance"
            	}
        	]
       },
		{
            "type": "skin_overlay",
            "texture": "ben_ten:textures/overlays/glow/sonorosian_glow.png",
            "size": 0,
            "glow": true,
            "conditions": [
            	{
            		"type": "ability_enabled",
					"ability": "lucraftcore:knockback_resistance"
            	}
            ]
       },
		{
            "type": "skin_overlay",
            "texture": "ben_ten:textures/overlays/glow/sonorosian_glow_scream.png",
            "size": 0,
            "glow": true,
            "conditions": [
            	{
        			"type": "ability_enabled",
        			"ability": "the-fifth-world:screech"
        		},
				{
            		"type": "ability_enabled",
					"ability": "lucraftcore:knockback_resistance"
            	}
            ]
       },
		{
        "type": "skin_change",
        "texture": "ben_ten:textures/models/ben/ov_sonorosian.png",
            "conditions": [            	
				{
            		"type": "ability_enabled",
					"ability": "lucraftcore:step_assist"
            	}
			]
       },
        {
        	"type": "skin_change",
        	"texture": "ben_ten:textures/models/ben/ov_sonorosian_scream.png",
        	"conditions": [
        		{
        			"type": "ability_enabled",
        			"ability": "the-fifth-world:screech"
        		},
				{
            		"type": "ability_enabled",
					"ability": "lucraftcore:step_assist"
            	}
        	]
       },
		{
            "type": "skin_overlay",
            "texture": "ben_ten:textures/overlays/glow/ov_sonorosian_glow.png",
            "size": 0,
            "glow": true,
            "conditions": [
            	{
            		"type": "ability_enabled",
					"ability": "lucraftcore:step_assist"
            	}
            ]
       },
		{
            "type": "skin_overlay",
            "texture": "ben_ten:textures/overlays/glow/ov_sonorosian_scream_glow.png",
            "size": 0,
            "glow": true,
            "conditions": [
            	{
        			"type": "ability_enabled",
        			"ability": "the-fifth-world:screech"
        		},
				{
            		"type": "ability_enabled",
					"ability": "lucraftcore:step_assist"
            	}
            ]
       }
		
    ],
	
	"abilities": {
		"uaf_form": {
            "ability": "lucraftcore:knockback_resistance",
            "show_in_bar": false,
            "title": {"text":"UAF Skin"},
            "icon": {"type": "texture", "texture": "ben_ten:textures/gui/recal/recal_omnitrix.png"},
			"conditions": [{
                        "type": "lucraftcore:or",
                            "conditions": [
                            {"type": "lucraftcore:scoreboard_tag",
                             "tag": "af"
                           },
                            {"type": "lucraftcore:scoreboard_tag",
                             "tag": "ua"
                           }]
                   }],
            "amount": 0.0,
            "operation": 0
        },
		"ov_form": {
            "ability": "lucraftcore:step_assist",
            "show_in_bar": false,
            "title": {"text":"OV Skin"},
            "icon": {"type": "texture", "texture": "ben_ten:textures/gui/completedomnitrix/ov_trix_master.png"},
            "amount": 0.0,
			"conditions": [{
			    "type": "lucraftcore:scoreboard_tag",
				"tag": "ov"}]
        },
		"size": {
			"ability": "lucraftcore:command_loop",
			"show_in_bar": false,
			"title": {"text": "Small size"},
			"icon": {"type": "internal"},
			"bar_color": "green",
			"commands": ["sizechange @s 0.7 lucraftcore:default"]
		},
		"radiation_protection": {
            "ability": "the-fifth-world:potion_immunity",
            "show_in_bar": false,
            "title": {"text":"Radiation Protection"},
            "icon": {"type": "internal"},
            "potion": "lucraftcore:radiation"
       },
		"sonic_cry": {
			"ability": "the-fifth-world:screech",
			"cooldown": 50,
            "show_in_bar": true,
            "bar_color": "green",			
            "title": {"text":"Sonic Cry"},		
			"icon": {"type": "texture", "texture": "ben_ten:textures/gui/abilities/sonic_cry.png"},
            "damage": 20.0
		},
		"sonic_cry_xp": {
            "ability": "lucraftcore:command",
			"parent_ability": "sonic_cry",
            "show_in_bar": false,
            "title": {"text":"Sonic Cry XP"},		
			"icon": {"type": "texture", "texture": "ben_ten:textures/gui/abilities/sonic_cry.png"},
            "conditions": [{
			    "type": "ability_enabled",
				"ability": "the-fifth-world:screech"}],
		    "commands": ["superpowerxp 10 @s", "playsound minecraft:custom.sonorosian master @a[r=10] ~ ~ ~"]
		},
		"echolocation": {
            "ability": "heroesexpansion:x_ray",
            "cooldown": 20,
            "show_in_bar": true,
            "title": {"text":"Echolocation"},
            "icon": {"type": "internal"},
            "bar_color": "green"
       },
		"clone":{
            "ability": "lucraftcore:command",
            "show_in_bar": true,
			"bar_color": "green",
            "title": {"text":"Clone"},
            "icon": {"type": "texture", "texture": "ben_ten:textures/gui/abilities/sonorosian_clone.png"},
            "commands": ["cast ebwizardry:decoy @p"]
	   },
		"ultimate": {	
	        "ability": "lucraftcore:command",		
            "show_in_bar": true,	
            "title": {"text":"Ultimate Sonorosian"},
			"icon": {"type": "texture", "texture": "ben_ten:textures/gui/recal/ultimatrix.png"},
            "bar_color": "green",
			"conditions": [{"type": "lucraftcore:scoreboard_tag", 
			                "tag": "ua"}],				
			"commands": ["sizechange @s 1.3 lucraftcore:default",
			"scoreboard players tag @s add USonorosian",
			"superpower @s ben_ten:transform_af",			
			"playsound minecraft:custom.ultimate master @a ~ ~ ~"]
		},
		"switch": {	
	        "ability": "lucraftcore:command",		
            "show_in_bar": true,	
            "title": {"text":"Switch"},
			"icon": {"type": "texture", "texture": "ben_ten:textures/gui/recal/recal_activate.png"},
		    "conditions": [{
			    "type": "lucraftcore:not", 
			        "conditions": [{
						"type": "lucraftcore:scoreboard_tag", 
						"tag": "Sneaking"},
				        {
						"type": "lucraftcore:scoreboard_tag", 
						"tag": "ov"}
						]}],
            "bar_color": "green",				
			"command": ["superpower @s[score_Timer_min=1200] ben_ten:sonorosian_switch",
			"execute @s[score_Timer=1199,score_Timer_min=0] ~ ~ ~ /tellraw @s {\"text\":\"Insufficient Power\",\"color\":\"green\"}"]
		},
		"death_state":{
			"ability": "lucraftcore:command_loop",
			"show_in_bar": false,
			"title": {"text":"Death State"},			
			"icon": {"type": "texture",
				"texture": "ben_ten:textures/gui/omnitrix_timeout.png"},
			"commands": [
			"execute @s[score_Health=0,score_Health_min=0,tag=os] ~ ~ ~ /superpower @s ben_ten:prototypeomnitrix",
			"execute @s[score_Health=0,score_Health_min=0,tag=af] ~ ~ ~ /superpower @s ben_ten:recalibratedomnitrix",
			"execute @s[score_Health=0,score_Health_min=0,tag=ua] ~ ~ ~ /superpower @s ben_ten:ultimatrix",
			"execute @s[score_Health=0,score_Health_min=0,tag=ov] ~ ~ ~ /superpower @s ben_ten:completedomnitrix",
			"scoreboard players tag @s[score_Sneak=1,score_Sneak_min=1] add Sneaking",
            "scoreboard players tag @s[score_Sneak=0,score_Sneak_min=0] remove Sneaking",
			"scoreboard players set @s[score_Sneak_min=1] Sneak 0"]
		},
		"timer":{
			"ability": "lucraftcore:command_loop",
			"show_in_bar": false,
			"title": {"text":"Timer"},			
			"icon": {"type": "texture","texture": "ben_ten:textures/gui/omnitrix_timeout.png"},
			"conditions": [{"type": "lucraftcore:not", 
			            "conditions": [{
						"type": "lucraftcore:scoreboard_tag", 
						"tag": "Master"}]}],
			"commands": ["scoreboard players remove @s Timer 1",
			"scoreboard players set @s[score_Timer=-1,score_Timer_min=-1000000] Timer 1",
			"execute @s[score_Timer=30,score_Timer_min=30,tag=ov] ~ ~ ~ /playsound minecraft:custom.ov_timer master @a ~ ~ ~",
			"execute @s[score_Timer=1,score_Timer_min=1,tag=af] ~ ~ ~ /playsound minecraft:custom.recalibratedhuman master @a ~ ~ ~",
			"execute @s[score_Timer=0,score_Timer_min=0,tag=ua] ~ ~ ~ /playsound minecraft:custom.ultimatrixhuman master @a ~ ~ ~",
			"execute @s[score_Timer=1,score_Timer_min=1,tag=ov] ~ ~ ~ /playsound minecraft:custom.ov_human master @a ~ ~ ~",
			"execute @s[score_Timer=0,score_Timer_min=0] ~ ~ ~ /superpower @s ben_ten:transform_human",
			"superpowerxp 1 @s[tag=0]",
			"superpowerxp 4 @s[tag=20]",
			"superpowerxp 6 @s[tag=35]"]
		},
		"base": {	
	        "ability": "lucraftcore:command",		
            "show_in_bar": true,	
            "title": {"text":"Base Form"},
			"icon": {"type": "texture", "texture": "ben_ten:textures/gui/omnitrix_green.png"},
            "bar_color": "green",
			"conditions": [{
						"type": "lucraftcore:scoreboard_tag", 
						"tag": "Sneaking"}],
			"commands": ["superpower @s ben_ten:transform_human", 
			"execute @s[tag=af] ~ ~ ~ /playsound minecraft:custom.recalibratedhuman master @a ~ ~ ~",
			"execute @s[tag=ua] ~ ~ ~ /playsound minecraft:custom.ultimatrixhuman master @a ~ ~ ~",
			"execute @s[tag=ov] ~ ~ ~ /playsound minecraft:custom.ov_human master @a ~ ~ ~"]
		}
	}
}