{
	"name": {
		"text": "Talpaedan"
	},

	"icon": {
		"type": "texture",
		"texture": "ben_ten:textures/gui/recal/talpaedan.png"
	},

	"creative_tab": "ben10",
	
	"max_level": 40,
	
	"capsule_color": 3080117,
	
    "effects": [
        {
            "type": "skin_change",
            "texture": "ben_ten:textures/models/ben/talpaedan.png"
       },
		{
            "type": "skin_overlay",
            "texture": "ben_ten:textures/overlays/glow/talpaedan_glow.png",
            "size": 0,
            "glow": true,
            "conditions": [
            	{
            		"type": "always"
            	}
            ]
       }
    ],
	
	"abilities": {
		"size": {
			"ability": "lucraftcore:command_loop",
			"show_in_bar": false,
			"title": {"text": "Large size"},
			"icon": {"type": "internal"},
			"commands": ["sizechange @s 1.7 lucraftcore:default"]
		},
		"radiation_protection": {
            "ability": "the-fifth-world:potion_immunity",
            "show_in_bar": false,
            "title": {"text":"Radiation Protection"},
            "icon": {"type": "internal"},
            "potion": "lucraftcore:radiation"
       },
		"health": {		
			"ability": "lucraftcore:health",			
            "show_in_bar": false,		
            "title": {"text":"Health"},					
			"amount": 5,
			"operation": 0		
		},
		"strength": {	
			"ability": "lucraftcore:strength",				
            "show_in_bar": false,		
            "title": {"text":"Strength"},							
			"amount": 14,
			"operation": 0			
		},		
		"resistance": {
			"ability": "lucraftcore:resistance",			
            "show_in_bar": false,		
            "title": {"text":"Resistance"},						
			"amount": 7,
			"operation": 0			
		},
		"knockback_resistance": {
            "ability": "lucraftcore:knockback_resistance",
            "show_in_bar": false,
            "title": {"translate":"lucraftcore.abilities.knockback_resistance.name"},
            "icon": {"type": "internal"},
            "bar_color": "green",
            "amount": 5.0,
            "operation": 0
        },
		"talpaedan_punch": {
			"ability": "lucraftcore:set_punch",
			"icon": {"type": "texture", "texture": "ben_ten:textures/gui/abilities/talpaedanfist.png"},
			"cooldown": 75,
			"damage": 45,
            "reach_distance": 6.0,
            "arm": 0,			
            "show_in_bar": true,
            "title": {"text":"Big Punch"},
            "bar_color": "green"
		},
		"dig": {
			"ability": "lucraftcore:command_held",
            "show_in_bar": true,
			"cooldown": 75,				
			"title": {"text":"Dig"},
			"bar_color": "green",
			"commands": ["cast ebwizardry:mine @p {blast:1.5}"],
			"icon": {"type": "texture", "texture": "ben_ten:textures/gui/abilities/dig.png"}
		},
		"throw_boulder":{
            "ability": "lucraftcore:command",
            "show_in_bar": true,
			"bar_color": "green",
            "cooldown": 400,
            "title": {"text":"Throw Boulder"},
            "icon": {"type": "texture", "texture": "ben_ten:textures/gui/abilities/boulder_throw.png"},
            "commands": ["cast ebwizardry:boulder @p", "/stopsound @s player ebwizardry:spell.boulder"],
			"conditions": [{"type": "lucraftcore:not", 
			            "conditions": [{
						"type": "lucraftcore:scoreboard_tag", 
						"tag": "Air"}]}]
		},
		"shockwave":{
            "ability": "lucraftcore:command",
            "show_in_bar": true,
			"bar_color": "green",
            "cooldown": 200,
            "title": {"text":"Shockwave"},
            "icon": {"type": "texture", "texture": "ben_ten:textures/gui/abilities/talpaedan_shockwave.png"},
            "commands": ["cast ebwizardry:shockwave @p {blast:2}"]
		},
		"earthquake": {	
	        "ability": "lucraftcore:command",		
			"cooldown": 800,
            "show_in_bar": true,	
            "title": {"text":"Earthquake"},
			"icon": {"type": "texture", "texture": "ben_ten:textures/gui/abilities/earthquake.png"},
            "bar_color": "green",				
			"commands": ["cast ebwizardry:earthquake @p {blast:2}"]
		},		
		"burrow":{
            "ability": "lucraftcore:command_toggle",
            "show_in_bar": true,
            "bar_color": "green",
            "cooldown": 200,
            "title": {"text":"Burrow"},
            "icon": {"type": "texture", "texture": "ben_ten:textures/gui/abilities/burrow.png"},
            "commands": ["sizechange @s 0.1 lucraftcore:default", "superpowerxp 50 @s",
            "execute @s ~ ~ ~ detect ~ ~-1 ~ grass 0 /particle blockcrack ~ ~ ~ 0.49 0.01 0.49 0 10 force @a 2", 
            "execute @s ~ ~ ~ detect ~ ~-1 ~ stone 0 /particle blockcrack ~ ~ ~ 0.49 0.01 0.49 0 10 force @a 1", 
            "execute @s ~ ~ ~ detect ~ ~-1 ~ planks 0 /particle blockcrack ~ ~ ~ 0.49 0.01 0.49 0 10 force @a 5", 
            "execute @s ~ ~ ~ detect ~ ~-1 ~ gravel 0 /particle blockcrack ~ ~ ~ 0.49 0.01 0.49 0 10 force @a 13", 
            "execute @s ~ ~ ~ detect ~ ~-1 ~ sand 0 /particle blockcrack ~ ~ ~ 0.49 0.01 0.49 0 10 force @a 12", 
            "/effect @s minecraft:invisibility 1 1 true",
            "effect @s minecraft:speed 1 5 true"],
            "conditions": [{"type": "lucraftcore:not", 
            "conditions": [{
            "type": "lucraftcore:scoreboard_tag", 
            "tag": "Air"}]}]
        },
		"death_state":{
			"ability": "lucraftcore:command_loop",
			"show_in_bar": false,
			"title": {"text":"Death State"},			
			"icon": {"type": "texture",
				"texture": "ben_ten:textures/gui/recal/recal_timeout.png"},
			"commands": ["execute @s[score_Health=0,score_Health_min=0,tag=os] ~ ~ ~ /superpower @s ben_ten:prototypeomnitrix",
			"execute @s[score_Health=0,score_Health_min=0,tag=af] ~ ~ ~ /superpower @s ben_ten:recalibratedomnitrix",
			"execute @s[score_Health=0,score_Health_min=0,tag=ua] ~ ~ ~ /superpower @s ben_ten:ultimatrix",
			"execute @s[score_Health=0,score_Health_min=0,tag=ov] ~ ~ ~ /superpower @s ben_ten:completedomnitrix",
			"execute @s[tag=Air] ~ ~ ~ scoreboard players tag @s remove Air",
			"execute @s ~ ~ ~ detect ~ ~-1 ~ water 0 scoreboard players tag @s add Air",
			"execute @s ~ ~ ~ detect ~ ~-1 ~ air 0 scoreboard players tag @s add Air",
			"scoreboard players tag @s[score_Sneak=1,score_Sneak_min=1] add Sneaking",
            "scoreboard players tag @s[score_Sneak=0,score_Sneak_min=0] remove Sneaking",
			"scoreboard players set @s[score_Sneak_min=1] Sneak 0"]
		},
		"timer":{
			"ability": "lucraftcore:command_loop",
			"show_in_bar": false,
			"title": {"text":"Timer"},			
			"icon": {"type": "texture","texture": "ben_ten:textures/gui/omnitrix_timeout.png"},
			"conditions": [{"type": "lucraftcore:not", 
			            "conditions": [{
						"type": "lucraftcore:scoreboard_tag", 
						"tag": "Master"}]}],
			"commands": ["scoreboard players remove @s Timer 1",
			"scoreboard players set @s[score_Timer=-1,score_Timer_min=-1000000] Timer 1",
			"execute @s[score_Timer=30,score_Timer_min=30,tag=ov] ~ ~ ~ /playsound minecraft:custom.ov_timer master @a ~ ~ ~",
			"execute @s[score_Timer=1,score_Timer_min=1,tag=af] ~ ~ ~ /playsound minecraft:custom.recalibratedhuman master @a ~ ~ ~",
			"execute @s[score_Timer=0,score_Timer_min=0,tag=ua] ~ ~ ~ /playsound minecraft:custom.ultimatrixhuman master @a ~ ~ ~",
			"execute @s[score_Timer=1,score_Timer_min=1,tag=ov] ~ ~ ~ /playsound minecraft:custom.ov_human master @a ~ ~ ~",
			"execute @s[score_Timer=0,score_Timer_min=0] ~ ~ ~ /superpower @s ben_ten:transform_human",
			"superpowerxp 1 @s[tag=0]",
			"superpowerxp 4 @s[tag=20]",
			"superpowerxp 6 @s[tag=35]"]
		},
		"base": {	
	        "ability": "lucraftcore:command",		
            "show_in_bar": true,	
            "title": {"text":"Base Form"},
			"icon": {"type": "texture", "texture": "ben_ten:textures/gui/omnitrix_green.png"},
            "bar_color": "green",
			"conditions": [{
						"type": "lucraftcore:scoreboard_tag", 
						"tag": "Sneaking"}],
			"commands": ["superpower @s ben_ten:transform_human", 
			"execute @s[tag=af] ~ ~ ~ /playsound minecraft:custom.recalibratedhuman master @a ~ ~ ~",
			"execute @s[tag=ua] ~ ~ ~ /playsound minecraft:custom.ultimatrixhuman master @a ~ ~ ~",
			"execute @s[tag=ov] ~ ~ ~ /playsound minecraft:custom.ov_human master @a ~ ~ ~"]
		}
	}
}