{
	"name": {"text": "Transforming"},
	"icon": {"type": "texture","texture": "ben_ten:textures/gui/omnitrix_timeout.png"},
	"creative_tab": "ben10",	
    "effects": [
        {"type": "skin_change","texture": "ben_ten:textures/models/ben/transform.png"},
        {"type": "glowing_hand","color": [1, 0.1, 0.25],"size": 8},
		{"type": "skin_overlay","texture": "ben_ten:textures/overlays/glow/timeout_glow.png","size": 0.11,"glow": true,"conditions": [{"type": "always"}]}
    ],
	
	"abilities": {
		"gain_reset_human": {
            "ability": "lucraftcore:command_on_gain",
            "show_in_bar": false,
            "title": {"translate":"Background Commands"},
            "icon": { "type": "internal" },
            "commands": ["scoreboard players set @s Transform 0"]
        },
		"lose_reset_human": {
            "ability": "lucraftcore:command_on_lose",
            "show_in_bar": false,
            "title": {"translate":"Background Commands"},
            "icon": { "type": "internal" },
            "commands": ["scoreboard players set @s Transform 0"]
        },
	    "transformation_1": {
			"ability": "lucraftcore:command_loop",
			"commands": ["sizechange @s 1 lucraftcore:default",
			"scoreboard players add @s Transform 1",
			"execute @s[score_Transform=25,score_Transform_min=25] ~ ~ ~ /superpower @s ben_ten:prototypeomnitrix"]
		}
	}
}