{
	"name": {"text": "Transforming"},
	"icon": {"type": "texture","texture": "ben_ten:textures/gui/gui_icon.png"},
	"creative_tab": "ben10",	
    "effects": [
        {"type": "skin_change","texture": "ben_ten:textures/models/ben/transform.png"},
        {"type": "glowing_hand","color": [0, 1, 0.16],"size": 8},
		{"type": "skin_overlay","texture": "ben_ten:textures/overlays/glow/failsafe_glow.png","size": 0.11,"glow": true,"conditions": [{"type": "always"}]}
    ],
	
	"abilities": {
		"gain_reset_ov": {
            "ability": "lucraftcore:command_on_gain",
            "show_in_bar": false,
            "title": {"translate":"Background Commands"},
            "icon": { "type": "internal" },
            "commands": ["scoreboard players set @s Transform 0"]
        },
		"lose_reset_ov": {
            "ability": "lucraftcore:command_on_lose",
            "show_in_bar": false,
            "title": {"translate":"Background Commands"},
            "icon": { "type": "internal" },
            "commands": ["scoreboard players set @s Transform 0"]
        },
	    "transformation_size_ov": {
			"ability": "lucraftcore:command_loop",
			"commands": ["scoreboard players add @s Transform 1",			
			"execute @s[tag=Atrocian] ~ ~ ~ /sizechange @s 0.5",
			"execute @s[tag=Durasapien] ~ ~ ~ /sizechange @s 1.4",
			"execute @s[tag=Effluvosynthian] ~ ~ ~ /sizechange @s 1.4",
			"execute @s[tag=Explosasapien] ~ ~ ~ /sizechange @s 0.9",
			"execute @s[tag=Galilean] ~ ~ ~ /sizechange @s 3",
			"execute @s[tag=Gallushi] ~ ~ ~ /sizechange @s 1.4",
			"execute @s[tag=Gimlinopithecus] ~ ~ ~ /sizechange @s 1.3",
			"execute @s[tag=Ickthyperambuloid] ~ ~ ~ /sizechange @s 0.4",
			"execute @s[tag=Incursean] ~ ~ ~ /sizechange @s 1.2",
			"execute @s[tag=Nemuina] ~ ~ ~ /sizechange @s 0.3",
			"execute @s[tag=Orthopterran] ~ ~ ~ /sizechange @s 1.1",
			"execute @s[tag=OV_Celestialsapien] ~ ~ ~ /sizechange @s 1.5",
			"execute @s[tag=OV_Galvanic_Mechamorph] ~ ~ ~ /sizechange @s 1.2",
			"execute @s[tag=Prypiatosian_A] ~ ~ ~ /sizechange @s 1.6",
			"execute @s[tag=Talpi_Folliculus] ~ ~ ~ /sizechange @s 0.6",
			"execute @s[tag=Telesapien] ~ ~ ~ /sizechange @s 1.6",
			"execute @s[tag=Terratinal_Ogre] ~ ~ ~ /sizechange @s 1.4"
			]
		},
	    "transformation_ov_1": {
			"ability": "lucraftcore:command_loop",
			"commands": ["execute @s[score_Transform=25,score_Transform_min=25,tag=Atrocian] ~ ~ ~ /superpower @s ben_ten:atrocian",
			"execute @s[score_Transform=25,score_Transform_min=25,tag=Atrocian] ~ ~ ~ /scoreboard players tag @s remove Atrocian",
			"execute @s[score_Transform=25,score_Transform_min=25,tag=Durasapien] ~ ~ ~ /superpower @s ben_ten:durasapien",
			"execute @s[score_Transform=25,score_Transform_min=25,tag=Durasapien] ~ ~ ~ /scoreboard players tag @s remove Durasapien",
			"execute @s[score_Transform=25,score_Transform_min=25,tag=Effluvosynthian] ~ ~ ~ /superpower @s ben_ten:effluvosynthian",
			"execute @s[score_Transform=25,score_Transform_min=25,tag=Effluvosynthian] ~ ~ ~ /scoreboard players tag @s remove Effluvosynthian",
			"execute @s[score_Transform=25,score_Transform_min=25,tag=Explosasapien] ~ ~ ~ /superpower @s ben_ten:explosasapien",
			"execute @s[score_Transform=25,score_Transform_min=25,tag=Explosasapien] ~ ~ ~ /scoreboard players tag @s remove Explosasapien",
			"execute @s[score_Transform=25,score_Transform_min=25,tag=Galilean] ~ ~ ~ /superpower @s ben_ten:galilean",
			"execute @s[score_Transform=25,score_Transform_min=25,tag=Galilean] ~ ~ ~ /scoreboard players tag @s remove Galilean",
			"execute @s[score_Transform=25,score_Transform_min=25,tag=Gallushi] ~ ~ ~ /superpower @s ben_ten:gallushi",
			"execute @s[score_Transform=25,score_Transform_min=25,tag=Gallushi] ~ ~ ~ /scoreboard players tag @s remove Gallushi",
			"execute @s[score_Transform=25,score_Transform_min=25,tag=Gimlinopithecus] ~ ~ ~ /superpower @s ben_ten:gimlinopithecus",
			"execute @s[score_Transform=25,score_Transform_min=25,tag=Gimlinopithecus] ~ ~ ~ /scoreboard players tag @s remove Gimlinopithecus",
			"execute @s[score_Transform=25,score_Transform_min=25,tag=Ickthyperambuloid] ~ ~ ~ /superpower @s ben_ten:ickthyperambuloid",
			"execute @s[score_Transform=25,score_Transform_min=25,tag=Ickthyperambuloid] ~ ~ ~ /scoreboard players tag @s remove Ickthyperambuloid",
			"execute @s[score_Transform=25,score_Transform_min=25,tag=Incursean] ~ ~ ~ /superpower @s ben_ten:incursean",
			"execute @s[score_Transform=25,score_Transform_min=25,tag=Incursean] ~ ~ ~ /scoreboard players tag @s remove Incursean",
			"execute @s[score_Transform=25,score_Transform_min=25,tag=Nemuina] ~ ~ ~ /superpower @s ben_ten:nemuina",
			"execute @s[score_Transform=25,score_Transform_min=25,tag=Nemuina] ~ ~ ~ /scoreboard players tag @s remove Nemuina",
			"execute @s[score_Transform=25,score_Transform_min=25,tag=Orthopterran] ~ ~ ~ /superpower @s ben_ten:orthopterran",
			"execute @s[score_Transform=25,score_Transform_min=25,tag=Orthopterran] ~ ~ ~ /scoreboard players tag @s remove Orthopterran",
			"execute @s[score_Transform=25,score_Transform_min=25,tag=OV_Celestialsapien] ~ ~ ~ /superpower @s ben_ten:ov_celestialsapien_new",
			"execute @s[score_Transform=25,score_Transform_min=25,tag=OV_Celestialsapien] ~ ~ ~ /scoreboard players tag @s remove OV_Celestialsapien",
			"execute @s[score_Transform=25,score_Transform_min=25,tag=OV_Galvanic_Mechamorph] ~ ~ ~ /superpower @s ben_ten:ov_galvanic_mechamorph",
			"execute @s[score_Transform=25,score_Transform_min=25,tag=OV_Galvanic_Mechamorph] ~ ~ ~ /scoreboard players tag @s remove OV_Galvanic_Mechamorph",
			"execute @s[score_Transform=25,score_Transform_min=25,tag=Prypiatosian_A] ~ ~ ~ /superpower @s ben_ten:prypiatosian_a",
			"execute @s[score_Transform=25,score_Transform_min=25,tag=Prypiatosian_A] ~ ~ ~ /scoreboard players tag @s remove Prypiatosian_A",
			"execute @s[score_Transform=25,score_Transform_min=25,tag=Pturbosaurian] ~ ~ ~ /superpower @s ben_ten:pturbosaurian",
			"execute @s[score_Transform=25,score_Transform_min=25,tag=Pturbosaurian] ~ ~ ~ /scoreboard players tag @s remove Pturbosaurian",
			"execute @s[score_Transform=25,score_Transform_min=25,tag=Talpi_Folliculus] ~ ~ ~ /superpower @s ben_ten:talpi_folliculus",
			"execute @s[score_Transform=25,score_Transform_min=25,tag=Talpi_Folliculus] ~ ~ ~ /scoreboard players tag @s remove Talpi_Folliculus",
			"execute @s[score_Transform=25,score_Transform_min=25,tag=Telesapien] ~ ~ ~ /superpower @s ben_ten:telesapien",
			"execute @s[score_Transform=25,score_Transform_min=25,tag=Telesapien] ~ ~ ~ /scoreboard players tag @s remove Telesapien",
			"execute @s[score_Transform=25,score_Transform_min=25,tag=Terratinal_Ogre] ~ ~ ~ /superpower @s ben_ten:terratinal_ogre",
			"execute @s[score_Transform=25,score_Transform_min=25,tag=Terratinal_Ogre] ~ ~ ~ /scoreboard players tag @s remove Terratinal_Ogre",
			"execute @s[score_Transform=25,score_Transform_min=25,tag=VladatT] ~ ~ ~ /superpower @s ben_ten:vladat",
			"execute @s[score_Transform=25,score_Transform_min=25,tag=VladatT] ~ ~ ~ /scoreboard players tag @s remove VladatT"]
		}
	}
}