{
	"name": {
		"text": "Transylian"
	},

	"icon": {
		"type": "texture",
		"texture": "ben_ten:textures/gui/prototype/transylian.png"
	},

	"creative_tab": "ben10",
	
	"max_level": 40,
	
	"capsule_color": 3080117,
	
    "effects": [
        {
            "type": "skin_change",
            "texture": "ben_ten:textures/models/ben/transylian.png"
        },
		{
            "type": "skin_overlay",
            "texture": "ben_ten:textures/models/ben/timeout/transylian.png",
            "size": 0,
            "glow": true,
            "conditions": [
            	{
            		"type": "ability_enabled",
					"ability": "lucraftcore:healing"
            	}
            ]
        },
		{
        	"type": "trail",
        	"trail_type": "electricity",
        	"color": [0, 1, 0],
        	"use_suit_trail": false,
        	"conditions": [
        		{
        			"type": "always"        			
        		}
        	]
        },
		{
        "type": "skin_change",
        "texture": "ben_ten:textures/models/ben/recalibrated/r_transylian.png",
            "conditions": [            	
				{
            		"type": "ability_enabled",
					"ability": "lucraftcore:knockback_resistance"
            	}
			]
        },
		{
            "type": "skin_overlay",
            "texture": "ben_ten:textures/overlays/glow/recalibrated/r_transylian_glow.png",
            "size": 0,
            "glow": true,
            "conditions": [
            	{
            		"type": "always"
            	},
				{
            		"type": "ability_enabled",
					"ability": "lucraftcore:knockback_resistance"
            	}
            ]
        },
		{
        "type": "skin_change",
        "texture": "ben_ten:textures/models/ben/recalibrated/r_transylian.png",
            "conditions": [            	
				{
            		"type": "ability_enabled",
					"ability": "lucraftcore:step_assist"
            	}
			]
        },
		{
            "type": "skin_overlay",
            "texture": "ben_ten:textures/overlays/glow/recalibrated/r_transylian_glow.png",
            "size": 0,
            "glow": true,
            "conditions": [
            	{
            		"type": "always"
            	},
				{
            		"type": "ability_enabled",
					"ability": "lucraftcore:step_assist"
            	}
            ]
        }
    ],
	
	"abilities": {
		"uaf_form": {
            "ability": "lucraftcore:knockback_resistance",
            "show_in_bar": false,
            "title": {"text":"UAF Skin"},
            "icon": {"type": "texture", "texture": "ben_ten:textures/gui/recal/recal_omnitrix.png"},
			"conditions": [{
			    "type": "lucraftcore:scoreboard_tag",
				"tag": "ua"}]
        },
		"ov_form": {
            "ability": "lucraftcore:step_assist",
            "show_in_bar": false,
            "title": {"text":"OV Skin"},
            "icon": {"type": "texture", "texture": "ben_ten:textures/gui/completedomnitrix/ov_trix_master.png"},
			"conditions": [{
			    "type": "lucraftcore:scoreboard_tag",
				"tag": "ov"}]
        },
		"os_timeout_tr": {
            "ability": "lucraftcore:healing",
			"conditions": [{"type": "lucraftcore:scoreboard_tag","tag": "TO"}],
            "show_in_bar": false,
            "title": {"text":"Timeout Glow"},
            "icon": {"type": "internal"},
            "frequency": 0,
            "amount": 0
        },
		"size": {
			"ability": "lucraftcore:command_loop",
			"show_in_bar": false,
			"title": {"text": "Size"},
			"icon": {"type": "texture", "texture": "ben_ten:textures/gui/prototype/omnitrix.png"},
			"commands": ["sizechange @s 1.5 lucraftcore:default",
			"effect @s minecraft:night_vision 1000000 1 true"]
        },
        "tough_lungs": {
            "ability": "lucraftcore:tough_lungs",
            "show_in_bar": false,
            "title": {"translate":"lucraftcore.abilities.tough_lungs.name"},
            "icon": {"type": "internal"}
        },
		"health": {		
			"ability": "lucraftcore:health",			
            "show_in_bar": false,		
            "title": {"text":"Health"},					
			"amount": 14	
		},
		"strength": {	
			"ability": "lucraftcore:strength",				
            "show_in_bar": false,		
            "title": {"text":"Strength"},							
			"amount": 12			
		},
		"defense": {
			"ability": "lucraftcore:resistance",			
            "show_in_bar": false,		
            "title": {"text":"Resistance"},						
			"amount": 16			
		},
		"radiation_protection": {
            "ability": "the-fifth-world:potion_immunity",
            "show_in_bar": false,
            "title": {"text":"Radiation Protection"},
            "icon": {"type": "internal"},
            "potion": "lucraftcore:radiation"
        },
		"lightning_throw": {
			"ability": "heroesexpansion:lightning_attack",
			"show_in_bar": true,
			"title": {"translate":"heroesexpansion.abilities.lightning_attack.name"},
			"icon": {"type": "internal"},
			"bar_color": "green",
			"damage": 5.0
		},
		"lightning_throw_xp": {
            "ability": "lucraftcore:command",
			"parent_ability": "lightning_throw",
            "show_in_bar": false,
            "title": {"text":"Lightning Attack XP"},
            "icon": {"type": "internal"},
            "conditions": [{
			    "type": "ability_enabled",
				"ability": "heroesexpansion:lightning_attack"}],
		    "commands": ["superpowerxp 50 @s"]
		},
		"chain_lightning":{
            "ability": "lucraftcore:command",
            "show_in_bar": true,
			"bar_color": "green",
            "cooldown": 20,
            "title": {"text":"Chain Lightning"},
            "icon": {"type": "texture", "texture": "ben_ten:textures/gui/abilities/chainshock.png"},
            "commands": ["cast ebwizardry:chain_lightning @s", "superpowerxp 10 @s"]
	    },
		"lightning_arrow":{
            "ability": "lucraftcore:command",
            "show_in_bar": true,
			"bar_color": "green",
            "cooldown": 20,
            "title": {"text":"Lightning Arrow"},
            "icon": {"type": "texture", "texture": "ben_ten:textures/gui/abilities/lightning_arrow.png"},
            "commands": ["cast ebwizardry:lightning_arrow @s {range:3}", "superpowerxp 10 @s"]
	    },
		"lightning_disc":{
            "ability": "lucraftcore:command",
            "show_in_bar": true,
			"bar_color": "green",
            "cooldown": 40,
            "title": {"text":"Lightning Disc"},
            "icon": {"type": "texture", "texture": "ben_ten:textures/gui/abilities/lightning_disc.png"},
            "commands": ["cast ebwizardry:lightning_disc @s", "superpowerxp 10 @s"]
	    },
		"magnetic_body": {
			"ability": "lucraftcore:command_loop",
			"show_in_bar": false,
			"title": {"text": "Magnetic Body"},
			"icon": {"type": "texture",
				"texture": "ben_ten:textures/gui/prototype/omnitrix.png"},
			"commands": ["execute @s[tag=!Magnet] ~ ~ ~ detect ~1 ~ ~ minecraft:iron_block 0 scoreboard players tag @s add Magnet",
			"execute @s[tag=!Magnet] ~ ~ ~ detect ~-1 ~ ~ minecraft:iron_block 0 scoreboard players tag @s add Magnet",
			"execute @s[tag=!Magnet] ~ ~ ~ detect ~ ~ ~1 minecraft:iron_block 0 scoreboard players tag @s add Magnet",
			"execute @s[tag=!Magnet] ~ ~ ~ detect ~ ~ ~-1 minecraft:iron_block 0 scoreboard players tag @s add Magnet",
			"execute @s[tag=Magnet] ~ ~ ~ detect ~2 ~ ~ minecraft:iron_block 0 scoreboard players tag @s remove Magnet",
			"execute @s[tag=Magnet] ~ ~ ~ detect ~-2 ~ ~ minecraft:iron_block 0 scoreboard players tag @s remove Magnet",
			"execute @s[tag=Magnet] ~ ~ ~ detect ~ ~ ~2 minecraft:iron_block 0 scoreboard players tag @s remove Magnet",
			"execute @s[tag=Magnet] ~ ~ ~ detect ~ ~ ~-2 minecraft:iron_block 0 scoreboard players tag @s remove Magnet",
			"execute @s[tag=!Magnet] ~ ~ ~ detect ~1 ~ ~ lucraftcore:block_steel 0 scoreboard players tag @s add Magnet",
			"execute @s[tag=!Magnet] ~ ~ ~ detect ~-1 ~ ~ lucraftcore:block_steel 0 scoreboard players tag @s add Magnet",
			"execute @s[tag=!Magnet] ~ ~ ~ detect ~ ~ ~1 lucraftcore:block_steel 0 scoreboard players tag @s add Magnet",
			"execute @s[tag=!Magnet] ~ ~ ~ detect ~ ~ ~-1 lucraftcore:block_steel 0 scoreboard players tag @s add Magnet",
			"execute @s[tag=Magnet] ~ ~ ~ detect ~2 ~ ~ lucraftcore:block_steel 0 scoreboard players tag @s remove Magnet",
			"execute @s[tag=Magnet] ~ ~ ~ detect ~-2 ~ ~ lucraftcore:block_steel 0 scoreboard players tag @s remove Magnet",
			"execute @s[tag=Magnet] ~ ~ ~ detect ~ ~ ~2 lucraftcore:block_steel 0 scoreboard players tag @s remove Magnet",
			"execute @s[tag=Magnet] ~ ~ ~ detect ~ ~ ~-2 lucraftcore:block_steel 0 scoreboard players tag @s remove Magnet"]
		},
		"magnetic_climb": {
            "ability": "heroesexpansion:wall_crawling",
            "show_in_bar": true,
			"bar_color": "green",
            "title": {"text":"Magnetic Climb"},
			"conditions": [{"type": "lucraftcore:scoreboard_tag", 
			                "tag": "Magnet"}],
            "icon": {"type": "internal"}
        },
		"death_state":{
			"ability": "lucraftcore:command_loop",
			"show_in_bar": false,
			"title": {"text":"Death State"},			
			"icon": {"type": "texture",
				"texture": "ben_ten:textures/gui/omnitrix_timeout.png"},
			"commands": [
			"execute @s[score_Health=0,score_Health_min=0,tag=os] ~ ~ ~ /superpower @s ben_ten:prototypeomnitrix",
			"execute @s[score_Health=0,score_Health_min=0,tag=af] ~ ~ ~ /superpower @s ben_ten:recalibratedomnitrix",
			"execute @s[score_Health=0,score_Health_min=0,tag=ua] ~ ~ ~ /superpower @s ben_ten:ultimatrix",
			"execute @s[score_Health=0,score_Health_min=0,tag=ov] ~ ~ ~ /superpower @s ben_ten:completedomnitrix",
			"execute @s[score_Health=0,score_Health_min=0] ~ ~ ~ /effect @s minecraft:night_vision 0 0 true",
			"scoreboard players tag @s[score_Sneak=1,score_Sneak_min=1] add Sneaking",
            "scoreboard players tag @s[score_Sneak=0,score_Sneak_min=0] remove Sneaking",
			"scoreboard players set @s[score_Sneak_min=1] Sneak 0"]
		},
		"timer":{
			"ability": "lucraftcore:command_loop",
			"show_in_bar": false,
			"title": {"text":"Timer"},			
			"icon": {"type": "texture",
				"texture": "ben_ten:textures/gui/omnitrix_timeout.png"},
			"conditions": [{"type": "lucraftcore:not", 
			            "conditions": [{
						"type": "lucraftcore:scoreboard_tag", 
						"tag": "Master"}]}],
			"commands": ["scoreboard players remove @s Timer 1",
			             "scoreboard players set @s[score_Timer=-1,score_Timer_min=-1000000] Timer 1",
			             "execute @s[score_Timer=60,score_Timer_min=60,tag=os] ~ ~ ~ /playsound minecraft:custom.timeout master @a ~ ~ ~",
			             "execute @s[score_Timer=60,score_Timer_min=60,tag=os] ~ ~ ~ /scoreboard players tag @s add TO",
			             "execute @s[score_Timer=50,score_Timer_min=50,tag=os] ~ ~ ~ /scoreboard players tag @s remove TO",
			             "execute @s[score_Timer=40,score_Timer_min=40,tag=os] ~ ~ ~ /scoreboard players tag @s add TO",
			             "execute @s[score_Timer=30,score_Timer_min=30,tag=os] ~ ~ ~ /scoreboard players tag @s remove TO",
			             "execute @s[score_Timer=20,score_Timer_min=20,tag=os] ~ ~ ~ /scoreboard players tag @s add TO",
			             "execute @s[score_Timer=10,score_Timer_min=10,tag=os] ~ ~ ~ /scoreboard players tag @s remove TO",
			             "execute @s[score_Timer=0,score_Timer_min=0] ~ ~ ~ /effect @s minecraft:night_vision 0 0 true",
			             "execute @s[score_Timer=0,score_Timer_min=0,tag=os] ~ ~ ~ /superpower @s ben_ten:transform_human_os",
			             "execute @s[score_Timer=1,score_Timer_min=1,tag=os] ~ ~ ~ /playsound minecraft:custom.transform master @a ~ ~ ~",
			             "execute @s[score_Timer=0,score_Timer_min=0,tag=af] ~ ~ ~ /superpower @s ben_ten:transform_human",
			             "execute @s[score_Timer=1,score_Timer_min=1,tag=af] ~ ~ ~ /playsound minecraft:custom.recalibratedhuman master @a ~ ~ ~",
			             "execute @s[score_Timer=0,score_Timer_min=0,tag=ua] ~ ~ ~ /superpower @s ben_ten:transform_human",
			             "execute @s[score_Timer=0,score_Timer_min=0,tag=ua] ~ ~ ~ /playsound minecraft:custom.ultimatrixhuman master @a ~ ~ ~",
			             "execute @s[score_Timer=30,score_Timer_min=30,tag=ov] ~ ~ ~ /playsound minecraft:custom.ov_timer master @a ~ ~ ~",
			             "execute @s[score_Timer=1,score_Timer_min=1,tag=ov] ~ ~ ~ /playsound minecraft:custom.ov_human master @a ~ ~ ~",
			             "execute @s[score_Timer=0,score_Timer_min=0,tag=ov] ~ ~ ~ /superpower @s ben_ten:transform_human",
			             "superpowerxp 1 @s[tag=0]",
			             "superpowerxp 4 @s[tag=20]",
			             "superpowerxp 6 @s[tag=35]"]
		},
		"base": {	
	        "ability": "lucraftcore:command",		
            "show_in_bar": true,	
            "title": {"text":"Base Form"},
			"icon": {"type": "texture", "texture": "ben_ten:textures/gui/omnitrix_green.png"},
            "bar_color": "green",
			"conditions": [{"type": "lucraftcore:scoreboard_tag", 
			                "tag": "Sneaking"},
							{"type": "lucraftcore:or",
                            "conditions": [
                            {"type": "lucraftcore:level",
                             "level": 30},
                            {"type": "lucraftcore:scoreboard_tag",
                             "tag": "Master"},
                            {"type": "lucraftcore:scoreboard_tag",
                             "tag": "af"},
                            {"type": "lucraftcore:scoreboard_tag",
                             "tag": "ua"},
                            {"type": "lucraftcore:scoreboard_tag",
                             "tag": "ov"}]
                    }],
			"commands": ["superpower @s ben_ten:transform_human",
			"effect @s minecraft:night_vision 0 0 true", 
			"execute @s[tag=os] ~ ~ ~ /playsound minecraft:custom.transform master @a ~ ~ ~",  
			"execute @s[tag=af] ~ ~ ~ /playsound minecraft:custom.recalibratedhuman master @a ~ ~ ~",
			"execute @s[tag=ua] ~ ~ ~ /playsound minecraft:custom.ultimatrixhuman master @a ~ ~ ~",
			"execute @s[tag=ov] ~ ~ ~ /playsound minecraft:custom.ov_human master @a ~ ~ ~"]
		}
	}
}