{
	"name": {
		"text": "Arburian Pelarota"
	},

	"icon": {
		"type": "texture",
		"texture": "ben_ten:textures/gui/recal/ultimatrix.png"
	},

	"creative_tab": "ben10",
	
	"max_level": 40,
	
	"capsule_color": 3080117,
	
   "effects": [
        {
            "type": "skin_change",
            "texture": "ben_ten:textures/models/ben/arburian_pelarota_ball.png"
        },
		{
            "type": "skin_overlay",
            "texture": "ben_ten:textures/models/ben/ultimates/ult_arburian_pelarota_ball_form_1.png",
            "size": 20,
            "glow": false,
            "conditions": [
            	{
            		"type": "ability_enabled",
					"ability": "lucraftcore:healing"
            	}
            ]
        },
		{
            "type": "skin_overlay",
            "texture": "ben_ten:textures/models/ben/ultimates/ult_arburian_pelarota_ball_form_2.png",
            "size": 20,
            "glow": false,
            "conditions": [
            	{
            		"type": "ability_enabled",
					"ability": "lucraftcore:punch"
            	}
            ]
        },
		{
            "type": "skin_overlay",
            "texture": "ben_ten:textures/models/ben/ultimates/ult_arburian_pelarota_ball_form_3.png",
            "size": 20,
            "glow": false,
            "conditions": [
            	{
            		"type": "ability_enabled",
					"ability": "heroesexpansion:precision"
            	}
            ]
        }
    ],
	
	"abilities": {
		"steps": {
            "ability": "lucraftcore:command_on_gain",
            "show_in_bar": false,
            "title": {"translate":"lucraftcore.abilities.command_on_gain.name"},
            "icon": {"type": "internal"},
            "commands": ["scoreboard objectives add Roll stat.walkOneCm",
			"scoreboard objectives add Roll2 stat.sprintOneCm",
			"scoreboard players set @s Roll 0",
			"scoreboard players set @s Roll2 0"]
       },
		"steps_remove": {
            "ability": "lucraftcore:command_on_lose",
            "show_in_bar": false,
            "title": {"translate":"lucraftcore.abilities.command_on_lose.name"},
            "icon": {"type": "internal"},
            "commands": ["scoreboard players set @s Roll 0",
			"scoreboard players set @s Roll2 0",
			"scoreboard objectives remove Roll",
			"scoreboard objectives remove Roll2",
			"scoreboard players tag @s remove Ball1",
			"scoreboard players tag @s remove Ball2",
			"scoreboard players tag @s remove Ball3"]
       },		    
	    "ball": {	
	        "ability": "lucraftcore:command_loop",		
            "show_in_bar": false,	
            "title": {"text":"Ball Form"},
			"icon": { "type": "texture", "texture": "ben_ten:textures/gui/abilities/u_ball_form.png"},
            "bar_color": "green",				
			"commands": ["sizechange @s 0.5 lucraftcore:default",
			"scoreboard players tag @s[score_Roll_min=0] add Ball1",
			"scoreboard players tag @s[score_Roll_min=99] add Ball2",
			"scoreboard players tag @s[score_Roll_min=100] remove Ball1",
			"scoreboard players tag @s[score_Roll_min=199] add Ball3",
			"scoreboard players tag @s[score_Roll_min=200] remove Ball2",
			"scoreboard players tag @s[score_Roll_min=299] add Ball3",
			"scoreboard players tag @s[score_Roll_min=300] remove Ball3",
			"scoreboard players set @s[score_Roll_min=300] Roll 0",
			"scoreboard players tag @s[score_Roll2_min=0] add Ball1",
			"scoreboard players tag @s[score_Roll2_min=99] add Ball2",
			"scoreboard players tag @s[score_Roll2_min=100] remove Ball1",
			"scoreboard players tag @s[score_Roll2_min=199] add Ball3",
			"scoreboard players tag @s[score_Roll2_min=200] remove Ball2",
			"scoreboard players tag @s[score_Roll2_min=299] add Ball3",
			"scoreboard players tag @s[score_Roll2_min=300] remove Ball3",
			"scoreboard players set @s[score_Roll2_min=300] Roll2 0"]
 		},
		"charge":{
			"ability": "lucraftcore:command",
			"cooldown": 50,
			"title": {"text": "Charge"},
			"icon": {"type": "texture",
				"texture": "ben_ten:textures/gui/abilities/jump.png"},
			"bar_color": "green",	
			"commands": ["cast ebwizardry:charge @p {damage:5.5}",
			"/cast ebwizardry:shockwave @p "]
		},
		"ball_1": {
            "ability": "lucraftcore:healing",
            "show_in_bar": false,
            "title": {"text":"Ball Form"},
            "icon": {"type": "internal"},
            "frequency": 0,
            "amount": 0,
			"conditions": [{
			    "type": "lucraftcore:scoreboard_tag",
				"tag": "Ball1"}]
       },
		"ball_2": {
            "ability": "lucraftcore:punch",
            "show_in_bar": false,
            "title": {"text":"Ball Form"},
            "icon": { "type": "internal" },
            "amount": 0.0,
			"conditions": [{
			    "type": "lucraftcore:scoreboard_tag",
				"tag": "Ball2"}]
        },
		"ball_3": {
            "ability": "heroesexpansion:precision",
            "show_in_bar": false,
            "title": {"text":"Ball Form"},
            "icon": {"type": "internal"},
			"conditions": [{
			    "type": "lucraftcore:scoreboard_tag",
				"tag": "Ball3"}]
       },
		"damage": {	
	        "ability": "lucraftcore:command_loop",		
            "show_in_bar": false,	
            "title": {"text":"Ball Mode"},
			"icon": { "type": "texture", "texture": "ben_ten:textures/gui/abilities/u_ball_form.png" },
            "bar_color": "green",				
			"commands": ["execute @s[score_Roll2=500,score_Roll2_min=1] ~ ~ ~ effect @e[type=zombie,r=1] minecraft:instant_health 1 3 true",
			             "execute @s[score_Roll2=500,score_Roll2_min=1] ~ ~ ~ effect @e[type=zombie_horse,r=1] minecraft:instant_health 1 3 true",
						 "execute @s[score_Roll2=500,score_Roll2_min=1] ~ ~ ~ effect @e[type=zombie_villager,r=1] minecraft:instant_health 1 3 true",
						 "execute @s[score_Roll2=500,score_Roll2_min=1] ~ ~ ~ effect @e[type=skeleton,r=1] minecraft:instant_health 1 3 true",
						 "execute @s[score_Roll2=500,score_Roll2_min=1] ~ ~ ~ effect @e[type=skeleton_horse,r=1] minecraft:instant_health 1 3 true",
						 "execute @s[score_Roll2=500,score_Roll2_min=1] ~ ~ ~ effect @e[type=husk,r=1] minecraft:instant_health 1 3 true",
						 "execute @s[score_Roll2=500,score_Roll2_min=1] ~ ~ ~ effect @e[type=zombie_pigman,r=1] minecraft:instant_health 1 3 true",
						 "execute @s[score_Roll2=500,score_Roll2_min=1] ~ ~ ~ effect @e[type=wither_skeleton,r=1] minecraft:instant_health 1 3 true",
						 "execute @s[score_Roll2=500,score_Roll2_min=1] ~ ~ ~ effect @e[type=wither,r=1] minecraft:instant_health 1 3 true",
						 "execute @s[score_Roll2=500,score_Roll2_min=1] ~ ~ ~ effect @e[r=1] minecraft:instant_damage 1 3 true",
						 "execute @s[score_Roll2=200,score_Roll2_min=10] ~ ~ ~ particle smoke ~ ~0.2 ~ 0.2 0.1 0.2 0 50 force @a ",
						 "execute @s[score_Roll=100,score_Roll_min=10] ~ ~ ~ particle smoke ~ ~0.2 ~ 0.2 0.1 0.2 0 50 force @a "]
 		},
		"damage_immunity": {
            "ability": "the-fifth-world:potion_immunity",
            "show_in_bar": false,
            "title": {"text":"Damage Protection"},
            "icon": { "type": "internal" },
            "potion": "minecraft:instant_damage"
        },
		"jump": {
			"ability": "lucraftcore:jump_boost",			
            "show_in_bar": false,		
            "title": {"text":"Jump Boost"},									
			"amount": 9,
			"operation": 0
		},
		"speed": {
            "ability": "lucraftcore:sprint",
            "show_in_bar": false,		
            "title": {"text":"Speed"},					
			"amount": 3,
			"operation": 0
        },
		"radiation_protection": {
            "ability": "the-fifth-world:potion_immunity",
            "show_in_bar": false,
            "title": {"text":"Radiation Protection"},
            "icon": { "type": "internal" },
            "potion": "lucraftcore:radiation"
        },
        "health": {		
			"ability": "lucraftcore:health",			
            "show_in_bar": false,		
            "title": {"text":"Health"},					
			"amount": 50,
			"operation": 0	
		},
		"strength": {	
			"ability": "lucraftcore:strength",				
            "show_in_bar": false,		
            "title": {"text":"Strength"},						
			"amount": 40,
			"operation": 0		
		},
		"defense": {
			"ability": "lucraftcore:resistance",
            "show_in_bar": false,		
            "title": {"text":"Resistance"},
			"amount": 450,
			"operation": 0
		},
		"fall_resistance": {
			"ability": "lucraftcore:fall_resistance",
			"show_in_bar": false,
			"title": {"text":"Fall Resistance"},
			"amount": 400,
			"operation": 0
		},
		"fire_resistance": {
			"ability": "lucraftcore:fire_resistance",
			"show_in_bar": false,
			"title": {"translate":"lucraftcore.abilities.fire_resistance.name"},
			"icon": { "type": "internal" }
		},
        "step_assist": {
            "ability": "lucraftcore:step_assist",
            "show_in_bar": false,
            "title": {"translate":"lucraftcore.abilities.step_assist.name"},
            "icon": { "type": "internal" },
            "bar_color": "green",
            "amount": 2.0,
            "operation": 0
        },
	    "stop_roll": {	
	        "ability": "lucraftcore:command",		
            "show_in_bar": true,	
            "title": {"text":"Stop Rolling"},
			"icon": { "type": "texture", "texture": "ben_ten:textures/gui/abilities/u_ball_form.png" },
            "bar_color": "green",				
			"command": ["superpower @s ben_ten:ultimate_arburian_pelarota"]
        },
		"timer_ult":{
			"ability": "lucraftcore:command_loop",
			"show_in_bar": false,
			"title": {"text":"Timer"},			
			"icon": {"type": "texture",
				"texture": "ben_ten:textures/gui/recal/recal_timeout.png"},
			"conditions": [{"type": "lucraftcore:not", 
			            "conditions": [{
						"type": "lucraftcore:scoreboard_tag", 
						"tag": "Master"}]}],
			"commands": ["scoreboard players remove @s Timer 3","scoreboard players set @s[score_Timer=-1,score_Timer_min=-1000000] Timer 3", 
			"execute @s[score_Timer=0,score_Timer_min=0] ~ ~ ~ /superpower @s ben_ten:ultimatrix", 
			"execute @s[score_Timer=0,score_Timer_min=0] ~ ~ ~ /particle fallingdust ~ ~ ~ 1 1 1 0 3500 force @a 0133", 
			"execute @s[score_Timer=1,score_Timer_min=1] ~ ~ ~ /playsound minecraft:custom.ultimatrixhuman master @a ~ ~ ~"]
		},
		"experience":{
			"ability": "lucraftcore:command_loop",
			"show_in_bar": false,
			"title": {"text":"Experience"},			
			"icon": {"type": "texture",
				"texture": "ben_ten:textures/gui/placeholder.png"},
			"conditions": [{"type": "lucraftcore:not", 
			            "conditions": [{
						"type": "lucraftcore:scoreboard_tag", 
						"tag": "Master"}]}],
			"commands": ["superpowerxp 1 @s[tag=0]",
			"superpowerxp 4 @s[tag=20]",
			"superpowerxp 6 @s[tag=35]"]
		},
		"death_state":{
			"ability": "lucraftcore:command_loop",
			"show_in_bar": false,
			"title": {"text":"Death State"},			
			"icon": {"type": "texture",
				"texture": "ben_ten:textures/gui/omnitrix_timeout.png"},
			"commands": [
			"execute @s[score_Health=0,score_Health_min=0,tag=os] ~ ~ ~ /superpower @s ben_ten:prototypeomnitrix",
			"execute @s[score_Health=0,score_Health_min=0,tag=af] ~ ~ ~ /superpower @s ben_ten:recalibratedomnitrix",
			"execute @s[score_Health=0,score_Health_min=0,tag=ua] ~ ~ ~ /superpower @s ben_ten:ultimatrix",
			"execute @s[score_Health=0,score_Health_min=0,tag=ov] ~ ~ ~ /superpower @s ben_ten:completedomnitrix",
			"scoreboard players tag @s[score_Sneak=1,score_Sneak_min=1] add Sneaking",
            "scoreboard players tag @s[score_Sneak=0,score_Sneak_min=0] remove Sneaking",
			"scoreboard players set @s[score_Sneak_min=1] Sneak 0"]
		}
	}
}
