{
	"name" : {
		"text": "Ultimatrix"
	},

	"icon": {
		"type": "texture",
		"texture": "ben_ten:textures/gui/recal/ultimatrix_2.png"
	},
	
	"creative_tab": "ben10",
	
	"max_level": 40,
	
	"capsule_color" : 65280,
	
	"effects": [
        {
            "type": "skin_overlay",
            "texture": "ben_ten:textures/overlays/ultimatrix/ultimatrix_active.png",
            "size": 0,
            "glow": false,
            "conditions": [
            	{
            		"type": "always"
				}
			]
	    },
		{
            "type": "skin_overlay",
            "texture": "ben_ten:textures/overlays/ultimatrix/ultimatrix_active_glow.png",
            "size": 0,
            "glow": true,
            "conditions": [
            	{
            		"type": "always"
            	}
            ]
        }
    ],

	"abilities": {
		"timeout": {
		    "hidden": true,
			"ability": "lucraftcore:command_loop",
			"show_in_bar": false,
			"title": {"text": "Recharge Mode"},
			"icon": { "type": "texture", "texture": "ben_ten:textures/gui/recal/recal_timeout.png" },
			"commands": ["execute @s[score_Timer=5999,score_Timer_min=0] ~ ~ ~ /scoreboard players add @s Timer 1", 
			"sizechange @s 1 lucraftcore:default"]
        },
		"arburian_pelarota": {	
	        "ability": "lucraftcore:command",
			"show_in_bar": true,	
            "title": {"text":"Arburian Pelarota"},
			"icon": { "type": "texture", "texture": "ben_ten:textures/gui/recal/arburian_pelarota.png" },
            "bar_color": "green",				
			"commands": ["execute @s[score_Health_min=20] ~ ~ ~ /effect @s minecraft:instant_health 1 18",
			"scoreboard players tag @s add Arburian_Pelarota",
			"superpower @s ben_ten:transform_os",
			"playsound minecraft:custom.ultimatrixtransform master @a ~ ~ ~"] 
		},
		"murk_gourmand": {	
	        "ability": "lucraftcore:command",
			"show_in_bar": true,	
            "title": {"text":"Murk Gourmand"},
			"icon": { "type": "texture", "texture": "ben_ten:textures/gui/recal/gourmand.png" },
            "bar_color": "green",				
			"commands": ["execute @s[score_Health_min=20] ~ ~ ~ /effect @s minecraft:instant_health 1 18",
			"scoreboard players tag @s add Murk_Gourmand",
			"superpower @s ben_ten:transform_af",
			"playsound minecraft:custom.ultimatrixtransform master @a ~ ~ ~"] 
		},
		"tokustar": {	
	        "ability": "lucraftcore:command",
			"show_in_bar": true,	
            "title": {"text":"To'kustar"},
			"icon": { "type": "texture", "texture": "ben_ten:textures/gui/recal/tokustar.png" },
            "bar_color": "green",				
			"commands": ["execute @s[score_Health_min=20] ~ ~ ~ /effect @s minecraft:instant_health 1 18",
			"sizechange @s 12 lucraftcore:default",
			"scoreboard players tag @s add Tokustar",
			"superpower @s ben_ten:transform_os",
			"playsound minecraft:custom.ultimatrixtransform master @a ~ ~ ~"] 
		},
		"biosovortian": {	
	        "ability": "lucraftcore:command",
            "show_in_bar": true,	
            "title": {"text":"Biosovortian"},
			"icon": { "type": "texture", "texture": "ben_ten:textures/gui/recal/biosovortian.png" },
            "bar_color": "green",				
			"commands": ["execute @s[score_Health_min=20] ~ ~ ~ /effect @s minecraft:instant_health 1 18",
			"scoreboard players tag @s add Biosovortian",
			"superpower @s ben_ten:transform_af",
			"playsound minecraft:custom.ultimatrixtransform master @a ~ ~ ~"]
		},
		"chip_hybrid": {	
	        "ability": "lucraftcore:command",
            "show_in_bar": true,	
            "title": {"text":"Human/Chip Hybrid"},
			"icon": { "type": "texture", "texture": "ben_ten:textures/gui/recal/nanomech.png" },
            "bar_color": "green",				
			"commands": ["execute @s[score_Health_min=20] ~ ~ ~ /effect @s minecraft:instant_health 1 18",
			"scoreboard players tag @s add Nanomech",
			"superpower @s ben_ten:transform_af",
			"playsound minecraft:custom.ultimatrixtransform master @a ~ ~ ~"]
		},
		"appoplexian": {	
	        "ability": "lucraftcore:command",	
            "show_in_bar": true,	
            "title": {"text":"Appoplexian"},
			"icon": { "type": "texture", "texture": "ben_ten:textures/gui/recal/appoplexian.png" },
            "bar_color": "green",				
			"commands": ["execute @s[score_Health_min=20] ~ ~ ~ /effect @s minecraft:instant_health 1 18",
			"scoreboard players tag @s add Appoplexian",
			"superpower @s ben_ten:transform_af",
			"playsound minecraft:custom.ultimatrixtransform master @a ~ ~ ~"]
		},
		"orishan": {	
	        "ability": "lucraftcore:command",
            "show_in_bar": true,
            "required_level": 20,	
            "title": {"text":"Orishan"},
			"icon": { "type": "texture", "texture": "ben_ten:textures/gui/recal/orishan.png" },
            "bar_color": "green",				
			"commands": ["execute @s[score_Health_min=20] ~ ~ ~ /effect @s minecraft:instant_health 1 18",
			"scoreboard players tag @s add Orishan",
			"superpower @s ben_ten:transform_ua",
			"playsound minecraft:custom.ultimatrixtransform master @a ~ ~ ~"]
		},
		"geochelone_aerio": {
		    "ability": "lucraftcore:command",
            "show_in_bar": true,
            "required_level": 23,	
            "title": {"text":"Geochelone Aerio"},
			"icon": { "type": "texture", "texture": "ben_ten:textures/gui/recal/geochelone_aerio.png" },
            "bar_color": "green",				
			"commands": ["execute @s[score_Health_min=20] ~ ~ ~ /effect @s minecraft:instant_health 1 18",
			"scoreboard players tag @s add Geochelone_Aerio",
			"superpower @s ben_ten:transform_ua",
			"playsound minecraft:custom.ultimatrixtransform master @a ~ ~ ~"]
		},
		"prypiatosian_b": {	
	        "ability": "lucraftcore:command",
            "show_in_bar": true,
            "required_level": 25,	
            "title": {"text":"Prypiatosian B"},
			"icon": { "type": "texture", "texture": "ben_ten:textures/gui/recal/prypiatosian_b.png" },
            "bar_color": "green",				
			"commands": ["execute @s[score_Health_min=20] ~ ~ ~ /effect @s minecraft:instant_health 1 18",
			"scoreboard players tag @s add Prypiatosian_B",
			"superpower @s ben_ten:transform_ua",
			"playsound minecraft:custom.ultimatrixtransform master @a ~ ~ ~"]
		},
		"talpaedan": {	
	        "ability": "lucraftcore:command",
            "show_in_bar": true,
            "required_level": 28,	
            "title": {"text":"Talpaedan"},
			"icon": { "type": "texture", "texture": "ben_ten:textures/gui/recal/talpaedan.png" },
            "bar_color": "green",				
			"commands": ["execute @s[score_Health_min=20] ~ ~ ~ /effect @s minecraft:instant_health 1 18",
			"scoreboard players tag @s add Talpaedan",
			"superpower @s ben_ten:transform_ua",
			"playsound minecraft:custom.ultimatrixtransform master @a ~ ~ ~"]
		},
		"amperi": {
		    "ability": "lucraftcore:command",
            "show_in_bar": true,			
            "required_level": 30,
            "title": {"text":"Amperi"},
			"icon": { "type": "texture", "texture": "ben_ten:textures/gui/recal/amperi.png" },
            "bar_color": "green",				
			"commands": ["execute @s[score_Health_min=20] ~ ~ ~ /effect @s minecraft:instant_health 1 18",
			"scoreboard players tag @s add Amperi",
			"superpower @s ben_ten:transform_ua",
			"playsound minecraft:custom.ultimatrixtransform master @a ~ ~ ~"]
		},
		"next_playlist_3": {	
	        "ability": "lucraftcore:command",
            "required_level": 20,
            "show_in_bar": true,	
            "title": {"text":"Next Playlist"},
			"icon": { "type": "texture", "texture": "ben_ten:textures/gui/recal/ultimatrix_3.png" },
            "bar_color": "green",				
			"commands": ["/superpower @s ben_ten:ultimatrix_3", 
			"playsound minecraft:custom.switch master @a ~ ~ ~"]
		},
		"main_menu": {	
	        "ability": "lucraftcore:command",
            "show_in_bar": true,	
            "title": {"text":"Playlist Selection"},
			"icon": { "type": "texture", "texture": "ben_ten:textures/gui/recal/recal_omnitrix.png" },
            "bar_color": "green",				
			"commands": ["/superpower @s ben_ten:ultimatrix", 
			"playsound minecraft:custom.switch master @a ~ ~ ~"]
		},
		"previous_playlist_1": {	
	        "ability": "lucraftcore:command",
            "show_in_bar": true,	
            "title": {"text":"Previous Playlist"},
			"icon": { "type": "texture", "texture": "ben_ten:textures/gui/recal/ultimatrix_1.png" },
            "bar_color": "green",				
			"commands": ["/superpower @s ben_ten:ultimatrix_1", 
			"playsound minecraft:custom.switch master @a ~ ~ ~"]
		},
		"failsafe": {
			"ability": "lucraftcore:command_loop",
			"show_in_bar": false,
			"title": {"text": "Omnitrix Failsafe"},
			"icon": {"type": "texture",
				"texture": "ben_ten:textures/gui/recal/recal_omnitrix.png"},
			"commands": ["execute @s[score_Failsafe=12000,score_Failsafe_min=12000] ~ ~ ~ /scoreboard players tag @s remove Explode",
			"execute @s[score_Failsafe=11999,score_Failsafe_min=0] ~ ~ ~ /scoreboard players add @s Failsafe 1",
			"execute @s[score_Health=6,score_Health_min=1,tag=Failsafe,tag=!Explode] ~ ~ ~ /playsound minecraft:custom.failsafe master @a ~ ~ ~",
			"effect @s[score_Health=6,score_Health_min=1,tag=Failsafe,tag=!Explode] minecraft:resistance 3 255 true",
			"execute @s[score_Health=6,score_Health_min=1,tag=Failsafe,tag=!Explode] ~ ~ ~ /superpower @s ben_ten:omnitrix_failsafe"]
		}
	}
}
