{
	"name" : {
		"text": "Ultimatrix"
	},

	"icon": {
		"type": "texture",
		"texture": "ben_ten:textures/gui/recal/ultimatrix_3.png"
	},
	
	"creative_tab": "ben10",
	
	"max_level": 40,
	
	"capsule_color" : 65280,
	
	"effects": [
        {
            "type": "skin_overlay",
            "texture": "ben_ten:textures/overlays/ultimatrix/ultimatrix_active.png",
            "size": 0,
            "glow": false,
            "conditions": [
            	{
            		"type": "always"
				}
			]
	    },
		{
            "type": "skin_overlay",
            "texture": "ben_ten:textures/overlays/ultimatrix/ultimatrix_active_glow.png",
            "size": 0,
            "glow": true,
            "conditions": [
            	{
            		"type": "always"
            	}
            ]
        }
    ],

	"abilities": {
		"timeout": {
		    "hidden": true,
			"ability": "lucraftcore:command_loop",
			"show_in_bar": false,
			"title": {"text": "Recharge Mode"},
			"icon": { "type": "texture", "texture": "ben_ten:textures/gui/recal/recal_timeout.png" },
			"commands": ["execute @s[score_Timer=5999,score_Timer_min=0] ~ ~ ~ /scoreboard players add @s Timer 1", 
			"sizechange @s 1 lucraftcore:default"]
        },
		"pyronite": {
			"ability": "lucraftcore:command",
			"show_in_bar": true,
			"title": {"text": "Pyronite"},
			"icon": {"type": "texture",
				"texture": "ben_ten:textures/gui/recal/pyronite.png"},
			"bar_color": "green",
			"commands": ["execute @s[score_Health_min=20] ~ ~ ~ /effect @s minecraft:instant_health 1 18",
			"scoreboard players tag @s add Pyronite",
			"superpower @s ben_ten:transform_os",
			"playsound minecraft:custom.ultimatrixtransform master @a ~ ~ ~"]
		},
		"petrosapien": {
			"ability": "lucraftcore:command",
			"show_in_bar": true,
			"title": {"text": "Petrosapien"},
			"icon": {"type": "texture",
				"texture": "ben_ten:textures/gui/recal/petrosapien.png"},
			"bar_color": "green",
			"commands": ["execute @s[score_Health_min=20] ~ ~ ~ /effect @s minecraft:instant_health 1 18",
			"scoreboard players tag @s add Petrosapien",
			"superpower @s ben_ten:transform_os",
			"playsound minecraft:custom.ultimatrixtransform master @a ~ ~ ~"]
		},
		"ectonurite": {
			"ability": "lucraftcore:command",
			"show_in_bar": true,
			"title": {"text": "Ectonurite"},
			"icon": {
				"type": "texture",
				"texture": "ben_ten:textures/gui/recal/ectonurite.png"},
			"bar_color": "green",
			"commands": ["execute @s[score_Health_min=20] ~ ~ ~ /effect @s minecraft:instant_health 1 18",
			"scoreboard players tag @s add TEctonurite",
			"superpower @s ben_ten:transform_af",
			"playsound minecraft:custom.ultimatrixtransform master @a ~ ~ ~",
			"effect @s minecraft:night_vision 1000000 1 true"]
		},
		"tetramand": {
			"ability": "lucraftcore:command",
			"show_in_bar": true,
			"title": {"text": "Tetramand"},
			"icon": {"type": "texture",
				"texture": "ben_ten:textures/gui/recal/tetramand.png"},
			"bar_color": "green",
			"commands": ["execute @s[score_Health_min=20] ~ ~ ~ /effect @s minecraft:instant_health 1 18",
			"scoreboard players tag @s add Tetramand",
			"superpower @s ben_ten:transform_os",
			"playsound minecraft:custom.ultimatrixtransform master @a ~ ~ ~"]
		},
		"lepidopterran": {
			"ability": "lucraftcore:command",
			"show_in_bar": true,
			"title": {"text": "Lepidopterran"},
			"icon": {"type": "texture",
				"texture": "ben_ten:textures/gui/recal/lepidopterran.png"},
			"bar_color": "green",
			"commands": ["execute @s[score_Health_min=20] ~ ~ ~ /effect @s minecraft:instant_health 1 18",
			"scoreboard players tag @s add Lepidopterran",
			"superpower @s ben_ten:transform_os",
			"playsound minecraft:custom.ultimatrixtransform master @a ~ ~ ~"]
		},
		"kineceleran": {
			"ability": "lucraftcore:command",
			"show_in_bar": true,
			"title": {"text": "Kineceleran"},
			"icon": {"type": "texture",
				"texture": "ben_ten:textures/gui/recal/kineceleran.png"},
			"bar_color": "green",
			"commands": ["execute @s[score_Health_min=20] ~ ~ ~ /effect @s minecraft:instant_health 1 18",
			"scoreboard players tag @s add Kineceleran",
			"superpower @s ben_ten:transform_os",
			"playsound minecraft:custom.ultimatrixtransform master @a ~ ~ ~"]
		},
		"vulpimancer": {
			"ability": "lucraftcore:command",
			"show_in_bar": true,
			"title": {"text": "Vulpimancer"},
			"icon": {"type": "texture",
				"texture": "ben_ten:textures/gui/recal/vulpimancer.png"},
			"bar_color": "green",
			"commands": ["execute @s[score_Health_min=20] ~ ~ ~ /effect @s minecraft:instant_health 1 18",
			"scoreboard players tag @s add Vulpimancer",
			"superpower @s ben_ten:transform_os",
			"playsound minecraft:custom.ultimatrixtransform master @a ~ ~ ~"]
		},
		"galvan": {
			"ability": "lucraftcore:command",
			"show_in_bar": true,
			"title": {"text": "Galvan"},
			"icon": {"type": "texture",
				"texture": "ben_ten:textures/gui/recal/galvan.png"},
			"bar_color": "green",
			"commands": ["execute @s[score_Health_min=20] ~ ~ ~ /effect @s minecraft:instant_health 1 18",
			"scoreboard players tag @s add Galvan",
			"superpower @s ben_ten:transform_os",
			"playsound minecraft:custom.ultimatrixtransform master @a ~ ~ ~"]
		},
		"piscciss_volan": {
			"ability": "lucraftcore:command",
			"show_in_bar": true,
			"title": {"text": "Piscciss Volan"},
			"icon": {"type": "texture",
				"texture": "ben_ten:textures/gui/recal/piscciss_volan.png"},
			"bar_color": "green",
			"commands": ["execute @s[score_Health_min=20] ~ ~ ~ /effect @s minecraft:instant_health 1 18",
			"scoreboard players tag @s add Piscciss_Volan",
			"superpower @s ben_ten:transform_os",
			"playsound minecraft:custom.ultimatrixtransform master @a ~ ~ ~"]
		},
		"galvanic_mechamorph": {
			"ability": "lucraftcore:command",
			"show_in_bar": true,
			"title": {"text": "Galvanic Mechamorph"},
			"icon": {"type": "texture",
				"texture": "ben_ten:textures/gui/recal/galvanic_mechamorph.png"},
			"bar_color": "green",
			"commands": ["execute @s[score_Health_min=20] ~ ~ ~ /effect @s minecraft:instant_health 1 18",
			"scoreboard players tag @s add U_Galvanic_Mechamorph",
			"superpower @s ben_ten:transform_ua",
			"playsound minecraft:custom.ultimatrixtransform master @a ~ ~ ~"]
		},
		"next_playlist_4": {	
	        "ability": "lucraftcore:command",
            "required_level": 25,
            "show_in_bar": true,	
            "title": {"text":"Next Playlist"},
			"icon": { "type": "texture", "texture": "ben_ten:textures/gui/recal/ultimatrix_4.png" },
            "bar_color": "green",				
			"commands": ["/superpower @s ben_ten:ultimatrix_4", 
			"playsound minecraft:custom.switch master @a ~ ~ ~"]
		},
		"main_menu": {	
	        "ability": "lucraftcore:command",
            "show_in_bar": true,	
            "title": {"text":"Playlist Selection"},
			"icon": { "type": "texture", "texture": "ben_ten:textures/gui/recal/recal_omnitrix.png" },
            "bar_color": "green",				
			"commands": ["/superpower @s ben_ten:ultimatrix", "playsound minecraft:custom.switch master @a ~ ~ ~"]
		},
		"previous_playlist_2": {	
	        "ability": "lucraftcore:command",
            "show_in_bar": true,	
            "title": {"text":"Previous Playlist"},
			"icon": { "type": "texture", "texture": "ben_ten:textures/gui/recal/ultimatrix_2.png" },
            "bar_color": "green",				
			"commands": ["/superpower @s ben_ten:ultimatrix_2", 
			"playsound minecraft:custom.switch master @a ~ ~ ~"]
		},
		"failsafe": {
			"ability": "lucraftcore:command_loop",
			"show_in_bar": false,
			"title": {"text": "Omnitrix Failsafe"},
			"icon": {"type": "texture",
				"texture": "ben_ten:textures/gui/recal/recal_omnitrix.png"},
			"commands": ["execute @s[score_Failsafe=12000,score_Failsafe_min=12000] ~ ~ ~ /scoreboard players tag @s remove Explode",
			"execute @s[score_Failsafe=11999,score_Failsafe_min=0] ~ ~ ~ /scoreboard players add @s Failsafe 1",
			"execute @s[score_Health=6,score_Health_min=1,tag=Failsafe,tag=!Explode] ~ ~ ~ /playsound minecraft:custom.failsafe master @a ~ ~ ~",
			"effect @s[score_Health=6,score_Health_min=1,tag=Failsafe,tag=!Explode] minecraft:resistance 3 255 true",
			"execute @s[score_Health=6,score_Health_min=1,tag=Failsafe,tag=!Explode] ~ ~ ~ /superpower @s ben_ten:omnitrix_failsafe"]
		}
	}
}
