{
	"name": {
		"text": "Ultimate Methanosian"
	},

	"icon": {
		"type": "texture",
		"texture": "ben_ten:textures/gui/recal/ultimatrix.png"
	},

	"creative_tab": "ben10",
	
	"max_level": 40,
	
	"capsule_color": 3080117,
	
    "effects": [

        {
        "type": "skin_change",
        "texture": "ben_ten:textures/models/ben/ultimates/ultimate_methanosian.png"
        },
		{
            "type": "skin_overlay",
            "texture": "ben_ten:textures/overlays/glow/ultimates/ultimate_methanosian_glow.png",
            "size": 0,
            "glow": true,
            "conditions": [
            	{
            		"type": "always"
            	}
            ]
        }
    ],
	
	"abilities": {
		"radiation_protection": {
            "ability": "the-fifth-world:potion_immunity",
            "show_in_bar": false,
            "title": {"text":"Radiation Protection"},
            "icon": {"type": "internal"},
            "potion": "lucraftcore:radiation"
        },
		"gain": {
            "ability": "lucraftcore:command_on_gain",
            "show_in_bar": false,
            "title": {"translate":"lucraftcore.abilities.command_on_gain.name"},
            "icon": {"type": "internal"},
            "commands": ["scoreboard objectives add Facing dummy",
			             "scoreboard objectives add Sneak stat.sneakTime"]
       },
		"lose": {
            "ability": "lucraftcore:command_on_lose",
            "show_in_bar": false,
            "title": {"translate":"lucraftcore.abilities.command_on_lose.name"},
            "icon": {"type": "internal"},
            "commands": ["scoreboard objectives remove Facing dummy",
			             "scoreboard objectives remove Sneak stat.sneakTime"]
	    },
		"death_state_ult_meth":{
			"ability": "lucraftcore:command_loop",
			"show_in_bar": false,
			"title": {"text":"Death State"},			
			"icon": {"type": "texture",
				"texture": "ben_ten:textures/gui/omnitrix_timeout.png"},
			"commands": ["sizechange @s 1.4 lucraftcore:default",
			             "execute @s[score_Health=0,score_Health_min=0,tag=os] ~ ~ ~ /superpower @s ben_ten:prototypeomnitrix",
			             "execute @s[score_Health=0,score_Health_min=0,tag=af] ~ ~ ~ /superpower @s ben_ten:recalibratedomnitrix",
			             "execute @s[score_Health=0,score_Health_min=0,tag=ua] ~ ~ ~ /superpower @s ben_ten:ultimatrix",
			             "execute @s[score_Health=0,score_Health_min=0,tag=ov] ~ ~ ~ /superpower @s ben_ten:completedomnitrix",
			             "execute @e[name=MethBoom] ~ ~ ~ /particle flame ~ ~ ~ 0.2 0.2 0.2 0 500 force ",
			             "execute @e[name=MethBoom] ~ ~ ~ /particle blockcrack ~ ~ ~ 0.8 0.8 0.8 0 900 force @a 238 ",
			             "scoreboard players tag @s[score_Sneak=1,score_Sneak_min=1] add Sneaking",
                         "scoreboard players tag @s[score_Sneak=0,score_Sneak_min=0] remove Sneaking",
			             "scoreboard players set @s[score_Sneak_min=1] Sneak 0"]
		},
		"facing":{
			"ability": "lucraftcore:command_loop",
			"show_in_bar": false,
			"title": {"text":"Direction"},			
			"icon": {"type": "texture",
				"texture": "ben_ten:textures/gui/recal/recal_timeout.png"},
			"commands": [
			             "scoreboard players set @s[ry=22,rym=-22] Facing 1",  
			             "scoreboard players set @s[ry=112,rym=68] Facing 2",  
			             "scoreboard players set @s[ry=-68,rym=-112] Facing 3",
						 "scoreboard players set @s[ry=67,rym=23] Facing 4",
						 "scoreboard players set @s[ry=157,rym=113] Facing 5", 
			             "scoreboard players set @s[ry=-158,rym=158] Facing 6", 
			             "scoreboard players set @s[ry=-113,rym=-157] Facing 7",
						 "scoreboard players set @s[ry=-23,rym=-67] Facing 8",
						 "scoreboard players set @s[rx=-10,rxm=-90] Facing 9", 
			             "scoreboard players set @s[rx=90,rxm=10] Facing 10"]
		},
		"health": {		
			"ability": "lucraftcore:health",			
            "show_in_bar": false,		
            "title": {"text":"Health"},					
			"amount": 10,
			"operation": 0		
		},
		"healing": {
            "ability": "lucraftcore:healing",
            "show_in_bar": false,
            "title": {"translate":"lucraftcore.abilities.healing.name"},
            "icon": {"type": "internal"},
            "bar_color": "green",
            "frequency": 100,
            "amount": 0.5
        },
		"strength": {	
			"ability": "lucraftcore:strength",				
            "show_in_bar": false,		
            "title": {"text":"Strength"},							
			"amount": 20,
			"operation": 0			
		},
		"defense": {
			"ability": "lucraftcore:resistance",			
            "show_in_bar": false,		
            "title": {"text":"Resistance"},						
			"amount": 20,
			"operation": 0			
		},	
		"jump": {
			"ability": "lucraftcore:jump_boost",			
            "show_in_bar": false,		
            "title": {"text":"Jump Boost"},									
			"amount": 4,
			"operation": 0
		},
		"fall_resistance": {
			"ability": "lucraftcore:fall_resistance",
			"show_in_bar": false,
			"title": {"text":"Fall Resistance"},
			"amount": 200,
			"operation": 0
		},
		"plant_growth": {
			"ability": "the-fifth-world:bonemeal_area",
			"conditions": [{
						"type": "lucraftcore:scoreboard_tag", 
						"tag": "Sneaking"}],
			"cooldown": 10,
			"show_in_bar": true,
			"title": {"translate":"Bonemeal Area"},
			"icon": { "type": "texture", "texture": "ben_ten:textures/gui/abilities/bone_meal.png" },
			"bar_color": "green",
			"radius": 6		
		},
		"plant_growth_xp": {
            "ability": "lucraftcore:command",
			"parent_ability": "plant_growth",
            "show_in_bar": false,
            "title": {"text":"Plant Growth XP"},
            "icon": {"type": "internal"},
            "conditions": [{
			    "type": "ability_enabled",
				"ability": "the-fifth-world:bonemeal_area"}],
		    "commands": ["superpowerxp 50 @s"]
		},
		"plant_barrier":{
            "ability": "lucraftcore:command",
			"conditions": [{"type": "lucraftcore:not", 
			            "conditions": [{
						"type": "lucraftcore:scoreboard_tag", 
						"tag": "Sneaking"}]}],
            "show_in_bar": true,
			"bar_color": "green",
            "cooldown": 50,
            "title": {"text":"Plant Barrier"},
            "icon": {"type": "texture", "texture": "ben_ten:textures/gui/abilities/plantbarrier.png"},
            "commands": [
            "/cast ebwizardry:forest_of_thorns @s", "superpowerxp @s 10 "]
		},				
		"flamethrower":{
            "ability": "lucraftcore:command_held",
			"required_level": 10,
            "show_in_bar": true,
			"bar_color": "green",
            "cooldown": 200,
            "title": {"text":"Flamethrower"},
            "icon": {"type": "texture", "texture": "ben_ten:textures/gui/abilities/flamethrower.png"},
            "commands": ["cast ebwizardry:fire_breath @p 1", "superpowerxp @s 2"]
		},
		"tntball":{
            "ability": "lucraftcore:command",
			"conditions": [{"type": "lucraftcore:not", 
			            "conditions": [{
						"type": "lucraftcore:scoreboard_tag", 
						"tag": "Sneaking"}]}],
			"required_level": 20,
            "show_in_bar": true,
			"bar_color": "green",
            "cooldown": 200,
            "title": {"text":"Fireboom"},
            "icon": {"type": "texture", "texture": "ben_ten:textures/gui/abilities/fireball.png"},
            "commands": ["execute @s[score_Facing=1,score_Facing_min=1] ~ ~ ~ /summon tnt ~1 ~2 ~ {CustomName:\"MethBoom\",Power:8,Fuse:10,Motion:[0.0d,0.0d,1.5d]}",
			             "execute @s[score_Facing=1,score_Facing_min=1] ~ ~ ~ /summon tnt ~-1 ~2 ~ {CustomName:\"MethBoom\",Power:8,Fuse:10,Motion:[0.0d,0.0d,1.5d]}",						 
                         "execute @s[score_Facing=2,score_Facing_min=2] ~ ~ ~ /summon tnt ~ ~2 ~-1 {CustomName:\"MethBoom\",Power:8,Fuse:10,Motion:[-1.5d,0.0d,-0.0d]}",
						 "execute @s[score_Facing=2,score_Facing_min=2] ~ ~ ~ /summon tnt ~ ~2 ~1 {CustomName:\"MethBoom\",Power:8,Fuse:10,Motion:[-1.5d,0.0d,-0.0d]}",						 
                         "execute @s[score_Facing=3,score_Facing_min=3] ~ ~ ~ /summon tnt ~ ~2 ~1 {CustomName:\"MethBoom\",Power:8,Fuse:10,Motion:[1.5d,0.0d,-0.0d]}",
                         "execute @s[score_Facing=3,score_Facing_min=3] ~ ~ ~ /summon tnt ~ ~2 ~-1 {CustomName:\"MethBoom\",Power:8,Fuse:10,Motion:[1.5d,0.0d,-0.0d]}",						 
                         "execute @s[score_Facing=4,score_Facing_min=4] ~ ~ ~ /summon tnt ~1 ~2 ~1 {CustomName:\"MethBoom\",Power:8,Fuse:10,Motion:[-1.5d,0.0d,1.5d]}",
						 "execute @s[score_Facing=4,score_Facing_min=4] ~ ~ ~ /summon tnt ~-1 ~2 ~-1 {CustomName:\"MethBoom\",Power:8,Fuse:10,Motion:[-1.5d,0.0d,1.5d]}",						 
                         "execute @s[score_Facing=5,score_Facing_min=5] ~ ~ ~ /summon tnt ~-1 ~2 ~1 {CustomName:\"MethBoom\",Power:8,Fuse:10,Motion:[-1.5d,0.0d,-1.5d]}",
						 "execute @s[score_Facing=5,score_Facing_min=5] ~ ~ ~ /summon tnt ~1 ~2 ~-1 {CustomName:\"MethBoom\",Power:8,Fuse:10,Motion:[-1.5d,0.0d,-1.5d]}",						 
                         "execute @s[score_Facing=6,score_Facing_min=6] ~ ~ ~ /summon tnt ~1 ~2 ~ {CustomName:\"MethBoom\",Power:8,Fuse:10,Motion:[0.0d,0.0d,-1.5d]}",
						 "execute @s[score_Facing=6,score_Facing_min=6] ~ ~ ~ /summon tnt ~-1 ~2 ~ {CustomName:\"MethBoom\",Power:8,Fuse:10,Motion:[0.0d,0.0d,-1.5d]}",						 
                         "execute @s[score_Facing=7,score_Facing_min=7] ~ ~ ~ /summon tnt ~-1 ~2 ~ {CustomName:\"MethBoom\",Power:8,Fuse:10,Motion:[1.5d,0.0d,-1.5d]}",
                         "execute @s[score_Facing=7,score_Facing_min=7] ~ ~ ~ /summon tnt ~1 ~2 ~ {CustomName:\"MethBoom\",Power:8,Fuse:10,Motion:[1.5d,0.0d,-1.5d]}",						 
                         "execute @s[score_Facing=8,score_Facing_min=8] ~ ~ ~ /summon tnt ~1 ~2 ~-1 {CustomName:\"MethBoom\",Power:8,Fuse:10,Motion:[1.5.0d,0.0d,1.5d]}",
						 "execute @s[score_Facing=8,score_Facing_min=8] ~ ~ ~ /summon tnt ~-1 ~2 ~1 {CustomName:\"MethBoom\",Power:8,Fuse:10,Motion:[1.5.0d,0.0d,1.5d]}",						 
						 "execute @s[score_Facing=9,score_Facing_min=9] ~ ~ ~ /summon tnt ~ ~2 ~ {CustomName:\"MethBoom\",Power:8,Fuse:10,Motion:[0.0d,1.5d,0.0d]}",
						 "execute @s[score_Facing=9,score_Facing_min=9] ~ ~ ~ /summon tnt ~ ~2 ~ {CustomName:\"MethBoom\",Power:8,Fuse:10,Motion:[0.0d,1.5d,0.0d]}",						
						"execute @s[score_Facing=10,score_Facing_min=10] ~ ~ ~ /summon tnt ~ ~ ~ {CustomName:\"Grumtnt\",Fuse:2}", 
						"execute @s[score_Facing=10,score_Facing_min=10] ~ ~ ~ /summon tnt ~ ~ ~ {CustomName:\"Grumtnt\",Fuse:2}",						
						"execute @s[score_Facing=10,score_Facing_min=10] ~ ~ ~ /effect @s minecraft:levitation 1 12 ",
					    "execute @s[score_Facing=10,score_Facing_min=10] ~ ~ ~ /effect @s minecraft:resistance 1 10 ",
						"superpowerxp @s 200 "]
        },
		"flame_wave": {	
	        "ability": "lucraftcore:command",
            "conditions": [{
						"type": "lucraftcore:scoreboard_tag", 
						"tag": "Sneaking"}],			
			"cooldown": 100,
            "show_in_bar": true,	
            "title": {"text":"Flame Wave"},
			"icon": {"type": "texture", "texture": "ben_ten:textures/gui/abilities/supernova.png"},
            "bar_color": "green",				
			"commands": ["/cast ebwizardry:firestorm @s {range:5 ,blast:2} "]
		},	
		"freezing_immunity":{
			"ability": "the-fifth-world:potion_immunity",
			"show_in_bar": false,
			"potion": "heroesexpansion:frozen",
			"title": {"text":"Freezing Immunity"},
			"icon": {"type": "texture", "texture": "ben_ten:textures/gui/recal/recal_omnitrix.png"}
		},
		"timer_ult":{
			"ability": "lucraftcore:command_loop",
			"show_in_bar": false,
			"title": {"text":"Timer"},			
			"icon": {"type": "texture",
				"texture": "ben_ten:textures/gui/recal/recal_timeout.png"},
			"conditions": [{"type": "lucraftcore:not", 
			            "conditions": [{
						"type": "lucraftcore:scoreboard_tag", 
						"tag": "Master"}]}],
			"commands": [ 
			"scoreboard players remove @s Timer 3",
			"scoreboard players set @s[score_Timer=-1,score_Timer_min=-1000000] Timer 3", 
			"execute @s[score_Timer=0,score_Timer_min=0] ~ ~ ~ /superpower @s ben_ten:transform_human",
			"execute @s[score_Timer=1,score_Timer_min=1] ~ ~ ~ /playsound minecraft:custom.ultimatrixhuman master @a ~ ~ ~",
			"superpowerxp 1 @s[tag=0]",
			"superpowerxp 4 @s[tag=20]",
			"superpowerxp 6 @s[tag=35]"]
		},
		"devolve": {	
	        "ability": "lucraftcore:command",
            "show_in_bar": true,	
            "title": {"text":"Devolve"},
			"icon": { "type": "texture", "texture": "ben_ten:textures/gui/recal/ultimatrix.png" },
            "bar_color": "green",				
			"commands": ["scoreboard players tag @s remove UMethanosian",
			"scoreboard players tag @s add Methanosian",
			"superpower @s ben_ten:transform_af", 
			"playsound minecraft:custom.ultimatrixhuman master @a ~ ~ ~"]
		}
	}
}
