{
	"name" : {
		"text": "Ultimatrix"
	},

	"icon": {
		"type": "texture",
		"texture": "ben_ten:textures/gui/recal/ultimatrix_5.png"
	},
	
	"creative_tab": "ben10",
	
	"max_level": 40,
	
	"capsule_color" : 65280,
	
	"effects": [
        {
            "type": "skin_overlay",
            "texture": "ben_ten:textures/overlays/ultimatrix/ultimatrix_active.png",
            "size": 0,
            "glow": false,
            "conditions": [
            	{
            		"type": "always"
				}
			]
	    },
		{
            "type": "skin_overlay",
            "texture": "ben_ten:textures/overlays/ultimatrix/ultimatrix_active_glow.png",
            "size": 0,
            "glow": true,
            "conditions": [
            	{
            		"type": "always"
            	}
            ]
        }
    ],

	"abilities": {
		"timeout": {
		    "hidden": true,
			"ability": "lucraftcore:command_loop",
			"show_in_bar": false,
			"title": {"text": "Recharge Mode"},
			"icon": { "type": "texture", "texture": "ben_ten:textures/gui/recal/recal_timeout.png" },
			"commands": ["execute @s[score_Timer=5999,score_Timer_min=0] ~ ~ ~ /scoreboard players add @s Timer 1", 
			"sizechange @s 1 lucraftcore:default"]
        },
		"merlinisapien": {	
	        "ability": "lucraftcore:command",
            "show_in_bar": true,
            "required_level": 35,	
            "title": {"text":"Merlinisapien"},
			"icon": { "type": "texture", "texture": "ben_ten:textures/gui/recal/merlinisapien.png" },
            "bar_color": "green",				
			"commands": ["execute @s[score_Health_min=20] ~ ~ ~ /effect @s minecraft:instant_health 1 18",
			"scoreboard players tag @s add Merlinisapien",
			"superpower @s ben_ten:transform_ua",
			"playsound minecraft:custom.ultimatrixtransform master @a ~ ~ ~"]
		},
		"citrakayah": {	
	        "ability": "lucraftcore:command",
            "show_in_bar": true,
            "required_level": 35,	
            "title": {"text":"Citrakayah"},
			"icon": { "type": "texture", "texture": "ben_ten:textures/gui/recal/citrakayah.png" },
            "bar_color": "green",				
			"commands": ["execute @s[score_Health_min=20] ~ ~ ~ /effect @s minecraft:instant_health 1 18",
			"scoreboard players tag @s add Citrakayah",
			"superpower @s ben_ten:transform_ua",
			"playsound minecraft:custom.ultimatrixtransform master @a ~ ~ ~"]
		},
		"oryctini": {	
	        "ability": "lucraftcore:command",
            "show_in_bar": true,
            "required_level": 35,	
            "title": {"text":"Oryctini"},
			"icon": { "type": "texture", "texture": "ben_ten:textures/gui/recal/oryctini.png" },
            "bar_color": "green",				
			"commands": ["execute @s[score_Health_min=20] ~ ~ ~ /effect @s minecraft:instant_health 1 18",
			"scoreboard players tag @s add Oryctini",
			"superpower @s ben_ten:transform_ua",
			"playsound minecraft:custom.ultimatrixtransform master @a ~ ~ ~"]
		},
		"planchakule": {	
	        "ability": "lucraftcore:command",
            "show_in_bar": true,
            "required_level": 36,	
            "title": {"text":"Planchakule"},
			"icon": { "type": "texture", "texture": "ben_ten:textures/gui/recal/planchakule.png" },
            "bar_color": "green",				
			"commands": ["execute @s[score_Health_min=20] ~ ~ ~ /effect @s minecraft:instant_health 1 18",
			"scoreboard players tag @s add Planchakule",
			"superpower @s ben_ten:transform_ua",
			"playsound minecraft:custom.ultimatrixtransform master @a ~ ~ ~"]
		},
		"chronosapien": {	
	        "ability": "lucraftcore:command",
            "show_in_bar": true,
            "required_level": 36,	
            "title": {"text":"Chronosapien"},
			"icon": { "type": "texture", "texture": "ben_ten:textures/gui/recal/chronosapien.png" },
            "bar_color": "green",				
			"commands": ["execute @s[score_Health_min=20] ~ ~ ~ /effect @s minecraft:instant_health 1 18",
			"scoreboard players tag @s add Chronosapien",
			"superpower @s ben_ten:transform_ua",
			"playsound minecraft:custom.ultimatrixtransform master @a ~ ~ ~"]
		},
		"asgardian": {	
	        "ability": "lucraftcore:command",
            "show_in_bar": true,	
            "title": {"text":"Asgardian"},
			"icon": { "type": "texture", "texture": "ben_ten:textures/gui/recal/asgardian.png" },
            "bar_color": "green",
			"conditions": [{"type": "lucraftcore:scoreboard_tag",
			                "tag": "Asgard"}],				
			"commands": ["execute @s[score_Health_min=20] ~ ~ ~ /effect @s minecraft:instant_health 1 18",
			"scoreboard players tag @s add Asgardian",
			"superpower @s ben_ten:transform_ua",
			"playsound minecraft:custom.ultimatrixtransform master @a ~ ~ ~"]
		},
		"kree": {	
	        "ability": "lucraftcore:command",
            "show_in_bar": true,	
            "title": {"text":"Kree"},
			"icon": { "type": "texture", "texture": "ben_ten:textures/gui/recal/kree.png" },
            "bar_color": "green",
			"conditions": [{"type": "lucraftcore:scoreboard_tag",
			                "tag": "Kree"}],				
			"commands": ["execute @s[score_Health_min=20] ~ ~ ~ /effect @s minecraft:instant_health 1 18",
			"scoreboard players tag @s add KreeT",
			"superpower @s ben_ten:transform_ua",
			"playsound minecraft:custom.ultimatrixtransform master @a ~ ~ ~"]
		},
		"kryptonian": {	
	        "ability": "lucraftcore:command",
            "show_in_bar": true,	
            "title": {"text":"Kryptonian"},
			"icon": { "type": "texture", "texture": "ben_ten:textures/gui/recal/kryptonian.png" },
            "bar_color": "green",
			"conditions": [{"type": "lucraftcore:scoreboard_tag",
			                "tag": "Krypton"}],				
			"commands": ["execute @s[score_Health_min=20] ~ ~ ~ /effect @s minecraft:instant_health 1 18",
			"scoreboard players tag @s add Kryptonian",
			"superpower @s ben_ten:transform_ua",
			"playsound minecraft:custom.ultimatrixtransform master @a ~ ~ ~"]
		},
		"next_playlist_1": {	
	        "ability": "lucraftcore:command",
            "show_in_bar": true,	
            "title": {"text":"Next Playlist"},
			"icon": { "type": "texture", "texture": "ben_ten:textures/gui/recal/ultimatrix_1.png" },
            "bar_color": "green",				
			"commands": ["/superpower @s ben_ten:ultimatrix_1", 
			"playsound minecraft:custom.switch master @a ~ ~ ~"]
		},
		"main_menu": {	
	        "ability": "lucraftcore:command",
            "show_in_bar": true,	
            "title": {"text":"Playlist Selection"},
			"icon": { "type": "texture", "texture": "ben_ten:textures/gui/recal/recal_omnitrix.png" },
            "bar_color": "green",				
			"commands": ["/superpower @s ben_ten:ultimatrix", 
			"playsound minecraft:custom.switch master @a ~ ~ ~"]
		},
		"previous_playlist_4": {	
	        "ability": "lucraftcore:command",
            "required_level": 25,
            "show_in_bar": true,	
            "title": {"text":"Previous Playlist"},
			"icon": { "type": "texture", "texture": "ben_ten:textures/gui/recal/ultimatrix_4.png" },
            "bar_color": "green",				
			"commands": ["/superpower @s ben_ten:ultimatrix_4", 
			"playsound minecraft:custom.switch master @a ~ ~ ~"]
		},
		"failsafe": {
			"ability": "lucraftcore:command_loop",
			"show_in_bar": false,
			"title": {"text": "Omnitrix Failsafe"},
			"icon": {"type": "texture",
				"texture": "ben_ten:textures/gui/recal/recal_omnitrix.png"},
			"commands": ["execute @s[score_Failsafe=12000,score_Failsafe_min=12000] ~ ~ ~ /scoreboard players tag @s remove Explode",
			"execute @s[score_Failsafe=11999,score_Failsafe_min=0] ~ ~ ~ /scoreboard players add @s Failsafe 1",
			"execute @s[score_Health=6,score_Health_min=1,tag=Failsafe,tag=!Explode] ~ ~ ~ /playsound minecraft:custom.failsafe master @a ~ ~ ~",
			"effect @s[score_Health=6,score_Health_min=1,tag=Failsafe,tag=!Explode] minecraft:resistance 3 255 true",
			"execute @s[score_Health=6,score_Health_min=1,tag=Failsafe,tag=!Explode] ~ ~ ~ /superpower @s ben_ten:omnitrix_failsafe"]
		}
	}
}
