{
	"name" : {
		"text": "Ultimatrix"
	},

	"icon": {
		"type": "texture",
		"texture": "ben_ten:textures/gui/recal/recal_omnitrix.png"
	},
	
	"creative_tab": "ben10",
	
	"max_level": 40,
	
	"capsule_color" : 65280,
	
	"effects": [
        {
            "type": "skin_overlay",
            "texture": "ben_ten:textures/overlays/ultimatrix/ultimatrix.png",
            "size": 0,
            "glow": false,
            "conditions": [
            	{
            		"type": "always"
				}
			]
	    },
		{
            "type": "skin_overlay",
            "texture": "ben_ten:textures/overlays/ultimatrix/ultimatrix_glow.png",
            "size": 0,
            "glow": true,
            "conditions": [
            	{
            		"type": "always"
            	}
            ]
        }
    ],

	"abilities": {
		"size": {
			"ability": "lucraftcore:command_loop",
			"show_in_bar": false,
			"title": {"text": "Size"},
			"icon": { "type": "texture", "texture": "ben_ten:textures/gui/recal/recal_omnitrix.png" },
			"bar_color": "light_gray",
			"commands": ["sizechange @s 1 lucraftcore:default", 
			"execute @s[score_Timer=5999,score_Timer_min=0] ~ ~ ~ /scoreboard players add @s Timer 1",
            "scoreboard players tag @s[score_Sneak=1,score_Sneak_min=1] add Sneaking",
            "scoreboard players tag @s[score_Sneak=0,score_Sneak_min=0] remove Sneaking",
			"scoreboard players set @s[score_Sneak_min=1] Sneak 0"]
        },
		"title": {
			"ability": "lucraftcore:command_loop",
			"required_level": 20,
			"show_in_bar": false,
			"title": {"text": "Code Display"},
			"icon": {"type": "texture",
				"texture": "ben_ten:textures/gui/recal/recal_omnitrix.png"},
			"commands": ["scoreboard players add @s Title 1",
			"execute @s[score_Title_min=5] ~ ~ ~ /scoreboard players set @s Title 1",
			"execute @s[score_Title=4,score_Title_min=3] ~ ~ ~ /title @s actionbar [{\"text\":\"<\",\"color\":\"black\"},{\"text\":\"Code\",\"color\":\"green\"},{\"text\":\">\",\"color\":\"black\"},{\"text\":\"<\",\"color\":\"black\"},{\"score\":{\"name\":\"@s\",\"objective\":\"Code1\"},\"color\":\"green\"},{\"text\":\"-\",\"color\":\"black\"},{\"score\":{\"name\":\"@s\",\"objective\":\"Code2\"},\"color\":\"green\"},{\"text\":\"-\",\"color\":\"black\"},{\"score\":{\"name\":\"@s\",\"objective\":\"Code3\"},\"color\":\"green\"},{\"text\":\"-\",\"color\":\"black\"},{\"score\":{\"name\":\"@s\",\"objective\":\"Code4\"},\"color\":\"green\"},{\"text\":\">\",\"color\":\"black\"}]"]
		},
		"scan_asgardian": {	
	        "ability": "lucraftcore:command",            
			"show_in_bar": true,
            "title": {"text":"Scan DNA"},
			"icon": {"type": "texture", "texture": "ben_ten:textures/gui/recal/recal_scan.png"},
            "bar_color": "green",			
			"conditions": [{
                "type": "lucraftcore:held_item",
                "item": "heroesexpansion:mjolnir",
                "hand": "main_hand"}],
			"commands": ["tellraw @s[tag=Asgard] {\"text\":\"Sample already aquired\"}",
			"superpower @s[tag=!Asgard] ben_ten:scan_mode",
			"playsound minecraft:custom.destruct master @a[tag=!Asgard] ~ ~ ~",
			"scoreboard players tag @s[tag=!Asgard] add Asgard"]
		},
		"scan_kree": {	
	        "ability": "lucraftcore:command",            
			"show_in_bar": true,
            "title": {"text":"Scan DNA"},
			"icon": {"type": "texture", "texture": "ben_ten:textures/gui/recal/recal_scan.png"},
            "bar_color": "green",			
			"conditions": [{
                "type": "lucraftcore:held_item",
                "item": "heroesexpansion:kree_flesh",
                "hand": "main_hand"}],
			"commands": ["tellraw @s[tag=Kree] {\"text\":\"Sample already aquired\"}",
			"superpower @s[tag=!Kree] ben_ten:scan_mode",
			"playsound minecraft:custom.destruct master @a[tag=!Kree] ~ ~ ~",
			"scoreboard players tag @s[tag=!Kree] add Kree"]
		},
		"scan_kryptonian": {	
	        "ability": "lucraftcore:command",            
			"show_in_bar": true,
            "title": {"text":"Scan DNA"},
			"icon": {"type": "texture", "texture": "ben_ten:textures/gui/recal/recal_scan.png"},
            "bar_color": "green",			
			"conditions": [{
                "type": "lucraftcore:held_item",
                "item": "heroesexpansion:kryptonian_fossil",
                "hand": "main_hand"}],
			"commands": ["tellraw @s[tag=Krypton] {\"text\":\"Sample already aquired\"}",
			"superpower @s[tag=!Krypton] ben_ten:scan_mode",
			"playsound minecraft:custom.destruct master @a[tag=!Krypton] ~ ~ ~",
			"scoreboard players tag @s[tag=!Krypton] add Krypton"]
		},
		"full_turn": {
			"ability": "lucraftcore:command",
			"required_level": 20,
			"cooldown": 10,
			"show_in_bar": true,
			"title": {"text": "Full Turn"},
			"icon": {"type": "texture",
				"texture": "ben_ten:textures/gui/recal/recal_full_turn.png"},
			"bar_color": "green",
			"commands": ["scoreboard players add @s[tag=!Sneaking] Code1 1", 
			"scoreboard players remove @s[tag=Sneaking] Code1 1",			 
			"scoreboard players set @s[score_Code1=-1,score_Code1_min=-1000,tag=Sneaking] Code1 9",
			"scoreboard players set @s[score_Code1=10,score_Code1_min=10] Code1 0",
			"playsound minecraft:custom.fiddle master @a ~ ~ ~"]
		},
		"half_turn": {
			"ability": "lucraftcore:command",
			"required_level": 20,
			"cooldown": 10,
			"show_in_bar": true,
			"title": {"text": "Half Turn"},
			"icon": {"type": "texture",
				"texture": "ben_ten:textures/gui/recal/recal_half_turn.png"},
			"bar_color": "green",
			"commands": ["scoreboard players add @s[tag=!Sneaking] Code2 1", 
			"scoreboard players remove @s[tag=Sneaking] Code2 1",			 
			"scoreboard players set @s[score_Code2=-1,score_Code2_min=-1000,tag=Sneaking] Code2 9", 
			"scoreboard players set @s[score_Code2=10,score_Code2_min=10] Code2 0", 
			"playsound minecraft:custom.fiddle master @a ~ ~ ~"]
		},
		"quarter_turn": {
			"ability": "lucraftcore:command",
			"required_level": 20,
			"cooldown": 10,
			"show_in_bar": true,
			"title": {"text": "Quarter Turn"},
			"icon": {"type": "texture",
				"texture": "ben_ten:textures/gui/recal/recal_quarter_turn.png"},
			"bar_color": "green",
			"commands": ["scoreboard players add @s[tag=!Sneaking] Code3 1", 
			"scoreboard players remove @s[tag=Sneaking] Code3 1",			 
			"scoreboard players set @s[score_Code3=-1,score_Code3_min=-1000,tag=Sneaking] Code3 9", 
			"scoreboard players set @s[score_Code3=10,score_Code3_min=10] Code3 0", 
			"playsound minecraft:custom.fiddle master @a ~ ~ ~"]
		},
		"eighth_turn": {
			"ability": "lucraftcore:command",
			"required_level": 20,
			"cooldown": 10,
			"show_in_bar": true,
			"title": {"text": "Eigth Turn"},
			"icon": {"type": "texture",
				"texture": "ben_ten:textures/gui/recal/recal_eighth_turn.png"},
			"bar_color": "green",
			"commands": ["scoreboard players add @s[tag=!Sneaking] Code4 1", 
			"scoreboard players remove @s[tag=Sneaking] Code4 1",			 
			"scoreboard players set @s[score_Code4=-1,score_Code4_min=-1000,tag=Sneaking] Code4 9", 
			"scoreboard players set @s[score_Code4=10,score_Code4_min=10] Code4 0", 
			"playsound minecraft:custom.fiddle master @a ~ ~ ~"]
		},
		"enter_code": {
			"ability": "lucraftcore:command",
			"required_level": 20,
			"cooldown": 60,
			"show_in_bar": true,
			"title": {"text": "Enter Code"},
			"icon": {"type": "texture",
				"texture": "ben_ten:textures/gui/recal/recal_white.png"},
			"bar_color": "green",
			"commands": [
			"execute @s[score_Code1=6,score_Code1_min=6,score_Code2=8,score_Code2_min=8,score_Code3=6,score_Code3_min=6,score_Code4=4,score_Code4_min=3] ~ ~ ~ /playsound minecraft:custom.destruct master @a ~ ~ ~",
			"execute @s[score_Code1=6,score_Code1_min=6,score_Code2=8,score_Code2_min=8,score_Code3=6,score_Code3_min=6,score_Code4=3,score_Code4_min=3,tag=Master] ~ ~ ~ /tellraw @s {\"text\":\"Master Control already enabled\"}",
			"execute @s[score_Code1=6,score_Code1_min=6,score_Code2=8,score_Code2_min=8,score_Code3=6,score_Code3_min=6,score_Code4=3,score_Code4_min=3,tag=!Master] ~ ~ ~ /scoreboard players tag @s add Master",			
			"execute @s[score_Code1=6,score_Code1_min=6,score_Code2=8,score_Code2_min=8,score_Code3=6,score_Code3_min=6,score_Code4=4,score_Code4_min=4,tag=!Master] ~ ~ ~ /tellraw @s {\"text\":\"Master Control already disabled\"}", 			
			"execute @s[score_Code1=6,score_Code1_min=6,score_Code2=8,score_Code2_min=8,score_Code3=6,score_Code3_min=6,score_Code4=4,score_Code4_min=4,tag=Master] ~ ~ ~ /scoreboard players tag @s remove Master", 
			"execute @s[score_Code1=6,score_Code1_min=6,score_Code2=8,score_Code2_min=8,score_Code3=6,score_Code3_min=6,score_Code4=4,score_Code4_min=3] ~ ~ ~ /superpower @s ben_ten:ultimatrix",			
			"execute @s[score_Code1=1,score_Code1_min=1,score_Code2=5,score_Code2_min=5,score_Code3=0,score_Code3_min=0,score_Code4=8,score_Code4_min=8] ~ ~ ~ /scoreboard objectives add Destruct dummy",
			"execute @s[score_Code1=1,score_Code1_min=1,score_Code2=5,score_Code2_min=5,score_Code3=0,score_Code3_min=0,score_Code4=8,score_Code4_min=8] ~ ~ ~ /scoreboard players set @s Destruct 0",
			"execute @s[score_Code1=1,score_Code1_min=1,score_Code2=5,score_Code2_min=5,score_Code3=0,score_Code3_min=0,score_Code4=8,score_Code4_min=8] ~ ~ ~ /playsound minecraft:custom.recal_destruct master @a ~ ~ ~",
			"execute @s[score_Code1=1,score_Code1_min=1,score_Code2=5,score_Code2_min=5,score_Code3=0,score_Code3_min=0,score_Code4=8,score_Code4_min=8] ~ ~ ~ /superpower @s ben_ten:ultimatrix_destruct", 
			"execute @s[score_Code1=6,score_Code1_min=6,score_Code2=5,score_Code2_min=5,score_Code3=1,score_Code3_min=1,score_Code4=1,score_Code4_min=1] ~ ~ ~ /superpower @s albedo:ultimatrix",
			"execute @s[score_Code1=6,score_Code1_min=6,score_Code2=5,score_Code2_min=5,score_Code3=1,score_Code3_min=1,score_Code4=1,score_Code4_min=1] ~ ~ ~ /playsound minecraft:custom.destruct master @a ~ ~ ~",
			"execute @s[score_Code1=5,score_Code1_min=5,score_Code2=9,score_Code2_min=9,score_Code3=5,score_Code3_min=5,score_Code4=0,score_Code4_min=0,tag=Gourmand] ~ ~ ~ /tellraw @s {\"text\":\"DNA already unlocked\"}",
			"execute @s[score_Code1=5,score_Code1_min=5,score_Code2=9,score_Code2_min=9,score_Code3=5,score_Code3_min=5,score_Code4=0,score_Code4_min=0,tag=!Gourmand] ~ ~ ~ /tellraw @s {\"text\":\"Gourmand DNA now available\"}",			
			"execute @s[score_Code1=5,score_Code1_min=5,score_Code2=9,score_Code2_min=9,score_Code3=5,score_Code3_min=5,score_Code4=0,score_Code4_min=0,tag=!Gourmand] ~ ~ ~ /playsound minecraft:custom.destruct master @a ~ ~ ~",			
			"execute @s[score_Code1=5,score_Code1_min=5,score_Code2=9,score_Code2_min=9,score_Code3=5,score_Code3_min=5,score_Code4=0,score_Code4_min=0,tag=!Gourmand] ~ ~ ~ /scoreboard players tag @s add Gourmand",			
			"execute @s[score_Code1=1,score_Code1_min=1,score_Code2=2,score_Code2_min=2,score_Code3=6,score_Code3_min=6,score_Code4=5,score_Code4_min=4] ~ ~ ~ /playsound minecraft:custom.destruct master @a ~ ~ ~", 
			"execute @s[score_Code1=1,score_Code1_min=1,score_Code2=2,score_Code2_min=2,score_Code3=6,score_Code3_min=6,score_Code4=4,score_Code4_min=4,tag=!Failsafe] ~ ~ ~ /tellraw @s {\"text\":\"Omnitrix Failsafe enabled\"}", 
			"execute @s[score_Code1=1,score_Code1_min=1,score_Code2=2,score_Code2_min=2,score_Code3=6,score_Code3_min=6,score_Code4=4,score_Code4_min=4,tag=Failsafe] ~ ~ ~ /tellraw @s {\"text\":\"Failsafe already enabled\"}", 
			"execute @s[score_Code1=1,score_Code1_min=1,score_Code2=2,score_Code2_min=2,score_Code3=6,score_Code3_min=6,score_Code4=4,score_Code4_min=4,tag=!Failsafe] ~ ~ ~ /scoreboard players tag @s add Failsafe", 
			"execute @s[score_Code1=1,score_Code1_min=1,score_Code2=2,score_Code2_min=2,score_Code3=6,score_Code3_min=6,score_Code4=5,score_Code4_min=5,tag=Failsafe] ~ ~ ~ /tellraw @s {\"text\":\"Omnitrix Failsafe disabled\"}", 
			"execute @s[score_Code1=1,score_Code1_min=1,score_Code2=2,score_Code2_min=2,score_Code3=6,score_Code3_min=6,score_Code4=4,score_Code4_min=4,tag=!Failsafe] ~ ~ ~ /tellraw @s {\"text\":\"Failsafe already disabled\"}",
			"execute @s[score_Code1=1,score_Code1_min=1,score_Code2=2,score_Code2_min=2,score_Code3=6,score_Code3_min=6,score_Code4=5,score_Code4_min=5,tag=Failsafe] ~ ~ ~ /scoreboard players tag @s remove Failsafe",			
			"scoreboard players set @s Code1 0", 
			"scoreboard players set @s Code2 0", 
			"scoreboard players set @s Code3 0", 
			"scoreboard players set @s Code4 0"]
		},
		"decouple_ultimatrix": {	
	        "ability": "lucraftcore:command",            
			"show_in_bar": true,	
            "title": {"text":"Decouple Ultimatrix"},
			"icon": { "type": "texture", "texture": "ben_ten:textures/gui/recal/recal_decouple.png" },
            "bar_color": "green",				
			"commands": ["execute @s[score_Timer=6000,score_Timer_min=6000,tag=!Master] ~ ~ ~ /superpower @s remove",
			"execute @s[score_Timer=6000,score_Timer_min=6000,tag=!Master] ~ ~ ~ /give @s ben_ten:ultimatrix_chest", 
			"execute @s[score_Timer=5999,score_Timer_min=0,tag=!Master] ~ ~ ~ /tellraw @s {\"text\":\"Ultimatrix power supply drained. Recharge required\"}",
			"execute @s[tag=Master] ~ ~ ~ /superpower @s remove",
			"execute @s[tag=Master] ~ ~ ~ /give @s ben_ten:ultimatrix_chest",
			"execute @s[tag=Master] ~ ~ ~ /scoreboard players tag @s remove Master"]
		},
		"failsafe": {
			"ability": "lucraftcore:command_loop",
			"show_in_bar": false,
			"title": {"text": "Omnitrix Failsafe"},
			"icon": {"type": "texture",
				"texture": "ben_ten:textures/gui/recal/recal_omnitrix.png"},
			"commands": ["execute @s[score_Failsafe=12000,score_Failsafe_min=12000] ~ ~ ~ /scoreboard players tag @s remove Explode",
			"execute @s[score_Failsafe=11999,score_Failsafe_min=0] ~ ~ ~ /scoreboard players add @s Failsafe 1",
			"execute @s[score_Health=6,score_Health_min=1,tag=Failsafe,tag=!Explode] ~ ~ ~ /playsound minecraft:custom.failsafe master @a ~ ~ ~",
			"effect @s[score_Health=6,score_Health_min=1,tag=Failsafe,tag=!Explode] minecraft:resistance 3 255 true",
			"execute @s[score_Health=6,score_Health_min=1,tag=Failsafe,tag=!Explode] ~ ~ ~ /superpower @s ben_ten:omnitrix_failsafe"]
		},
		"main": {
			"ability": "lucraftcore:command",
			"cooldown": 0,
			"show_in_bar": true,
			"title": {"text": "Main Menu"},
			"icon": {"type": "texture",
				"texture": "ben_ten:textures/gui/recal/recal_omnitrix.png"},
			"bar_color": "green",
			"commands": ["superpower @s ben_ten:ultimatrix", 
			"playsound minecraft:custom.switch master @a ~ ~ ~",
			"title @s clear"]
		}
	}
}
