{
	"name" : {
		"text": "Ultimatrix"
	},

	"icon": {
		"type": "texture",
		"texture": "ben_ten:textures/gui/recal/ultimatrix_4.png"
	},
	
	"creative_tab": "ben10",
	
	"max_level": 40,
	
	"capsule_color" : 65280,
	
	"effects": [
        {
            "type": "skin_overlay",
            "texture": "ben_ten:textures/overlays/ultimatrix/ultimatrix_active.png",
            "size": 0,
            "glow": false,
            "conditions": [
            	{
            		"type": "always"
				}
			]
	    },
		{
            "type": "skin_overlay",
            "texture": "ben_ten:textures/overlays/ultimatrix/ultimatrix_active_glow.png",
            "size": 0,
            "glow": true,
            "conditions": [
            	{
            		"type": "always"
            	}
            ]
        }
    ],

	"abilities": {
		"timeout": {
		    "hidden": true,
			"ability": "lucraftcore:command_loop",
			"show_in_bar": false,
			"title": {"text": "Recharge Mode"},
			"icon": { "type": "texture", "texture": "ben_ten:textures/gui/recal/recal_timeout.png" },
			"commands": ["execute @s[score_Timer=5999,score_Timer_min=0] ~ ~ ~ /scoreboard players add @s Timer 1", 
			"sizechange @s 1 lucraftcore:default"]
        },
		"splixson": {
			"ability": "lucraftcore:command",
			"show_in_bar": true,
			"title": {"text":"Splixson"},
			"icon": { "type": "texture", "texture": "ben_ten:textures/gui/recal/splixson.png"},
			"bar_color": "green",
			"commands": ["execute @s[score_Health_min=20] ~ ~ ~ /effect @s minecraft:instant_health 1 18",
			"scoreboard players tag @s add Splixson",
			"superpower @s ben_ten:transform_os",
			"playsound minecraft:custom.ultimatrixtransform master @a ~ ~ ~"]
		},
		"florauna": {
			"ability": "lucraftcore:command",
			"show_in_bar": true,
			"title": {"text":"Florauna"},
			"icon": { "type": "texture", "texture": "ben_ten:textures/gui/recal/florauna.png"},
			"bar_color": "green",
			"conditions": [{"type": "lucraftcore:scoreboard_tag",
			                "tag": "Florauna"}],
			"commands": ["execute @s[score_Health_min=20] ~ ~ ~ /effect @s minecraft:instant_health 1 18",
			"scoreboard players tag @s add FloraunaT",
			"superpower @s ben_ten:transform_os",
			"playsound minecraft:custom.ultimatrixtransform master @a ~ ~ ~"]
		},
		"perk_gourmand": {	
	        "ability": "lucraftcore:command",
            "show_in_bar": true,	
            "title": {"text":"Perk Gourmand"},
			"icon": { "type": "texture", "texture": "ben_ten:textures/gui/recal/gourmand.png" },
            "bar_color": "green",
			"conditions": [{"type": "lucraftcore:scoreboard_tag",
			                "tag": "Gourmand"}],				
			"commands": ["execute @s[score_Health_min=20] ~ ~ ~ /effect @s minecraft:instant_health 1 18",
			"scoreboard players tag @s add Perk_Gourmand",
			"superpower @s ben_ten:transform_os",
			"playsound minecraft:custom.ultimatrixtransform master @a ~ ~ ~"]
		},
		"polar_manzardill": {
			"ability": "lucraftcore:command",			
			"show_in_bar": true,
			"title": {"text":"Polar Manzardill"},
			"icon": { "type": "texture", "texture": "ben_ten:textures/gui/recal/polar_manzardill.png"},
			"bar_color": "green",
			"commands": ["execute @s[score_Health_min=20] ~ ~ ~ /effect @s minecraft:instant_health 1 18",
			"scoreboard players tag @s add Polar_Manzardill",
			"superpower @s ben_ten:transform_os",
			"playsound minecraft:custom.ultimatrixtransform master @a ~ ~ ~"]
		},
		"nosedeenian": {
		   "ability": "lucraftcore:command",
			"show_in_bar": true,
			"title": {"text":"Nosedeenian"},
			"icon": { "type": "texture", "texture": "ben_ten:textures/gui/recal/nosedeenian.png" },
			"bar_color": "green",
			"commands": ["execute @s[score_Health_min=20] ~ ~ ~ /effect @s minecraft:instant_health 1 18",
			"scoreboard players tag @s add NosedeenianT",
			"superpower @s ben_ten:transform_os",
			"playsound minecraft:custom.ultimatrixtransform master @a ~ ~ ~"]
		},
		"sphoeroid": {
			"ability": "lucraftcore:command",			
			"show_in_bar": true,
			"title": {"text":"Sphoeroid"},
			"icon": { "type": "texture", "texture": "ben_ten:textures/gui/recal/sphoeroid.png"},
			"bar_color": "green",
			"commands": ["execute @s[score_Health_min=20] ~ ~ ~ /effect @s minecraft:instant_health 1 18",
			"scoreboard players tag @s add SphoeroidT",
			"superpower @s ben_ten:transform_os",
			"playsound minecraft:custom.ultimatrixtransform master @a ~ ~ ~"]
		},
		"opticoid": {
		   "ability": "lucraftcore:command",
			"show_in_bar": true,
			"title": {"text":"Opticoid"},
			"icon": { "type": "texture", "texture": "ben_ten:textures/gui/recal/opticoid.png" },
			"bar_color": "green",
			"commands": ["execute @s[score_Health_min=20] ~ ~ ~ /effect @s minecraft:instant_health 1 18",
			"scoreboard players tag @s add OpticoidT",
			"superpower @s ben_ten:transform_os",
			"playsound minecraft:custom.ultimatrixtransform master @a ~ ~ ~"]
		},
		"loboan": {
			"ability": "lucraftcore:command",
			"show_in_bar": true,
			"title": {"text": "Loboan"},
			"icon": {"type": "texture",
				"texture": "ben_ten:textures/gui/recal/loboan.png"},
			"bar_color": "green",
			"conditions": [{"type": "lucraftcore:scoreboard_tag",
			                "tag": "Loboan"}],
			"commands": ["execute @s[score_Health_min=20] ~ ~ ~ /effect @s minecraft:instant_health 1 18",
			"scoreboard players tag @s add LoboanT",
			"superpower @s ben_ten:transform_os",
			"playsound minecraft:custom.ultimatrixtransform master @a ~ ~ ~", 
			"effect @s ebwizardry:sixth_sense 1000000 1 true"]
		},
		"transylian": {
			"ability": "lucraftcore:command",
			"show_in_bar": true,
			"title": {"text": "Transylian"},
			"icon": {"type": "texture",
				"texture": "ben_ten:textures/gui/recal/transylian.png"},
			"bar_color": "green",
			"conditions": [{"type": "lucraftcore:scoreboard_tag",
			                "tag": "Transylian"}],
			"commands": ["execute @s[score_Health_min=20] ~ ~ ~ /effect @s minecraft:instant_health 1 18",
			"scoreboard players tag @s add TransylianT",
			"superpower @s ben_ten:transform_os",
			"playsound minecraft:custom.ultimatrixtransform master @a ~ ~ ~"]
		},
		"thep_khufan": {
			"ability": "lucraftcore:command",
			"show_in_bar": true,
			"title": {"text": "Thep Khufan"},
			"icon": {"type": "texture",
				"texture": "ben_ten:textures/gui/recal/thep_khufan.png"},
			"bar_color": "green",
			"conditions": [{"type": "lucraftcore:scoreboard_tag",
			                "tag": "Khufan"}],
			"commands": ["execute @s[score_Health_min=20] ~ ~ ~ /effect @s minecraft:instant_health 1 18",
			"scoreboard players tag @s add Thep_KhufanT",
			"superpower @s ben_ten:transform_os",
			"playsound minecraft:custom.ultimatrixtransform master @a ~ ~ ~"]
		},
		"next_playlist_5": {	
	        "ability": "lucraftcore:command",
            "show_in_bar": true,	
            "title": {"text":"Next Playlist"},
			"icon": { "type": "texture", "texture": "ben_ten:textures/gui/recal/ultimatrix_5.png" },
            "bar_color": "green",				
			"commands": ["/superpower @s ben_ten:ultimatrix_5", 
			"playsound minecraft:custom.switch master @a ~ ~ ~"]
		},
		"main_menu": {	
	        "ability": "lucraftcore:command",
            "show_in_bar": true,	
            "title": {"text":"Playlist Selection"},
			"icon": { "type": "texture", "texture": "ben_ten:textures/gui/recal/recal_omnitrix.png" },
            "bar_color": "green",				
			"commands": ["/superpower @s ben_ten:ultimatrix", 
			"playsound minecraft:custom.switch master @a ~ ~ ~"]
		},
		"previous_playlist_3": {	
	        "ability": "lucraftcore:command",
            "required_level": 20,
            "show_in_bar": true,	
            "title": {"text":"Previous Playlist"},
			"icon": { "type": "texture", "texture": "ben_ten:textures/gui/recal/ultimatrix_3.png" },
            "bar_color": "green",				
			"commands": ["/superpower @s ben_ten:ultimatrix_3", 
			"playsound minecraft:custom.switch master @a ~ ~ ~"]
		},
		"failsafe": {
			"ability": "lucraftcore:command_loop",
			"show_in_bar": false,
			"title": {"text": "Omnitrix Failsafe"},
			"icon": {"type": "texture",
				"texture": "ben_ten:textures/gui/recal/recal_omnitrix.png"},
			"commands": ["execute @s[score_Failsafe=12000,score_Failsafe_min=12000] ~ ~ ~ /scoreboard players tag @s remove Explode",
			"execute @s[score_Failsafe=11999,score_Failsafe_min=0] ~ ~ ~ /scoreboard players add @s Failsafe 1",
			"execute @s[score_Health=6,score_Health_min=1,tag=Failsafe,tag=!Explode] ~ ~ ~ /playsound minecraft:custom.failsafe master @a ~ ~ ~",
			"effect @s[score_Health=6,score_Health_min=1,tag=Failsafe,tag=!Explode] minecraft:resistance 3 255 true",
			"execute @s[score_Health=6,score_Health_min=1,tag=Failsafe,tag=!Explode] ~ ~ ~ /superpower @s ben_ten:omnitrix_failsafe"]
		}
	}
}
