{
	"name": {
		"text": "Ultimate Arburian Pelarota"
	},

	"icon": {
		"type": "texture",
		"texture": "ben_ten:textures/gui/recal/ultimatrix.png"
	},

	"creative_tab": "ben10",
	
	"max_level": 40,
	
	"capsule_color": 3080117,
	
    "effects": [
        {
            "type": "skin_change",
            "texture": "ben_ten:textures/models/ben/ultimates/ultimate_arburian_pelarota.png"
        },
		{
            "type": "skin_overlay",
            "texture": "ben_ten:textures/overlays/glow/ultimates/ultimate_arburian_pelarota_glow.png",
            "size": 0,
            "glow": true,
            "conditions": [
            	{
            		"type": "always"
            	}
            ]
        }
    ],
	
	"abilities": {
		"radiation_protection": {
            "ability": "the-fifth-world:potion_immunity",
            "show_in_bar": false,
            "title": {"text":"Radiation Protection"},
            "icon": {"type": "internal"},
            "potion": "lucraftcore:radiation"
        },
	    "size": {	
	        "ability": "lucraftcore:command_loop",		
            "show_in_bar": false,	
            "title": {"text":"Size"},
			"icon": { "type": "texture", "texture": "ben_ten:textures/gui/recal/recal_omnitrix.png" },				
			"commands": ["sizechange @s 1.5 lucraftcore:default", "/effect @s minecraft:slowness 1 1 true"]
		},
		"health": {		
			"ability": "lucraftcore:health",			
            "show_in_bar": false,		
            "title": {"text":"Health"},					
			"amount": 10,
			"operation": 0		
		},
		"strength": {	
			"ability": "lucraftcore:strength",				
            "show_in_bar": false,		
            "title": {"text":"Strength"},						
			"amount": 15,
			"operation": 0			
		},
		"defense": {
			"ability": "lucraftcore:resistance",
            "show_in_bar": false,		
            "title": {"text":"Resistance"},
			"amount": 30,
			"operation": 0
		},
		"fall_resistance": {
			"ability": "lucraftcore:fall_resistance",
			"show_in_bar": false,
			"title": {"text":"Fall Resistance"},
			"amount": 200,
			"operation": 0
		},
	    "ball_mode": {	
	        "ability": "lucraftcore:command",		
            "show_in_bar": true,	
            "title": {"text":"Ball Form"},
			"icon": { "type": "texture", "texture": "ben_ten:textures/gui/abilities/u_ball_form.png" },
            "bar_color": "green",				
			"commands": ["superpower @s ben_ten:ul_ap_ball_form"]
		},
		"timer_ult":{
			"ability": "lucraftcore:command_loop",
			"show_in_bar": false,

			"title": {"text":"Timer"},			
			"icon": {"type": "texture",
				"texture": "ben_ten:textures/gui/recal/recal_timeout.png"},
			"conditions": [{"type": "lucraftcore:not", 
			            "conditions": [{
						"type": "lucraftcore:scoreboard_tag", 
						"tag": "Master"}]}],
			"commands": [ 
			"scoreboard players remove @s Timer 3",
			"scoreboard players set @s[score_Timer=-1,score_Timer_min=-1000000] Timer 3", 
			"execute @s[score_Timer=0,score_Timer_min=0] ~ ~ ~ /superpower @s ben_ten:transform_human",
			"execute @s[score_Timer=1,score_Timer_min=1] ~ ~ ~ /playsound minecraft:custom.ultimatrixhuman master @a ~ ~ ~",
			"superpowerxp 1 @s[tag=0]",
			"superpowerxp 4 @s[tag=20]",
			"superpowerxp 6 @s[tag=35]"]
		},
		"death_state":{
			"ability": "lucraftcore:command_loop",
			"show_in_bar": false,
			"title": {"text":"Death State"},			
			"icon": {"type": "texture",
				"texture": "ben_ten:textures/gui/omnitrix_timeout.png"},
			"commands": [
			"execute @s[score_Health=0,score_Health_min=0,tag=os] ~ ~ ~ /superpower @s ben_ten:prototypeomnitrix",
			"execute @s[score_Health=0,score_Health_min=0,tag=af] ~ ~ ~ /superpower @s ben_ten:recalibratedomnitrix",
			"execute @s[score_Health=0,score_Health_min=0,tag=ua] ~ ~ ~ /superpower @s ben_ten:ultimatrix",
			"execute @s[score_Health=0,score_Health_min=0,tag=ov] ~ ~ ~ /superpower @s ben_ten:completedomnitrix",
			"scoreboard players tag @s[score_Sneak=1,score_Sneak_min=1] add Sneaking",
            "scoreboard players tag @s[score_Sneak=0,score_Sneak_min=0] remove Sneaking",
			"scoreboard players set @s[score_Sneak_min=1] Sneak 0"]
		},
		"devolve": {	
	        "ability": "lucraftcore:command",
            "show_in_bar": true,	
            "title": {"text":"Devolve"},
			"icon": { "type": "texture", "texture": "ben_ten:textures/gui/recal/ultimatrix.png" },
            "bar_color": "green",				
			"commands": ["scoreboard players tag @s remove UArburian_Pelarota",
			"scoreboard players tag @s add Arburian_Pelarota",
			"superpower @s ben_ten:transform_os", 
			"playsound minecraft:custom.ultimatrixhuman master @a ~ ~ ~"]
		}
	}
}