{
	"name": {
		"text": "AF Clothes"
	},

	"creative_tab": "ben_10_clothes",

	"armor_material": {
		"durability": 0,
        "damage_reduction_amounts": [0, 1, 2, 1],
        "enchantibility": 8,
        "toughness": 2.0,
        "sound": "item.armor.equip_generic"
	},
	"armor_parts": {
	
		"chest": {
			"openable": false,
			"glow": false,
			"name": {
				"text": "AF Jacket"
			},
			"textures": {
				"normal": "ben_ten:textures/overlays/clothes/jacket.png"
			},
			"item_texture": {
				"blockstate": "ben_ten:af_clothes"
			}
		},
		
		"legs": {
			"openable": false,
			"glow": false,
			"name": {
				"text": "Jeans"
			},
			"textures": {
				"normal": "ben_ten:textures/overlays/clothes/jeans.png"
			},
			"item_texture": {
				"blockstate": "ben_ten:af_clothes"
			}
		},
		
		"feet": {
			"openable": false,
			"glow": false,
			"name": {
				"text": "AF Shoes"
			},
			"textures": {
				"normal": "ben_ten:textures/overlays/clothes/af_shoes.png"
			},
			"item_texture": {
				"blockstate": "ben_ten:af_clothes"
			}
		}
	}
}