{
	"name": {
		"text": "Bindings"
	},

	"creative_tab": "ben_10_models",

	"armor_material": {
		"durability": 0,
        "damage_reduction_amounts": [0, 0, 1, 0],
        "enchantibility": 0,
        "toughness": 0.0,
        "sound": "item.armor.equip_generic"
	},	
	 "abilities": {
		"cmd": {	
	        "ability": "lucraftcore:command_loop",
            "show_in_bar": false,	
            "title": {"text":"return"},
			"icon": { "type": "texture","texture": "ben_ten:textures/gui/omnitrix/placeholder.png"},
            "bar_color": "green",				
			"commands": [ "execute @e[name=Vine] ~ ~-1 ~ /effect @e[r=1] minecraft:nausea 10 1  ",
                         "execute @e[name=Vine] ~ ~-1 ~ /effect @e[r=1] minecraft:mining_fatigue 1 10 ",  
						 "execute @e[name=Vine] ~ ~-1 ~ /effect @e[r=1] minecraft:slowness 1 20 ",
						 "execute @e[name=Vine] ~ ~-2 ~ /effect @e[r=1] minecraft:nausea 10 1  ",
                         "execute @e[name=Vine] ~ ~-2 ~ /effect @e[r=1] minecraft:mining_fatigue 1 10 "]
			
		}
	},
	"armor_parts": {
		"chest": {
			"openable": false,
			"glow": false,
			"armor_model_scale": 0.1,
			"name": {
				"text": "Bindings"
			},
			"textures": {
				"normal": "ben_ten:textures/overlays/armour/knight_armour/helmet_open.png"
			},
			"item_texture": {
				"blockstate": "ben_ten:bindings"
			}
		}
	}
}
