{
	"name": {
		"text": "-"
	},

	"creative_tab": "ben_10_models",

	"armor_material": {
		"durability": 0,
        "damage_reduction_amounts": [3, 6, 7, 3],
        "enchantibility": 8,
        "toughness": 2.0,
        "sound": "item.armor.equip_generic"
	},	
	"abilities": {
		"kill": {
			"ability": "lucraftcore:command_loop",
			"show_in_bar": true,
			"title": {"text":"timer"},
			"icon": { "type": "texture", "texture": "ben_ten:textures/gui/placeholder.png" },
			"bar_color": "green",
			"commands": [
			             "scoreboard players add @s Timer:Gas 1 ",
			             "execute @s[score_Timer:Gas=200,score_Timer:Gas_min=200] ~ ~ ~ /kill @s ",
						 "particle cloud ~ ~ ~ 2 1.8 2 0.02 400",
						 "execute @s[name=!GasStand] ~ ~ ~ /replaceitem entity @s slot.armor.chest air"]
		},
		"radiation_gas": {
			"ability": "lucraftcore:command_loop",
			"conditions": [{
						"type": "lucraftcore:scoreboard_tag", 
						"tag": "radiation_gas"}],
			"show_in_bar": true,
			"title": {"text":"Radioactive Gas"},
			"icon": { "type": "texture", "texture": "ben_ten:textures/gui/abilities/radioactive_icon.png" },
			"bar_color": "green",
			"commands": ["execute @e[r=5] ~ ~ ~ /effect @s lucraftcore:radiation 4 3",
			"particle fallingdust ~ ~ ~ 2 1.8 2 0.02 400 force @a 0133 "]    
		},
		"poison_gas":{
			"ability": "lucraftcore:command_loop",
			"conditions": [{
						"type": "lucraftcore:scoreboard_tag", 
						"tag": "poison_gas"}],
			"title": {"text": "Poisonous Gas"},
			"icon": {"type": "texture",
				"texture": "ben_ten:textures/gui/abilities/gas_poison.png"},
			"bar_color": "green",
			"commands": ["execute @e[r=5] ~ ~ ~ /effect @s minecraft:poison 10 3",
			"particle fallingdust ~ ~ ~ 2 1.8 2 0.02 400 force @a 320"]
		},
		"wither_gas":{
			"ability": "lucraftcore:command_loop",
			"conditions": [{
						"type": "lucraftcore:scoreboard_tag", 
						"tag": "wither_gas"}],
			"title": {"text": "Withering Gas"},
			"icon": {"type": "texture",
				"texture": "ben_ten:textures/gui/abilities/gas_wither.png"},
			"bar_color": "green",
			"commands": ["execute @e[r=5] ~ ~ ~ /effect @s minecraft:wither 5 3",
			"particle fallingdust ~ ~ ~ 2 1.8 2 0.02 400 force @a 0 "] 

		},
		"blind_gas":{
			"ability": "lucraftcore:command_loop",
			"conditions": [{
						"type": "lucraftcore:scoreboard_tag", 
						"tag": "blind_gas"}],
			"title": {"text": "Blinding Gas"},
			"icon": {"type": "texture",
				"texture": "ben_ten:textures/gui/abilities/gas_blind.png"},
			"bar_color": "green",	
			"commands": ["execute @e[r=5] ~ ~ ~ /effect @s minecraft:blindness 10 3",
			"particle magicCrit ~ ~ ~ 2 1.8 2 0.02 400 force @a "]
		},
		"slow_gas":{
			"ability": "lucraftcore:command_loop",
			"conditions": [{
						"type": "lucraftcore:scoreboard_tag", 
						"tag": "slow_gas"}],
			"title": {"text": "Slowing Gas"},
			"icon": {"type": "texture",
				"texture": "ben_ten:textures/gui/abilities/gas_slow.png"},
			"bar_color": "green",	
			"commands": ["execute @e[r=5] ~ ~ ~ /effect @s minecraft:slowness 10 3",
			"execute @e[r=5] ~ ~ ~ /effect @s minecraft:mining_fatigue 10 3",
			"particle fallingdust ~ ~ ~ 2 1.8 2 0.02 400 force @a 1"]
		},
		"cure_gas":{
			"ability": "lucraftcore:command_loop",
			"conditions": [{
						"type": "lucraftcore:scoreboard_tag", 
						"tag": "cure_gas"}],
			"title": {"text": "Cure Effects"},
			"icon": {"type": "texture",
				"texture": "ben_ten:textures/gui/abilities/heal_zone.png"},
			"bar_color": "green",	
			"commands": ["execute @e[r=5] ~ ~ ~ /effect @s clear",
			"particle fallingdust ~ ~ ~ 2 1.8 2 0.02 400 force @a 1"]
		}
	},

	"armor_parts": {
		"chest": {
			"openable": false,
			"glow": false,
			"name": {
				"text": "-"
			},
			"textures": {
				"normal": "ben_ten:textures/overlays/items/blank.png"
			},
			"item_texture": {
				"blockstate": "ben_ten:bindings"
			}
		}
	}
}