{
	"name": {
		"text": "Gravity Disk Cmd"
	},

	"creative_tab": "technology",

	"armor_material": {
		"durability": 0,
        "damage_reduction_amounts": [0, 0, 0, 0],
        "enchantibility": 0,
        "toughness": 0.0,
        "sound": "item.armor.equip_generic"
	},	
	
	"abilities": {				
		"givetags": {
			"ability": "lucraftcore:command_loop",
            "show_in_bar": false,	
            "icon": {"type": "internal"},			
			"title": {"text":"Give Tags"},
			"commands": ["execute @e[type=minecraft:arrow,r=2,ry=22,rym=-22] ~ ~ ~ /tp @e[r=2,name=Grav_Disk] ~ ~ ~-0.5",
			             "execute @e[type=minecraft:arrow,r=2,ry=67,rym=23] ~ ~ ~ /tp @e[r=2,name=Grav_Disk]  ~0.5 ~ ~-0.5",
                         "execute @e[type=minecraft:arrow,r=2,ry=112,rym=68] ~ ~ ~ /tp @e[r=2,name=Grav_Disk]  ~0.5 ~ ~",
                         "execute @e[type=minecraft:arrow,r=2,ry=157,rym=113] ~ ~ ~ /tp @e[r=2,name=Grav_Disk]  ~0.5 ~ ~0.5",
                         "execute @e[type=minecraft:arrow,r=2,ry=-158,rym=158] ~ ~ ~ /tp @e[r=2,name=Grav_Disk]  ~ ~ ~0.5",
                         "execute @e[type=minecraft:arrow,r=2,ry=-113,rym=-157] ~ ~ ~ /tp @e[r=2,name=Grav_Disk] ~-0.5 ~ ~0.5",
                         "execute @e[type=minecraft:arrow,r=2,ry=-68,rym=-112] ~ ~ ~ /tp @e[r=2,name=Grav_Disk] ~-0.5 ~ ~",
                         "execute @e[type=minecraft:arrow,r=2,ry=-23,rym=-67] ~ ~ ~ /tp @e[r=2,name=Grav_Disk] ~-0.5 ~ ~-0.5",
						 "execute @e[type=lucraftcore:energy_blast,r=2,ry=22,rym=-22] ~ ~ ~ /tp @e[r=2,name=Grav_Disk] ~ ~ ~-0.5",
			             "execute @e[type=lucraftcore:energy_blast,r=2,ry=67,rym=23] ~ ~ ~ /tp @e[r=2,name=Grav_Disk]  ~0.5 ~ ~-0.5",
                         "execute @e[type=lucraftcore:energy_blast,r=2,ry=112,rym=68] ~ ~ ~ /tp @e[r=2,name=Grav_Disk]  ~0.5 ~ ~",
                         "execute @e[type=lucraftcore:energy_blast,r=2,ry=157,rym=113] ~ ~ ~ /tp @e[r=2,name=Grav_Disk]  ~0.5 ~ ~0.5",
                         "execute @e[type=lucraftcore:energy_blast,r=2,ry=-158,rym=158] ~ ~ ~ /tp @e[r=2,name=Grav_Disk]  ~ ~ ~0.5",
                         "execute @e[type=lucraftcore:energy_blast,r=2,ry=-113,rym=-157] ~ ~ ~ /tp @e[r=2,name=Grav_Disk] ~-0.5 ~ ~0.5",
                         "execute @e[type=lucraftcore:energy_blast,r=2,ry=-68,rym=-112] ~ ~ ~ /tp @e[r=2,name=Grav_Disk] ~-0.5 ~ ~",
                         "execute @e[type=lucraftcore:energy_blast,r=2,ry=-23,rym=-67] ~ ~ ~ /tp @e[r=2,name=Grav_Disk] ~-0.5 ~ ~-0.5",
			             "/execute @e[name=Grav_Disk] ~ ~ ~ /scoreboard players tag @e[r=3] add Grav",  
			             "/execute @e[name=Grav_Disk] ~ ~ ~ /scoreboard players tag @e[rm=3,r=10] remove Grav"]
		}
	},

	"armor_parts": {
		"chest": {
			"openable": false,
			"glow": false,
			"armor_model_scale": 0,
			"name": {
				"text": "Gravity Disk Cmd"
			},
			"textures": {
				"normal": "ben_ten:textures/overlays/items/blank.png"
			},
			"item_texture": {
				"blockstate": "ben_ten:grav_diskcmd"
			}
		}
	}
}
