{
	"name": {
		"text": "Plumber Badge"
	},

	"creative_tab": "technology",

	"armor_material": {
		"durability": 0,
        "damage_reduction_amounts": [0, 0, 0, 0],
        "enchantibility": 0,
        "toughness": 0.0,
        "sound": "item.armor.equip_generic"
	},	
	
	"abilities": {				
		"classic": {
			"ability": "lucraftcore:command",
			"show_in_bar": true,
			"title": {"text": "Call Classic Bens' Omnitrix Pod"},
			"conditions": [{
				"type": "lucraftcore:held_item",
                "item": "ben_ten:omnitrix_circuit_chest",
                "hand": "main_hand"},
						{"type": "lucraftcore:not", 
			            "conditions": [{
						"type": "lucraftcore:scoreboard_tag", 
						"tag": "PodTriggerd"}]}],
			"icon": {"type": "texture", "texture": "ben_ten:textures/gui/abilities/meteorite.png"},
			"bar_color": "black",
		     "commands": ["/gamerule commandBlockOutput false","/scoreboard players tag @s add PodTriggerd ","summon item_frame ~-10 ~50 ~-10 {CustomName:Center}",
                         "execute @e[name=Center] ~ ~ ~0.5 summon armor_stand ~ ~ ~ {CustomName:\"SPod\",Invisible:1b,Rotation:[140f],Invulnerable:1b,NoBasePlate:1b,Small:1b}",
                         "execute @e[name=SPod] ~ ~ ~ /kill @e[name=Center,c=1]","/clear @s ben_ten:omnitrix_circuit_chest 0 1 ",
			             "/superpower @e[name=SPod] ben_ten:classic_space_pod "]
	 	},
		"reset": {
			"ability": "lucraftcore:command",
				"conditions": [{
                "type": "lucraftcore:scoreboard_tag", 
				"tag": "PodTriggerd"},
				{
               "type": "lucraftcore:held_item",
                "item": "minecraft:nether_star",
                "hand": "main_hand"}],	
			"show_in_bar": true,
			"title": {"text": "Reset Signal"},
			"icon": {"type": "texture", "texture": "ben_ten:textures/gui/prototype/omnitrix.png"},
			"bar_color": "blue",
	        "commands": ["scoreboard players tag @s remove PodTriggerd",
			             "/clear @s minecraft:nether_star 0 1 "]		
        },
		"recipes_command": {
			"ability": "lucraftcore:toggle_power",
			"show_in_bar": true,
			"title": {"text": "Access Plumber Database"},
			"icon": {"type": "texture", "texture": "ben_ten:textures/gui/omnitrix_white.png"},
			"bar_color": "light_gray"		
        },
		"recipes_text": {
			"ability": "lucraftcore:command",
			"parent_ability": "recipes_command",
			"show_in_bar": false,
			"title": {"text": "Access Plumber Database"},
			"icon": {"type": "texture", "texture": "ben_ten:textures/gui/omnitrix_white.png"},
			"bar_color": "green",
	        "commands": ["/tellraw @s {\"text\":\"Accessing Plumber Database\",\"color\":\"green\"}"]		
        },
		"plumber_suit": {
			"ability": "lucraftcore:command",
			"required_ability": "recipes_command",
			"show_in_bar": true,
			"title": {"text": "Plumber Suit"},
			"icon": {"type": "texture", "texture": "ben_ten:textures/items/plumber_suits/suit_chest.png"},
			"bar_color": "light_gray",
	        "commands": ["/tellraw @s {\"text\":\"Retreiving Suit Schematics\",\"color\":\"green\"}",
			             "/give @s lucraftcore:instruction 1 0 {Recipes:[\"ben_ten:plumber_suit_helmet\"]}",
			             "/give @s lucraftcore:instruction 1 0 {Recipes:[\"ben_ten:plumber_suit_chest\"]}",
			             "/give @s lucraftcore:instruction 1 0 {Recipes:[\"ben_ten:plumber_suit_legs\"]}",
			             "/give @s lucraftcore:instruction 1 0 {Recipes:[\"ben_ten:plumber_suit_boots\"]}"]		
        },
		"plumber_armour": {
			"ability": "lucraftcore:command",
			"required_ability": "recipes_command",
			"show_in_bar": true,
			"title": {"text": "Plumber Armour"},
			"icon": {"type": "texture", "texture": "ben_ten:textures/items/plumber_suits/armour_chest.png"},
			"bar_color": "white",
	        "commands": ["/tellraw @s {\"text\":\"Retreiving Armour Schematics\",\"color\":\"green\"}",
			             "/give @s lucraftcore:instruction 1 0 {Recipes:[\"ben_ten:plumber_armour_helmet\"]}",
			             "/give @s lucraftcore:instruction 1 0 {Recipes:[\"ben_ten:plumber_armour_chest\"]}",
			             "/give @s lucraftcore:instruction 1 0 {Recipes:[\"ben_ten:plumber_armour_legs\"]}",
			             "/give @s lucraftcore:instruction 1 0 {Recipes:[\"ben_ten:plumber_armour_boots\"]}"]		
        },
		"sotoraggian_armour": {
			"ability": "lucraftcore:command",
			"required_ability": "recipes_command",
			"show_in_bar": true,
			"title": {"text": "Sotoraggian Armour"},
			"icon": {"type": "texture", "texture": "ben_ten:textures/items/sotoraggian_chest.png"},
			"bar_color": "purple",
	        "commands": ["/tellraw @s {\"text\":\"Retreiving Armour Schematics\",\"color\":\"dark_purple\"}",
			             "/give @s lucraftcore:instruction 1 0 {Recipes:[\"ben_ten:sotoraggian_armour_helmet\"]}",
			             "/give @s lucraftcore:instruction 1 0 {Recipes:[\"ben_ten:sotoraggian_armour_chest\"]}",
			             "/give @s lucraftcore:instruction 1 0 {Recipes:[\"ben_ten:sotoraggian_armour_legs\"]}",
			             "/give @s lucraftcore:instruction 1 0 {Recipes:[\"ben_ten:sotoraggian_armour_boots\"]}"]		
        }
	},

	"armor_parts": {
		"chest": {
			"openable": false,
			"glow": true,
			"name": {
				"text": "Plumber Badge"
			},
			"textures": {
				"normal": "ben_ten:textures/overlays/items/plumber_badge.png",
				"glow": "ben_ten:textures/overlays/items/plumber_badge_glow.png"
			},
			"item_texture": {
				"blockstate": "ben_ten:plumber_badge"
			}
		}
	}
}