{
	"name": {
		"text": "Plumber Suit"
	},

	"creative_tab": "ben_10_clothes",

	"armor_material": {
		"durability": 100,
        "damage_reduction_amounts": [2, 3, 4, 2],
        "enchantibility": 8,
        "toughness": 2.0,
        "sound": "item.armor.equip_generic"
	},	
	"abilities": {
		"radiation_protection": {
            "ability": "the-fifth-world:potion_immunity",
            "show_in_bar": false,
            "title": {"text":"Radiation Protection"},
            "icon": { "type": "internal" },
            "potion": "lucraftcore:radiation",
			"conditions": [{"type": "lucraftcore:not", 
			            "conditions": [{
						"type": "lucraftcore:open_armor",
				"slot": "head"}]}]
        },
		"water_breathing": {
            "ability": "lucraftcore:water_breathing",
            "show_in_bar": false,
            "title": {"translate":"lucraftcore.abilities.water_breathing.name"},
            "icon": { "type": "internal" },
            "bar_color": "light_gray",
			"conditions": [{"type": "lucraftcore:not", 
			            "conditions": [{
						"type": "lucraftcore:open_armor",
				"slot": "head"}]}]
        },
        "tough_lungs": {
            "ability": "lucraftcore:tough_lungs",
            "show_in_bar": false,
            "title": {"translate":"lucraftcore.abilities.tough_lungs.name"},
            "icon": { "type": "internal" },
            "bar_color": "green",
			"conditions": [{"type": "lucraftcore:not", 
			            "conditions": [{
						"type": "lucraftcore:open_armor",
				"slot": "head"}]}]
        },
		"energy_beam": {
			"ability": "heroesexpansion:photon_blast",					
            "cooldown": 20,
            "show_in_bar": true,
            "title": {"text":"Energy Beam"},
            "icon": { "type": "internal" },
            "bar_color": "gray",				
            "color": [255, 0, 43]	
		}
	},

	"armor_parts": {
	
		"head": {
			"openable": true,
			"glow": false,
			"name": {
				"text": "Plumber helmet"
			},
			"textures": {
				"normal": "ben_ten:textures/overlays/armour/plumber_suit/helmet.png",
				"normal_open": "ben_ten:textures/overlays/armour/plumber_suit/helmet_open.png"
			},
			"item_texture": {
				"blockstate": "ben_ten:plumber_suit"
			}
		},
		
		"chest": {
			"openable": false,
			"glow": false,
			"name": {
				"text": "Plumber chestplate"
			},
			"textures": {
				"normal": "ben_ten:textures/overlays/armour/plumber_suit/chestplate.png"
			},
			"item_texture": {
				"blockstate": "ben_ten:plumber_suit"
			}
		},
		
		"legs": {
			"openable": false,
			"glow": false,
			"name": {
				"text": "Plumber legs"
			},
			"textures": {
				"normal": "ben_ten:textures/overlays/armour/plumber_suit/legs.png"
			},
			"item_texture": {
				"blockstate": "ben_ten:plumber_suit"
			}
		},
		
		"feet": {
			"openable": false,
			"glow": false,
			"name": {
				"text": "Plumber boots"
			},
			"textures": {
				"normal": "ben_ten:textures/overlays/armour/plumber_suit/boots.png"
			},
			"item_texture": {
				"blockstate": "ben_ten:plumber_suit"
			}
		}
	}
}