{
	"name": {
		"text": "Sotoraggian Armour"
	},

	"creative_tab": "ben_10_clothes",
	
	"data": {
		"wing_texture": "ben_ten:textures/overlays/armour/sotoraggian_armour/wings.png"
	},

	"armor_material": {
		"durability": 200,
        "damage_reduction_amounts": [3, 5, 7, 3],
        "enchantibility": 8,
        "toughness": 4.0,
        "sound": "item.armor.equip_generic"
	},	
	"abilities": {
		"radiation_protection": {
            "ability": "the-fifth-world:potion_immunity",
            "show_in_bar": false,
            "title": {"text":"Radiation Protection"},
            "icon": { "type": "internal" },
            "potion": "lucraftcore:radiation"
        },
		"water_breathing": {
            "ability": "lucraftcore:water_breathing",
            "show_in_bar": false,
            "title": {"translate":"lucraftcore.abilities.water_breathing.name"},
            "icon": { "type": "internal" }
        },
        "tough_lungs": {
            "ability": "lucraftcore:tough_lungs",
            "show_in_bar": false,
            "title": {"translate":"lucraftcore.abilities.tough_lungs.name"},
            "icon": { "type": "internal" }
        },
        "jump_boost": {
            "ability": "lucraftcore:jump_boost",
            "factor": 2.0,
            "operation": 0
        },
		"fall_resistance": {
			"ability": "lucraftcore:fall_resistance",
			"show_in_bar": false,
			"title": {"text":"Fall Resistance"},
			"amount": 50,
			"operation": 0
		},
        "knockback_resistance": {
            "ability": "lucraftcore:knockback_resistance",
            "factor": 0.5,
            "operation": 0
        },
        "strength": {
            "ability": "lucraftcore:strength",
            "factor": 5,
            "operation": 0
        },
        "sprint": {
            "ability": "lucraftcore:sprint",
            "factor": 0.2,
            "operation": 0
        },
		"night_vision": {
			"ability": "lucraftcore:command_loop",
			"show_in_bar": false,
			"title": {"text": "Night Vision"},
			"icon": {"type": "internal"},
	        "commands": ["effect @s minecraft:night_vision 10 2 true",
			"gamerule commandBlockOutput false"]
        },		
        "flight": {			
			"ability": "lucraftcore:flight",
			"icon": { "type": "internal" },
            "cooldown": 600,			
            "show_in_bar": true,
            "title": {"text":"Jetpack Flight"},	
            "bar_color": "purple",				
			"speed": 1,
            "sprint_speed": 1.3,
			"rotate_arms": false
		},
		"energy_blast": {
            "ability": "lucraftcore:energy_blast",
			"color": [230, 0, 115],
            "frequency": 20,
			"bar_color": "purple",
			"title": {"text":"Energy Blast"}	
		},
		"energy_beam": {
			"ability": "heroesexpansion:photon_blast",					
            "cooldown": 20,
            "show_in_bar": true,
            "title": {"text":"Energy Beam"},
            "icon": { "type": "internal" },
            "bar_color": "purple",				
            "color": [230, 0, 115]	
		},
		"air_flight":{
           "ability": "lucraftcore:command_loop",
		   "parent_ability": "flight",
            "show_in_bar": false,
			"bar_color": "purple",
            "title": {"text":"Flight Power"},
            "icon": { "type": "internal" },
		   "conditions": [{"type": "lucraftcore:not", 
			        "conditions": [{
						"type": "lucraftcore:scoreboard_tag", 
						"tag": "Water"}]}],	
            "commands": ["execute @s[ry=22,rym=-22] ~ ~ ~ /particle flame ~ ~1 ~ 0.01 0.01 0.01 0.001 10 force",
                         "execute @s[ry=22,rym=-22] ~ ~ ~ /particle flame ~ ~1 ~ 0.01 0.01 0.01 0.001 10 force",
                         "execute @s[ry=67,rym=23] ~ ~ ~ /particle flame ~ ~1 ~ 0.01 0.01 0.01 0.001 10 force",
                         "execute @s[ry=67,rym=23] ~ ~ ~ /particle flame ~ ~1 ~ 0.01 0.01 0.01 0.001 10 force",
                         "execute @s[ry=112,rym=68] ~ ~ ~ /particle flame ~ ~1 ~ 0.01 0.01 0.01 0.001 10 force",
                         "execute @s[ry=112,rym=68] ~ ~ ~ /particle flame ~ ~1 ~ 0.01 0.01 0.01 0.001 10 force",
                         "execute @s[ry=157,rym=113] ~ ~ ~ /particle flame ~ ~1 ~ 0.01 0.01 0.01 0.001 10 force",
                         "execute @s[ry=157,rym=113] ~ ~ ~ /particle flame ~ ~1 ~ 0.01 0.01 0.01 0.001 10 force",
                         "execute @s[ry=-158,rym=158] ~ ~ ~ /particle flame ~ ~1 ~ 0.01 0.01 0.01 0.001 10 force",
                         "execute @s[ry=-158,rym=158] ~ ~ ~ /particle flame ~ ~1 ~ 0.01 0.01 0.01 0.001 10 force",
                         "execute @s[ry=-113,rym=-157] ~ ~ ~ /particle flame ~ ~1 ~ 0.01 0.01 0.01 0.001 10 force",
                         "execute @s[ry=-113,rym=-157] ~ ~ ~ /particle flame ~ ~1 ~ 0.01 0.01 0.01 0.001 10 force",
                         "execute @s[ry=-68,rym=-112] ~ ~ ~ /particle flame ~ ~1 ~ 0.01 0.01 0.01 0.001 10 force",
                         "execute @s[ry=-68,rym=-112] ~ ~ ~ /particle flame ~ ~1 ~ 0.01 0.01 0.01 0.001 10 force",
                         "execute @s[ry=-23,rym=-67] ~ ~ ~ /particle flame ~ ~1 ~ 0.01 0.01 0.01 0.001 10 force",
                         "execute @s[ry=-23,rym=-67] ~ ~ ~ /particle flame ~ ~1 ~ 0.01 0.01 0.01 0.001 10 force"]
		},
		"water_detect": {
			"ability": "lucraftcore:command_loop",
			"parent_ability": "flight",
            "show_in_bar": false,				
			"title": {"text":"Water Detection"},
			"commands": [ 
			"execute @s[tag=!Water] ~ ~ ~ detect ~ ~1 ~ water 0 scoreboard players tag @s add Water", 
			"execute @s[tag=Water] ~ ~ ~ detect ~ ~1 ~ air 0 scoreboard players tag @s remove Water"],
			"icon": { "type": "internal" }
		},
		"water_flight":{
            "ability": "lucraftcore:command_loop",
			"conditions": [
			    {"type": "lucraftcore:scoreboard_tag", 
			    "tag": "Water"}
						],		
			"parent_ability": "flight",
            "show_in_bar": false,
			"bar_color": "green",
            "title": {"text":"FlightPower"},
            "icon": { "type": "internal" },
            "commands": ["execute @s[ry=22,rym=-22] ~ ~ ~ /particle bubble ~ ~1 ~ 0.01 0.01 0.01 0.001 100 force",
                         "execute @s[ry=22,rym=-22] ~ ~ ~ /particle bubble ~ ~1 ~ 0.01 0.01 0.01 0.001 100 force",
                         "execute @s[ry=67,rym=23] ~ ~ ~ /particle bubble ~ ~1 ~0.2 0.01 0.01 0.01 0.001 100 force",
                         "execute @s[ry=67,rym=23] ~ ~ ~ /particle bubble ~ ~1 ~-0.2 0.01 0.01 0.01 0.001 100 force",
                         "execute @s[ry=112,rym=68] ~ ~ ~ /particle bubble ~ ~1 ~ 0.01 0.01 0.01 0.001 100 force",
                         "execute @s[ry=112,rym=68] ~ ~ ~ /particle bubble ~ ~1 ~ 0.01 0.01 0.01 0.001 100 force",
                         "execute @s[ry=157,rym=113] ~ ~ ~ /particle bubble ~ ~1 ~0.2 0.01 0.01 0.01 0.001 100 force",
                         "execute @s[ry=157,rym=113] ~ ~ ~ /particle bubble ~ ~1 ~-0.2 0.01 0.01 0.01 0.001 100 force",
                         "execute @s[ry=-158,rym=158] ~ ~ ~ /particle bubble ~ ~1 ~ 0.01 0.01 0.01 0.001 100 force",
                         "execute @s[ry=-158,rym=158] ~ ~ ~ /particle bubble ~ ~1 ~ 0.01 0.01 0.01 0.001 100 force",
                         "execute @s[ry=-113,rym=-157] ~ ~ ~ /particle bubble ~ ~1 ~0.2 0.01 0.01 0.01 0.001 100 force",
                         "execute @s[ry=-113,rym=-157] ~ ~ ~ /particle bubble ~ ~1 ~-0.2 0.01 0.01 0.01 0.001 100 force",
                         "execute @s[ry=-68,rym=-112] ~ ~ ~ /particle bubble ~ ~1 ~ 0.01 0.01 0.01 0.001 100 force",
                         "execute @s[ry=-68,rym=-112] ~ ~ ~ /particle bubble ~ ~1 ~ 0.01 0.01 0.01 0.001 100 force",
                         "execute @s[ry=-23,rym=-67] ~ ~ ~ /particle bubble ~ ~1 ~-0.2 0.01 0.01 0.01 0.001 100 force",
                         "execute @s[ry=-23,rym=-67] ~ ~ ~ /particle bubble ~ ~1 ~0.2 0.01 0.01 0.01 0.001 100 force"]
		}
	},

	"armor_parts": {
	
		"head": {
			"openable": false,
			"glow": true,
			"name": {
				"text": "Sotoraggian helmet"
			},
			"textures": {
				"normal": "ben_ten:textures/overlays/armour/sotoraggian_armour/helmet.png",
				"glow": "ben_ten:textures/overlays/armour/sotoraggian_armour/helmet_glow.png"
			},
			"item_texture": {
				"blockstate": "ben_ten:sotoraggian_armour"
			}
		},
		
		"chest": {
			"openable": false,
			"glow": true,
			"name": {
				"text": "Sotoraggian chestplate"
			},
			"textures": {
				"normal": "ben_ten:textures/overlays/armour/sotoraggian_armour/chestplate.png",
				"glow": "ben_ten:textures/overlays/armour/sotoraggian_armour/chestplate_glow.png"
			},
			"item_texture": {
				"blockstate": "ben_ten:sotoraggian_armour"
			}
		},
		
		"legs": {
			"openable": false,
			"glow": false,
			"name": {
				"text": "Sotoraggian legs"
			},
			"textures": {
				"normal": "ben_ten:textures/overlays/armour/sotoraggian_armour/legs.png"
			},
			"item_texture": {
				"blockstate": "ben_ten:sotoraggian_armour"
			}
		},
		
		"feet": {
			"openable": false,
			"glow": false,
			"name": {
				"text": "Sotoraggian boots"
			},
			"textures": {
				"normal": "ben_ten:textures/overlays/armour/sotoraggian_armour/boots.png"
			},
			"item_texture": {
				"blockstate": "ben_ten:sotoraggian_armour"
			}
		}
	}
}