{
	"name": {
		"text": "Space Pod trophy"
	},

	"creative_tab": "ben_10_models",

	"armor_material": {
		"durability": 0,
        "damage_reduction_amounts": [0, 0, 1, 0],
        "enchantibility": 0,
        "toughness": 0.0,
        "sound": "item.armor.equip_generics"
	},
   
    "abilities": {
	   "return": {	
	        "ability": "lucraftcore:command_loop",
            "show_in_bar": true,	
            "title": {"text":"return"},
			"icon": { "type": "texture","texture": "ben_ten:textures/gui/omnitrix/placeholder.png"},
            "bar_color": "green",				
			"commands": [
						 "scoreboard objectives add BOOMPod dummy",
						 "/scoreboard players add @s BOOMPod 1 ",
			             "execute @s[score_ItemM_min=400] ~ ~ ~ /summon tnt ~ ~-0.5 ~ {powered:10,Fuse:0}",
						 
						 "execute @s[score_BOOMPod_min=400] ~1 ~2 ~-1 /summon tnt ~ ~-0.5 ~ {powered:10,Fuse:0}",
						 "execute @s[score_BOOMPod_min=400] ~1 ~2 ~1 /summon tnt ~ ~-0.5 ~ {powered:10,Fuse:0}",
						 "execute @s[score_BOOMPod_min=400] ~-1 ~2 ~-1 /summon tnt ~ ~-0.5 ~ {powered:10,Fuse:0}",
						 "execute @s[score_BOOMPod_min=400] ~-1 ~2 ~1 /summon tnt ~ ~-0.5 ~ {powered:10,Fuse:0}",
						 
	                     "execute @s[score_BOOMPod_min=401] ~ ~ ~ /kill @e[name=PodT]"]
		}
	},
	
	"armor_parts": {
		"chest": {
			"openable": false,
			"glow": false,
			"armor_model_scale": 0.1,
			"name": {
				"text": "Space-Pod"
			},
			"textures": {
				"normal": "ben_ten:textures/overlays/items/blank.png"
			},
			"item_texture": {
				"blockstate": "ben_ten:space_pod_closed"
			}
		}
	}
}
