{
	"name": {
		"text": "Switch"
	},

	"creative_tab": "ben_10_models",

	"armor_material": {
		"durability": 0,
        "damage_reduction_amounts": [3, 6, 7, 3],
        "enchantibility": 8,
        "toughness": 2.0,
        "sound": "item.armor.equip_generic"
	},	
	"abilities": {
		"return": {	
	        "ability": "lucraftcore:command",
            "show_in_bar": true,	
            "title": {"text":"return"},
			"icon": { "type": "texture","texture": "ben_ten:textures/gui/omnitrix/placeholder.png"},
            "bar_color": "green",				
			"commands": ["execute @s[tag=methanosian] ~ ~ ~ /superpower @s ben_ten:methanosian",
		                 "execute @s[tag=sonorosian] ~ ~ ~ /superpower @s ben_ten:sonorosian",
			             "execute @s[tag=vaxasaurian] ~ ~ ~ /superpower @s ben_ten:vaxasaurian",
						 "execute @s ~ ~ ~ /particle fallingdust ~ ~ ~ 1 1 1 0 3500 force @a 0133"]
			
		},
		"methanosian": {	
	        "ability": "lucraftcore:command",
			"conditions": [{"type": "lucraftcore:not", 
			            "conditions": [{
						"type": "lucraftcore:scoreboard_tag", 
						"tag": "methanosian"}]}],
            "show_in_bar": true,	
            "title": {"text":"Methanosian"},
			"icon": { "type": "texture", "texture": "ben_ten:textures/gui/omnitrix/methanosian_activation.png" },
            "bar_color": "green",				
			"commands": ["/superpower @s ben_ten:methanosian", 
			"playsound minecraft:custom.ultimatrixtransform master @a ~ ~ ~", 
			"particle fallingdust ~ ~ ~ 1 1 1 0 3500 force @a 0133"]
		},
		"sonorosian": {	
	        "ability": "lucraftcore:command",
			"conditions": [{"type": "lucraftcore:not", 
			            "conditions": [{
						"type": "lucraftcore:scoreboard_tag", 
						"tag": "sonorosian"}]}],
            "show_in_bar": true,	
            "title": {"text":"Sonorosian"},
			"icon": { "type": "texture", "texture": "ben_ten:textures/gui/omnitrix/sonorosian_activation.png" },
            "bar_color": "green",				
			"commands": ["/superpower @s ben_ten:sonorosian", 
			"playsound minecraft:custom.ultimatrixtransform master @a ~ ~ ~", 
			"particle fallingdust ~ ~ ~ 1 1 1 0 3500 force @a 0133"]
		},
		"vaxasaurian": {
			"ability": "lucraftcore:command",
			"conditions": [{"type": "lucraftcore:not", 
			            "conditions": [{
						"type": "lucraftcore:scoreboard_tag", 
						"tag": "vaxasaurian"}]}],
			"show_in_bar": true,
			"title": {"text":"Vaxasaurian"},
			"icon": { "type": "texture", "texture": "ben_ten:textures/gui/omnitrix/vaxasaurian_activation.png" },
			"bar_color": "green",
			"commands": ["/superpower @s ben_ten:vaxasaurian", 
			"playsound minecraft:custom.ultimatrixtransform master @a ~ ~ ~", 
			"particle fallingdust ~ ~ ~ 1 1 1 0 3500 force @a 0133", "sizechange @s 3 lucraftcore:default"]
		}
	},

	"armor_parts": {
		"chest": {
			"openable": false,
			"glow": false,
			"name": {
				"text": "Switch chestplate"
			},
			"textures": {
				"normal": "ben_ten:textures/overlays/items/blank.png"
			},
			"item_texture": {
				"blockstate": "ben_ten:switch"
			}
		}
	}
}