{
	"name": {
		"text": "The Ultimatrix"
	},

	"creative_tab": "ben_10_watches",

	"armor_material": {
		"durability": 100,
        "damage_reduction_amounts": [0, 0, 0, 0],
        "enchantibility": 15,
        "toughness": 0.0,
        "sound": "item.armor.equip_generic"
	},

	"abilities": {		
		"activate_ultimatrix": {	
	        "ability": "lucraftcore:command_loop",		
			"cooldown": 0,
            "show_in_bar": true,	
            "title": {"text":"Activate Ultimatrix"},
			"icon": { "type": "texture", "texture": "ben_ten:textures/gui/recal/recal_omnitrix.png" },
            "bar_color": "green",				
			"commands": ["scoreboard objectives add Timer dummy", 
			"scoreboard players set @s Timer 6000",
			"scoreboard objectives add Transform dummy", 
			"scoreboard players set @s Transform 0",
			"scoreboard objectives add Roll stat.walkOneCm",
            "scoreboard objectives add Random dummy", 
			"scoreboard players add @s Random 1",			
			"scoreboard objectives setdisplay list Timer",
			"scoreboard objectives add Dimension dummy", 
			"scoreboard players set @s Dimension 0",
			"scoreboard objectives add Blocks dummy",
			"scoreboard players add @s Blocks 0",
			"scoreboard objectives add Sneak stat.sneakTime",
			"scoreboard objectives add Code1 dummy", 
			"scoreboard players set @s Code1 0",
			"scoreboard objectives add Code2 dummy", 
			"scoreboard players set @s Code2 0",
			"scoreboard objectives add Code3 dummy", 
			"scoreboard players set @s Code3 0",
			"scoreboard objectives add Code4 dummy", 
			"scoreboard players set @s Code4 0",
			"scoreboard objectives add Facing dummy",
			"scoreboard players set @s Facing 0",
			"scoreboard objectives add Limit dummy",
			"scoreboard players set @s Limit 600",
			"scoreboard objectives add Health health", 
			"scoreboard objectives add Title dummy", 
			"scoreboard players add @s Title 1",
			"scoreboard objectives add Hack dummy", 
			"scoreboard players set @s Hack 0",
			"scoreboard objectives add Scan dummy", 
			"scoreboard players set @s Scan 0",
			"scoreboard objectives add Failsafe dummy",
			"scoreboard players set @s Failsafe 12000",
			"scoreboard players tag @s add ua",
			"scoreboard players tag @s remove 0",
			"scoreboard players tag @s remove 20",
			"scoreboard players tag @s remove 35",
			"scoreboard players tag @s remove 40",
			"scoreboard players tag @s remove Arburian",
			"scoreboard players tag @s remove Sphoeroid",
			"scoreboard players tag @s remove Nosedeenian",
			"scoreboard players tag @s remove Polar",
			"scoreboard players tag @s remove Optocoid",
			"scoreboard players tag @s remove To'kustar",
			"scoreboard players tag @s remove Playlist3",
			"scoreboard players tag @s remove Playlist4",
			"scoreboard players tag @s remove Playlist5a",
			"scoreboard players tag @s remove Playlist5b",
			"scoreboard players tag @s remove Ori",
			"scoreboard players tag @s remove Geo",
			"scoreboard players tag @s remove Pryp",
			"scoreboard players tag @s remove Tal",
			"scoreboard players tag @s remove Amp",
			"scoreboard players tag @s remove 10",
			"scoreboard players tag @s remove 14",
			"scoreboard players tag @s remove 22",
			"scoreboard players tag @s remove 28",
			"scoreboard players tag @s remove 35",
			"scoreboard players tag @s remove Arburian",
			"scoreboard players tag @s remove Murk",
			"scoreboard players tag @s remove Toku",
			"scoreboard players tag @s remove Bio",
			"scoreboard players tag @s remove Nano",
			"scoreboard players tag @s remove Ecto",
			"scoreboard players tag @s remove Appo",
			"scoreboard players tag @s add Failsafe",
			"scoreboard players set @s Cdeath 0",
			"playsound minecraft:custom.recalibratedactivate master @a ~ ~ ~", 
			"gamerule commandBlockOutput false",
			"superpower @s ben_ten:ultimatrix",  
			"replaceitem entity @s slot.armor.chest air"]
		}
	},
		
	"armor_parts": {
		"chest": {
			"openable": false,
			"glow": false,
			"armor_model_scale": 0.1,
			"name": {
				"text": "Inactive Ultimatrix"
			},
			"textures": {
				"normal": "ben_ten:textures/overlays/ultimatrix/deactivated_ultimatrix.png"
			},
			"item_texture": {
				"blockstate": "ben_ten:ultimatrix"
			}
		}
	}
}