{
	"name": {
		"text": "Modified Omnitrix Core"
	},

	"creative_tab": "technology",

	"armor_material": {
		"durability": 0,
        "damage_reduction_amounts": [0, 0, 0, 0],
        "enchantibility": 0,
        "toughness": 0.0,
        "sound": "item.armor.equip_generic"
	},

	"abilities": {		
		"removal": {	
	        "ability": "lucraftcore:command_loop",
            "show_in_bar": false,	
            "title": {"text":"Not to be worn"},
			"icon": { "type": "texture", "texture": "ben_ten:textures/gui/placeholder.png"},
            "bar_color": "green",				
			"commands": ["replaceitem entity @s slot.armor.chest air",
			             "give @s ben_ten:ultimatrix_core_chest"]	
		}
	},
		
	"armor_parts": {
		"chest": {
			"openable": false,
			"glow": false,
			"armor_model_scale": 0.1,
			"name": {
				"text": "Modified Omnitrix Core"
			},
			"textures": {
				"normal": "ben_ten:textures/overlays/items/blank.png"
			},
			"item_texture": {
				"blockstate": "ben_ten:recal_core"
			}
		}
	}
}
