{
  "result": {
    "item": "charms_of_bezel:keystone_chest"
  },
  "type": "forge:ore_shaped",
  "pattern": [
    "123",
    "894",
    "765"
  ],
  "key": {
	 "1": {
      "item": "ebwizardry:grand_crystal",
		    "data": 0
    },
	 "2": {
      "item": "ebwizardry:magic_crystal",
		    "data": 1
    },
	 "3": {
      "item": "ebwizardry:magic_crystal",
		    "data": 2
    },
	 "4": {
      "item": "ebwizardry:magic_crystal",
		    "data": 3
    },
	 "5": {
      "item": "ebwizardry:magic_crystal",
		    "data": 4
    },
	 "6": {
      "item": "ebwizardry:magic_crystal",
		    "data": 5
    },
	 "7": {
      "item": "ebwizardry:magic_crystal",
		    "data": 6
    },
	 "8": {
      "item": "ebwizardry:magic_crystal",
		    "data": 7
    },
    "9": {
      "item": "ebwizardry:spectral_dust",
		    "data": 4
    }
  }
}