{
	"credit": "Made with Blockbench",
	"texture_size": [256, 256],
	"textures": {
		"0": "charms_of_bezel:overlays/clothes/holder",
		"particle": "charms_of_bezel:overlays/clothes/holder"
	},
	"elements": [
		{
			"name": "Body",
			"from": [4, 0, 6],
			"to": [12, 12, 10],
			"faces": {
				"north": {"uv": [5, 5, 7, 8], "texture": "#0"},
				"east": {"uv": [4, 5, 5, 8], "texture": "#0"},
				"south": {"uv": [8, 5, 10, 8], "texture": "#0"},
				"west": {"uv": [7, 5, 8, 8], "texture": "#0"},
				"up": {"uv": [7, 5, 5, 4], "texture": "#0"},
				"down": {"uv": [9, 4, 7, 5], "texture": "#0"}
			}
		},
		{
			"name": "Body Layer",
			"from": [3.75, -0.25, 5.75],
			"to": [12.25, 12.25, 10.25],
			"faces": {
				"north": {"uv": [5, 9, 7, 12], "texture": "#0"},
				"east": {"uv": [4, 9, 5, 12], "texture": "#0"},
				"south": {"uv": [8, 9, 10, 12], "texture": "#0"},
				"west": {"uv": [7, 9, 8, 12], "texture": "#0"},
				"up": {"uv": [7, 9, 5, 8], "texture": "#0"},
				"down": {"uv": [9, 8, 7, 9], "texture": "#0"}
			}
		}
	],
	"display": {
		"thirdperson_righthand": {
			"rotation": [-90, -180, 0],
			"translation": [0, -1.75, 1.75]
		},
		"thirdperson_lefthand": {
			"rotation": [-90, -180, 0],
			"translation": [0, -1.75, 1.75]
		},
		"firstperson_righthand": {
			"rotation": [0, -180, 0],
			"translation": [-0.25, 2, 0]
		},
		"firstperson_lefthand": {
			"rotation": [0, -180, 0],
			"translation": [0, 2, 0]
		},
		"ground": {
			"translation": [0, -2.75, 0]
		},
		"gui": {
			"rotation": [0, -180, 0],
			"translation": [0, -2, 0],
			"scale": [2, 2, 2]
		},
		"fixed": {
			"translation": [0, -2, 3.5],
			"scale": [2, 2, 2]
		}
	},
	"groups": [
		{
			"name": "Body",
			"origin": [0, 24, 0],
			"color": 0,
			"children": [0, 1]
		}
	]
}